Ensembl_Gene_ID,Symbol,category,reference_tpm,reference_source,reference_profile_version
ENSG00000232926,AC000078.1,ribosomal_protein,0.0,Treehouse Tumor Compendium 25.01 PolyA median TPM,treehouse_polya_25_01_median_v1
ENSG00000230194,AC000081.1,ribosomal_protein,0.0,Treehouse Tumor Compendium 25.01 PolyA median TPM,treehouse_polya_25_01_median_v1
ENSG00000237347,AC004461.1,ribosomal_protein,0.0,Treehouse Tumor Compendium 25.01 PolyA median TPM,treehouse_polya_25_01_median_v1
ENSG00000235573,AC005005.2,ribosomal_protein,0.0,Treehouse Tumor Compendium 25.01 PolyA median TPM,treehouse_polya_25_01_median_v1
ENSG00000266944,AC005262.1,ribosomal_protein,0.0,Treehouse Tumor Compendium 25.01 PolyA median TPM,treehouse_polya_25_01_median_v1
ENSG00000267398,AC006130.2,ribosomal_protein,0.0,Treehouse Tumor Compendium 25.01 PolyA median TPM,treehouse_polya_25_01_median_v1
ENSG00000240673,AC006539.1,ribosomal_protein,0.0,Treehouse Tumor Compendium 25.01 PolyA median TPM,treehouse_polya_25_01_median_v1
ENSG00000224415,AC007683.1,ribosomal_protein,0.0,Treehouse Tumor Compendium 25.01 PolyA median TPM,treehouse_polya_25_01_median_v1
ENSG00000213303,AC008481.1,ribosomal_protein,0.0,Treehouse Tumor Compendium 25.01 PolyA median TPM,treehouse_polya_25_01_median_v1
ENSG00000213304,AC008481.2,ribosomal_protein,0.0,Treehouse Tumor Compendium 25.01 PolyA median TPM,treehouse_polya_25_01_median_v1
ENSG00000251374,AC010598.1,ribosomal_protein,0.0,Treehouse Tumor Compendium 25.01 PolyA median TPM,treehouse_polya_25_01_median_v1
ENSG00000267589,AC011444.4,ribosomal_protein,0.0,Treehouse Tumor Compendium 25.01 PolyA median TPM,treehouse_polya_25_01_median_v1
ENSG00000243024,AC012158.1,ribosomal_protein,0.0,Treehouse Tumor Compendium 25.01 PolyA median TPM,treehouse_polya_25_01_median_v1
ENSG00000213293,AC012618.1,ribosomal_protein,0.0,Treehouse Tumor Compendium 25.01 PolyA median TPM,treehouse_polya_25_01_median_v1
ENSG00000234750,AC012618.2,ribosomal_protein,0.0,Treehouse Tumor Compendium 25.01 PolyA median TPM,treehouse_polya_25_01_median_v1
ENSG00000214259,AC018695.1,ribosomal_protein,0.0,Treehouse Tumor Compendium 25.01 PolyA median TPM,treehouse_polya_25_01_median_v1
ENSG00000279483,AC090498.1,ribosomal_protein,0.0,Treehouse Tumor Compendium 25.01 PolyA median TPM,treehouse_polya_25_01_median_v1
ENSG00000274700,AC091304.1,ribosomal_protein,0.0,Treehouse Tumor Compendium 25.01 PolyA median TPM,treehouse_polya_25_01_median_v1
ENSG00000273716,AC092670.1,ribosomal_protein,0.0,Treehouse Tumor Compendium 25.01 PolyA median TPM,treehouse_polya_25_01_median_v1
ENSG00000244086,AC110749.1,ribosomal_protein,0.0,Treehouse Tumor Compendium 25.01 PolyA median TPM,treehouse_polya_25_01_median_v1
ENSG00000237550,AC243919.1,ribosomal_protein,0.0,Treehouse Tumor Compendium 25.01 PolyA median TPM,treehouse_polya_25_01_median_v1
ENSG00000234735,AL022237.1,ribosomal_protein,0.0,Treehouse Tumor Compendium 25.01 PolyA median TPM,treehouse_polya_25_01_median_v1
ENSG00000236132,AL022331.1,ribosomal_protein,0.0,Treehouse Tumor Compendium 25.01 PolyA median TPM,treehouse_polya_25_01_median_v1
ENSG00000215450,AL022342.1,ribosomal_protein,0.0,Treehouse Tumor Compendium 25.01 PolyA median TPM,treehouse_polya_25_01_median_v1
ENSG00000226396,AL031727.1,ribosomal_protein,0.0,Treehouse Tumor Compendium 25.01 PolyA median TPM,treehouse_polya_25_01_median_v1
ENSG00000219023,AL033519.3,ribosomal_protein,0.0,Treehouse Tumor Compendium 25.01 PolyA median TPM,treehouse_polya_25_01_median_v1
ENSG00000237214,AL080243.2,ribosomal_protein,0.0,Treehouse Tumor Compendium 25.01 PolyA median TPM,treehouse_polya_25_01_median_v1
ENSG00000214093,AL096701.1,ribosomal_protein,0.0,Treehouse Tumor Compendium 25.01 PolyA median TPM,treehouse_polya_25_01_median_v1
ENSG00000229169,AL096701.2,ribosomal_protein,0.0,Treehouse Tumor Compendium 25.01 PolyA median TPM,treehouse_polya_25_01_median_v1
ENSG00000239783,AL121776.1,ribosomal_protein,0.0,Treehouse Tumor Compendium 25.01 PolyA median TPM,treehouse_polya_25_01_median_v1
ENSG00000234573,AL121890.1,ribosomal_protein,0.0,Treehouse Tumor Compendium 25.01 PolyA median TPM,treehouse_polya_25_01_median_v1
ENSG00000215444,AL138807.1,ribosomal_protein,0.0,Treehouse Tumor Compendium 25.01 PolyA median TPM,treehouse_polya_25_01_median_v1
ENSG00000217130,AL139100.1,ribosomal_protein,0.0,Treehouse Tumor Compendium 25.01 PolyA median TPM,treehouse_polya_25_01_median_v1
ENSG00000235922,AL354766.1,ribosomal_protein,0.0,Treehouse Tumor Compendium 25.01 PolyA median TPM,treehouse_polya_25_01_median_v1
ENSG00000219470,AL355802.1,ribosomal_protein,0.0,Treehouse Tumor Compendium 25.01 PolyA median TPM,treehouse_polya_25_01_median_v1
ENSG00000287102,AL356361.3,ribosomal_protein,0.0,Treehouse Tumor Compendium 25.01 PolyA median TPM,treehouse_polya_25_01_median_v1
ENSG00000216616,AL356421.1,ribosomal_protein,0.0,Treehouse Tumor Compendium 25.01 PolyA median TPM,treehouse_polya_25_01_median_v1
ENSG00000216813,AL358178.1,ribosomal_protein,0.0,Treehouse Tumor Compendium 25.01 PolyA median TPM,treehouse_polya_25_01_median_v1
ENSG00000214641,AL445529.1,ribosomal_protein,0.0,Treehouse Tumor Compendium 25.01 PolyA median TPM,treehouse_polya_25_01_median_v1
ENSG00000220614,AL583834.1,ribosomal_protein,0.0,Treehouse Tumor Compendium 25.01 PolyA median TPM,treehouse_polya_25_01_median_v1
ENSG00000214526,AP000343.1,ribosomal_protein,0.0,Treehouse Tumor Compendium 25.01 PolyA median TPM,treehouse_polya_25_01_median_v1
ENSG00000215464,AP000354.1,ribosomal_protein,0.0,Treehouse Tumor Compendium 25.01 PolyA median TPM,treehouse_polya_25_01_median_v1
ENSG00000180211,FO393411.1,ribosomal_protein,0.0,Treehouse Tumor Compendium 25.01 PolyA median TPM,treehouse_polya_25_01_median_v1
ENSG00000147403,RPL10,ribosomal_protein,3283.227295,Treehouse Tumor Compendium 25.01 PolyA median TPM,treehouse_polya_25_01_median_v1
ENSG00000198755,RPL10A,ribosomal_protein,1241.039917,Treehouse Tumor Compendium 25.01 PolyA median TPM,treehouse_polya_25_01_median_v1
ENSG00000244691,RPL10AP1,ribosomal_protein,0.0301,Treehouse Tumor Compendium 25.01 PolyA median TPM,treehouse_polya_25_01_median_v1
ENSG00000188873,RPL10AP2,ribosomal_protein,0.32009,Treehouse Tumor Compendium 25.01 PolyA median TPM,treehouse_polya_25_01_median_v1
ENSG00000215264,RPL10AP3,ribosomal_protein,0.0,Treehouse Tumor Compendium 25.01 PolyA median TPM,treehouse_polya_25_01_median_v1
ENSG00000235467,RPL10AP5,ribosomal_protein,0.0,Treehouse Tumor Compendium 25.01 PolyA median TPM,treehouse_polya_25_01_median_v1
ENSG00000226360,RPL10AP6,ribosomal_protein,2.390077,Treehouse Tumor Compendium 25.01 PolyA median TPM,treehouse_polya_25_01_median_v1
ENSG00000217026,RPL10P1,ribosomal_protein,0.0,Treehouse Tumor Compendium 25.01 PolyA median TPM,treehouse_polya_25_01_median_v1
ENSG00000216347,RPL10P10,ribosomal_protein,0.0,Treehouse Tumor Compendium 25.01 PolyA median TPM,treehouse_polya_25_01_median_v1
ENSG00000230853,RPL10P11,ribosomal_protein,0.0,Treehouse Tumor Compendium 25.01 PolyA median TPM,treehouse_polya_25_01_median_v1
ENSG00000234040,RPL10P12,ribosomal_protein,0.0,Treehouse Tumor Compendium 25.01 PolyA median TPM,treehouse_polya_25_01_median_v1
ENSG00000258245,RPL10P13,ribosomal_protein,0.0,Treehouse Tumor Compendium 25.01 PolyA median TPM,treehouse_polya_25_01_median_v1
ENSG00000260031,RPL10P14,ribosomal_protein,0.0,Treehouse Tumor Compendium 25.01 PolyA median TPM,treehouse_polya_25_01_median_v1
ENSG00000267119,RPL10P15,ribosomal_protein,0.410097,Treehouse Tumor Compendium 25.01 PolyA median TPM,treehouse_polya_25_01_median_v1
ENSG00000178464,RPL10P16,ribosomal_protein,0.0,Treehouse Tumor Compendium 25.01 PolyA median TPM,treehouse_polya_25_01_median_v1
ENSG00000225196,RPL10P17,ribosomal_protein,0.0,Treehouse Tumor Compendium 25.01 PolyA median TPM,treehouse_polya_25_01_median_v1
ENSG00000253995,RPL10P18,ribosomal_protein,0.0,Treehouse Tumor Compendium 25.01 PolyA median TPM,treehouse_polya_25_01_median_v1
ENSG00000233609,RPL10P19,ribosomal_protein,0.0,Treehouse Tumor Compendium 25.01 PolyA median TPM,treehouse_polya_25_01_median_v1
ENSG00000174572,RPL10P2,ribosomal_protein,0.0,Treehouse Tumor Compendium 25.01 PolyA median TPM,treehouse_polya_25_01_median_v1
ENSG00000230734,RPL10P3,ribosomal_protein,0.570115,Treehouse Tumor Compendium 25.01 PolyA median TPM,treehouse_polya_25_01_median_v1
ENSG00000238003,RPL10P4,ribosomal_protein,0.0,Treehouse Tumor Compendium 25.01 PolyA median TPM,treehouse_polya_25_01_median_v1
ENSG00000235644,RPL10P5,ribosomal_protein,0.0,Treehouse Tumor Compendium 25.01 PolyA median TPM,treehouse_polya_25_01_median_v1
ENSG00000230076,RPL10P6,ribosomal_protein,0.0,Treehouse Tumor Compendium 25.01 PolyA median TPM,treehouse_polya_25_01_median_v1
ENSG00000242052,RPL10P7,ribosomal_protein,0.0,Treehouse Tumor Compendium 25.01 PolyA median TPM,treehouse_polya_25_01_median_v1
ENSG00000254012,RPL10P8,ribosomal_protein,0.0,Treehouse Tumor Compendium 25.01 PolyA median TPM,treehouse_polya_25_01_median_v1
ENSG00000233913,RPL10P9,ribosomal_protein,0.0,Treehouse Tumor Compendium 25.01 PolyA median TPM,treehouse_polya_25_01_median_v1
ENSG00000142676,RPL11,ribosomal_protein,1803.394287,Treehouse Tumor Compendium 25.01 PolyA median TPM,treehouse_polya_25_01_median_v1
ENSG00000227394,RPL11P1,ribosomal_protein,0.0,Treehouse Tumor Compendium 25.01 PolyA median TPM,treehouse_polya_25_01_median_v1
ENSG00000213613,RPL11P3,ribosomal_protein,0.0,Treehouse Tumor Compendium 25.01 PolyA median TPM,treehouse_polya_25_01_median_v1
ENSG00000283120,RPL11P3,ribosomal_protein,0.0,Treehouse Tumor Compendium 25.01 PolyA median TPM,treehouse_polya_25_01_median_v1
ENSG00000184111,RPL11P4,ribosomal_protein,0.0,Treehouse Tumor Compendium 25.01 PolyA median TPM,treehouse_polya_25_01_median_v1
ENSG00000242137,RPL11P5,ribosomal_protein,0.0,Treehouse Tumor Compendium 25.01 PolyA median TPM,treehouse_polya_25_01_median_v1
ENSG00000197958,RPL12,ribosomal_protein,1732.571899,Treehouse Tumor Compendium 25.01 PolyA median TPM,treehouse_polya_25_01_median_v1
ENSG00000204194,RPL12P1,ribosomal_protein,0.180105,Treehouse Tumor Compendium 25.01 PolyA median TPM,treehouse_polya_25_01_median_v1
ENSG00000228099,RPL12P1,ribosomal_protein,0.180105,Treehouse Tumor Compendium 25.01 PolyA median TPM,treehouse_polya_25_01_median_v1
ENSG00000232733,RPL12P1,ribosomal_protein,0.180105,Treehouse Tumor Compendium 25.01 PolyA median TPM,treehouse_polya_25_01_median_v1
ENSG00000226279,RPL12P10,ribosomal_protein,0.0,Treehouse Tumor Compendium 25.01 PolyA median TPM,treehouse_polya_25_01_median_v1
ENSG00000232493,RPL12P11,ribosomal_protein,0.0,Treehouse Tumor Compendium 25.01 PolyA median TPM,treehouse_polya_25_01_median_v1
ENSG00000236992,RPL12P12,ribosomal_protein,0.0,Treehouse Tumor Compendium 25.01 PolyA median TPM,treehouse_polya_25_01_median_v1
ENSG00000172746,RPL12P13,ribosomal_protein,0.0,Treehouse Tumor Compendium 25.01 PolyA median TPM,treehouse_polya_25_01_median_v1
ENSG00000224321,RPL12P14,ribosomal_protein,0.0,Treehouse Tumor Compendium 25.01 PolyA median TPM,treehouse_polya_25_01_median_v1
ENSG00000230993,RPL12P15,ribosomal_protein,0.0,Treehouse Tumor Compendium 25.01 PolyA median TPM,treehouse_polya_25_01_median_v1
ENSG00000204196,RPL12P16,ribosomal_protein,0.0,Treehouse Tumor Compendium 25.01 PolyA median TPM,treehouse_polya_25_01_median_v1
ENSG00000224839,RPL12P17,ribosomal_protein,0.0,Treehouse Tumor Compendium 25.01 PolyA median TPM,treehouse_polya_25_01_median_v1
ENSG00000213400,RPL12P18,ribosomal_protein,0.0,Treehouse Tumor Compendium 25.01 PolyA median TPM,treehouse_polya_25_01_median_v1
ENSG00000226972,RPL12P19,ribosomal_protein,0.0,Treehouse Tumor Compendium 25.01 PolyA median TPM,treehouse_polya_25_01_median_v1
ENSG00000216412,RPL12P2,ribosomal_protein,0.0,Treehouse Tumor Compendium 25.01 PolyA median TPM,treehouse_polya_25_01_median_v1
ENSG00000239627,RPL12P20,ribosomal_protein,0.0,Treehouse Tumor Compendium 25.01 PolyA median TPM,treehouse_polya_25_01_median_v1
ENSG00000242683,RPL12P21,ribosomal_protein,0.0,Treehouse Tumor Compendium 25.01 PolyA median TPM,treehouse_polya_25_01_median_v1
ENSG00000253109,RPL12P22,ribosomal_protein,0.0,Treehouse Tumor Compendium 25.01 PolyA median TPM,treehouse_polya_25_01_median_v1
ENSG00000218716,RPL12P23,ribosomal_protein,0.0,Treehouse Tumor Compendium 25.01 PolyA median TPM,treehouse_polya_25_01_median_v1
ENSG00000243601,RPL12P24,ribosomal_protein,0.0,Treehouse Tumor Compendium 25.01 PolyA median TPM,treehouse_polya_25_01_median_v1
ENSG00000235330,RPL12P25,ribosomal_protein,0.0,Treehouse Tumor Compendium 25.01 PolyA median TPM,treehouse_polya_25_01_median_v1
ENSG00000236171,RPL12P26,ribosomal_protein,0.0,Treehouse Tumor Compendium 25.01 PolyA median TPM,treehouse_polya_25_01_median_v1
ENSG00000237169,RPL12P27,ribosomal_protein,0.0,Treehouse Tumor Compendium 25.01 PolyA median TPM,treehouse_polya_25_01_median_v1
ENSG00000240180,RPL12P28,ribosomal_protein,0.0,Treehouse Tumor Compendium 25.01 PolyA median TPM,treehouse_polya_25_01_median_v1
ENSG00000233189,RPL12P29,ribosomal_protein,0.0,Treehouse Tumor Compendium 25.01 PolyA median TPM,treehouse_polya_25_01_median_v1
ENSG00000233106,RPL12P3,ribosomal_protein,0.0,Treehouse Tumor Compendium 25.01 PolyA median TPM,treehouse_polya_25_01_median_v1
ENSG00000242353,RPL12P30,ribosomal_protein,0.0,Treehouse Tumor Compendium 25.01 PolyA median TPM,treehouse_polya_25_01_median_v1
ENSG00000241228,RPL12P31,ribosomal_protein,0.0,Treehouse Tumor Compendium 25.01 PolyA median TPM,treehouse_polya_25_01_median_v1
ENSG00000242314,RPL12P32,ribosomal_protein,0.0,Treehouse Tumor Compendium 25.01 PolyA median TPM,treehouse_polya_25_01_median_v1
ENSG00000244585,RPL12P33,ribosomal_protein,0.0,Treehouse Tumor Compendium 25.01 PolyA median TPM,treehouse_polya_25_01_median_v1
ENSG00000229824,RPL12P34,ribosomal_protein,0.0,Treehouse Tumor Compendium 25.01 PolyA median TPM,treehouse_polya_25_01_median_v1
ENSG00000243007,RPL12P35,ribosomal_protein,0.0,Treehouse Tumor Compendium 25.01 PolyA median TPM,treehouse_polya_25_01_median_v1
ENSG00000242423,RPL12P36,ribosomal_protein,0.0,Treehouse Tumor Compendium 25.01 PolyA median TPM,treehouse_polya_25_01_median_v1
ENSG00000240270,RPL12P37,ribosomal_protein,0.0,Treehouse Tumor Compendium 25.01 PolyA median TPM,treehouse_polya_25_01_median_v1
ENSG00000213228,RPL12P38,ribosomal_protein,0.170104,Treehouse Tumor Compendium 25.01 PolyA median TPM,treehouse_polya_25_01_median_v1
ENSG00000237314,RPL12P39,ribosomal_protein,0.0,Treehouse Tumor Compendium 25.01 PolyA median TPM,treehouse_polya_25_01_median_v1
ENSG00000185834,RPL12P4,ribosomal_protein,2.440147,Treehouse Tumor Compendium 25.01 PolyA median TPM,treehouse_polya_25_01_median_v1
ENSG00000243516,RPL12P40,ribosomal_protein,0.0,Treehouse Tumor Compendium 25.01 PolyA median TPM,treehouse_polya_25_01_median_v1
ENSG00000269637,RPL12P41,ribosomal_protein,0.0,Treehouse Tumor Compendium 25.01 PolyA median TPM,treehouse_polya_25_01_median_v1
ENSG00000213253,RPL12P42,ribosomal_protein,0.0,Treehouse Tumor Compendium 25.01 PolyA median TPM,treehouse_polya_25_01_median_v1
ENSG00000234524,RPL12P43,ribosomal_protein,0.0,Treehouse Tumor Compendium 25.01 PolyA median TPM,treehouse_polya_25_01_median_v1
ENSG00000227123,RPL12P44,ribosomal_protein,0.0,Treehouse Tumor Compendium 25.01 PolyA median TPM,treehouse_polya_25_01_median_v1
ENSG00000233940,RPL12P45,ribosomal_protein,0.0,Treehouse Tumor Compendium 25.01 PolyA median TPM,treehouse_polya_25_01_median_v1
ENSG00000255903,RPL12P46,ribosomal_protein,0.0,Treehouse Tumor Compendium 25.01 PolyA median TPM,treehouse_polya_25_01_median_v1
ENSG00000219222,RPL12P47,ribosomal_protein,0.0,Treehouse Tumor Compendium 25.01 PolyA median TPM,treehouse_polya_25_01_median_v1
ENSG00000270865,RPL12P48,ribosomal_protein,0.0,Treehouse Tumor Compendium 25.01 PolyA median TPM,treehouse_polya_25_01_median_v1
ENSG00000230180,RPL12P49,ribosomal_protein,0.0,Treehouse Tumor Compendium 25.01 PolyA median TPM,treehouse_polya_25_01_median_v1
ENSG00000243855,RPL12P5,ribosomal_protein,0.0,Treehouse Tumor Compendium 25.01 PolyA median TPM,treehouse_polya_25_01_median_v1
ENSG00000270916,RPL12P50,ribosomal_protein,0.0,Treehouse Tumor Compendium 25.01 PolyA median TPM,treehouse_polya_25_01_median_v1
ENSG00000243824,RPL12P6,ribosomal_protein,0.0,Treehouse Tumor Compendium 25.01 PolyA median TPM,treehouse_polya_25_01_median_v1
ENSG00000242941,RPL12P7,ribosomal_protein,0.0,Treehouse Tumor Compendium 25.01 PolyA median TPM,treehouse_polya_25_01_median_v1
ENSG00000219932,RPL12P8,ribosomal_protein,0.080102,Treehouse Tumor Compendium 25.01 PolyA median TPM,treehouse_polya_25_01_median_v1
ENSG00000232687,RPL12P9,ribosomal_protein,0.0,Treehouse Tumor Compendium 25.01 PolyA median TPM,treehouse_polya_25_01_median_v1
ENSG00000167526,RPL13,ribosomal_protein,2810.088135,Treehouse Tumor Compendium 25.01 PolyA median TPM,treehouse_polya_25_01_median_v1
ENSG00000142541,RPL13A,ribosomal_protein,2609.394043,Treehouse Tumor Compendium 25.01 PolyA median TPM,treehouse_polya_25_01_median_v1
ENSG00000206519,RPL13AP,ribosomal_protein,0.0,Treehouse Tumor Compendium 25.01 PolyA median TPM,treehouse_polya_25_01_median_v1
ENSG00000224053,RPL13AP,ribosomal_protein,0.0,Treehouse Tumor Compendium 25.01 PolyA median TPM,treehouse_polya_25_01_median_v1
ENSG00000224146,RPL13AP,ribosomal_protein,0.0,Treehouse Tumor Compendium 25.01 PolyA median TPM,treehouse_polya_25_01_median_v1
ENSG00000227961,RPL13AP,ribosomal_protein,0.0,Treehouse Tumor Compendium 25.01 PolyA median TPM,treehouse_polya_25_01_median_v1
ENSG00000230181,RPL13AP,ribosomal_protein,0.0,Treehouse Tumor Compendium 25.01 PolyA median TPM,treehouse_polya_25_01_median_v1
ENSG00000231190,RPL13AP,ribosomal_protein,0.0,Treehouse Tumor Compendium 25.01 PolyA median TPM,treehouse_polya_25_01_median_v1
ENSG00000231301,RPL13AP,ribosomal_protein,0.0,Treehouse Tumor Compendium 25.01 PolyA median TPM,treehouse_polya_25_01_median_v1
ENSG00000270780,RPL13AP10,ribosomal_protein,0.0,Treehouse Tumor Compendium 25.01 PolyA median TPM,treehouse_polya_25_01_median_v1
ENSG00000229657,RPL13AP11,ribosomal_protein,0.0,Treehouse Tumor Compendium 25.01 PolyA median TPM,treehouse_polya_25_01_median_v1
ENSG00000236047,RPL13AP12,ribosomal_protein,0.0,Treehouse Tumor Compendium 25.01 PolyA median TPM,treehouse_polya_25_01_median_v1
ENSG00000213940,RPL13AP13,ribosomal_protein,0.0,Treehouse Tumor Compendium 25.01 PolyA median TPM,treehouse_polya_25_01_median_v1
ENSG00000242858,RPL13AP14,ribosomal_protein,0.0,Treehouse Tumor Compendium 25.01 PolyA median TPM,treehouse_polya_25_01_median_v1
ENSG00000216316,RPL13AP15,ribosomal_protein,0.0,Treehouse Tumor Compendium 25.01 PolyA median TPM,treehouse_polya_25_01_median_v1
ENSG00000226624,RPL13AP16,ribosomal_protein,0.0,Treehouse Tumor Compendium 25.01 PolyA median TPM,treehouse_polya_25_01_median_v1
ENSG00000231322,RPL13AP17,ribosomal_protein,0.0,Treehouse Tumor Compendium 25.01 PolyA median TPM,treehouse_polya_25_01_median_v1
ENSG00000293158,RPL13AP17,ribosomal_protein,0.0,Treehouse Tumor Compendium 25.01 PolyA median TPM,treehouse_polya_25_01_median_v1
ENSG00000241746,RPL13AP18,ribosomal_protein,0.0,Treehouse Tumor Compendium 25.01 PolyA median TPM,treehouse_polya_25_01_median_v1
ENSG00000228754,RPL13AP19,ribosomal_protein,0.0,Treehouse Tumor Compendium 25.01 PolyA median TPM,treehouse_polya_25_01_median_v1
ENSG00000244053,RPL13AP2,ribosomal_protein,0.0,Treehouse Tumor Compendium 25.01 PolyA median TPM,treehouse_polya_25_01_median_v1
ENSG00000234498,RPL13AP20,ribosomal_protein,1.300081,Treehouse Tumor Compendium 25.01 PolyA median TPM,treehouse_polya_25_01_median_v1
ENSG00000239397,RPL13AP21,ribosomal_protein,0.0,Treehouse Tumor Compendium 25.01 PolyA median TPM,treehouse_polya_25_01_median_v1
ENSG00000243517,RPL13AP22,ribosomal_protein,0.0,Treehouse Tumor Compendium 25.01 PolyA median TPM,treehouse_polya_25_01_median_v1
ENSG00000242990,RPL13AP23,ribosomal_protein,0.0,Treehouse Tumor Compendium 25.01 PolyA median TPM,treehouse_polya_25_01_median_v1
ENSG00000234589,RPL13AP24,ribosomal_protein,0.0,Treehouse Tumor Compendium 25.01 PolyA median TPM,treehouse_polya_25_01_median_v1
ENSG00000136149,RPL13AP25,ribosomal_protein,0.760117,Treehouse Tumor Compendium 25.01 PolyA median TPM,treehouse_polya_25_01_median_v1
ENSG00000250318,RPL13AP26,ribosomal_protein,0.0,Treehouse Tumor Compendium 25.01 PolyA median TPM,treehouse_polya_25_01_median_v1
ENSG00000226621,RPL13AP27,ribosomal_protein,0.0,Treehouse Tumor Compendium 25.01 PolyA median TPM,treehouse_polya_25_01_median_v1
ENSG00000177350,RPL13AP3,ribosomal_protein,0.100098,Treehouse Tumor Compendium 25.01 PolyA median TPM,treehouse_polya_25_01_median_v1
ENSG00000293056,RPL13AP3,ribosomal_protein,0.100098,Treehouse Tumor Compendium 25.01 PolyA median TPM,treehouse_polya_25_01_median_v1
ENSG00000236552,RPL13AP5,ribosomal_protein,119.071869,Treehouse Tumor Compendium 25.01 PolyA median TPM,treehouse_polya_25_01_median_v1
ENSG00000234118,RPL13AP6,ribosomal_protein,0.150098,Treehouse Tumor Compendium 25.01 PolyA median TPM,treehouse_polya_25_01_median_v1
ENSG00000213885,RPL13AP7,ribosomal_protein,0.750108,Treehouse Tumor Compendium 25.01 PolyA median TPM,treehouse_polya_25_01_median_v1
ENSG00000226945,RPL13AP8,ribosomal_protein,0.0,Treehouse Tumor Compendium 25.01 PolyA median TPM,treehouse_polya_25_01_median_v1
ENSG00000213703,RPL13AP9,ribosomal_protein,0.0,Treehouse Tumor Compendium 25.01 PolyA median TPM,treehouse_polya_25_01_median_v1
ENSG00000213916,RPL13P,ribosomal_protein,0.0,Treehouse Tumor Compendium 25.01 PolyA median TPM,treehouse_polya_25_01_median_v1
ENSG00000224158,RPL13P,ribosomal_protein,0.0,Treehouse Tumor Compendium 25.01 PolyA median TPM,treehouse_polya_25_01_median_v1
ENSG00000226714,RPL13P,ribosomal_protein,0.0,Treehouse Tumor Compendium 25.01 PolyA median TPM,treehouse_polya_25_01_median_v1
ENSG00000231746,RPL13P,ribosomal_protein,0.0,Treehouse Tumor Compendium 25.01 PolyA median TPM,treehouse_polya_25_01_median_v1
ENSG00000234904,RPL13P,ribosomal_protein,0.0,Treehouse Tumor Compendium 25.01 PolyA median TPM,treehouse_polya_25_01_median_v1
ENSG00000272613,RPL13P,ribosomal_protein,0.0,Treehouse Tumor Compendium 25.01 PolyA median TPM,treehouse_polya_25_01_median_v1
ENSG00000273122,RPL13P,ribosomal_protein,0.0,Treehouse Tumor Compendium 25.01 PolyA median TPM,treehouse_polya_25_01_median_v1
ENSG00000273286,RPL13P,ribosomal_protein,0.0,Treehouse Tumor Compendium 25.01 PolyA median TPM,treehouse_polya_25_01_median_v1
ENSG00000215030,RPL13P12,ribosomal_protein,12.56986,Treehouse Tumor Compendium 25.01 PolyA median TPM,treehouse_polya_25_01_median_v1
ENSG00000213820,RPL13P2,ribosomal_protein,0.0,Treehouse Tumor Compendium 25.01 PolyA median TPM,treehouse_polya_25_01_median_v1
ENSG00000241890,RPL13P4,ribosomal_protein,0.0,Treehouse Tumor Compendium 25.01 PolyA median TPM,treehouse_polya_25_01_median_v1
ENSG00000240370,RPL13P5,ribosomal_protein,0.0,Treehouse Tumor Compendium 25.01 PolyA median TPM,treehouse_polya_25_01_median_v1
ENSG00000213176,RPL13P6,ribosomal_protein,0.0,Treehouse Tumor Compendium 25.01 PolyA median TPM,treehouse_polya_25_01_median_v1
ENSG00000241634,RPL13P8,ribosomal_protein,0.0,Treehouse Tumor Compendium 25.01 PolyA median TPM,treehouse_polya_25_01_median_v1
ENSG00000188846,RPL14,ribosomal_protein,933.171875,Treehouse Tumor Compendium 25.01 PolyA median TPM,treehouse_polya_25_01_median_v1
ENSG00000139239,RPL14P1,ribosomal_protein,14.460147,Treehouse Tumor Compendium 25.01 PolyA median TPM,treehouse_polya_25_01_median_v1
ENSG00000225662,RPL14P2,ribosomal_protein,0.0,Treehouse Tumor Compendium 25.01 PolyA median TPM,treehouse_polya_25_01_median_v1
ENSG00000241923,RPL14P3,ribosomal_protein,0.190094,Treehouse Tumor Compendium 25.01 PolyA median TPM,treehouse_polya_25_01_median_v1
ENSG00000225661,RPL14P5,ribosomal_protein,0.0,Treehouse Tumor Compendium 25.01 PolyA median TPM,treehouse_polya_25_01_median_v1
ENSG00000292328,RPL14P5,ribosomal_protein,0.0,Treehouse Tumor Compendium 25.01 PolyA median TPM,treehouse_polya_25_01_median_v1
ENSG00000185631,RPL14P6,ribosomal_protein,0.0,Treehouse Tumor Compendium 25.01 PolyA median TPM,treehouse_polya_25_01_median_v1
ENSG00000174748,RPL15,ribosomal_protein,1362.840088,Treehouse Tumor Compendium 25.01 PolyA median TPM,treehouse_polya_25_01_median_v1
ENSG00000227343,RPL15P1,ribosomal_protein,0.0,Treehouse Tumor Compendium 25.01 PolyA median TPM,treehouse_polya_25_01_median_v1
ENSG00000223718,RPL15P11,ribosomal_protein,0.0,Treehouse Tumor Compendium 25.01 PolyA median TPM,treehouse_polya_25_01_median_v1
ENSG00000243402,RPL15P12,ribosomal_protein,0.0,Treehouse Tumor Compendium 25.01 PolyA median TPM,treehouse_polya_25_01_median_v1
ENSG00000226428,RPL15P13,ribosomal_protein,0.0,Treehouse Tumor Compendium 25.01 PolyA median TPM,treehouse_polya_25_01_median_v1
ENSG00000226701,RPL15P14,ribosomal_protein,0.0,Treehouse Tumor Compendium 25.01 PolyA median TPM,treehouse_polya_25_01_median_v1
ENSG00000244259,RPL15P15,ribosomal_protein,0.0,Treehouse Tumor Compendium 25.01 PolyA median TPM,treehouse_polya_25_01_median_v1
ENSG00000234751,RPL15P16,ribosomal_protein,0.0,Treehouse Tumor Compendium 25.01 PolyA median TPM,treehouse_polya_25_01_median_v1
ENSG00000243830,RPL15P17,ribosomal_protein,0.0,Treehouse Tumor Compendium 25.01 PolyA median TPM,treehouse_polya_25_01_median_v1
ENSG00000228501,RPL15P18,ribosomal_protein,0.060102,Treehouse Tumor Compendium 25.01 PolyA median TPM,treehouse_polya_25_01_median_v1
ENSG00000259545,RPL15P19,ribosomal_protein,0.0,Treehouse Tumor Compendium 25.01 PolyA median TPM,treehouse_polya_25_01_median_v1
ENSG00000240914,RPL15P2,ribosomal_protein,0.060102,Treehouse Tumor Compendium 25.01 PolyA median TPM,treehouse_polya_25_01_median_v1
ENSG00000215003,RPL15P20,ribosomal_protein,0.0,Treehouse Tumor Compendium 25.01 PolyA median TPM,treehouse_polya_25_01_median_v1
ENSG00000282445,RPL15P20,ribosomal_protein,0.0,Treehouse Tumor Compendium 25.01 PolyA median TPM,treehouse_polya_25_01_median_v1
ENSG00000244753,RPL15P21,ribosomal_protein,0.0,Treehouse Tumor Compendium 25.01 PolyA median TPM,treehouse_polya_25_01_median_v1
ENSG00000231369,RPL15P22,ribosomal_protein,0.0,Treehouse Tumor Compendium 25.01 PolyA median TPM,treehouse_polya_25_01_median_v1
ENSG00000212802,RPL15P3,ribosomal_protein,12.3,Treehouse Tumor Compendium 25.01 PolyA median TPM,treehouse_polya_25_01_median_v1
ENSG00000225499,RPL15P4,ribosomal_protein,0.0,Treehouse Tumor Compendium 25.01 PolyA median TPM,treehouse_polya_25_01_median_v1
ENSG00000229535,RPL15P4,ribosomal_protein,0.0,Treehouse Tumor Compendium 25.01 PolyA median TPM,treehouse_polya_25_01_median_v1
ENSG00000230211,RPL15P4,ribosomal_protein,0.0,Treehouse Tumor Compendium 25.01 PolyA median TPM,treehouse_polya_25_01_median_v1
ENSG00000231623,RPL15P4,ribosomal_protein,0.0,Treehouse Tumor Compendium 25.01 PolyA median TPM,treehouse_polya_25_01_median_v1
ENSG00000232572,RPL15P4,ribosomal_protein,0.0,Treehouse Tumor Compendium 25.01 PolyA median TPM,treehouse_polya_25_01_median_v1
ENSG00000233965,RPL15P4,ribosomal_protein,0.0,Treehouse Tumor Compendium 25.01 PolyA median TPM,treehouse_polya_25_01_median_v1
ENSG00000236273,RPL15P4,ribosomal_protein,0.0,Treehouse Tumor Compendium 25.01 PolyA median TPM,treehouse_polya_25_01_median_v1
ENSG00000236547,RPL15P4,ribosomal_protein,0.0,Treehouse Tumor Compendium 25.01 PolyA median TPM,treehouse_polya_25_01_median_v1
ENSG00000233045,RPL15P5,ribosomal_protein,0.0,Treehouse Tumor Compendium 25.01 PolyA median TPM,treehouse_polya_25_01_median_v1
ENSG00000241723,RPL15P6,ribosomal_protein,0.0,Treehouse Tumor Compendium 25.01 PolyA median TPM,treehouse_polya_25_01_median_v1
ENSG00000242262,RPL15P7,ribosomal_protein,0.0,Treehouse Tumor Compendium 25.01 PolyA median TPM,treehouse_polya_25_01_median_v1
ENSG00000241651,RPL15P8,ribosomal_protein,0.0,Treehouse Tumor Compendium 25.01 PolyA median TPM,treehouse_polya_25_01_median_v1
ENSG00000216917,RPL15P9,ribosomal_protein,0.0,Treehouse Tumor Compendium 25.01 PolyA median TPM,treehouse_polya_25_01_median_v1
ENSG00000265681,RPL17,ribosomal_protein,1561.913818,Treehouse Tumor Compendium 25.01 PolyA median TPM,treehouse_polya_25_01_median_v1
ENSG00000229500,RPL17P1,ribosomal_protein,0.0,Treehouse Tumor Compendium 25.01 PolyA median TPM,treehouse_polya_25_01_median_v1
ENSG00000224672,RPL17P10,ribosomal_protein,0.0,Treehouse Tumor Compendium 25.01 PolyA median TPM,treehouse_polya_25_01_median_v1
ENSG00000233445,RPL17P11,ribosomal_protein,0.0,Treehouse Tumor Compendium 25.01 PolyA median TPM,treehouse_polya_25_01_median_v1
ENSG00000230559,RPL17P12,ribosomal_protein,0.0,Treehouse Tumor Compendium 25.01 PolyA median TPM,treehouse_polya_25_01_median_v1
ENSG00000223604,RPL17P13,ribosomal_protein,0.0,Treehouse Tumor Compendium 25.01 PolyA median TPM,treehouse_polya_25_01_median_v1
ENSG00000226297,RPL17P14,ribosomal_protein,0.0,Treehouse Tumor Compendium 25.01 PolyA median TPM,treehouse_polya_25_01_median_v1
ENSG00000229326,RPL17P15,ribosomal_protein,0.0,Treehouse Tumor Compendium 25.01 PolyA median TPM,treehouse_polya_25_01_median_v1
ENSG00000236768,RPL17P16,ribosomal_protein,0.0,Treehouse Tumor Compendium 25.01 PolyA median TPM,treehouse_polya_25_01_median_v1
ENSG00000223409,RPL17P17,ribosomal_protein,0.0,Treehouse Tumor Compendium 25.01 PolyA median TPM,treehouse_polya_25_01_median_v1
ENSG00000234742,RPL17P18,ribosomal_protein,0.0,Treehouse Tumor Compendium 25.01 PolyA median TPM,treehouse_polya_25_01_median_v1
ENSG00000241261,RPL17P19,ribosomal_protein,0.0,Treehouse Tumor Compendium 25.01 PolyA median TPM,treehouse_polya_25_01_median_v1
ENSG00000242135,RPL17P2,ribosomal_protein,0.0,Treehouse Tumor Compendium 25.01 PolyA median TPM,treehouse_polya_25_01_median_v1
ENSG00000241250,RPL17P20,ribosomal_protein,0.0,Treehouse Tumor Compendium 25.01 PolyA median TPM,treehouse_polya_25_01_median_v1
ENSG00000241809,RPL17P21,ribosomal_protein,0.0,Treehouse Tumor Compendium 25.01 PolyA median TPM,treehouse_polya_25_01_median_v1
ENSG00000243592,RPL17P22,ribosomal_protein,0.060102,Treehouse Tumor Compendium 25.01 PolyA median TPM,treehouse_polya_25_01_median_v1
ENSG00000220694,RPL17P23,ribosomal_protein,0.0,Treehouse Tumor Compendium 25.01 PolyA median TPM,treehouse_polya_25_01_median_v1
ENSG00000237593,RPL17P24,ribosomal_protein,0.0,Treehouse Tumor Compendium 25.01 PolyA median TPM,treehouse_polya_25_01_median_v1
ENSG00000219547,RPL17P25,ribosomal_protein,0.0,Treehouse Tumor Compendium 25.01 PolyA median TPM,treehouse_polya_25_01_median_v1
ENSG00000216854,RPL17P26,ribosomal_protein,0.0,Treehouse Tumor Compendium 25.01 PolyA median TPM,treehouse_polya_25_01_median_v1
ENSG00000243099,RPL17P27,ribosomal_protein,0.0,Treehouse Tumor Compendium 25.01 PolyA median TPM,treehouse_polya_25_01_median_v1
ENSG00000229677,RPL17P28,ribosomal_protein,0.0,Treehouse Tumor Compendium 25.01 PolyA median TPM,treehouse_polya_25_01_median_v1
ENSG00000231965,RPL17P29,ribosomal_protein,0.0,Treehouse Tumor Compendium 25.01 PolyA median TPM,treehouse_polya_25_01_median_v1
ENSG00000271705,RPL17P3,ribosomal_protein,0.0,Treehouse Tumor Compendium 25.01 PolyA median TPM,treehouse_polya_25_01_median_v1
ENSG00000244235,RPL17P30,ribosomal_protein,0.0,Treehouse Tumor Compendium 25.01 PolyA median TPM,treehouse_polya_25_01_median_v1
ENSG00000241961,RPL17P31,ribosomal_protein,0.0,Treehouse Tumor Compendium 25.01 PolyA median TPM,treehouse_polya_25_01_median_v1
ENSG00000243844,RPL17P33,ribosomal_protein,0.0,Treehouse Tumor Compendium 25.01 PolyA median TPM,treehouse_polya_25_01_median_v1
ENSG00000213432,RPL17P34,ribosomal_protein,0.0,Treehouse Tumor Compendium 25.01 PolyA median TPM,treehouse_polya_25_01_median_v1
ENSG00000233900,RPL17P35,ribosomal_protein,0.0,Treehouse Tumor Compendium 25.01 PolyA median TPM,treehouse_polya_25_01_median_v1
ENSG00000236058,RPL17P36,ribosomal_protein,0.0,Treehouse Tumor Compendium 25.01 PolyA median TPM,treehouse_polya_25_01_median_v1
ENSG00000241590,RPL17P37,ribosomal_protein,0.0,Treehouse Tumor Compendium 25.01 PolyA median TPM,treehouse_polya_25_01_median_v1
ENSG00000240441,RPL17P38,ribosomal_protein,0.0,Treehouse Tumor Compendium 25.01 PolyA median TPM,treehouse_polya_25_01_median_v1
ENSG00000212664,RPL17P39,ribosomal_protein,0.0,Treehouse Tumor Compendium 25.01 PolyA median TPM,treehouse_polya_25_01_median_v1
ENSG00000240624,RPL17P4,ribosomal_protein,0.0,Treehouse Tumor Compendium 25.01 PolyA median TPM,treehouse_polya_25_01_median_v1
ENSG00000241067,RPL17P40,ribosomal_protein,0.0,Treehouse Tumor Compendium 25.01 PolyA median TPM,treehouse_polya_25_01_median_v1
ENSG00000281929,RPL17P40,ribosomal_protein,0.0,Treehouse Tumor Compendium 25.01 PolyA median TPM,treehouse_polya_25_01_median_v1
ENSG00000213179,RPL17P41,ribosomal_protein,0.0,Treehouse Tumor Compendium 25.01 PolyA median TPM,treehouse_polya_25_01_median_v1
ENSG00000228331,RPL17P43,ribosomal_protein,0.0,Treehouse Tumor Compendium 25.01 PolyA median TPM,treehouse_polya_25_01_median_v1
ENSG00000241088,RPL17P44,ribosomal_protein,0.0,Treehouse Tumor Compendium 25.01 PolyA median TPM,treehouse_polya_25_01_median_v1
ENSG00000267664,RPL17P45,ribosomal_protein,0.0,Treehouse Tumor Compendium 25.01 PolyA median TPM,treehouse_polya_25_01_median_v1
ENSG00000239689,RPL17P46,ribosomal_protein,0.0,Treehouse Tumor Compendium 25.01 PolyA median TPM,treehouse_polya_25_01_median_v1
ENSG00000242615,RPL17P47,ribosomal_protein,0.0,Treehouse Tumor Compendium 25.01 PolyA median TPM,treehouse_polya_25_01_median_v1
ENSG00000235018,RPL17P48,ribosomal_protein,0.0,Treehouse Tumor Compendium 25.01 PolyA median TPM,treehouse_polya_25_01_median_v1
ENSG00000231211,RPL17P49,ribosomal_protein,0.0,Treehouse Tumor Compendium 25.01 PolyA median TPM,treehouse_polya_25_01_median_v1
ENSG00000230721,RPL17P5,ribosomal_protein,0.0,Treehouse Tumor Compendium 25.01 PolyA median TPM,treehouse_polya_25_01_median_v1
ENSG00000213700,RPL17P50,ribosomal_protein,0.550091,Treehouse Tumor Compendium 25.01 PolyA median TPM,treehouse_polya_25_01_median_v1
ENSG00000271429,RPL17P51,ribosomal_protein,0.0,Treehouse Tumor Compendium 25.01 PolyA median TPM,treehouse_polya_25_01_median_v1
ENSG00000226084,RPL17P6,ribosomal_protein,0.0,Treehouse Tumor Compendium 25.01 PolyA median TPM,treehouse_polya_25_01_median_v1
ENSG00000244716,RPL17P7,ribosomal_protein,0.0,Treehouse Tumor Compendium 25.01 PolyA median TPM,treehouse_polya_25_01_median_v1
ENSG00000213041,RPL17P8,ribosomal_protein,0.0,Treehouse Tumor Compendium 25.01 PolyA median TPM,treehouse_polya_25_01_median_v1
ENSG00000223583,RPL17P9,ribosomal_protein,0.0,Treehouse Tumor Compendium 25.01 PolyA median TPM,treehouse_polya_25_01_median_v1
ENSG00000063177,RPL18,ribosomal_protein,1825.277222,Treehouse Tumor Compendium 25.01 PolyA median TPM,treehouse_polya_25_01_median_v1
ENSG00000105640,RPL18A,ribosomal_protein,1827.174805,Treehouse Tumor Compendium 25.01 PolyA median TPM,treehouse_polya_25_01_median_v1
ENSG00000223733,RPL18AP14,ribosomal_protein,0.0,Treehouse Tumor Compendium 25.01 PolyA median TPM,treehouse_polya_25_01_median_v1
ENSG00000236189,RPL18AP15,ribosomal_protein,0.0,Treehouse Tumor Compendium 25.01 PolyA median TPM,treehouse_polya_25_01_median_v1
ENSG00000237793,RPL18AP16,ribosomal_protein,0.0,Treehouse Tumor Compendium 25.01 PolyA median TPM,treehouse_polya_25_01_median_v1
ENSG00000227952,RPL18AP17,ribosomal_protein,0.0,Treehouse Tumor Compendium 25.01 PolyA median TPM,treehouse_polya_25_01_median_v1
ENSG00000225043,RPL18AP2,ribosomal_protein,0.0,Treehouse Tumor Compendium 25.01 PolyA median TPM,treehouse_polya_25_01_median_v1
ENSG00000213442,RPL18AP3,ribosomal_protein,64.14122,Treehouse Tumor Compendium 25.01 PolyA median TPM,treehouse_polya_25_01_median_v1
ENSG00000232439,RPL18AP7,ribosomal_protein,0.150098,Treehouse Tumor Compendium 25.01 PolyA median TPM,treehouse_polya_25_01_median_v1
ENSG00000218754,RPL18AP8,ribosomal_protein,0.0,Treehouse Tumor Compendium 25.01 PolyA median TPM,treehouse_polya_25_01_median_v1
ENSG00000223916,RPL18AP9,ribosomal_protein,0.0,Treehouse Tumor Compendium 25.01 PolyA median TPM,treehouse_polya_25_01_median_v1
ENSG00000242417,RPL18P1,ribosomal_protein,0.0,Treehouse Tumor Compendium 25.01 PolyA median TPM,treehouse_polya_25_01_median_v1
ENSG00000214359,RPL18P10,ribosomal_protein,0.080102,Treehouse Tumor Compendium 25.01 PolyA median TPM,treehouse_polya_25_01_median_v1
ENSG00000213307,RPL18P11,ribosomal_protein,0.0,Treehouse Tumor Compendium 25.01 PolyA median TPM,treehouse_polya_25_01_median_v1
ENSG00000244485,RPL18P13,ribosomal_protein,0.0,Treehouse Tumor Compendium 25.01 PolyA median TPM,treehouse_polya_25_01_median_v1
ENSG00000108298,RPL19,ribosomal_protein,2088.85791,Treehouse Tumor Compendium 25.01 PolyA median TPM,treehouse_polya_25_01_median_v1
ENSG00000226217,RPL19P1,ribosomal_protein,0.0,Treehouse Tumor Compendium 25.01 PolyA median TPM,treehouse_polya_25_01_median_v1
ENSG00000241668,RPL19P11,ribosomal_protein,0.0,Treehouse Tumor Compendium 25.01 PolyA median TPM,treehouse_polya_25_01_median_v1
ENSG00000239315,RPL19P13,ribosomal_protein,0.0,Treehouse Tumor Compendium 25.01 PolyA median TPM,treehouse_polya_25_01_median_v1
ENSG00000240870,RPL19P14,ribosomal_protein,0.0,Treehouse Tumor Compendium 25.01 PolyA median TPM,treehouse_polya_25_01_median_v1
ENSG00000236762,RPL19P16,ribosomal_protein,0.0,Treehouse Tumor Compendium 25.01 PolyA median TPM,treehouse_polya_25_01_median_v1
ENSG00000241654,RPL19P18,ribosomal_protein,0.0,Treehouse Tumor Compendium 25.01 PolyA median TPM,treehouse_polya_25_01_median_v1
ENSG00000229863,RPL19P2,ribosomal_protein,0.0,Treehouse Tumor Compendium 25.01 PolyA median TPM,treehouse_polya_25_01_median_v1
ENSG00000229168,RPL19P20,ribosomal_protein,0.0,Treehouse Tumor Compendium 25.01 PolyA median TPM,treehouse_polya_25_01_median_v1
ENSG00000230508,RPL19P21,ribosomal_protein,0.0,Treehouse Tumor Compendium 25.01 PolyA median TPM,treehouse_polya_25_01_median_v1
ENSG00000226915,RPL19P4,ribosomal_protein,0.0,Treehouse Tumor Compendium 25.01 PolyA median TPM,treehouse_polya_25_01_median_v1
ENSG00000230580,RPL19P5,ribosomal_protein,0.0,Treehouse Tumor Compendium 25.01 PolyA median TPM,treehouse_polya_25_01_median_v1
ENSG00000233597,RPL19P6,ribosomal_protein,0.0,Treehouse Tumor Compendium 25.01 PolyA median TPM,treehouse_polya_25_01_median_v1
ENSG00000240827,RPL19P7,ribosomal_protein,0.0,Treehouse Tumor Compendium 25.01 PolyA median TPM,treehouse_polya_25_01_median_v1
ENSG00000122026,RPL21,ribosomal_protein,859.407654,Treehouse Tumor Compendium 25.01 PolyA median TPM,treehouse_polya_25_01_median_v1
ENSG00000214760,RPL21P1,ribosomal_protein,0.0,Treehouse Tumor Compendium 25.01 PolyA median TPM,treehouse_polya_25_01_median_v1
ENSG00000239272,RPL21P10,ribosomal_protein,0.050099,Treehouse Tumor Compendium 25.01 PolyA median TPM,treehouse_polya_25_01_median_v1
ENSG00000242405,RPL21P100,ribosomal_protein,0.0,Treehouse Tumor Compendium 25.01 PolyA median TPM,treehouse_polya_25_01_median_v1
ENSG00000241423,RPL21P103,ribosomal_protein,0.0,Treehouse Tumor Compendium 25.01 PolyA median TPM,treehouse_polya_25_01_median_v1
ENSG00000242922,RPL21P104,ribosomal_protein,0.0,Treehouse Tumor Compendium 25.01 PolyA median TPM,treehouse_polya_25_01_median_v1
ENSG00000239201,RPL21P106,ribosomal_protein,0.0,Treehouse Tumor Compendium 25.01 PolyA median TPM,treehouse_polya_25_01_median_v1
ENSG00000225239,RPL21P107,ribosomal_protein,0.0,Treehouse Tumor Compendium 25.01 PolyA median TPM,treehouse_polya_25_01_median_v1
ENSG00000232701,RPL21P108,ribosomal_protein,0.0,Treehouse Tumor Compendium 25.01 PolyA median TPM,treehouse_polya_25_01_median_v1
ENSG00000237816,RPL21P109,ribosomal_protein,0.0,Treehouse Tumor Compendium 25.01 PolyA median TPM,treehouse_polya_25_01_median_v1
ENSG00000242571,RPL21P11,ribosomal_protein,0.230106,Treehouse Tumor Compendium 25.01 PolyA median TPM,treehouse_polya_25_01_median_v1
ENSG00000226617,RPL21P110,ribosomal_protein,0.0,Treehouse Tumor Compendium 25.01 PolyA median TPM,treehouse_polya_25_01_median_v1
ENSG00000237109,RPL21P111,ribosomal_protein,0.0,Treehouse Tumor Compendium 25.01 PolyA median TPM,treehouse_polya_25_01_median_v1
ENSG00000237924,RPL21P112,ribosomal_protein,0.0,Treehouse Tumor Compendium 25.01 PolyA median TPM,treehouse_polya_25_01_median_v1
ENSG00000241640,RPL21P113,ribosomal_protein,0.0,Treehouse Tumor Compendium 25.01 PolyA median TPM,treehouse_polya_25_01_median_v1
ENSG00000243780,RPL21P114,ribosomal_protein,0.0,Treehouse Tumor Compendium 25.01 PolyA median TPM,treehouse_polya_25_01_median_v1
ENSG00000243568,RPL21P115,ribosomal_protein,0.0,Treehouse Tumor Compendium 25.01 PolyA median TPM,treehouse_polya_25_01_median_v1
ENSG00000243711,RPL21P116,ribosomal_protein,0.0,Treehouse Tumor Compendium 25.01 PolyA median TPM,treehouse_polya_25_01_median_v1
ENSG00000240238,RPL21P117,ribosomal_protein,0.0,Treehouse Tumor Compendium 25.01 PolyA median TPM,treehouse_polya_25_01_median_v1
ENSG00000239763,RPL21P118,ribosomal_protein,0.0,Treehouse Tumor Compendium 25.01 PolyA median TPM,treehouse_polya_25_01_median_v1
ENSG00000220793,RPL21P119,ribosomal_protein,0.58,Treehouse Tumor Compendium 25.01 PolyA median TPM,treehouse_polya_25_01_median_v1
ENSG00000259535,RPL21P12,ribosomal_protein,0.0,Treehouse Tumor Compendium 25.01 PolyA median TPM,treehouse_polya_25_01_median_v1
ENSG00000244582,RPL21P120,ribosomal_protein,0.180105,Treehouse Tumor Compendium 25.01 PolyA median TPM,treehouse_polya_25_01_median_v1
ENSG00000237382,RPL21P121,ribosomal_protein,0.0,Treehouse Tumor Compendium 25.01 PolyA median TPM,treehouse_polya_25_01_median_v1
ENSG00000283753,RPL21P121,ribosomal_protein,0.0,Treehouse Tumor Compendium 25.01 PolyA median TPM,treehouse_polya_25_01_median_v1
ENSG00000241185,RPL21P122,ribosomal_protein,0.0,Treehouse Tumor Compendium 25.01 PolyA median TPM,treehouse_polya_25_01_median_v1
ENSG00000240531,RPL21P123,ribosomal_protein,0.0,Treehouse Tumor Compendium 25.01 PolyA median TPM,treehouse_polya_25_01_median_v1
ENSG00000240898,RPL21P125,ribosomal_protein,0.0,Treehouse Tumor Compendium 25.01 PolyA median TPM,treehouse_polya_25_01_median_v1
ENSG00000242320,RPL21P126,ribosomal_protein,0.0,Treehouse Tumor Compendium 25.01 PolyA median TPM,treehouse_polya_25_01_median_v1
ENSG00000243720,RPL21P127,ribosomal_protein,0.0,Treehouse Tumor Compendium 25.01 PolyA median TPM,treehouse_polya_25_01_median_v1
ENSG00000244527,RPL21P128,ribosomal_protein,0.0,Treehouse Tumor Compendium 25.01 PolyA median TPM,treehouse_polya_25_01_median_v1
ENSG00000242636,RPL21P129,ribosomal_protein,0.0,Treehouse Tumor Compendium 25.01 PolyA median TPM,treehouse_polya_25_01_median_v1
ENSG00000242837,RPL21P13,ribosomal_protein,0.0,Treehouse Tumor Compendium 25.01 PolyA median TPM,treehouse_polya_25_01_median_v1
ENSG00000243771,RPL21P130,ribosomal_protein,0.0,Treehouse Tumor Compendium 25.01 PolyA median TPM,treehouse_polya_25_01_median_v1
ENSG00000232429,RPL21P131,ribosomal_protein,0.0,Treehouse Tumor Compendium 25.01 PolyA median TPM,treehouse_polya_25_01_median_v1
ENSG00000183911,RPL21P132,ribosomal_protein,0.0,Treehouse Tumor Compendium 25.01 PolyA median TPM,treehouse_polya_25_01_median_v1
ENSG00000236509,RPL21P133,ribosomal_protein,0.0,Treehouse Tumor Compendium 25.01 PolyA median TPM,treehouse_polya_25_01_median_v1
ENSG00000233254,RPL21P134,ribosomal_protein,0.090099,Treehouse Tumor Compendium 25.01 PolyA median TPM,treehouse_polya_25_01_median_v1
ENSG00000235482,RPL21P135,ribosomal_protein,0.040101,Treehouse Tumor Compendium 25.01 PolyA median TPM,treehouse_polya_25_01_median_v1
ENSG00000271215,RPL21P136,ribosomal_protein,0.0,Treehouse Tumor Compendium 25.01 PolyA median TPM,treehouse_polya_25_01_median_v1
ENSG00000236732,RPL21P137,ribosomal_protein,0.0,Treehouse Tumor Compendium 25.01 PolyA median TPM,treehouse_polya_25_01_median_v1
ENSG00000242747,RPL21P14,ribosomal_protein,0.0,Treehouse Tumor Compendium 25.01 PolyA median TPM,treehouse_polya_25_01_median_v1
ENSG00000239465,RPL21P15,ribosomal_protein,0.0,Treehouse Tumor Compendium 25.01 PolyA median TPM,treehouse_polya_25_01_median_v1
ENSG00000220842,RPL21P16,ribosomal_protein,0.0,Treehouse Tumor Compendium 25.01 PolyA median TPM,treehouse_polya_25_01_median_v1
ENSG00000214073,RPL21P17,ribosomal_protein,0.0,Treehouse Tumor Compendium 25.01 PolyA median TPM,treehouse_polya_25_01_median_v1
ENSG00000213343,RPL21P18,ribosomal_protein,0.0,Treehouse Tumor Compendium 25.01 PolyA median TPM,treehouse_polya_25_01_median_v1
ENSG00000219133,RPL21P19,ribosomal_protein,0.0,Treehouse Tumor Compendium 25.01 PolyA median TPM,treehouse_polya_25_01_median_v1
ENSG00000215063,RPL21P2,ribosomal_protein,0.0,Treehouse Tumor Compendium 25.01 PolyA median TPM,treehouse_polya_25_01_median_v1
ENSG00000227311,RPL21P20,ribosomal_protein,0.0,Treehouse Tumor Compendium 25.01 PolyA median TPM,treehouse_polya_25_01_median_v1
ENSG00000224340,RPL21P21,ribosomal_protein,0.0,Treehouse Tumor Compendium 25.01 PolyA median TPM,treehouse_polya_25_01_median_v1
ENSG00000225142,RPL21P22,ribosomal_protein,0.0,Treehouse Tumor Compendium 25.01 PolyA median TPM,treehouse_polya_25_01_median_v1
ENSG00000236776,RPL21P23,ribosomal_protein,0.0,Treehouse Tumor Compendium 25.01 PolyA median TPM,treehouse_polya_25_01_median_v1
ENSG00000229554,RPL21P24,ribosomal_protein,0.0,Treehouse Tumor Compendium 25.01 PolyA median TPM,treehouse_polya_25_01_median_v1
ENSG00000232514,RPL21P25,ribosomal_protein,0.0,Treehouse Tumor Compendium 25.01 PolyA median TPM,treehouse_polya_25_01_median_v1
ENSG00000232918,RPL21P26,ribosomal_protein,0.0,Treehouse Tumor Compendium 25.01 PolyA median TPM,treehouse_polya_25_01_median_v1
ENSG00000225272,RPL21P27,ribosomal_protein,0.0,Treehouse Tumor Compendium 25.01 PolyA median TPM,treehouse_polya_25_01_median_v1
ENSG00000220749,RPL21P28,ribosomal_protein,0.580096,Treehouse Tumor Compendium 25.01 PolyA median TPM,treehouse_polya_25_01_median_v1
ENSG00000232037,RPL21P29,ribosomal_protein,0.0,Treehouse Tumor Compendium 25.01 PolyA median TPM,treehouse_polya_25_01_median_v1
ENSG00000225419,RPL21P3,ribosomal_protein,0.070102,Treehouse Tumor Compendium 25.01 PolyA median TPM,treehouse_polya_25_01_median_v1
ENSG00000235937,RPL21P30,ribosomal_protein,0.0,Treehouse Tumor Compendium 25.01 PolyA median TPM,treehouse_polya_25_01_median_v1
ENSG00000227187,RPL21P31,ribosomal_protein,0.0,Treehouse Tumor Compendium 25.01 PolyA median TPM,treehouse_polya_25_01_median_v1
ENSG00000224019,RPL21P32,ribosomal_protein,0.0,Treehouse Tumor Compendium 25.01 PolyA median TPM,treehouse_polya_25_01_median_v1
ENSG00000237024,RPL21P33,ribosomal_protein,0.0,Treehouse Tumor Compendium 25.01 PolyA median TPM,treehouse_polya_25_01_median_v1
ENSG00000238180,RPL21P34,ribosomal_protein,0.0,Treehouse Tumor Compendium 25.01 PolyA median TPM,treehouse_polya_25_01_median_v1
ENSG00000231494,RPL21P35,ribosomal_protein,0.0,Treehouse Tumor Compendium 25.01 PolyA median TPM,treehouse_polya_25_01_median_v1
ENSG00000233752,RPL21P36,ribosomal_protein,0.0,Treehouse Tumor Compendium 25.01 PolyA median TPM,treehouse_polya_25_01_median_v1
ENSG00000229503,RPL21P37,ribosomal_protein,0.0,Treehouse Tumor Compendium 25.01 PolyA median TPM,treehouse_polya_25_01_median_v1
ENSG00000233934,RPL21P38,ribosomal_protein,0.0,Treehouse Tumor Compendium 25.01 PolyA median TPM,treehouse_polya_25_01_median_v1
ENSG00000239797,RPL21P39,ribosomal_protein,0.080102,Treehouse Tumor Compendium 25.01 PolyA median TPM,treehouse_polya_25_01_median_v1
ENSG00000240828,RPL21P4,ribosomal_protein,0.025049,Treehouse Tumor Compendium 25.01 PolyA median TPM,treehouse_polya_25_01_median_v1
ENSG00000235670,RPL21P40,ribosomal_protein,0.0,Treehouse Tumor Compendium 25.01 PolyA median TPM,treehouse_polya_25_01_median_v1
ENSG00000214560,RPL21P41,ribosomal_protein,0.0,Treehouse Tumor Compendium 25.01 PolyA median TPM,treehouse_polya_25_01_median_v1
ENSG00000240068,RPL21P42,ribosomal_protein,0.0,Treehouse Tumor Compendium 25.01 PolyA median TPM,treehouse_polya_25_01_median_v1
ENSG00000231688,RPL21P43,ribosomal_protein,0.0,Treehouse Tumor Compendium 25.01 PolyA median TPM,treehouse_polya_25_01_median_v1
ENSG00000229585,RPL21P44,ribosomal_protein,0.1,Treehouse Tumor Compendium 25.01 PolyA median TPM,treehouse_polya_25_01_median_v1
ENSG00000239532,RPL21P45,ribosomal_protein,0.0,Treehouse Tumor Compendium 25.01 PolyA median TPM,treehouse_polya_25_01_median_v1
ENSG00000241612,RPL21P46,ribosomal_protein,0.0,Treehouse Tumor Compendium 25.01 PolyA median TPM,treehouse_polya_25_01_median_v1
ENSG00000241344,RPL21P47,ribosomal_protein,0.0,Treehouse Tumor Compendium 25.01 PolyA median TPM,treehouse_polya_25_01_median_v1
ENSG00000242318,RPL21P48,ribosomal_protein,0.0,Treehouse Tumor Compendium 25.01 PolyA median TPM,treehouse_polya_25_01_median_v1
ENSG00000241981,RPL21P49,ribosomal_protein,0.0,Treehouse Tumor Compendium 25.01 PolyA median TPM,treehouse_polya_25_01_median_v1
ENSG00000258640,RPL21P5,ribosomal_protein,0.0,Treehouse Tumor Compendium 25.01 PolyA median TPM,treehouse_polya_25_01_median_v1
ENSG00000228489,RPL21P50,ribosomal_protein,0.0,Treehouse Tumor Compendium 25.01 PolyA median TPM,treehouse_polya_25_01_median_v1
ENSG00000240674,RPL21P51,ribosomal_protein,0.0,Treehouse Tumor Compendium 25.01 PolyA median TPM,treehouse_polya_25_01_median_v1
ENSG00000242431,RPL21P52,ribosomal_protein,0.0,Treehouse Tumor Compendium 25.01 PolyA median TPM,treehouse_polya_25_01_median_v1
ENSG00000244021,RPL21P53,ribosomal_protein,0.0,Treehouse Tumor Compendium 25.01 PolyA median TPM,treehouse_polya_25_01_median_v1
ENSG00000241829,RPL21P54,ribosomal_protein,0.0,Treehouse Tumor Compendium 25.01 PolyA median TPM,treehouse_polya_25_01_median_v1
ENSG00000239870,RPL21P55,ribosomal_protein,0.0,Treehouse Tumor Compendium 25.01 PolyA median TPM,treehouse_polya_25_01_median_v1
ENSG00000241739,RPL21P56,ribosomal_protein,0.0,Treehouse Tumor Compendium 25.01 PolyA median TPM,treehouse_polya_25_01_median_v1
ENSG00000241187,RPL21P57,ribosomal_protein,0.0,Treehouse Tumor Compendium 25.01 PolyA median TPM,treehouse_polya_25_01_median_v1
ENSG00000213663,RPL21P58,ribosomal_protein,0.0,Treehouse Tumor Compendium 25.01 PolyA median TPM,treehouse_polya_25_01_median_v1
ENSG00000253946,RPL21P59,ribosomal_protein,0.0,Treehouse Tumor Compendium 25.01 PolyA median TPM,treehouse_polya_25_01_median_v1
ENSG00000239199,RPL21P6,ribosomal_protein,0.0,Treehouse Tumor Compendium 25.01 PolyA median TPM,treehouse_polya_25_01_median_v1
ENSG00000240729,RPL21P60,ribosomal_protein,0.0,Treehouse Tumor Compendium 25.01 PolyA median TPM,treehouse_polya_25_01_median_v1
ENSG00000217379,RPL21P61,ribosomal_protein,0.0,Treehouse Tumor Compendium 25.01 PolyA median TPM,treehouse_polya_25_01_median_v1
ENSG00000229765,RPL21P62,ribosomal_protein,0.0,Treehouse Tumor Compendium 25.01 PolyA median TPM,treehouse_polya_25_01_median_v1
ENSG00000217181,RPL21P63,ribosomal_protein,0.0,Treehouse Tumor Compendium 25.01 PolyA median TPM,treehouse_polya_25_01_median_v1
ENSG00000220110,RPL21P64,ribosomal_protein,0.0,Treehouse Tumor Compendium 25.01 PolyA median TPM,treehouse_polya_25_01_median_v1
ENSG00000216977,RPL21P65,ribosomal_protein,0.0,Treehouse Tumor Compendium 25.01 PolyA median TPM,treehouse_polya_25_01_median_v1
ENSG00000225343,RPL21P66,ribosomal_protein,0.0,Treehouse Tumor Compendium 25.01 PolyA median TPM,treehouse_polya_25_01_median_v1
ENSG00000219776,RPL21P67,ribosomal_protein,0.0,Treehouse Tumor Compendium 25.01 PolyA median TPM,treehouse_polya_25_01_median_v1
ENSG00000216718,RPL21P68,ribosomal_protein,0.0,Treehouse Tumor Compendium 25.01 PolyA median TPM,treehouse_polya_25_01_median_v1
ENSG00000216480,RPL21P69,ribosomal_protein,0.0,Treehouse Tumor Compendium 25.01 PolyA median TPM,treehouse_polya_25_01_median_v1
ENSG00000258613,RPL21P7,ribosomal_protein,0.0,Treehouse Tumor Compendium 25.01 PolyA median TPM,treehouse_polya_25_01_median_v1
ENSG00000213620,RPL21P70,ribosomal_protein,0.0,Treehouse Tumor Compendium 25.01 PolyA median TPM,treehouse_polya_25_01_median_v1
ENSG00000239412,RPL21P71,ribosomal_protein,0.0,Treehouse Tumor Compendium 25.01 PolyA median TPM,treehouse_polya_25_01_median_v1
ENSG00000224593,RPL21P72,ribosomal_protein,0.0,Treehouse Tumor Compendium 25.01 PolyA median TPM,treehouse_polya_25_01_median_v1
ENSG00000234658,RPL21P73,ribosomal_protein,0.0,Treehouse Tumor Compendium 25.01 PolyA median TPM,treehouse_polya_25_01_median_v1
ENSG00000237551,RPL21P74,ribosomal_protein,0.0,Treehouse Tumor Compendium 25.01 PolyA median TPM,treehouse_polya_25_01_median_v1
ENSG00000213860,RPL21P75,ribosomal_protein,0.570115,Treehouse Tumor Compendium 25.01 PolyA median TPM,treehouse_polya_25_01_median_v1
ENSG00000228030,RPL21P76,ribosomal_protein,0.0,Treehouse Tumor Compendium 25.01 PolyA median TPM,treehouse_polya_25_01_median_v1
ENSG00000241026,RPL21P77,ribosomal_protein,0.0,Treehouse Tumor Compendium 25.01 PolyA median TPM,treehouse_polya_25_01_median_v1
ENSG00000240237,RPL21P78,ribosomal_protein,0.0,Treehouse Tumor Compendium 25.01 PolyA median TPM,treehouse_polya_25_01_median_v1
ENSG00000240919,RPL21P79,ribosomal_protein,0.0,Treehouse Tumor Compendium 25.01 PolyA median TPM,treehouse_polya_25_01_median_v1
ENSG00000180662,RPL21P8,ribosomal_protein,0.0,Treehouse Tumor Compendium 25.01 PolyA median TPM,treehouse_polya_25_01_median_v1
ENSG00000243181,RPL21P80,ribosomal_protein,0.0,Treehouse Tumor Compendium 25.01 PolyA median TPM,treehouse_polya_25_01_median_v1
ENSG00000230064,RPL21P81,ribosomal_protein,0.0,Treehouse Tumor Compendium 25.01 PolyA median TPM,treehouse_polya_25_01_median_v1
ENSG00000227399,RPL21P82,ribosomal_protein,0.0,Treehouse Tumor Compendium 25.01 PolyA median TPM,treehouse_polya_25_01_median_v1
ENSG00000230188,RPL21P83,ribosomal_protein,0.0,Treehouse Tumor Compendium 25.01 PolyA median TPM,treehouse_polya_25_01_median_v1
ENSG00000228781,RPL21P84,ribosomal_protein,0.0,Treehouse Tumor Compendium 25.01 PolyA median TPM,treehouse_polya_25_01_median_v1
ENSG00000231804,RPL21P85,ribosomal_protein,0.0,Treehouse Tumor Compendium 25.01 PolyA median TPM,treehouse_polya_25_01_median_v1
ENSG00000213669,RPL21P86,ribosomal_protein,0.0,Treehouse Tumor Compendium 25.01 PolyA median TPM,treehouse_polya_25_01_median_v1
ENSG00000228053,RPL21P87,ribosomal_protein,0.0,Treehouse Tumor Compendium 25.01 PolyA median TPM,treehouse_polya_25_01_median_v1
ENSG00000238263,RPL21P88,ribosomal_protein,0.0,Treehouse Tumor Compendium 25.01 PolyA median TPM,treehouse_polya_25_01_median_v1
ENSG00000229870,RPL21P89,ribosomal_protein,0.0,Treehouse Tumor Compendium 25.01 PolyA median TPM,treehouse_polya_25_01_median_v1
ENSG00000258618,RPL21P9,ribosomal_protein,0.0,Treehouse Tumor Compendium 25.01 PolyA median TPM,treehouse_polya_25_01_median_v1
ENSG00000227805,RPL21P90,ribosomal_protein,0.0,Treehouse Tumor Compendium 25.01 PolyA median TPM,treehouse_polya_25_01_median_v1
ENSG00000224907,RPL21P91,ribosomal_protein,0.0,Treehouse Tumor Compendium 25.01 PolyA median TPM,treehouse_polya_25_01_median_v1
ENSG00000225922,RPL21P92,ribosomal_protein,0.0,Treehouse Tumor Compendium 25.01 PolyA median TPM,treehouse_polya_25_01_median_v1
ENSG00000229605,RPL21P93,ribosomal_protein,0.0,Treehouse Tumor Compendium 25.01 PolyA median TPM,treehouse_polya_25_01_median_v1
ENSG00000241678,RPL21P94,ribosomal_protein,0.0,Treehouse Tumor Compendium 25.01 PolyA median TPM,treehouse_polya_25_01_median_v1
ENSG00000241782,RPL21P95,ribosomal_protein,0.0,Treehouse Tumor Compendium 25.01 PolyA median TPM,treehouse_polya_25_01_median_v1
ENSG00000239861,RPL21P96,ribosomal_protein,0.0,Treehouse Tumor Compendium 25.01 PolyA median TPM,treehouse_polya_25_01_median_v1
ENSG00000239470,RPL21P97,ribosomal_protein,0.0,Treehouse Tumor Compendium 25.01 PolyA median TPM,treehouse_polya_25_01_median_v1
ENSG00000243071,RPL21P98,ribosomal_protein,0.0,Treehouse Tumor Compendium 25.01 PolyA median TPM,treehouse_polya_25_01_median_v1
ENSG00000242986,RPL21P99,ribosomal_protein,0.0,Treehouse Tumor Compendium 25.01 PolyA median TPM,treehouse_polya_25_01_median_v1
ENSG00000116251,RPL22,ribosomal_protein,456.824768,Treehouse Tumor Compendium 25.01 PolyA median TPM,treehouse_polya_25_01_median_v1
ENSG00000213178,RPL22P1,ribosomal_protein,0.0,Treehouse Tumor Compendium 25.01 PolyA median TPM,treehouse_polya_25_01_median_v1
ENSG00000213295,RPL22P10,ribosomal_protein,0.0,Treehouse Tumor Compendium 25.01 PolyA median TPM,treehouse_polya_25_01_median_v1
ENSG00000233707,RPL22P11,ribosomal_protein,0.0,Treehouse Tumor Compendium 25.01 PolyA median TPM,treehouse_polya_25_01_median_v1
ENSG00000216867,RPL22P12,ribosomal_protein,0.0,Treehouse Tumor Compendium 25.01 PolyA median TPM,treehouse_polya_25_01_median_v1
ENSG00000242670,RPL22P13,ribosomal_protein,0.0,Treehouse Tumor Compendium 25.01 PolyA median TPM,treehouse_polya_25_01_median_v1
ENSG00000218300,RPL22P14,ribosomal_protein,0.0,Treehouse Tumor Compendium 25.01 PolyA median TPM,treehouse_polya_25_01_median_v1
ENSG00000213935,RPL22P16,ribosomal_protein,0.0,Treehouse Tumor Compendium 25.01 PolyA median TPM,treehouse_polya_25_01_median_v1
ENSG00000235266,RPL22P17,ribosomal_protein,0.0,Treehouse Tumor Compendium 25.01 PolyA median TPM,treehouse_polya_25_01_median_v1
ENSG00000230171,RPL22P18,ribosomal_protein,0.0,Treehouse Tumor Compendium 25.01 PolyA median TPM,treehouse_polya_25_01_median_v1
ENSG00000241129,RPL22P19,ribosomal_protein,0.0,Treehouse Tumor Compendium 25.01 PolyA median TPM,treehouse_polya_25_01_median_v1
ENSG00000241081,RPL22P2,ribosomal_protein,0.0,Treehouse Tumor Compendium 25.01 PolyA median TPM,treehouse_polya_25_01_median_v1
ENSG00000239200,RPL22P20,ribosomal_protein,0.0,Treehouse Tumor Compendium 25.01 PolyA median TPM,treehouse_polya_25_01_median_v1
ENSG00000233979,RPL22P21,ribosomal_protein,0.0,Treehouse Tumor Compendium 25.01 PolyA median TPM,treehouse_polya_25_01_median_v1
ENSG00000213653,RPL22P22,ribosomal_protein,0.0,Treehouse Tumor Compendium 25.01 PolyA median TPM,treehouse_polya_25_01_median_v1
ENSG00000232379,RPL22P23,ribosomal_protein,0.0,Treehouse Tumor Compendium 25.01 PolyA median TPM,treehouse_polya_25_01_median_v1
ENSG00000231084,RPL22P24,ribosomal_protein,0.0,Treehouse Tumor Compendium 25.01 PolyA median TPM,treehouse_polya_25_01_median_v1
ENSG00000226457,RPL22P3,ribosomal_protein,0.0,Treehouse Tumor Compendium 25.01 PolyA median TPM,treehouse_polya_25_01_median_v1
ENSG00000225483,RPL22P4,ribosomal_protein,0.0,Treehouse Tumor Compendium 25.01 PolyA median TPM,treehouse_polya_25_01_median_v1
ENSG00000268074,RPL22P5,ribosomal_protein,0.0,Treehouse Tumor Compendium 25.01 PolyA median TPM,treehouse_polya_25_01_median_v1
ENSG00000268993,RPL22P6,ribosomal_protein,0.0,Treehouse Tumor Compendium 25.01 PolyA median TPM,treehouse_polya_25_01_median_v1
ENSG00000234559,RPL22P7,ribosomal_protein,0.0,Treehouse Tumor Compendium 25.01 PolyA median TPM,treehouse_polya_25_01_median_v1
ENSG00000237745,RPL22P8,ribosomal_protein,0.0,Treehouse Tumor Compendium 25.01 PolyA median TPM,treehouse_polya_25_01_median_v1
ENSG00000125691,RPL23,ribosomal_protein,1560.182251,Treehouse Tumor Compendium 25.01 PolyA median TPM,treehouse_polya_25_01_median_v1
ENSG00000198242,RPL23A,ribosomal_protein,1136.671143,Treehouse Tumor Compendium 25.01 PolyA median TPM,treehouse_polya_25_01_median_v1
ENSG00000239257,RPL23AP1,ribosomal_protein,1.210101,Treehouse Tumor Compendium 25.01 PolyA median TPM,treehouse_polya_25_01_median_v1
ENSG00000239784,RPL23AP1,ribosomal_protein,1.210101,Treehouse Tumor Compendium 25.01 PolyA median TPM,treehouse_polya_25_01_median_v1
ENSG00000240845,RPL23AP1,ribosomal_protein,1.210101,Treehouse Tumor Compendium 25.01 PolyA median TPM,treehouse_polya_25_01_median_v1
ENSG00000241880,RPL23AP1,ribosomal_protein,1.210101,Treehouse Tumor Compendium 25.01 PolyA median TPM,treehouse_polya_25_01_median_v1
ENSG00000242039,RPL23AP1,ribosomal_protein,1.210101,Treehouse Tumor Compendium 25.01 PolyA median TPM,treehouse_polya_25_01_median_v1
ENSG00000242511,RPL23AP1,ribosomal_protein,1.210101,Treehouse Tumor Compendium 25.01 PolyA median TPM,treehouse_polya_25_01_median_v1
ENSG00000240051,RPL23AP10,ribosomal_protein,0.0,Treehouse Tumor Compendium 25.01 PolyA median TPM,treehouse_polya_25_01_median_v1
ENSG00000230988,RPL23AP11,ribosomal_protein,0.0,Treehouse Tumor Compendium 25.01 PolyA median TPM,treehouse_polya_25_01_median_v1
ENSG00000228861,RPL23AP12,ribosomal_protein,0.0,Treehouse Tumor Compendium 25.01 PolyA median TPM,treehouse_polya_25_01_median_v1
ENSG00000224438,RPL23AP14,ribosomal_protein,0.0,Treehouse Tumor Compendium 25.01 PolyA median TPM,treehouse_polya_25_01_median_v1
ENSG00000230841,RPL23AP15,ribosomal_protein,0.0,Treehouse Tumor Compendium 25.01 PolyA median TPM,treehouse_polya_25_01_median_v1
ENSG00000228190,RPL23AP16,ribosomal_protein,0.0,Treehouse Tumor Compendium 25.01 PolyA median TPM,treehouse_polya_25_01_median_v1
ENSG00000215893,RPL23AP17,ribosomal_protein,0.0,Treehouse Tumor Compendium 25.01 PolyA median TPM,treehouse_polya_25_01_median_v1
ENSG00000225338,RPL23AP18,ribosomal_protein,0.210098,Treehouse Tumor Compendium 25.01 PolyA median TPM,treehouse_polya_25_01_median_v1
ENSG00000229716,RPL23AP19,ribosomal_protein,0.0,Treehouse Tumor Compendium 25.01 PolyA median TPM,treehouse_polya_25_01_median_v1
ENSG00000225067,RPL23AP2,ribosomal_protein,1.67,Treehouse Tumor Compendium 25.01 PolyA median TPM,treehouse_polya_25_01_median_v1
ENSG00000235990,RPL23AP20,ribosomal_protein,0.0,Treehouse Tumor Compendium 25.01 PolyA median TPM,treehouse_polya_25_01_median_v1
ENSG00000241670,RPL23AP21,ribosomal_protein,0.040101,Treehouse Tumor Compendium 25.01 PolyA median TPM,treehouse_polya_25_01_median_v1
ENSG00000237213,RPL23AP22,ribosomal_protein,0.0,Treehouse Tumor Compendium 25.01 PolyA median TPM,treehouse_polya_25_01_median_v1
ENSG00000236863,RPL23AP23,ribosomal_protein,0.0,Treehouse Tumor Compendium 25.01 PolyA median TPM,treehouse_polya_25_01_median_v1
ENSG00000236679,RPL23AP24,ribosomal_protein,0.160096,Treehouse Tumor Compendium 25.01 PolyA median TPM,treehouse_polya_25_01_median_v1
ENSG00000233084,RPL23AP25,ribosomal_protein,0.240099,Treehouse Tumor Compendium 25.01 PolyA median TPM,treehouse_polya_25_01_median_v1
ENSG00000228884,RPL23AP26,ribosomal_protein,0.0,Treehouse Tumor Compendium 25.01 PolyA median TPM,treehouse_polya_25_01_median_v1
ENSG00000225669,RPL23AP27,ribosomal_protein,0.0,Treehouse Tumor Compendium 25.01 PolyA median TPM,treehouse_polya_25_01_median_v1
ENSG00000226331,RPL23AP28,ribosomal_protein,0.0,Treehouse Tumor Compendium 25.01 PolyA median TPM,treehouse_polya_25_01_median_v1
ENSG00000214024,RPL23AP29,ribosomal_protein,0.0,Treehouse Tumor Compendium 25.01 PolyA median TPM,treehouse_polya_25_01_median_v1
ENSG00000214914,RPL23AP3,ribosomal_protein,0.0,Treehouse Tumor Compendium 25.01 PolyA median TPM,treehouse_polya_25_01_median_v1
ENSG00000226658,RPL23AP30,ribosomal_protein,0.0,Treehouse Tumor Compendium 25.01 PolyA median TPM,treehouse_polya_25_01_median_v1
ENSG00000232625,RPL23AP31,ribosomal_protein,0.0,Treehouse Tumor Compendium 25.01 PolyA median TPM,treehouse_polya_25_01_median_v1
ENSG00000237887,RPL23AP32,ribosomal_protein,0.040101,Treehouse Tumor Compendium 25.01 PolyA median TPM,treehouse_polya_25_01_median_v1
ENSG00000237824,RPL23AP33,ribosomal_protein,0.0,Treehouse Tumor Compendium 25.01 PolyA median TPM,treehouse_polya_25_01_median_v1
ENSG00000225991,RPL23AP34,ribosomal_protein,0.0201,Treehouse Tumor Compendium 25.01 PolyA median TPM,treehouse_polya_25_01_median_v1
ENSG00000232568,RPL23AP35,ribosomal_protein,0.0,Treehouse Tumor Compendium 25.01 PolyA median TPM,treehouse_polya_25_01_median_v1
ENSG00000225124,RPL23AP36,ribosomal_protein,0.0,Treehouse Tumor Compendium 25.01 PolyA median TPM,treehouse_polya_25_01_median_v1
ENSG00000236148,RPL23AP37,ribosomal_protein,0.0,Treehouse Tumor Compendium 25.01 PolyA median TPM,treehouse_polya_25_01_median_v1
ENSG00000184423,RPL23AP38,ribosomal_protein,0.0,Treehouse Tumor Compendium 25.01 PolyA median TPM,treehouse_polya_25_01_median_v1
ENSG00000214074,RPL23AP39,ribosomal_protein,0.0,Treehouse Tumor Compendium 25.01 PolyA median TPM,treehouse_polya_25_01_median_v1
ENSG00000212932,RPL23AP4,ribosomal_protein,0.0,Treehouse Tumor Compendium 25.01 PolyA median TPM,treehouse_polya_25_01_median_v1
ENSG00000242321,RPL23AP40,ribosomal_protein,0.0,Treehouse Tumor Compendium 25.01 PolyA median TPM,treehouse_polya_25_01_median_v1
ENSG00000224085,RPL23AP41,ribosomal_protein,0.0,Treehouse Tumor Compendium 25.01 PolyA median TPM,treehouse_polya_25_01_median_v1
ENSG00000234851,RPL23AP42,ribosomal_protein,1226.897461,Treehouse Tumor Compendium 25.01 PolyA median TPM,treehouse_polya_25_01_median_v1
ENSG00000227337,RPL23AP43,ribosomal_protein,0.070102,Treehouse Tumor Compendium 25.01 PolyA median TPM,treehouse_polya_25_01_median_v1
ENSG00000244088,RPL23AP44,ribosomal_protein,0.0,Treehouse Tumor Compendium 25.01 PolyA median TPM,treehouse_polya_25_01_median_v1
ENSG00000213285,RPL23AP45,ribosomal_protein,0.0,Treehouse Tumor Compendium 25.01 PolyA median TPM,treehouse_polya_25_01_median_v1
ENSG00000213122,RPL23AP46,ribosomal_protein,0.0,Treehouse Tumor Compendium 25.01 PolyA median TPM,treehouse_polya_25_01_median_v1
ENSG00000219814,RPL23AP47,ribosomal_protein,0.0,Treehouse Tumor Compendium 25.01 PolyA median TPM,treehouse_polya_25_01_median_v1
ENSG00000219135,RPL23AP48,ribosomal_protein,0.0,Treehouse Tumor Compendium 25.01 PolyA median TPM,treehouse_polya_25_01_median_v1
ENSG00000243422,RPL23AP49,ribosomal_protein,0.93,Treehouse Tumor Compendium 25.01 PolyA median TPM,treehouse_polya_25_01_median_v1
ENSG00000232778,RPL23AP50,ribosomal_protein,0.0,Treehouse Tumor Compendium 25.01 PolyA median TPM,treehouse_polya_25_01_median_v1
ENSG00000269721,RPL23AP51,ribosomal_protein,0.0,Treehouse Tumor Compendium 25.01 PolyA median TPM,treehouse_polya_25_01_median_v1
ENSG00000230370,RPL23AP52,ribosomal_protein,0.0,Treehouse Tumor Compendium 25.01 PolyA median TPM,treehouse_polya_25_01_median_v1
ENSG00000223508,RPL23AP53,ribosomal_protein,2.510166,Treehouse Tumor Compendium 25.01 PolyA median TPM,treehouse_polya_25_01_median_v1
ENSG00000280437,RPL23AP53,ribosomal_protein,2.510166,Treehouse Tumor Compendium 25.01 PolyA median TPM,treehouse_polya_25_01_median_v1
ENSG00000240486,RPL23AP54,ribosomal_protein,0.0,Treehouse Tumor Compendium 25.01 PolyA median TPM,treehouse_polya_25_01_median_v1
ENSG00000243265,RPL23AP55,ribosomal_protein,0.0,Treehouse Tumor Compendium 25.01 PolyA median TPM,treehouse_polya_25_01_median_v1
ENSG00000244413,RPL23AP56,ribosomal_protein,0.0,Treehouse Tumor Compendium 25.01 PolyA median TPM,treehouse_polya_25_01_median_v1
ENSG00000206147,RPL23AP57,ribosomal_protein,0.0,Treehouse Tumor Compendium 25.01 PolyA median TPM,treehouse_polya_25_01_median_v1
ENSG00000228657,RPL23AP58,ribosomal_protein,0.0,Treehouse Tumor Compendium 25.01 PolyA median TPM,treehouse_polya_25_01_median_v1
ENSG00000215002,RPL23AP59,ribosomal_protein,0.0,Treehouse Tumor Compendium 25.01 PolyA median TPM,treehouse_polya_25_01_median_v1
ENSG00000214835,RPL23AP6,ribosomal_protein,0.0,Treehouse Tumor Compendium 25.01 PolyA median TPM,treehouse_polya_25_01_median_v1
ENSG00000213147,RPL23AP60,ribosomal_protein,0.0,Treehouse Tumor Compendium 25.01 PolyA median TPM,treehouse_polya_25_01_median_v1
ENSG00000280012,RPL23AP61,ribosomal_protein,0.02,Treehouse Tumor Compendium 25.01 PolyA median TPM,treehouse_polya_25_01_median_v1
ENSG00000213233,RPL23AP62,ribosomal_protein,0.0,Treehouse Tumor Compendium 25.01 PolyA median TPM,treehouse_polya_25_01_median_v1
ENSG00000243721,RPL23AP63,ribosomal_protein,0.100098,Treehouse Tumor Compendium 25.01 PolyA median TPM,treehouse_polya_25_01_median_v1
ENSG00000240970,RPL23AP64,ribosomal_protein,0.280092,Treehouse Tumor Compendium 25.01 PolyA median TPM,treehouse_polya_25_01_median_v1
ENSG00000281913,RPL23AP64,ribosomal_protein,0.280092,Treehouse Tumor Compendium 25.01 PolyA median TPM,treehouse_polya_25_01_median_v1
ENSG00000243964,RPL23AP65,ribosomal_protein,2.460024,Treehouse Tumor Compendium 25.01 PolyA median TPM,treehouse_polya_25_01_median_v1
ENSG00000243141,RPL23AP66,ribosomal_protein,0.0,Treehouse Tumor Compendium 25.01 PolyA median TPM,treehouse_polya_25_01_median_v1
ENSG00000281051,RPL23AP66,ribosomal_protein,0.0,Treehouse Tumor Compendium 25.01 PolyA median TPM,treehouse_polya_25_01_median_v1
ENSG00000240991,RPL23AP67,ribosomal_protein,0.072574,Treehouse Tumor Compendium 25.01 PolyA median TPM,treehouse_polya_25_01_median_v1
ENSG00000242850,RPL23AP68,ribosomal_protein,0.0,Treehouse Tumor Compendium 25.01 PolyA median TPM,treehouse_polya_25_01_median_v1
ENSG00000235315,RPL23AP69,ribosomal_protein,0.0,Treehouse Tumor Compendium 25.01 PolyA median TPM,treehouse_polya_25_01_median_v1
ENSG00000240356,RPL23AP7,ribosomal_protein,6.540049,Treehouse Tumor Compendium 25.01 PolyA median TPM,treehouse_polya_25_01_median_v1
ENSG00000291064,RPL23AP7,ribosomal_protein,6.540049,Treehouse Tumor Compendium 25.01 PolyA median TPM,treehouse_polya_25_01_median_v1
ENSG00000293106,RPL23AP7,ribosomal_protein,6.540049,Treehouse Tumor Compendium 25.01 PolyA median TPM,treehouse_polya_25_01_median_v1
ENSG00000241052,RPL23AP70,ribosomal_protein,0.0,Treehouse Tumor Compendium 25.01 PolyA median TPM,treehouse_polya_25_01_median_v1
ENSG00000237450,RPL23AP71,ribosomal_protein,0.0,Treehouse Tumor Compendium 25.01 PolyA median TPM,treehouse_polya_25_01_median_v1
ENSG00000239840,RPL23AP72,ribosomal_protein,0.0,Treehouse Tumor Compendium 25.01 PolyA median TPM,treehouse_polya_25_01_median_v1
ENSG00000244283,RPL23AP73,ribosomal_protein,0.0,Treehouse Tumor Compendium 25.01 PolyA median TPM,treehouse_polya_25_01_median_v1
ENSG00000227694,RPL23AP74,ribosomal_protein,0.420102,Treehouse Tumor Compendium 25.01 PolyA median TPM,treehouse_polya_25_01_median_v1
ENSG00000240125,RPL23AP75,ribosomal_protein,0.0,Treehouse Tumor Compendium 25.01 PolyA median TPM,treehouse_polya_25_01_median_v1
ENSG00000226156,RPL23AP76,ribosomal_protein,0.0,Treehouse Tumor Compendium 25.01 PolyA median TPM,treehouse_polya_25_01_median_v1
ENSG00000267301,RPL23AP77,ribosomal_protein,0.0,Treehouse Tumor Compendium 25.01 PolyA median TPM,treehouse_polya_25_01_median_v1
ENSG00000269244,RPL23AP78,ribosomal_protein,0.0,Treehouse Tumor Compendium 25.01 PolyA median TPM,treehouse_polya_25_01_median_v1
ENSG00000241582,RPL23AP8,ribosomal_protein,0.0,Treehouse Tumor Compendium 25.01 PolyA median TPM,treehouse_polya_25_01_median_v1
ENSG00000213035,RPL23AP80,ribosomal_protein,0.0,Treehouse Tumor Compendium 25.01 PolyA median TPM,treehouse_polya_25_01_median_v1
ENSG00000242748,RPL23AP81,ribosomal_protein,0.190094,Treehouse Tumor Compendium 25.01 PolyA median TPM,treehouse_polya_25_01_median_v1
ENSG00000184319,RPL23AP82,ribosomal_protein,18.420361,Treehouse Tumor Compendium 25.01 PolyA median TPM,treehouse_polya_25_01_median_v1
ENSG00000234135,RPL23AP83,ribosomal_protein,0.0,Treehouse Tumor Compendium 25.01 PolyA median TPM,treehouse_polya_25_01_median_v1
ENSG00000261914,RPL23AP84,ribosomal_protein,0.0,Treehouse Tumor Compendium 25.01 PolyA median TPM,treehouse_polya_25_01_median_v1
ENSG00000283660,RPL23AP84,ribosomal_protein,0.0,Treehouse Tumor Compendium 25.01 PolyA median TPM,treehouse_polya_25_01_median_v1
ENSG00000224980,RPL23AP85,ribosomal_protein,0.0,Treehouse Tumor Compendium 25.01 PolyA median TPM,treehouse_polya_25_01_median_v1
ENSG00000262959,RPL23AP86,ribosomal_protein,0.0,Treehouse Tumor Compendium 25.01 PolyA median TPM,treehouse_polya_25_01_median_v1
ENSG00000232938,RPL23AP87,ribosomal_protein,0.120102,Treehouse Tumor Compendium 25.01 PolyA median TPM,treehouse_polya_25_01_median_v1
ENSG00000293087,RPL23AP87,ribosomal_protein,0.120102,Treehouse Tumor Compendium 25.01 PolyA median TPM,treehouse_polya_25_01_median_v1
ENSG00000271153,RPL23AP88,ribosomal_protein,0.0,Treehouse Tumor Compendium 25.01 PolyA median TPM,treehouse_polya_25_01_median_v1
ENSG00000227875,RPL23AP89,ribosomal_protein,0.0,Treehouse Tumor Compendium 25.01 PolyA median TPM,treehouse_polya_25_01_median_v1
ENSG00000271415,RPL23AP90,ribosomal_protein,0.0,Treehouse Tumor Compendium 25.01 PolyA median TPM,treehouse_polya_25_01_median_v1
ENSG00000260965,RPL23AP91,ribosomal_protein,0.0,Treehouse Tumor Compendium 25.01 PolyA median TPM,treehouse_polya_25_01_median_v1
ENSG00000270723,RPL23AP92,ribosomal_protein,0.0,Treehouse Tumor Compendium 25.01 PolyA median TPM,treehouse_polya_25_01_median_v1
ENSG00000232873,RPL23AP93,ribosomal_protein,0.0,Treehouse Tumor Compendium 25.01 PolyA median TPM,treehouse_polya_25_01_median_v1
ENSG00000248439,RPL23AP94,ribosomal_protein,0.0,Treehouse Tumor Compendium 25.01 PolyA median TPM,treehouse_polya_25_01_median_v1
ENSG00000236848,RPL23AP95,ribosomal_protein,0.0,Treehouse Tumor Compendium 25.01 PolyA median TPM,treehouse_polya_25_01_median_v1
ENSG00000282063,RPL23AP95,ribosomal_protein,0.0,Treehouse Tumor Compendium 25.01 PolyA median TPM,treehouse_polya_25_01_median_v1
ENSG00000250752,RPL23AP96,ribosomal_protein,0.0,Treehouse Tumor Compendium 25.01 PolyA median TPM,treehouse_polya_25_01_median_v1
ENSG00000260615,RPL23AP97,ribosomal_protein,0.260096,Treehouse Tumor Compendium 25.01 PolyA median TPM,treehouse_polya_25_01_median_v1
ENSG00000244708,RPL23P10,ribosomal_protein,0.0,Treehouse Tumor Compendium 25.01 PolyA median TPM,treehouse_polya_25_01_median_v1
ENSG00000226407,RPL23P11,ribosomal_protein,0.0,Treehouse Tumor Compendium 25.01 PolyA median TPM,treehouse_polya_25_01_median_v1
ENSG00000176054,RPL23P2,ribosomal_protein,0.640102,Treehouse Tumor Compendium 25.01 PolyA median TPM,treehouse_polya_25_01_median_v1
ENSG00000223903,RPL23P4,ribosomal_protein,0.0,Treehouse Tumor Compendium 25.01 PolyA median TPM,treehouse_polya_25_01_median_v1
ENSG00000230406,RPL23P5,ribosomal_protein,0.0,Treehouse Tumor Compendium 25.01 PolyA median TPM,treehouse_polya_25_01_median_v1
ENSG00000219451,RPL23P8,ribosomal_protein,0.0,Treehouse Tumor Compendium 25.01 PolyA median TPM,treehouse_polya_25_01_median_v1
ENSG00000114391,RPL24,ribosomal_protein,1358.594116,Treehouse Tumor Compendium 25.01 PolyA median TPM,treehouse_polya_25_01_median_v1
ENSG00000235065,RPL24P2,ribosomal_protein,2.700112,Treehouse Tumor Compendium 25.01 PolyA median TPM,treehouse_polya_25_01_median_v1
ENSG00000181524,RPL24P4,ribosomal_protein,12.900002,Treehouse Tumor Compendium 25.01 PolyA median TPM,treehouse_polya_25_01_median_v1
ENSG00000236844,RPL24P6,ribosomal_protein,0.0,Treehouse Tumor Compendium 25.01 PolyA median TPM,treehouse_polya_25_01_median_v1
ENSG00000215016,RPL24P7,ribosomal_protein,0.0,Treehouse Tumor Compendium 25.01 PolyA median TPM,treehouse_polya_25_01_median_v1
ENSG00000236801,RPL24P8,ribosomal_protein,1.230074,Treehouse Tumor Compendium 25.01 PolyA median TPM,treehouse_polya_25_01_median_v1
ENSG00000225722,RPL24P9,ribosomal_protein,0.0,Treehouse Tumor Compendium 25.01 PolyA median TPM,treehouse_polya_25_01_median_v1
ENSG00000161970,RPL26,ribosomal_protein,1995.036133,Treehouse Tumor Compendium 25.01 PolyA median TPM,treehouse_polya_25_01_median_v1
ENSG00000213495,RPL26P13,ribosomal_protein,0.0,Treehouse Tumor Compendium 25.01 PolyA median TPM,treehouse_polya_25_01_median_v1
ENSG00000233829,RPL26P15,ribosomal_protein,0.0,Treehouse Tumor Compendium 25.01 PolyA median TPM,treehouse_polya_25_01_median_v1
ENSG00000226221,RPL26P19,ribosomal_protein,2.920176,Treehouse Tumor Compendium 25.01 PolyA median TPM,treehouse_polya_25_01_median_v1
ENSG00000219722,RPL26P20,ribosomal_protein,0.0,Treehouse Tumor Compendium 25.01 PolyA median TPM,treehouse_polya_25_01_median_v1
ENSG00000242595,RPL26P26,ribosomal_protein,0.0,Treehouse Tumor Compendium 25.01 PolyA median TPM,treehouse_polya_25_01_median_v1
ENSG00000226493,RPL26P27,ribosomal_protein,0.0,Treehouse Tumor Compendium 25.01 PolyA median TPM,treehouse_polya_25_01_median_v1
ENSG00000223987,RPL26P28,ribosomal_protein,0.0,Treehouse Tumor Compendium 25.01 PolyA median TPM,treehouse_polya_25_01_median_v1
ENSG00000234806,RPL26P29,ribosomal_protein,0.0,Treehouse Tumor Compendium 25.01 PolyA median TPM,treehouse_polya_25_01_median_v1
ENSG00000240179,RPL26P3,ribosomal_protein,0.0,Treehouse Tumor Compendium 25.01 PolyA median TPM,treehouse_polya_25_01_median_v1
ENSG00000236264,RPL26P30,ribosomal_protein,0.420102,Treehouse Tumor Compendium 25.01 PolyA median TPM,treehouse_polya_25_01_median_v1
ENSG00000242807,RPL26P31,ribosomal_protein,0.0,Treehouse Tumor Compendium 25.01 PolyA median TPM,treehouse_polya_25_01_median_v1
ENSG00000225404,RPL26P34,ribosomal_protein,0.0,Treehouse Tumor Compendium 25.01 PolyA median TPM,treehouse_polya_25_01_median_v1
ENSG00000244229,RPL26P35,ribosomal_protein,0.0,Treehouse Tumor Compendium 25.01 PolyA median TPM,treehouse_polya_25_01_median_v1
ENSG00000225912,RPL26P36,ribosomal_protein,0.0,Treehouse Tumor Compendium 25.01 PolyA median TPM,treehouse_polya_25_01_median_v1
ENSG00000235175,RPL26P37,ribosomal_protein,0.0,Treehouse Tumor Compendium 25.01 PolyA median TPM,treehouse_polya_25_01_median_v1
ENSG00000229659,RPL26P6,ribosomal_protein,0.0,Treehouse Tumor Compendium 25.01 PolyA median TPM,treehouse_polya_25_01_median_v1
ENSG00000226128,RPL26P9,ribosomal_protein,0.0,Treehouse Tumor Compendium 25.01 PolyA median TPM,treehouse_polya_25_01_median_v1
ENSG00000131469,RPL27,ribosomal_protein,1876.982056,Treehouse Tumor Compendium 25.01 PolyA median TPM,treehouse_polya_25_01_median_v1
ENSG00000166441,RPL27A,ribosomal_protein,2380.583984,Treehouse Tumor Compendium 25.01 PolyA median TPM,treehouse_polya_25_01_median_v1
ENSG00000215467,RPL27AP,ribosomal_protein,0.0,Treehouse Tumor Compendium 25.01 PolyA median TPM,treehouse_polya_25_01_median_v1
ENSG00000236667,RPL27AP3,ribosomal_protein,0.0,Treehouse Tumor Compendium 25.01 PolyA median TPM,treehouse_polya_25_01_median_v1
ENSG00000233939,RPL27AP4,ribosomal_protein,0.0,Treehouse Tumor Compendium 25.01 PolyA median TPM,treehouse_polya_25_01_median_v1
ENSG00000182383,RPL27AP5,ribosomal_protein,0.0,Treehouse Tumor Compendium 25.01 PolyA median TPM,treehouse_polya_25_01_median_v1
ENSG00000229423,RPL27AP8,ribosomal_protein,0.0,Treehouse Tumor Compendium 25.01 PolyA median TPM,treehouse_polya_25_01_median_v1
ENSG00000239215,RPL27P12,ribosomal_protein,0.0,Treehouse Tumor Compendium 25.01 PolyA median TPM,treehouse_polya_25_01_median_v1
ENSG00000232403,RPL27P5,ribosomal_protein,0.0,Treehouse Tumor Compendium 25.01 PolyA median TPM,treehouse_polya_25_01_median_v1
ENSG00000234488,RPL27P6,ribosomal_protein,0.0,Treehouse Tumor Compendium 25.01 PolyA median TPM,treehouse_polya_25_01_median_v1
ENSG00000233741,RPL27P7,ribosomal_protein,0.0,Treehouse Tumor Compendium 25.01 PolyA median TPM,treehouse_polya_25_01_median_v1
ENSG00000237041,RPL27P8,ribosomal_protein,0.0,Treehouse Tumor Compendium 25.01 PolyA median TPM,treehouse_polya_25_01_median_v1
ENSG00000236722,RPL27P9,ribosomal_protein,0.0,Treehouse Tumor Compendium 25.01 PolyA median TPM,treehouse_polya_25_01_median_v1
ENSG00000108107,RPL28,ribosomal_protein,1951.813354,Treehouse Tumor Compendium 25.01 PolyA median TPM,treehouse_polya_25_01_median_v1
ENSG00000213174,RPL28P1,ribosomal_protein,0.0,Treehouse Tumor Compendium 25.01 PolyA median TPM,treehouse_polya_25_01_median_v1
ENSG00000237641,RPL28P2,ribosomal_protein,0.0,Treehouse Tumor Compendium 25.01 PolyA median TPM,treehouse_polya_25_01_median_v1
ENSG00000162244,RPL29,ribosomal_protein,1452.830078,Treehouse Tumor Compendium 25.01 PolyA median TPM,treehouse_polya_25_01_median_v1
ENSG00000236512,RPL29P1,ribosomal_protein,0.0,Treehouse Tumor Compendium 25.01 PolyA median TPM,treehouse_polya_25_01_median_v1
ENSG00000224858,RPL29P11,ribosomal_protein,1.470103,Treehouse Tumor Compendium 25.01 PolyA median TPM,treehouse_polya_25_01_median_v1
ENSG00000224993,RPL29P12,ribosomal_protein,0.180105,Treehouse Tumor Compendium 25.01 PolyA median TPM,treehouse_polya_25_01_median_v1
ENSG00000243744,RPL29P13,ribosomal_protein,0.0,Treehouse Tumor Compendium 25.01 PolyA median TPM,treehouse_polya_25_01_median_v1
ENSG00000241112,RPL29P14,ribosomal_protein,0.230106,Treehouse Tumor Compendium 25.01 PolyA median TPM,treehouse_polya_25_01_median_v1
ENSG00000213755,RPL29P15,ribosomal_protein,0.0,Treehouse Tumor Compendium 25.01 PolyA median TPM,treehouse_polya_25_01_median_v1
ENSG00000183239,RPL29P16,ribosomal_protein,0.0,Treehouse Tumor Compendium 25.01 PolyA median TPM,treehouse_polya_25_01_median_v1
ENSG00000229700,RPL29P17,ribosomal_protein,0.0,Treehouse Tumor Compendium 25.01 PolyA median TPM,treehouse_polya_25_01_median_v1
ENSG00000240271,RPL29P18,ribosomal_protein,0.0,Treehouse Tumor Compendium 25.01 PolyA median TPM,treehouse_polya_25_01_median_v1
ENSG00000224594,RPL29P19,ribosomal_protein,0.230106,Treehouse Tumor Compendium 25.01 PolyA median TPM,treehouse_polya_25_01_median_v1
ENSG00000240480,RPL29P2,ribosomal_protein,0.0,Treehouse Tumor Compendium 25.01 PolyA median TPM,treehouse_polya_25_01_median_v1
ENSG00000293140,RPL29P2,ribosomal_protein,0.0,Treehouse Tumor Compendium 25.01 PolyA median TPM,treehouse_polya_25_01_median_v1
ENSG00000225513,RPL29P20,ribosomal_protein,0.0,Treehouse Tumor Compendium 25.01 PolyA median TPM,treehouse_polya_25_01_median_v1
ENSG00000213779,RPL29P21,ribosomal_protein,0.0,Treehouse Tumor Compendium 25.01 PolyA median TPM,treehouse_polya_25_01_median_v1
ENSG00000239924,RPL29P22,ribosomal_protein,0.0,Treehouse Tumor Compendium 25.01 PolyA median TPM,treehouse_polya_25_01_median_v1
ENSG00000241950,RPL29P23,ribosomal_protein,0.0,Treehouse Tumor Compendium 25.01 PolyA median TPM,treehouse_polya_25_01_median_v1
ENSG00000241030,RPL29P24,ribosomal_protein,0.09,Treehouse Tumor Compendium 25.01 PolyA median TPM,treehouse_polya_25_01_median_v1
ENSG00000241286,RPL29P25,ribosomal_protein,0.0,Treehouse Tumor Compendium 25.01 PolyA median TPM,treehouse_polya_25_01_median_v1
ENSG00000241556,RPL29P26,ribosomal_protein,0.0,Treehouse Tumor Compendium 25.01 PolyA median TPM,treehouse_polya_25_01_median_v1
ENSG00000244712,RPL29P27,ribosomal_protein,0.0,Treehouse Tumor Compendium 25.01 PolyA median TPM,treehouse_polya_25_01_median_v1
ENSG00000232378,RPL29P28,ribosomal_protein,0.0,Treehouse Tumor Compendium 25.01 PolyA median TPM,treehouse_polya_25_01_median_v1
ENSG00000225289,RPL29P29,ribosomal_protein,0.0,Treehouse Tumor Compendium 25.01 PolyA median TPM,treehouse_polya_25_01_median_v1
ENSG00000243730,RPL29P3,ribosomal_protein,0.0,Treehouse Tumor Compendium 25.01 PolyA median TPM,treehouse_polya_25_01_median_v1
ENSG00000235420,RPL29P30,ribosomal_protein,0.0,Treehouse Tumor Compendium 25.01 PolyA median TPM,treehouse_polya_25_01_median_v1
ENSG00000237888,RPL29P31,ribosomal_protein,0.0,Treehouse Tumor Compendium 25.01 PolyA median TPM,treehouse_polya_25_01_median_v1
ENSG00000242945,RPL29P32,ribosomal_protein,0.0,Treehouse Tumor Compendium 25.01 PolyA median TPM,treehouse_polya_25_01_median_v1
ENSG00000257074,RPL29P33,ribosomal_protein,0.130096,Treehouse Tumor Compendium 25.01 PolyA median TPM,treehouse_polya_25_01_median_v1
ENSG00000239255,RPL29P34,ribosomal_protein,0.0,Treehouse Tumor Compendium 25.01 PolyA median TPM,treehouse_polya_25_01_median_v1
ENSG00000230202,RPL29P4,ribosomal_protein,0.0,Treehouse Tumor Compendium 25.01 PolyA median TPM,treehouse_polya_25_01_median_v1
ENSG00000213579,RPL29P5,ribosomal_protein,0.0,Treehouse Tumor Compendium 25.01 PolyA median TPM,treehouse_polya_25_01_median_v1
ENSG00000215381,RPL29P6,ribosomal_protein,0.0,Treehouse Tumor Compendium 25.01 PolyA median TPM,treehouse_polya_25_01_median_v1
ENSG00000213063,RPL29P7,ribosomal_protein,0.0,Treehouse Tumor Compendium 25.01 PolyA median TPM,treehouse_polya_25_01_median_v1
ENSG00000223777,RPL29P8,ribosomal_protein,0.0,Treehouse Tumor Compendium 25.01 PolyA median TPM,treehouse_polya_25_01_median_v1
ENSG00000233565,RPL29P9,ribosomal_protein,0.0,Treehouse Tumor Compendium 25.01 PolyA median TPM,treehouse_polya_25_01_median_v1
ENSG00000100316,RPL3,ribosomal_protein,2028.080566,Treehouse Tumor Compendium 25.01 PolyA median TPM,treehouse_polya_25_01_median_v1
ENSG00000156482,RPL30,ribosomal_protein,2256.075195,Treehouse Tumor Compendium 25.01 PolyA median TPM,treehouse_polya_25_01_median_v1
ENSG00000225713,RPL30P1,ribosomal_protein,0.0,Treehouse Tumor Compendium 25.01 PolyA median TPM,treehouse_polya_25_01_median_v1
ENSG00000243050,RPL30P10,ribosomal_protein,0.0,Treehouse Tumor Compendium 25.01 PolyA median TPM,treehouse_polya_25_01_median_v1
ENSG00000244573,RPL30P11,ribosomal_protein,0.0,Treehouse Tumor Compendium 25.01 PolyA median TPM,treehouse_polya_25_01_median_v1
ENSG00000240631,RPL30P12,ribosomal_protein,0.0,Treehouse Tumor Compendium 25.01 PolyA median TPM,treehouse_polya_25_01_median_v1
ENSG00000229014,RPL30P13,ribosomal_protein,0.0,Treehouse Tumor Compendium 25.01 PolyA median TPM,treehouse_polya_25_01_median_v1
ENSG00000243256,RPL30P14,ribosomal_protein,0.0,Treehouse Tumor Compendium 25.01 PolyA median TPM,treehouse_polya_25_01_median_v1
ENSG00000233357,RPL30P15,ribosomal_protein,0.0,Treehouse Tumor Compendium 25.01 PolyA median TPM,treehouse_polya_25_01_median_v1
ENSG00000230169,RPL30P16,ribosomal_protein,0.0,Treehouse Tumor Compendium 25.01 PolyA median TPM,treehouse_polya_25_01_median_v1
ENSG00000234272,RPL30P2,ribosomal_protein,0.0,Treehouse Tumor Compendium 25.01 PolyA median TPM,treehouse_polya_25_01_median_v1
ENSG00000223640,RPL30P3,ribosomal_protein,0.0,Treehouse Tumor Compendium 25.01 PolyA median TPM,treehouse_polya_25_01_median_v1
ENSG00000237676,RPL30P4,ribosomal_protein,0.0,Treehouse Tumor Compendium 25.01 PolyA median TPM,treehouse_polya_25_01_median_v1
ENSG00000239525,RPL30P5,ribosomal_protein,0.0,Treehouse Tumor Compendium 25.01 PolyA median TPM,treehouse_polya_25_01_median_v1
ENSG00000242936,RPL30P6,ribosomal_protein,0.0,Treehouse Tumor Compendium 25.01 PolyA median TPM,treehouse_polya_25_01_median_v1
ENSG00000244361,RPL30P7,ribosomal_protein,0.0,Treehouse Tumor Compendium 25.01 PolyA median TPM,treehouse_polya_25_01_median_v1
ENSG00000242709,RPL30P9,ribosomal_protein,0.0,Treehouse Tumor Compendium 25.01 PolyA median TPM,treehouse_polya_25_01_median_v1
ENSG00000071082,RPL31,ribosomal_protein,2345.207031,Treehouse Tumor Compendium 25.01 PolyA median TPM,treehouse_polya_25_01_median_v1
ENSG00000214326,RPL31P1,ribosomal_protein,0.0,Treehouse Tumor Compendium 25.01 PolyA median TPM,treehouse_polya_25_01_median_v1
ENSG00000213942,RPL31P10,ribosomal_protein,0.0,Treehouse Tumor Compendium 25.01 PolyA median TPM,treehouse_polya_25_01_median_v1
ENSG00000213075,RPL31P11,ribosomal_protein,0.0,Treehouse Tumor Compendium 25.01 PolyA median TPM,treehouse_polya_25_01_median_v1
ENSG00000293173,RPL31P11,ribosomal_protein,0.0,Treehouse Tumor Compendium 25.01 PolyA median TPM,treehouse_polya_25_01_median_v1
ENSG00000227207,RPL31P12,ribosomal_protein,0.0,Treehouse Tumor Compendium 25.01 PolyA median TPM,treehouse_polya_25_01_median_v1
ENSG00000228646,RPL31P13,ribosomal_protein,0.0,Treehouse Tumor Compendium 25.01 PolyA median TPM,treehouse_polya_25_01_median_v1
ENSG00000237930,RPL31P14,ribosomal_protein,0.0,Treehouse Tumor Compendium 25.01 PolyA median TPM,treehouse_polya_25_01_median_v1
ENSG00000232430,RPL31P15,ribosomal_protein,0.0,Treehouse Tumor Compendium 25.01 PolyA median TPM,treehouse_polya_25_01_median_v1
ENSG00000233159,RPL31P16,ribosomal_protein,0.0,Treehouse Tumor Compendium 25.01 PolyA median TPM,treehouse_polya_25_01_median_v1
ENSG00000235225,RPL31P17,ribosomal_protein,0.0,Treehouse Tumor Compendium 25.01 PolyA median TPM,treehouse_polya_25_01_median_v1
ENSG00000213849,RPL31P18,ribosomal_protein,0.0,Treehouse Tumor Compendium 25.01 PolyA median TPM,treehouse_polya_25_01_median_v1
ENSG00000227309,RPL31P19,ribosomal_protein,0.0,Treehouse Tumor Compendium 25.01 PolyA median TPM,treehouse_polya_25_01_median_v1
ENSG00000230837,RPL31P2,ribosomal_protein,0.0,Treehouse Tumor Compendium 25.01 PolyA median TPM,treehouse_polya_25_01_median_v1
ENSG00000229756,RPL31P20,ribosomal_protein,0.0,Treehouse Tumor Compendium 25.01 PolyA median TPM,treehouse_polya_25_01_median_v1
ENSG00000241400,RPL31P21,ribosomal_protein,0.0,Treehouse Tumor Compendium 25.01 PolyA median TPM,treehouse_polya_25_01_median_v1
ENSG00000227433,RPL31P22,ribosomal_protein,0.0,Treehouse Tumor Compendium 25.01 PolyA median TPM,treehouse_polya_25_01_median_v1
ENSG00000244740,RPL31P23,ribosomal_protein,0.0,Treehouse Tumor Compendium 25.01 PolyA median TPM,treehouse_polya_25_01_median_v1
ENSG00000241853,RPL31P24,ribosomal_protein,0.0,Treehouse Tumor Compendium 25.01 PolyA median TPM,treehouse_polya_25_01_median_v1
ENSG00000242768,RPL31P25,ribosomal_protein,0.0,Treehouse Tumor Compendium 25.01 PolyA median TPM,treehouse_polya_25_01_median_v1
ENSG00000241281,RPL31P26,ribosomal_protein,0.0,Treehouse Tumor Compendium 25.01 PolyA median TPM,treehouse_polya_25_01_median_v1
ENSG00000219863,RPL31P28,ribosomal_protein,0.0,Treehouse Tumor Compendium 25.01 PolyA median TPM,treehouse_polya_25_01_median_v1
ENSG00000231316,RPL31P29,ribosomal_protein,0.0,Treehouse Tumor Compendium 25.01 PolyA median TPM,treehouse_polya_25_01_median_v1
ENSG00000237929,RPL31P3,ribosomal_protein,0.0,Treehouse Tumor Compendium 25.01 PolyA median TPM,treehouse_polya_25_01_median_v1
ENSG00000230702,RPL31P30,ribosomal_protein,0.0,Treehouse Tumor Compendium 25.01 PolyA median TPM,treehouse_polya_25_01_median_v1
ENSG00000239983,RPL31P31,ribosomal_protein,0.0,Treehouse Tumor Compendium 25.01 PolyA median TPM,treehouse_polya_25_01_median_v1
ENSG00000216902,RPL31P32,ribosomal_protein,0.0,Treehouse Tumor Compendium 25.01 PolyA median TPM,treehouse_polya_25_01_median_v1
ENSG00000218049,RPL31P33,ribosomal_protein,0.0,Treehouse Tumor Compendium 25.01 PolyA median TPM,treehouse_polya_25_01_median_v1
ENSG00000231359,RPL31P34,ribosomal_protein,0.0,Treehouse Tumor Compendium 25.01 PolyA median TPM,treehouse_polya_25_01_median_v1
ENSG00000232612,RPL31P35,ribosomal_protein,0.0,Treehouse Tumor Compendium 25.01 PolyA median TPM,treehouse_polya_25_01_median_v1
ENSG00000224545,RPL31P36,ribosomal_protein,0.0,Treehouse Tumor Compendium 25.01 PolyA median TPM,treehouse_polya_25_01_median_v1
ENSG00000213302,RPL31P37,ribosomal_protein,0.0,Treehouse Tumor Compendium 25.01 PolyA median TPM,treehouse_polya_25_01_median_v1
ENSG00000179131,RPL31P38,ribosomal_protein,0.0,Treehouse Tumor Compendium 25.01 PolyA median TPM,treehouse_polya_25_01_median_v1
ENSG00000213291,RPL31P39,ribosomal_protein,0.0,Treehouse Tumor Compendium 25.01 PolyA median TPM,treehouse_polya_25_01_median_v1
ENSG00000213598,RPL31P4,ribosomal_protein,0.0,Treehouse Tumor Compendium 25.01 PolyA median TPM,treehouse_polya_25_01_median_v1
ENSG00000253964,RPL31P40,ribosomal_protein,0.0,Treehouse Tumor Compendium 25.01 PolyA median TPM,treehouse_polya_25_01_median_v1
ENSG00000239261,RPL31P41,ribosomal_protein,0.0,Treehouse Tumor Compendium 25.01 PolyA median TPM,treehouse_polya_25_01_median_v1
ENSG00000237083,RPL31P42,ribosomal_protein,0.0,Treehouse Tumor Compendium 25.01 PolyA median TPM,treehouse_polya_25_01_median_v1
ENSG00000213557,RPL31P43,ribosomal_protein,0.0,Treehouse Tumor Compendium 25.01 PolyA median TPM,treehouse_polya_25_01_median_v1
ENSG00000213657,RPL31P44,ribosomal_protein,0.0,Treehouse Tumor Compendium 25.01 PolyA median TPM,treehouse_polya_25_01_median_v1
ENSG00000233318,RPL31P45,ribosomal_protein,0.0,Treehouse Tumor Compendium 25.01 PolyA median TPM,treehouse_polya_25_01_median_v1
ENSG00000241170,RPL31P46,ribosomal_protein,0.0,Treehouse Tumor Compendium 25.01 PolyA median TPM,treehouse_polya_25_01_median_v1
ENSG00000233541,RPL31P47,ribosomal_protein,0.0,Treehouse Tumor Compendium 25.01 PolyA median TPM,treehouse_polya_25_01_median_v1
ENSG00000243164,RPL31P48,ribosomal_protein,0.0,Treehouse Tumor Compendium 25.01 PolyA median TPM,treehouse_polya_25_01_median_v1
ENSG00000241680,RPL31P49,ribosomal_protein,0.130096,Treehouse Tumor Compendium 25.01 PolyA median TPM,treehouse_polya_25_01_median_v1
ENSG00000205767,RPL31P5,ribosomal_protein,0.0,Treehouse Tumor Compendium 25.01 PolyA median TPM,treehouse_polya_25_01_median_v1
ENSG00000231788,RPL31P50,ribosomal_protein,0.0,Treehouse Tumor Compendium 25.01 PolyA median TPM,treehouse_polya_25_01_median_v1
ENSG00000213470,RPL31P51,ribosomal_protein,0.0,Treehouse Tumor Compendium 25.01 PolyA median TPM,treehouse_polya_25_01_median_v1
ENSG00000219355,RPL31P52,ribosomal_protein,0.190094,Treehouse Tumor Compendium 25.01 PolyA median TPM,treehouse_polya_25_01_median_v1
ENSG00000225352,RPL31P53,ribosomal_protein,0.0,Treehouse Tumor Compendium 25.01 PolyA median TPM,treehouse_polya_25_01_median_v1
ENSG00000229865,RPL31P54,ribosomal_protein,0.0,Treehouse Tumor Compendium 25.01 PolyA median TPM,treehouse_polya_25_01_median_v1
ENSG00000240760,RPL31P56,ribosomal_protein,0.0,Treehouse Tumor Compendium 25.01 PolyA median TPM,treehouse_polya_25_01_median_v1
ENSG00000256358,RPL31P57,ribosomal_protein,0.0,Treehouse Tumor Compendium 25.01 PolyA median TPM,treehouse_polya_25_01_median_v1
ENSG00000243053,RPL31P58,ribosomal_protein,0.0,Treehouse Tumor Compendium 25.01 PolyA median TPM,treehouse_polya_25_01_median_v1
ENSG00000240364,RPL31P59,ribosomal_protein,0.0,Treehouse Tumor Compendium 25.01 PolyA median TPM,treehouse_polya_25_01_median_v1
ENSG00000240484,RPL31P6,ribosomal_protein,0.0,Treehouse Tumor Compendium 25.01 PolyA median TPM,treehouse_polya_25_01_median_v1
ENSG00000239988,RPL31P60,ribosomal_protein,0.0,Treehouse Tumor Compendium 25.01 PolyA median TPM,treehouse_polya_25_01_median_v1
ENSG00000243297,RPL31P61,ribosomal_protein,0.0,Treehouse Tumor Compendium 25.01 PolyA median TPM,treehouse_polya_25_01_median_v1
ENSG00000235328,RPL31P62,ribosomal_protein,0.0,Treehouse Tumor Compendium 25.01 PolyA median TPM,treehouse_polya_25_01_median_v1
ENSG00000236735,RPL31P63,ribosomal_protein,0.120102,Treehouse Tumor Compendium 25.01 PolyA median TPM,treehouse_polya_25_01_median_v1
ENSG00000236425,RPL31P64,ribosomal_protein,0.0,Treehouse Tumor Compendium 25.01 PolyA median TPM,treehouse_polya_25_01_median_v1
ENSG00000232083,RPL31P7,ribosomal_protein,0.0,Treehouse Tumor Compendium 25.01 PolyA median TPM,treehouse_polya_25_01_median_v1
ENSG00000213896,RPL31P8,ribosomal_protein,0.0,Treehouse Tumor Compendium 25.01 PolyA median TPM,treehouse_polya_25_01_median_v1
ENSG00000264054,RPL31P9,ribosomal_protein,0.0,Treehouse Tumor Compendium 25.01 PolyA median TPM,treehouse_polya_25_01_median_v1
ENSG00000144713,RPL32,ribosomal_protein,1973.717529,Treehouse Tumor Compendium 25.01 PolyA median TPM,treehouse_polya_25_01_median_v1
ENSG00000224098,RPL32P1,ribosomal_protein,0.100098,Treehouse Tumor Compendium 25.01 PolyA median TPM,treehouse_polya_25_01_median_v1
ENSG00000224796,RPL32P1,ribosomal_protein,0.100098,Treehouse Tumor Compendium 25.01 PolyA median TPM,treehouse_polya_25_01_median_v1
ENSG00000226879,RPL32P1,ribosomal_protein,0.100098,Treehouse Tumor Compendium 25.01 PolyA median TPM,treehouse_polya_25_01_median_v1
ENSG00000228579,RPL32P1,ribosomal_protein,0.100098,Treehouse Tumor Compendium 25.01 PolyA median TPM,treehouse_polya_25_01_median_v1
ENSG00000231288,RPL32P1,ribosomal_protein,0.100098,Treehouse Tumor Compendium 25.01 PolyA median TPM,treehouse_polya_25_01_median_v1
ENSG00000231580,RPL32P1,ribosomal_protein,0.100098,Treehouse Tumor Compendium 25.01 PolyA median TPM,treehouse_polya_25_01_median_v1
ENSG00000233194,RPL32P1,ribosomal_protein,0.100098,Treehouse Tumor Compendium 25.01 PolyA median TPM,treehouse_polya_25_01_median_v1
ENSG00000233972,RPL32P1,ribosomal_protein,0.100098,Treehouse Tumor Compendium 25.01 PolyA median TPM,treehouse_polya_25_01_median_v1
ENSG00000213157,RPL32P10,ribosomal_protein,0.0,Treehouse Tumor Compendium 25.01 PolyA median TPM,treehouse_polya_25_01_median_v1
ENSG00000213872,RPL32P11,ribosomal_protein,0.0,Treehouse Tumor Compendium 25.01 PolyA median TPM,treehouse_polya_25_01_median_v1
ENSG00000242209,RPL32P12,ribosomal_protein,0.0,Treehouse Tumor Compendium 25.01 PolyA median TPM,treehouse_polya_25_01_median_v1
ENSG00000241002,RPL32P13,ribosomal_protein,0.0,Treehouse Tumor Compendium 25.01 PolyA median TPM,treehouse_polya_25_01_median_v1
ENSG00000242654,RPL32P14,ribosomal_protein,0.0,Treehouse Tumor Compendium 25.01 PolyA median TPM,treehouse_polya_25_01_median_v1
ENSG00000213461,RPL32P15,ribosomal_protein,0.0,Treehouse Tumor Compendium 25.01 PolyA median TPM,treehouse_polya_25_01_median_v1
ENSG00000219747,RPL32P16,ribosomal_protein,0.0,Treehouse Tumor Compendium 25.01 PolyA median TPM,treehouse_polya_25_01_median_v1
ENSG00000213210,RPL32P17,ribosomal_protein,0.0,Treehouse Tumor Compendium 25.01 PolyA median TPM,treehouse_polya_25_01_median_v1
ENSG00000146677,RPL32P18,ribosomal_protein,0.0,Treehouse Tumor Compendium 25.01 PolyA median TPM,treehouse_polya_25_01_median_v1
ENSG00000226836,RPL32P19,ribosomal_protein,0.0,Treehouse Tumor Compendium 25.01 PolyA median TPM,treehouse_polya_25_01_median_v1
ENSG00000243094,RPL32P2,ribosomal_protein,0.0,Treehouse Tumor Compendium 25.01 PolyA median TPM,treehouse_polya_25_01_median_v1
ENSG00000243537,RPL32P20,ribosomal_protein,0.0,Treehouse Tumor Compendium 25.01 PolyA median TPM,treehouse_polya_25_01_median_v1
ENSG00000125385,RPL32P21,ribosomal_protein,0.0,Treehouse Tumor Compendium 25.01 PolyA median TPM,treehouse_polya_25_01_median_v1
ENSG00000213529,RPL32P22,ribosomal_protein,0.0,Treehouse Tumor Compendium 25.01 PolyA median TPM,treehouse_polya_25_01_median_v1
ENSG00000214015,RPL32P23,ribosomal_protein,0.0,Treehouse Tumor Compendium 25.01 PolyA median TPM,treehouse_polya_25_01_median_v1
ENSG00000241020,RPL32P24,ribosomal_protein,0.0,Treehouse Tumor Compendium 25.01 PolyA median TPM,treehouse_polya_25_01_median_v1
ENSG00000242993,RPL32P25,ribosomal_protein,0.0,Treehouse Tumor Compendium 25.01 PolyA median TPM,treehouse_polya_25_01_median_v1
ENSG00000241941,RPL32P26,ribosomal_protein,0.0,Treehouse Tumor Compendium 25.01 PolyA median TPM,treehouse_polya_25_01_median_v1
ENSG00000239617,RPL32P27,ribosomal_protein,0.0,Treehouse Tumor Compendium 25.01 PolyA median TPM,treehouse_polya_25_01_median_v1
ENSG00000232105,RPL32P28,ribosomal_protein,0.0,Treehouse Tumor Compendium 25.01 PolyA median TPM,treehouse_polya_25_01_median_v1
ENSG00000244270,RPL32P29,ribosomal_protein,14.109629,Treehouse Tumor Compendium 25.01 PolyA median TPM,treehouse_polya_25_01_median_v1
ENSG00000251474,RPL32P3,ribosomal_protein,4.709991,Treehouse Tumor Compendium 25.01 PolyA median TPM,treehouse_polya_25_01_median_v1
ENSG00000241130,RPL32P30,ribosomal_protein,0.0,Treehouse Tumor Compendium 25.01 PolyA median TPM,treehouse_polya_25_01_median_v1
ENSG00000213128,RPL32P31,ribosomal_protein,0.0,Treehouse Tumor Compendium 25.01 PolyA median TPM,treehouse_polya_25_01_median_v1
ENSG00000241157,RPL32P32,ribosomal_protein,0.0,Treehouse Tumor Compendium 25.01 PolyA median TPM,treehouse_polya_25_01_median_v1
ENSG00000243514,RPL32P33,ribosomal_protein,0.0,Treehouse Tumor Compendium 25.01 PolyA median TPM,treehouse_polya_25_01_median_v1
ENSG00000239524,RPL32P34,ribosomal_protein,0.0,Treehouse Tumor Compendium 25.01 PolyA median TPM,treehouse_polya_25_01_median_v1
ENSG00000223995,RPL32P35,ribosomal_protein,0.0,Treehouse Tumor Compendium 25.01 PolyA median TPM,treehouse_polya_25_01_median_v1
ENSG00000189145,RPL32P36,ribosomal_protein,0.0,Treehouse Tumor Compendium 25.01 PolyA median TPM,treehouse_polya_25_01_median_v1
ENSG00000243761,RPL32P4,ribosomal_protein,0.0,Treehouse Tumor Compendium 25.01 PolyA median TPM,treehouse_polya_25_01_median_v1
ENSG00000236325,RPL32P5,ribosomal_protein,0.0,Treehouse Tumor Compendium 25.01 PolyA median TPM,treehouse_polya_25_01_median_v1
ENSG00000224064,RPL32P6,ribosomal_protein,0.0,Treehouse Tumor Compendium 25.01 PolyA median TPM,treehouse_polya_25_01_median_v1
ENSG00000243396,RPL32P7,ribosomal_protein,0.0,Treehouse Tumor Compendium 25.01 PolyA median TPM,treehouse_polya_25_01_median_v1
ENSG00000240246,RPL32P8,ribosomal_protein,0.0,Treehouse Tumor Compendium 25.01 PolyA median TPM,treehouse_polya_25_01_median_v1
ENSG00000241143,RPL32P9,ribosomal_protein,0.0,Treehouse Tumor Compendium 25.01 PolyA median TPM,treehouse_polya_25_01_median_v1
ENSG00000109475,RPL34,ribosomal_protein,1663.606934,Treehouse Tumor Compendium 25.01 PolyA median TPM,treehouse_polya_25_01_median_v1
ENSG00000237049,RPL34P1,ribosomal_protein,0.0,Treehouse Tumor Compendium 25.01 PolyA median TPM,treehouse_polya_25_01_median_v1
ENSG00000236489,RPL34P10,ribosomal_protein,0.0,Treehouse Tumor Compendium 25.01 PolyA median TPM,treehouse_polya_25_01_median_v1
ENSG00000230480,RPL34P11,ribosomal_protein,0.0,Treehouse Tumor Compendium 25.01 PolyA median TPM,treehouse_polya_25_01_median_v1
ENSG00000217239,RPL34P16,ribosomal_protein,0.0,Treehouse Tumor Compendium 25.01 PolyA median TPM,treehouse_polya_25_01_median_v1
ENSG00000240534,RPL34P17,ribosomal_protein,0.0,Treehouse Tumor Compendium 25.01 PolyA median TPM,treehouse_polya_25_01_median_v1
ENSG00000240509,RPL34P18,ribosomal_protein,0.59,Treehouse Tumor Compendium 25.01 PolyA median TPM,treehouse_polya_25_01_median_v1
ENSG00000230240,RPL34P19,ribosomal_protein,0.0,Treehouse Tumor Compendium 25.01 PolyA median TPM,treehouse_polya_25_01_median_v1
ENSG00000231508,RPL34P20,ribosomal_protein,0.0,Treehouse Tumor Compendium 25.01 PolyA median TPM,treehouse_polya_25_01_median_v1
ENSG00000244451,RPL34P21,ribosomal_protein,0.0,Treehouse Tumor Compendium 25.01 PolyA median TPM,treehouse_polya_25_01_median_v1
ENSG00000244267,RPL34P22,ribosomal_protein,0.0,Treehouse Tumor Compendium 25.01 PolyA median TPM,treehouse_polya_25_01_median_v1
ENSG00000243669,RPL34P23,ribosomal_protein,0.0,Treehouse Tumor Compendium 25.01 PolyA median TPM,treehouse_polya_25_01_median_v1
ENSG00000240808,RPL34P24,ribosomal_protein,0.0,Treehouse Tumor Compendium 25.01 PolyA median TPM,treehouse_polya_25_01_median_v1
ENSG00000223676,RPL34P26,ribosomal_protein,0.0,Treehouse Tumor Compendium 25.01 PolyA median TPM,treehouse_polya_25_01_median_v1
ENSG00000232858,RPL34P27,ribosomal_protein,0.0,Treehouse Tumor Compendium 25.01 PolyA median TPM,treehouse_polya_25_01_median_v1
ENSG00000244551,RPL34P29,ribosomal_protein,0.0,Treehouse Tumor Compendium 25.01 PolyA median TPM,treehouse_polya_25_01_median_v1
ENSG00000223671,RPL34P3,ribosomal_protein,0.0,Treehouse Tumor Compendium 25.01 PolyA median TPM,treehouse_polya_25_01_median_v1
ENSG00000239223,RPL34P31,ribosomal_protein,0.0,Treehouse Tumor Compendium 25.01 PolyA median TPM,treehouse_polya_25_01_median_v1
ENSG00000241282,RPL34P33,ribosomal_protein,0.0,Treehouse Tumor Compendium 25.01 PolyA median TPM,treehouse_polya_25_01_median_v1
ENSG00000236312,RPL34P34,ribosomal_protein,0.18,Treehouse Tumor Compendium 25.01 PolyA median TPM,treehouse_polya_25_01_median_v1
ENSG00000270446,RPL34P36,ribosomal_protein,0.0,Treehouse Tumor Compendium 25.01 PolyA median TPM,treehouse_polya_25_01_median_v1
ENSG00000231333,RPL34P6,ribosomal_protein,0.0,Treehouse Tumor Compendium 25.01 PolyA median TPM,treehouse_polya_25_01_median_v1
ENSG00000237583,RPL34P8,ribosomal_protein,0.0,Treehouse Tumor Compendium 25.01 PolyA median TPM,treehouse_polya_25_01_median_v1
ENSG00000244441,RPL34P9,ribosomal_protein,0.0,Treehouse Tumor Compendium 25.01 PolyA median TPM,treehouse_polya_25_01_median_v1
ENSG00000136942,RPL35,ribosomal_protein,1783.875977,Treehouse Tumor Compendium 25.01 PolyA median TPM,treehouse_polya_25_01_median_v1
ENSG00000182899,RPL35A,ribosomal_protein,1415.895142,Treehouse Tumor Compendium 25.01 PolyA median TPM,treehouse_polya_25_01_median_v1
ENSG00000234075,RPL35AP,ribosomal_protein,0.0,Treehouse Tumor Compendium 25.01 PolyA median TPM,treehouse_polya_25_01_median_v1
ENSG00000243687,RPL35AP10,ribosomal_protein,0.0,Treehouse Tumor Compendium 25.01 PolyA median TPM,treehouse_polya_25_01_median_v1
ENSG00000241103,RPL35AP11,ribosomal_protein,0.0,Treehouse Tumor Compendium 25.01 PolyA median TPM,treehouse_polya_25_01_median_v1
ENSG00000227283,RPL35AP12,ribosomal_protein,0.0,Treehouse Tumor Compendium 25.01 PolyA median TPM,treehouse_polya_25_01_median_v1
ENSG00000242602,RPL35AP13,ribosomal_protein,0.0,Treehouse Tumor Compendium 25.01 PolyA median TPM,treehouse_polya_25_01_median_v1
ENSG00000240436,RPL35AP14,ribosomal_protein,0.0,Treehouse Tumor Compendium 25.01 PolyA median TPM,treehouse_polya_25_01_median_v1
ENSG00000243758,RPL35AP15,ribosomal_protein,0.0,Treehouse Tumor Compendium 25.01 PolyA median TPM,treehouse_polya_25_01_median_v1
ENSG00000239602,RPL35AP16,ribosomal_protein,0.0,Treehouse Tumor Compendium 25.01 PolyA median TPM,treehouse_polya_25_01_median_v1
ENSG00000239317,RPL35AP17,ribosomal_protein,0.0,Treehouse Tumor Compendium 25.01 PolyA median TPM,treehouse_polya_25_01_median_v1
ENSG00000220311,RPL35AP18,ribosomal_protein,0.0,Treehouse Tumor Compendium 25.01 PolyA median TPM,treehouse_polya_25_01_median_v1
ENSG00000239872,RPL35AP19,ribosomal_protein,0.0,Treehouse Tumor Compendium 25.01 PolyA median TPM,treehouse_polya_25_01_median_v1
ENSG00000227383,RPL35AP2,ribosomal_protein,0.0,Treehouse Tumor Compendium 25.01 PolyA median TPM,treehouse_polya_25_01_median_v1
ENSG00000232946,RPL35AP20,ribosomal_protein,0.0,Treehouse Tumor Compendium 25.01 PolyA median TPM,treehouse_polya_25_01_median_v1
ENSG00000229814,RPL35AP21,ribosomal_protein,0.0,Treehouse Tumor Compendium 25.01 PolyA median TPM,treehouse_polya_25_01_median_v1
ENSG00000235133,RPL35AP22,ribosomal_protein,0.0,Treehouse Tumor Compendium 25.01 PolyA median TPM,treehouse_polya_25_01_median_v1
ENSG00000264217,RPL35AP23,ribosomal_protein,0.0,Treehouse Tumor Compendium 25.01 PolyA median TPM,treehouse_polya_25_01_median_v1
ENSG00000230166,RPL35AP24,ribosomal_protein,0.0,Treehouse Tumor Compendium 25.01 PolyA median TPM,treehouse_polya_25_01_median_v1
ENSG00000243607,RPL35AP26,ribosomal_protein,0.0,Treehouse Tumor Compendium 25.01 PolyA median TPM,treehouse_polya_25_01_median_v1
ENSG00000244743,RPL35AP27,ribosomal_protein,0.0,Treehouse Tumor Compendium 25.01 PolyA median TPM,treehouse_polya_25_01_median_v1
ENSG00000242041,RPL35AP28,ribosomal_protein,0.0,Treehouse Tumor Compendium 25.01 PolyA median TPM,treehouse_polya_25_01_median_v1
ENSG00000244540,RPL35AP29,ribosomal_protein,0.0,Treehouse Tumor Compendium 25.01 PolyA median TPM,treehouse_polya_25_01_median_v1
ENSG00000230350,RPL35AP3,ribosomal_protein,0.0,Treehouse Tumor Compendium 25.01 PolyA median TPM,treehouse_polya_25_01_median_v1
ENSG00000226729,RPL35AP30,ribosomal_protein,0.0,Treehouse Tumor Compendium 25.01 PolyA median TPM,treehouse_polya_25_01_median_v1
ENSG00000233460,RPL35AP31,ribosomal_protein,0.0,Treehouse Tumor Compendium 25.01 PolyA median TPM,treehouse_polya_25_01_median_v1
ENSG00000243404,RPL35AP32,ribosomal_protein,0.0,Treehouse Tumor Compendium 25.01 PolyA median TPM,treehouse_polya_25_01_median_v1
ENSG00000241334,RPL35AP33,ribosomal_protein,0.0,Treehouse Tumor Compendium 25.01 PolyA median TPM,treehouse_polya_25_01_median_v1
ENSG00000241932,RPL35AP34,ribosomal_protein,0.0,Treehouse Tumor Compendium 25.01 PolyA median TPM,treehouse_polya_25_01_median_v1
ENSG00000239256,RPL35AP35,ribosomal_protein,0.0,Treehouse Tumor Compendium 25.01 PolyA median TPM,treehouse_polya_25_01_median_v1
ENSG00000224856,RPL35AP36,ribosomal_protein,0.0,Treehouse Tumor Compendium 25.01 PolyA median TPM,treehouse_polya_25_01_median_v1
ENSG00000236929,RPL35AP37,ribosomal_protein,0.0,Treehouse Tumor Compendium 25.01 PolyA median TPM,treehouse_polya_25_01_median_v1
ENSG00000225644,RPL35AP4,ribosomal_protein,0.0,Treehouse Tumor Compendium 25.01 PolyA median TPM,treehouse_polya_25_01_median_v1
ENSG00000226538,RPL35AP4,ribosomal_protein,0.0,Treehouse Tumor Compendium 25.01 PolyA median TPM,treehouse_polya_25_01_median_v1
ENSG00000227168,RPL35AP4,ribosomal_protein,0.0,Treehouse Tumor Compendium 25.01 PolyA median TPM,treehouse_polya_25_01_median_v1
ENSG00000231602,RPL35AP4,ribosomal_protein,0.0,Treehouse Tumor Compendium 25.01 PolyA median TPM,treehouse_polya_25_01_median_v1
ENSG00000223505,RPL35AP5,ribosomal_protein,0.0,Treehouse Tumor Compendium 25.01 PolyA median TPM,treehouse_polya_25_01_median_v1
ENSG00000228879,RPL35AP6,ribosomal_protein,0.0,Treehouse Tumor Compendium 25.01 PolyA median TPM,treehouse_polya_25_01_median_v1
ENSG00000225487,RPL35AP7,ribosomal_protein,0.0,Treehouse Tumor Compendium 25.01 PolyA median TPM,treehouse_polya_25_01_median_v1
ENSG00000235787,RPL35AP8,ribosomal_protein,0.0,Treehouse Tumor Compendium 25.01 PolyA median TPM,treehouse_polya_25_01_median_v1
ENSG00000243675,RPL35AP9,ribosomal_protein,0.0,Treehouse Tumor Compendium 25.01 PolyA median TPM,treehouse_polya_25_01_median_v1
ENSG00000237991,RPL35P1,ribosomal_protein,1.83006,Treehouse Tumor Compendium 25.01 PolyA median TPM,treehouse_polya_25_01_median_v1
ENSG00000220583,RPL35P2,ribosomal_protein,0.66009,Treehouse Tumor Compendium 25.01 PolyA median TPM,treehouse_polya_25_01_median_v1
ENSG00000219902,RPL35P3,ribosomal_protein,0.0,Treehouse Tumor Compendium 25.01 PolyA median TPM,treehouse_polya_25_01_median_v1
ENSG00000213783,RPL35P4,ribosomal_protein,0.0,Treehouse Tumor Compendium 25.01 PolyA median TPM,treehouse_polya_25_01_median_v1
ENSG00000225573,RPL35P5,ribosomal_protein,6.759928,Treehouse Tumor Compendium 25.01 PolyA median TPM,treehouse_polya_25_01_median_v1
ENSG00000244018,RPL35P6,ribosomal_protein,0.0,Treehouse Tumor Compendium 25.01 PolyA median TPM,treehouse_polya_25_01_median_v1
ENSG00000226142,RPL35P8,ribosomal_protein,0.0,Treehouse Tumor Compendium 25.01 PolyA median TPM,treehouse_polya_25_01_median_v1
ENSG00000174418,RPL35P9,ribosomal_protein,0.0,Treehouse Tumor Compendium 25.01 PolyA median TPM,treehouse_polya_25_01_median_v1
ENSG00000130255,RPL36,ribosomal_protein,1097.87561,Treehouse Tumor Compendium 25.01 PolyA median TPM,treehouse_polya_25_01_median_v1
ENSG00000241343,RPL36A,ribosomal_protein,1579.769653,Treehouse Tumor Compendium 25.01 PolyA median TPM,treehouse_polya_25_01_median_v1
ENSG00000242995,RPL36AP1,ribosomal_protein,0.0,Treehouse Tumor Compendium 25.01 PolyA median TPM,treehouse_polya_25_01_median_v1
ENSG00000237959,RPL36AP10,ribosomal_protein,0.0,Treehouse Tumor Compendium 25.01 PolyA median TPM,treehouse_polya_25_01_median_v1
ENSG00000237003,RPL36AP11,ribosomal_protein,0.0,Treehouse Tumor Compendium 25.01 PolyA median TPM,treehouse_polya_25_01_median_v1
ENSG00000224685,RPL36AP12,ribosomal_protein,0.0,Treehouse Tumor Compendium 25.01 PolyA median TPM,treehouse_polya_25_01_median_v1
ENSG00000233747,RPL36AP13,ribosomal_protein,0.0,Treehouse Tumor Compendium 25.01 PolyA median TPM,treehouse_polya_25_01_median_v1
ENSG00000233335,RPL36AP14,ribosomal_protein,0.0,Treehouse Tumor Compendium 25.01 PolyA median TPM,treehouse_polya_25_01_median_v1
ENSG00000235369,RPL36AP15,ribosomal_protein,0.0,Treehouse Tumor Compendium 25.01 PolyA median TPM,treehouse_polya_25_01_median_v1
ENSG00000232228,RPL36AP16,ribosomal_protein,0.0,Treehouse Tumor Compendium 25.01 PolyA median TPM,treehouse_polya_25_01_median_v1
ENSG00000226489,RPL36AP17,ribosomal_protein,0.0,Treehouse Tumor Compendium 25.01 PolyA median TPM,treehouse_polya_25_01_median_v1
ENSG00000240426,RPL36AP18,ribosomal_protein,0.0,Treehouse Tumor Compendium 25.01 PolyA median TPM,treehouse_polya_25_01_median_v1
ENSG00000243280,RPL36AP19,ribosomal_protein,0.0,Treehouse Tumor Compendium 25.01 PolyA median TPM,treehouse_polya_25_01_median_v1
ENSG00000214759,RPL36AP2,ribosomal_protein,0.0,Treehouse Tumor Compendium 25.01 PolyA median TPM,treehouse_polya_25_01_median_v1
ENSG00000242080,RPL36AP20,ribosomal_protein,0.0,Treehouse Tumor Compendium 25.01 PolyA median TPM,treehouse_polya_25_01_median_v1
ENSG00000240785,RPL36AP21,ribosomal_protein,0.0,Treehouse Tumor Compendium 25.01 PolyA median TPM,treehouse_polya_25_01_median_v1
ENSG00000241722,RPL36AP23,ribosomal_protein,0.0,Treehouse Tumor Compendium 25.01 PolyA median TPM,treehouse_polya_25_01_median_v1
ENSG00000238055,RPL36AP24,ribosomal_protein,0.0,Treehouse Tumor Compendium 25.01 PolyA median TPM,treehouse_polya_25_01_median_v1
ENSG00000225832,RPL36AP25,ribosomal_protein,0.0,Treehouse Tumor Compendium 25.01 PolyA median TPM,treehouse_polya_25_01_median_v1
ENSG00000235828,RPL36AP26,ribosomal_protein,0.0,Treehouse Tumor Compendium 25.01 PolyA median TPM,treehouse_polya_25_01_median_v1
ENSG00000225443,RPL36AP27,ribosomal_protein,0.0,Treehouse Tumor Compendium 25.01 PolyA median TPM,treehouse_polya_25_01_median_v1
ENSG00000225416,RPL36AP28,ribosomal_protein,0.0,Treehouse Tumor Compendium 25.01 PolyA median TPM,treehouse_polya_25_01_median_v1
ENSG00000224683,RPL36AP29,ribosomal_protein,0.0,Treehouse Tumor Compendium 25.01 PolyA median TPM,treehouse_polya_25_01_median_v1
ENSG00000224629,RPL36AP30,ribosomal_protein,0.0,Treehouse Tumor Compendium 25.01 PolyA median TPM,treehouse_polya_25_01_median_v1
ENSG00000227753,RPL36AP31,ribosomal_protein,0.0,Treehouse Tumor Compendium 25.01 PolyA median TPM,treehouse_polya_25_01_median_v1
ENSG00000242958,RPL36AP32,ribosomal_protein,0.0,Treehouse Tumor Compendium 25.01 PolyA median TPM,treehouse_polya_25_01_median_v1
ENSG00000235619,RPL36AP33,ribosomal_protein,0.0,Treehouse Tumor Compendium 25.01 PolyA median TPM,treehouse_polya_25_01_median_v1
ENSG00000232867,RPL36AP34,ribosomal_protein,0.0,Treehouse Tumor Compendium 25.01 PolyA median TPM,treehouse_polya_25_01_median_v1
ENSG00000231810,RPL36AP35,ribosomal_protein,0.0,Treehouse Tumor Compendium 25.01 PolyA median TPM,treehouse_polya_25_01_median_v1
ENSG00000237540,RPL36AP36,ribosomal_protein,0.0,Treehouse Tumor Compendium 25.01 PolyA median TPM,treehouse_polya_25_01_median_v1
ENSG00000244398,RPL36AP37,ribosomal_protein,0.0,Treehouse Tumor Compendium 25.01 PolyA median TPM,treehouse_polya_25_01_median_v1
ENSG00000241097,RPL36AP38,ribosomal_protein,0.0,Treehouse Tumor Compendium 25.01 PolyA median TPM,treehouse_polya_25_01_median_v1
ENSG00000230980,RPL36AP39,ribosomal_protein,0.0,Treehouse Tumor Compendium 25.01 PolyA median TPM,treehouse_polya_25_01_median_v1
ENSG00000241499,RPL36AP4,ribosomal_protein,0.0,Treehouse Tumor Compendium 25.01 PolyA median TPM,treehouse_polya_25_01_median_v1
ENSG00000240298,RPL36AP40,ribosomal_protein,0.0,Treehouse Tumor Compendium 25.01 PolyA median TPM,treehouse_polya_25_01_median_v1
ENSG00000242087,RPL36AP41,ribosomal_protein,0.0,Treehouse Tumor Compendium 25.01 PolyA median TPM,treehouse_polya_25_01_median_v1
ENSG00000241362,RPL36AP43,ribosomal_protein,0.330099,Treehouse Tumor Compendium 25.01 PolyA median TPM,treehouse_polya_25_01_median_v1
ENSG00000240163,RPL36AP44,ribosomal_protein,0.0,Treehouse Tumor Compendium 25.01 PolyA median TPM,treehouse_polya_25_01_median_v1
ENSG00000240366,RPL36AP45,ribosomal_protein,0.0,Treehouse Tumor Compendium 25.01 PolyA median TPM,treehouse_polya_25_01_median_v1
ENSG00000224011,RPL36AP46,ribosomal_protein,0.0,Treehouse Tumor Compendium 25.01 PolyA median TPM,treehouse_polya_25_01_median_v1
ENSG00000242123,RPL36AP47,ribosomal_protein,0.0,Treehouse Tumor Compendium 25.01 PolyA median TPM,treehouse_polya_25_01_median_v1
ENSG00000213180,RPL36AP48,ribosomal_protein,0.0,Treehouse Tumor Compendium 25.01 PolyA median TPM,treehouse_polya_25_01_median_v1
ENSG00000243779,RPL36AP49,ribosomal_protein,0.0,Treehouse Tumor Compendium 25.01 PolyA median TPM,treehouse_polya_25_01_median_v1
ENSG00000237107,RPL36AP5,ribosomal_protein,0.0,Treehouse Tumor Compendium 25.01 PolyA median TPM,treehouse_polya_25_01_median_v1
ENSG00000243494,RPL36AP50,ribosomal_protein,0.0,Treehouse Tumor Compendium 25.01 PolyA median TPM,treehouse_polya_25_01_median_v1
ENSG00000242291,RPL36AP51,ribosomal_protein,0.0,Treehouse Tumor Compendium 25.01 PolyA median TPM,treehouse_polya_25_01_median_v1
ENSG00000214925,RPL36AP52,ribosomal_protein,0.0,Treehouse Tumor Compendium 25.01 PolyA median TPM,treehouse_polya_25_01_median_v1
ENSG00000224664,RPL36AP53,ribosomal_protein,0.0,Treehouse Tumor Compendium 25.01 PolyA median TPM,treehouse_polya_25_01_median_v1
ENSG00000226107,RPL36AP54,ribosomal_protein,0.0,Treehouse Tumor Compendium 25.01 PolyA median TPM,treehouse_polya_25_01_median_v1
ENSG00000226016,RPL36AP55,ribosomal_protein,0.0,Treehouse Tumor Compendium 25.01 PolyA median TPM,treehouse_polya_25_01_median_v1
ENSG00000231293,RPL36AP6,ribosomal_protein,0.0,Treehouse Tumor Compendium 25.01 PolyA median TPM,treehouse_polya_25_01_median_v1
ENSG00000228007,RPL36AP7,ribosomal_protein,0.0,Treehouse Tumor Compendium 25.01 PolyA median TPM,treehouse_polya_25_01_median_v1
ENSG00000231409,RPL36AP8,ribosomal_protein,0.0,Treehouse Tumor Compendium 25.01 PolyA median TPM,treehouse_polya_25_01_median_v1
ENSG00000213987,RPL36AP9,ribosomal_protein,0.0,Treehouse Tumor Compendium 25.01 PolyA median TPM,treehouse_polya_25_01_median_v1
ENSG00000230636,RPL36P1,ribosomal_protein,0.0,Treehouse Tumor Compendium 25.01 PolyA median TPM,treehouse_polya_25_01_median_v1
ENSG00000226541,RPL36P10,ribosomal_protein,0.0,Treehouse Tumor Compendium 25.01 PolyA median TPM,treehouse_polya_25_01_median_v1
ENSG00000240518,RPL36P11,ribosomal_protein,0.0,Treehouse Tumor Compendium 25.01 PolyA median TPM,treehouse_polya_25_01_median_v1
ENSG00000213361,RPL36P12,ribosomal_protein,0.0,Treehouse Tumor Compendium 25.01 PolyA median TPM,treehouse_polya_25_01_median_v1
ENSG00000236580,RPL36P13,ribosomal_protein,0.0,Treehouse Tumor Compendium 25.01 PolyA median TPM,treehouse_polya_25_01_median_v1
ENSG00000169253,RPL36P14,ribosomal_protein,0.0,Treehouse Tumor Compendium 25.01 PolyA median TPM,treehouse_polya_25_01_median_v1
ENSG00000240100,RPL36P15,ribosomal_protein,0.0,Treehouse Tumor Compendium 25.01 PolyA median TPM,treehouse_polya_25_01_median_v1
ENSG00000224476,RPL36P16,ribosomal_protein,0.0,Treehouse Tumor Compendium 25.01 PolyA median TPM,treehouse_polya_25_01_median_v1
ENSG00000226573,RPL36P17,ribosomal_protein,0.0,Treehouse Tumor Compendium 25.01 PolyA median TPM,treehouse_polya_25_01_median_v1
ENSG00000235656,RPL36P18,ribosomal_protein,0.0,Treehouse Tumor Compendium 25.01 PolyA median TPM,treehouse_polya_25_01_median_v1
ENSG00000232540,RPL36P19,ribosomal_protein,0.0,Treehouse Tumor Compendium 25.01 PolyA median TPM,treehouse_polya_25_01_median_v1
ENSG00000231302,RPL36P2,ribosomal_protein,0.0,Treehouse Tumor Compendium 25.01 PolyA median TPM,treehouse_polya_25_01_median_v1
ENSG00000234270,RPL36P20,ribosomal_protein,0.0,Treehouse Tumor Compendium 25.01 PolyA median TPM,treehouse_polya_25_01_median_v1
ENSG00000176043,RPL36P3,ribosomal_protein,0.0,Treehouse Tumor Compendium 25.01 PolyA median TPM,treehouse_polya_25_01_median_v1
ENSG00000224497,RPL36P4,ribosomal_protein,0.0,Treehouse Tumor Compendium 25.01 PolyA median TPM,treehouse_polya_25_01_median_v1
ENSG00000215905,RPL36P5,ribosomal_protein,0.0,Treehouse Tumor Compendium 25.01 PolyA median TPM,treehouse_polya_25_01_median_v1
ENSG00000224348,RPL36P6,ribosomal_protein,0.0,Treehouse Tumor Compendium 25.01 PolyA median TPM,treehouse_polya_25_01_median_v1
ENSG00000213519,RPL36P7,ribosomal_protein,0.0,Treehouse Tumor Compendium 25.01 PolyA median TPM,treehouse_polya_25_01_median_v1
ENSG00000225846,RPL36P8,ribosomal_protein,0.0,Treehouse Tumor Compendium 25.01 PolyA median TPM,treehouse_polya_25_01_median_v1
ENSG00000218749,RPL36P9,ribosomal_protein,0.0,Treehouse Tumor Compendium 25.01 PolyA median TPM,treehouse_polya_25_01_median_v1
ENSG00000145592,RPL37,ribosomal_protein,2066.549561,Treehouse Tumor Compendium 25.01 PolyA median TPM,treehouse_polya_25_01_median_v1
ENSG00000197756,RPL37A,ribosomal_protein,3216.998535,Treehouse Tumor Compendium 25.01 PolyA median TPM,treehouse_polya_25_01_median_v1
ENSG00000226243,RPL37AP1,ribosomal_protein,0.01,Treehouse Tumor Compendium 25.01 PolyA median TPM,treehouse_polya_25_01_median_v1
ENSG00000176343,RPL37AP8,ribosomal_protein,0.0,Treehouse Tumor Compendium 25.01 PolyA median TPM,treehouse_polya_25_01_median_v1
ENSG00000227401,RPL37P1,ribosomal_protein,0.0,Treehouse Tumor Compendium 25.01 PolyA median TPM,treehouse_polya_25_01_median_v1
ENSG00000224627,RPL37P10,ribosomal_protein,0.0,Treehouse Tumor Compendium 25.01 PolyA median TPM,treehouse_polya_25_01_median_v1
ENSG00000225024,RPL37P11,ribosomal_protein,0.0,Treehouse Tumor Compendium 25.01 PolyA median TPM,treehouse_polya_25_01_median_v1
ENSG00000237916,RPL37P12,ribosomal_protein,0.0,Treehouse Tumor Compendium 25.01 PolyA median TPM,treehouse_polya_25_01_median_v1
ENSG00000233702,RPL37P13,ribosomal_protein,0.0,Treehouse Tumor Compendium 25.01 PolyA median TPM,treehouse_polya_25_01_median_v1
ENSG00000216365,RPL37P15,ribosomal_protein,0.0,Treehouse Tumor Compendium 25.01 PolyA median TPM,treehouse_polya_25_01_median_v1
ENSG00000229235,RPL37P18,ribosomal_protein,0.0,Treehouse Tumor Compendium 25.01 PolyA median TPM,treehouse_polya_25_01_median_v1
ENSG00000239559,RPL37P2,ribosomal_protein,0.670107,Treehouse Tumor Compendium 25.01 PolyA median TPM,treehouse_polya_25_01_median_v1
ENSG00000236433,RPL37P21,ribosomal_protein,0.0,Treehouse Tumor Compendium 25.01 PolyA median TPM,treehouse_polya_25_01_median_v1
ENSG00000243680,RPL37P23,ribosomal_protein,0.180105,Treehouse Tumor Compendium 25.01 PolyA median TPM,treehouse_polya_25_01_median_v1
ENSG00000224949,RPL37P24,ribosomal_protein,0.0,Treehouse Tumor Compendium 25.01 PolyA median TPM,treehouse_polya_25_01_median_v1
ENSG00000251597,RPL37P25,ribosomal_protein,0.0,Treehouse Tumor Compendium 25.01 PolyA median TPM,treehouse_polya_25_01_median_v1
ENSG00000215369,RPL37P3,ribosomal_protein,0.0,Treehouse Tumor Compendium 25.01 PolyA median TPM,treehouse_polya_25_01_median_v1
ENSG00000230198,RPL37P4,ribosomal_protein,0.0,Treehouse Tumor Compendium 25.01 PolyA median TPM,treehouse_polya_25_01_median_v1
ENSG00000241431,RPL37P6,ribosomal_protein,1.470103,Treehouse Tumor Compendium 25.01 PolyA median TPM,treehouse_polya_25_01_median_v1
ENSG00000172809,RPL38,ribosomal_protein,1712.987915,Treehouse Tumor Compendium 25.01 PolyA median TPM,treehouse_polya_25_01_median_v1
ENSG00000241993,RPL38P1,ribosomal_protein,0.0,Treehouse Tumor Compendium 25.01 PolyA median TPM,treehouse_polya_25_01_median_v1
ENSG00000237077,RPL38P2,ribosomal_protein,0.0,Treehouse Tumor Compendium 25.01 PolyA median TPM,treehouse_polya_25_01_median_v1
ENSG00000244422,RPL38P3,ribosomal_protein,0.0,Treehouse Tumor Compendium 25.01 PolyA median TPM,treehouse_polya_25_01_median_v1
ENSG00000250562,RPL38P4,ribosomal_protein,0.0,Treehouse Tumor Compendium 25.01 PolyA median TPM,treehouse_polya_25_01_median_v1
ENSG00000235579,RPL38P5,ribosomal_protein,0.0,Treehouse Tumor Compendium 25.01 PolyA median TPM,treehouse_polya_25_01_median_v1
ENSG00000224291,RPL38P6,ribosomal_protein,0.0,Treehouse Tumor Compendium 25.01 PolyA median TPM,treehouse_polya_25_01_median_v1
ENSG00000198918,RPL39,ribosomal_protein,2868.139648,Treehouse Tumor Compendium 25.01 PolyA median TPM,treehouse_polya_25_01_median_v1
ENSG00000163923,RPL39L,ribosomal_protein,11.209764,Treehouse Tumor Compendium 25.01 PolyA median TPM,treehouse_polya_25_01_median_v1
ENSG00000228601,RPL39P,ribosomal_protein,0.0,Treehouse Tumor Compendium 25.01 PolyA median TPM,treehouse_polya_25_01_median_v1
ENSG00000224463,RPL39P14,ribosomal_protein,0.0,Treehouse Tumor Compendium 25.01 PolyA median TPM,treehouse_polya_25_01_median_v1
ENSG00000231414,RPL39P15,ribosomal_protein,0.0,Treehouse Tumor Compendium 25.01 PolyA median TPM,treehouse_polya_25_01_median_v1
ENSG00000227470,RPL39P16,ribosomal_protein,0.0,Treehouse Tumor Compendium 25.01 PolyA median TPM,treehouse_polya_25_01_median_v1
ENSG00000231362,RPL39P17,ribosomal_protein,0.0,Treehouse Tumor Compendium 25.01 PolyA median TPM,treehouse_polya_25_01_median_v1
ENSG00000229468,RPL39P18,ribosomal_protein,0.0,Treehouse Tumor Compendium 25.01 PolyA median TPM,treehouse_polya_25_01_median_v1
ENSG00000227271,RPL39P25,ribosomal_protein,0.0,Treehouse Tumor Compendium 25.01 PolyA median TPM,treehouse_polya_25_01_median_v1
ENSG00000240454,RPL39P26,ribosomal_protein,0.0,Treehouse Tumor Compendium 25.01 PolyA median TPM,treehouse_polya_25_01_median_v1
ENSG00000244432,RPL39P28,ribosomal_protein,0.0,Treehouse Tumor Compendium 25.01 PolyA median TPM,treehouse_polya_25_01_median_v1
ENSG00000236860,RPL39P29,ribosomal_protein,0.0,Treehouse Tumor Compendium 25.01 PolyA median TPM,treehouse_polya_25_01_median_v1
ENSG00000235174,RPL39P3,ribosomal_protein,495.859985,Treehouse Tumor Compendium 25.01 PolyA median TPM,treehouse_polya_25_01_median_v1
ENSG00000242176,RPL39P31,ribosomal_protein,0.0,Treehouse Tumor Compendium 25.01 PolyA median TPM,treehouse_polya_25_01_median_v1
ENSG00000243058,RPL39P33,ribosomal_protein,0.0,Treehouse Tumor Compendium 25.01 PolyA median TPM,treehouse_polya_25_01_median_v1
ENSG00000242255,RPL39P34,ribosomal_protein,2.490057,Treehouse Tumor Compendium 25.01 PolyA median TPM,treehouse_polya_25_01_median_v1
ENSG00000239912,RPL39P36,ribosomal_protein,0.0,Treehouse Tumor Compendium 25.01 PolyA median TPM,treehouse_polya_25_01_median_v1
ENSG00000241464,RPL39P38,ribosomal_protein,0.0,Treehouse Tumor Compendium 25.01 PolyA median TPM,treehouse_polya_25_01_median_v1
ENSG00000231005,RPL39P39,ribosomal_protein,0.0,Treehouse Tumor Compendium 25.01 PolyA median TPM,treehouse_polya_25_01_median_v1
ENSG00000226580,RPL39P40,ribosomal_protein,0.0,Treehouse Tumor Compendium 25.01 PolyA median TPM,treehouse_polya_25_01_median_v1
ENSG00000214289,RPL39P5,ribosomal_protein,0.0,Treehouse Tumor Compendium 25.01 PolyA median TPM,treehouse_polya_25_01_median_v1
ENSG00000238173,RPL39P6,ribosomal_protein,0.0,Treehouse Tumor Compendium 25.01 PolyA median TPM,treehouse_polya_25_01_median_v1
ENSG00000140986,RPL3L,ribosomal_protein,0.070102,Treehouse Tumor Compendium 25.01 PolyA median TPM,treehouse_polya_25_01_median_v1
ENSG00000228149,RPL3P1,ribosomal_protein,0.01,Treehouse Tumor Compendium 25.01 PolyA median TPM,treehouse_polya_25_01_median_v1
ENSG00000243095,RPL3P10,ribosomal_protein,0.0,Treehouse Tumor Compendium 25.01 PolyA median TPM,treehouse_polya_25_01_median_v1
ENSG00000282698,RPL3P10,ribosomal_protein,0.0,Treehouse Tumor Compendium 25.01 PolyA median TPM,treehouse_polya_25_01_median_v1
ENSG00000223568,RPL3P11,ribosomal_protein,0.0,Treehouse Tumor Compendium 25.01 PolyA median TPM,treehouse_polya_25_01_median_v1
ENSG00000232496,RPL3P12,ribosomal_protein,0.0,Treehouse Tumor Compendium 25.01 PolyA median TPM,treehouse_polya_25_01_median_v1
ENSG00000258013,RPL3P13,ribosomal_protein,0.0,Treehouse Tumor Compendium 25.01 PolyA median TPM,treehouse_polya_25_01_median_v1
ENSG00000223927,RPL3P2,ribosomal_protein,0.290102,Treehouse Tumor Compendium 25.01 PolyA median TPM,treehouse_polya_25_01_median_v1
ENSG00000227656,RPL3P2,ribosomal_protein,0.290102,Treehouse Tumor Compendium 25.01 PolyA median TPM,treehouse_polya_25_01_median_v1
ENSG00000227672,RPL3P2,ribosomal_protein,0.290102,Treehouse Tumor Compendium 25.01 PolyA median TPM,treehouse_polya_25_01_median_v1
ENSG00000227939,RPL3P2,ribosomal_protein,0.290102,Treehouse Tumor Compendium 25.01 PolyA median TPM,treehouse_polya_25_01_median_v1
ENSG00000228461,RPL3P2,ribosomal_protein,0.290102,Treehouse Tumor Compendium 25.01 PolyA median TPM,treehouse_polya_25_01_median_v1
ENSG00000229430,RPL3P2,ribosomal_protein,0.290102,Treehouse Tumor Compendium 25.01 PolyA median TPM,treehouse_polya_25_01_median_v1
ENSG00000237448,RPL3P2,ribosomal_protein,0.290102,Treehouse Tumor Compendium 25.01 PolyA median TPM,treehouse_polya_25_01_median_v1
ENSG00000243388,RPL3P3,ribosomal_protein,0.0,Treehouse Tumor Compendium 25.01 PolyA median TPM,treehouse_polya_25_01_median_v1
ENSG00000232573,RPL3P4,ribosomal_protein,45.21944,Treehouse Tumor Compendium 25.01 PolyA median TPM,treehouse_polya_25_01_median_v1
ENSG00000231546,RPL3P5,ribosomal_protein,0.0,Treehouse Tumor Compendium 25.01 PolyA median TPM,treehouse_polya_25_01_median_v1
ENSG00000213891,RPL3P6,ribosomal_protein,0.0201,Treehouse Tumor Compendium 25.01 PolyA median TPM,treehouse_polya_25_01_median_v1
ENSG00000225093,RPL3P7,ribosomal_protein,0.150098,Treehouse Tumor Compendium 25.01 PolyA median TPM,treehouse_polya_25_01_median_v1
ENSG00000232199,RPL3P8,ribosomal_protein,0.0,Treehouse Tumor Compendium 25.01 PolyA median TPM,treehouse_polya_25_01_median_v1
ENSG00000240540,RPL3P9,ribosomal_protein,0.0,Treehouse Tumor Compendium 25.01 PolyA median TPM,treehouse_polya_25_01_median_v1
ENSG00000174444,RPL4,ribosomal_protein,2089.583252,Treehouse Tumor Compendium 25.01 PolyA median TPM,treehouse_polya_25_01_median_v1
ENSG00000229117,RPL41,ribosomal_protein,5806.621582,Treehouse Tumor Compendium 25.01 PolyA median TPM,treehouse_polya_25_01_median_v1
ENSG00000227063,RPL41P1,ribosomal_protein,0.0,Treehouse Tumor Compendium 25.01 PolyA median TPM,treehouse_polya_25_01_median_v1
ENSG00000256338,RPL41P2,ribosomal_protein,50.519699,Treehouse Tumor Compendium 25.01 PolyA median TPM,treehouse_polya_25_01_median_v1
ENSG00000282105,RPL41P2,ribosomal_protein,50.519699,Treehouse Tumor Compendium 25.01 PolyA median TPM,treehouse_polya_25_01_median_v1
ENSG00000256393,RPL41P5,ribosomal_protein,0.0,Treehouse Tumor Compendium 25.01 PolyA median TPM,treehouse_polya_25_01_median_v1
ENSG00000240954,RPL4P1,ribosomal_protein,0.0201,Treehouse Tumor Compendium 25.01 PolyA median TPM,treehouse_polya_25_01_median_v1
ENSG00000232341,RPL4P2,ribosomal_protein,0.0,Treehouse Tumor Compendium 25.01 PolyA median TPM,treehouse_polya_25_01_median_v1
ENSG00000230364,RPL4P3,ribosomal_protein,0.0201,Treehouse Tumor Compendium 25.01 PolyA median TPM,treehouse_polya_25_01_median_v1
ENSG00000229638,RPL4P4,ribosomal_protein,5.250128,Treehouse Tumor Compendium 25.01 PolyA median TPM,treehouse_polya_25_01_median_v1
ENSG00000230207,RPL4P5,ribosomal_protein,0.69012,Treehouse Tumor Compendium 25.01 PolyA median TPM,treehouse_polya_25_01_median_v1
ENSG00000263127,RPL4P5,ribosomal_protein,0.69012,Treehouse Tumor Compendium 25.01 PolyA median TPM,treehouse_polya_25_01_median_v1
ENSG00000230071,RPL4P6,ribosomal_protein,0.25,Treehouse Tumor Compendium 25.01 PolyA median TPM,treehouse_polya_25_01_median_v1
ENSG00000224442,RPL4P7,ribosomal_protein,0.0,Treehouse Tumor Compendium 25.01 PolyA median TPM,treehouse_polya_25_01_median_v1
ENSG00000122406,RPL5,ribosomal_protein,1117.453613,Treehouse Tumor Compendium 25.01 PolyA median TPM,treehouse_polya_25_01_median_v1
ENSG00000241061,RPL5P1,ribosomal_protein,0.230106,Treehouse Tumor Compendium 25.01 PolyA median TPM,treehouse_polya_25_01_median_v1
ENSG00000234067,RPL5P10,ribosomal_protein,0.0,Treehouse Tumor Compendium 25.01 PolyA median TPM,treehouse_polya_25_01_median_v1
ENSG00000242882,RPL5P11,ribosomal_protein,0.0,Treehouse Tumor Compendium 25.01 PolyA median TPM,treehouse_polya_25_01_median_v1
ENSG00000242697,RPL5P12,ribosomal_protein,0.090099,Treehouse Tumor Compendium 25.01 PolyA median TPM,treehouse_polya_25_01_median_v1
ENSG00000242134,RPL5P13,ribosomal_protein,0.0,Treehouse Tumor Compendium 25.01 PolyA median TPM,treehouse_polya_25_01_median_v1
ENSG00000243914,RPL5P14,ribosomal_protein,0.0,Treehouse Tumor Compendium 25.01 PolyA median TPM,treehouse_polya_25_01_median_v1
ENSG00000240412,RPL5P15,ribosomal_protein,0.0,Treehouse Tumor Compendium 25.01 PolyA median TPM,treehouse_polya_25_01_median_v1
ENSG00000240411,RPL5P16,ribosomal_protein,0.0,Treehouse Tumor Compendium 25.01 PolyA median TPM,treehouse_polya_25_01_median_v1
ENSG00000243859,RPL5P17,ribosomal_protein,0.0301,Treehouse Tumor Compendium 25.01 PolyA median TPM,treehouse_polya_25_01_median_v1
ENSG00000220744,RPL5P18,ribosomal_protein,0.0301,Treehouse Tumor Compendium 25.01 PolyA median TPM,treehouse_polya_25_01_median_v1
ENSG00000220553,RPL5P19,ribosomal_protein,0.0,Treehouse Tumor Compendium 25.01 PolyA median TPM,treehouse_polya_25_01_median_v1
ENSG00000237068,RPL5P2,ribosomal_protein,0.0,Treehouse Tumor Compendium 25.01 PolyA median TPM,treehouse_polya_25_01_median_v1
ENSG00000218643,RPL5P20,ribosomal_protein,0.0,Treehouse Tumor Compendium 25.01 PolyA median TPM,treehouse_polya_25_01_median_v1
ENSG00000218689,RPL5P21,ribosomal_protein,0.0,Treehouse Tumor Compendium 25.01 PolyA median TPM,treehouse_polya_25_01_median_v1
ENSG00000239198,RPL5P22,ribosomal_protein,0.0,Treehouse Tumor Compendium 25.01 PolyA median TPM,treehouse_polya_25_01_median_v1
ENSG00000240395,RPL5P23,ribosomal_protein,0.500106,Treehouse Tumor Compendium 25.01 PolyA median TPM,treehouse_polya_25_01_median_v1
ENSG00000244052,RPL5P24,ribosomal_protein,0.050099,Treehouse Tumor Compendium 25.01 PolyA median TPM,treehouse_polya_25_01_median_v1
ENSG00000225251,RPL5P25,ribosomal_protein,0.0,Treehouse Tumor Compendium 25.01 PolyA median TPM,treehouse_polya_25_01_median_v1
ENSG00000230469,RPL5P26,ribosomal_protein,0.0,Treehouse Tumor Compendium 25.01 PolyA median TPM,treehouse_polya_25_01_median_v1
ENSG00000228195,RPL5P27,ribosomal_protein,0.0,Treehouse Tumor Compendium 25.01 PolyA median TPM,treehouse_polya_25_01_median_v1
ENSG00000235264,RPL5P28,ribosomal_protein,0.0,Treehouse Tumor Compendium 25.01 PolyA median TPM,treehouse_polya_25_01_median_v1
ENSG00000242208,RPL5P29,ribosomal_protein,0.09,Treehouse Tumor Compendium 25.01 PolyA median TPM,treehouse_polya_25_01_median_v1
ENSG00000281820,RPL5P29,ribosomal_protein,0.09,Treehouse Tumor Compendium 25.01 PolyA median TPM,treehouse_polya_25_01_median_v1
ENSG00000242276,RPL5P3,ribosomal_protein,0.040101,Treehouse Tumor Compendium 25.01 PolyA median TPM,treehouse_polya_25_01_median_v1
ENSG00000243431,RPL5P30,ribosomal_protein,0.410097,Treehouse Tumor Compendium 25.01 PolyA median TPM,treehouse_polya_25_01_median_v1
ENSG00000214878,RPL5P31,ribosomal_protein,0.0,Treehouse Tumor Compendium 25.01 PolyA median TPM,treehouse_polya_25_01_median_v1
ENSG00000228992,RPL5P32,ribosomal_protein,0.0,Treehouse Tumor Compendium 25.01 PolyA median TPM,treehouse_polya_25_01_median_v1
ENSG00000282545,RPL5P32,ribosomal_protein,0.0,Treehouse Tumor Compendium 25.01 PolyA median TPM,treehouse_polya_25_01_median_v1
ENSG00000243521,RPL5P33,ribosomal_protein,0.0,Treehouse Tumor Compendium 25.01 PolyA median TPM,treehouse_polya_25_01_median_v1
ENSG00000234009,RPL5P34,ribosomal_protein,1.080125,Treehouse Tumor Compendium 25.01 PolyA median TPM,treehouse_polya_25_01_median_v1
ENSG00000214727,RPL5P35,ribosomal_protein,0.0,Treehouse Tumor Compendium 25.01 PolyA median TPM,treehouse_polya_25_01_median_v1
ENSG00000229994,RPL5P4,ribosomal_protein,0.640102,Treehouse Tumor Compendium 25.01 PolyA median TPM,treehouse_polya_25_01_median_v1
ENSG00000213051,RPL5P5,ribosomal_protein,0.0,Treehouse Tumor Compendium 25.01 PolyA median TPM,treehouse_polya_25_01_median_v1
ENSG00000232393,RPL5P6,ribosomal_protein,0.0,Treehouse Tumor Compendium 25.01 PolyA median TPM,treehouse_polya_25_01_median_v1
ENSG00000234415,RPL5P7,ribosomal_protein,0.0,Treehouse Tumor Compendium 25.01 PolyA median TPM,treehouse_polya_25_01_median_v1
ENSG00000213917,RPL5P8,ribosomal_protein,0.0,Treehouse Tumor Compendium 25.01 PolyA median TPM,treehouse_polya_25_01_median_v1
ENSG00000236330,RPL5P9,ribosomal_protein,0.040101,Treehouse Tumor Compendium 25.01 PolyA median TPM,treehouse_polya_25_01_median_v1
ENSG00000089009,RPL6,ribosomal_protein,1317.7854,Treehouse Tumor Compendium 25.01 PolyA median TPM,treehouse_polya_25_01_median_v1
ENSG00000236111,RPL6P1,ribosomal_protein,0.0,Treehouse Tumor Compendium 25.01 PolyA median TPM,treehouse_polya_25_01_median_v1
ENSG00000243199,RPL6P10,ribosomal_protein,0.0,Treehouse Tumor Compendium 25.01 PolyA median TPM,treehouse_polya_25_01_median_v1
ENSG00000250475,RPL6P11,ribosomal_protein,0.0,Treehouse Tumor Compendium 25.01 PolyA median TPM,treehouse_polya_25_01_median_v1
ENSG00000214671,RPL6P12,ribosomal_protein,0.0,Treehouse Tumor Compendium 25.01 PolyA median TPM,treehouse_polya_25_01_median_v1
ENSG00000243312,RPL6P13,ribosomal_protein,0.0,Treehouse Tumor Compendium 25.01 PolyA median TPM,treehouse_polya_25_01_median_v1
ENSG00000244470,RPL6P14,ribosomal_protein,0.0,Treehouse Tumor Compendium 25.01 PolyA median TPM,treehouse_polya_25_01_median_v1
ENSG00000240611,RPL6P15,ribosomal_protein,0.0,Treehouse Tumor Compendium 25.01 PolyA median TPM,treehouse_polya_25_01_median_v1
ENSG00000240159,RPL6P16,ribosomal_protein,0.0,Treehouse Tumor Compendium 25.01 PolyA median TPM,treehouse_polya_25_01_median_v1
ENSG00000216754,RPL6P17,ribosomal_protein,0.0,Treehouse Tumor Compendium 25.01 PolyA median TPM,treehouse_polya_25_01_median_v1
ENSG00000218476,RPL6P18,ribosomal_protein,0.0,Treehouse Tumor Compendium 25.01 PolyA median TPM,treehouse_polya_25_01_median_v1
ENSG00000230383,RPL6P19,ribosomal_protein,0.0,Treehouse Tumor Compendium 25.01 PolyA median TPM,treehouse_polya_25_01_median_v1
ENSG00000227056,RPL6P2,ribosomal_protein,0.0,Treehouse Tumor Compendium 25.01 PolyA median TPM,treehouse_polya_25_01_median_v1
ENSG00000236976,RPL6P20,ribosomal_protein,0.0,Treehouse Tumor Compendium 25.01 PolyA median TPM,treehouse_polya_25_01_median_v1
ENSG00000223445,RPL6P21,ribosomal_protein,0.0,Treehouse Tumor Compendium 25.01 PolyA median TPM,treehouse_polya_25_01_median_v1
ENSG00000240738,RPL6P22,ribosomal_protein,0.0,Treehouse Tumor Compendium 25.01 PolyA median TPM,treehouse_polya_25_01_median_v1
ENSG00000249510,RPL6P23,ribosomal_protein,0.0,Treehouse Tumor Compendium 25.01 PolyA median TPM,treehouse_polya_25_01_median_v1
ENSG00000227474,RPL6P24,ribosomal_protein,0.0,Treehouse Tumor Compendium 25.01 PolyA median TPM,treehouse_polya_25_01_median_v1
ENSG00000213270,RPL6P25,ribosomal_protein,0.0,Treehouse Tumor Compendium 25.01 PolyA median TPM,treehouse_polya_25_01_median_v1
ENSG00000240305,RPL6P26,ribosomal_protein,0.0,Treehouse Tumor Compendium 25.01 PolyA median TPM,treehouse_polya_25_01_median_v1
ENSG00000235552,RPL6P27,ribosomal_protein,17.529657,Treehouse Tumor Compendium 25.01 PolyA median TPM,treehouse_polya_25_01_median_v1
ENSG00000223730,RPL6P28,ribosomal_protein,0.0,Treehouse Tumor Compendium 25.01 PolyA median TPM,treehouse_polya_25_01_median_v1
ENSG00000236243,RPL6P29,ribosomal_protein,0.0,Treehouse Tumor Compendium 25.01 PolyA median TPM,treehouse_polya_25_01_median_v1
ENSG00000229022,RPL6P3,ribosomal_protein,0.0,Treehouse Tumor Compendium 25.01 PolyA median TPM,treehouse_polya_25_01_median_v1
ENSG00000215313,RPL6P30,ribosomal_protein,0.0,Treehouse Tumor Compendium 25.01 PolyA median TPM,treehouse_polya_25_01_median_v1
ENSG00000223945,RPL6P31,ribosomal_protein,0.0,Treehouse Tumor Compendium 25.01 PolyA median TPM,treehouse_polya_25_01_median_v1
ENSG00000253646,RPL6P32,ribosomal_protein,0.0,Treehouse Tumor Compendium 25.01 PolyA median TPM,treehouse_polya_25_01_median_v1
ENSG00000226080,RPL6P4,ribosomal_protein,0.0,Treehouse Tumor Compendium 25.01 PolyA median TPM,treehouse_polya_25_01_median_v1
ENSG00000214064,RPL6P5,ribosomal_protein,0.0,Treehouse Tumor Compendium 25.01 PolyA median TPM,treehouse_polya_25_01_median_v1
ENSG00000231063,RPL6P6,ribosomal_protein,0.0,Treehouse Tumor Compendium 25.01 PolyA median TPM,treehouse_polya_25_01_median_v1
ENSG00000239212,RPL6P7,ribosomal_protein,0.0,Treehouse Tumor Compendium 25.01 PolyA median TPM,treehouse_polya_25_01_median_v1
ENSG00000242285,RPL6P8,ribosomal_protein,0.0,Treehouse Tumor Compendium 25.01 PolyA median TPM,treehouse_polya_25_01_median_v1
ENSG00000242390,RPL6P9,ribosomal_protein,0.0,Treehouse Tumor Compendium 25.01 PolyA median TPM,treehouse_polya_25_01_median_v1
ENSG00000147604,RPL7,ribosomal_protein,1840.394897,Treehouse Tumor Compendium 25.01 PolyA median TPM,treehouse_polya_25_01_median_v1
ENSG00000148303,RPL7A,ribosomal_protein,1855.780151,Treehouse Tumor Compendium 25.01 PolyA median TPM,treehouse_polya_25_01_median_v1
ENSG00000280858,RPL7A,ribosomal_protein,1855.780151,Treehouse Tumor Compendium 25.01 PolyA median TPM,treehouse_polya_25_01_median_v1
ENSG00000240522,RPL7AP10,ribosomal_protein,0.260096,Treehouse Tumor Compendium 25.01 PolyA median TPM,treehouse_polya_25_01_median_v1
ENSG00000242445,RPL7AP11,ribosomal_protein,0.400107,Treehouse Tumor Compendium 25.01 PolyA median TPM,treehouse_polya_25_01_median_v1
ENSG00000228210,RPL7AP12,ribosomal_protein,0.0,Treehouse Tumor Compendium 25.01 PolyA median TPM,treehouse_polya_25_01_median_v1
ENSG00000235208,RPL7AP13,ribosomal_protein,0.0,Treehouse Tumor Compendium 25.01 PolyA median TPM,treehouse_polya_25_01_median_v1
ENSG00000213979,RPL7AP14,ribosomal_protein,0.0,Treehouse Tumor Compendium 25.01 PolyA median TPM,treehouse_polya_25_01_median_v1
ENSG00000236806,RPL7AP15,ribosomal_protein,0.0301,Treehouse Tumor Compendium 25.01 PolyA median TPM,treehouse_polya_25_01_median_v1
ENSG00000234329,RPL7AP16,ribosomal_protein,0.0,Treehouse Tumor Compendium 25.01 PolyA median TPM,treehouse_polya_25_01_median_v1
ENSG00000213421,RPL7AP17,ribosomal_protein,0.0,Treehouse Tumor Compendium 25.01 PolyA median TPM,treehouse_polya_25_01_median_v1
ENSG00000232848,RPL7AP18,ribosomal_protein,0.0,Treehouse Tumor Compendium 25.01 PolyA median TPM,treehouse_polya_25_01_median_v1
ENSG00000227777,RPL7AP19,ribosomal_protein,0.0,Treehouse Tumor Compendium 25.01 PolyA median TPM,treehouse_polya_25_01_median_v1
ENSG00000241984,RPL7AP2,ribosomal_protein,0.040101,Treehouse Tumor Compendium 25.01 PolyA median TPM,treehouse_polya_25_01_median_v1
ENSG00000234981,RPL7AP20,ribosomal_protein,0.0,Treehouse Tumor Compendium 25.01 PolyA median TPM,treehouse_polya_25_01_median_v1
ENSG00000229757,RPL7AP21,ribosomal_protein,0.0,Treehouse Tumor Compendium 25.01 PolyA median TPM,treehouse_polya_25_01_median_v1
ENSG00000227331,RPL7AP22,ribosomal_protein,0.0,Treehouse Tumor Compendium 25.01 PolyA median TPM,treehouse_polya_25_01_median_v1
ENSG00000241367,RPL7AP23,ribosomal_protein,0.0,Treehouse Tumor Compendium 25.01 PolyA median TPM,treehouse_polya_25_01_median_v1
ENSG00000241307,RPL7AP24,ribosomal_protein,0.0,Treehouse Tumor Compendium 25.01 PolyA median TPM,treehouse_polya_25_01_median_v1
ENSG00000235294,RPL7AP25,ribosomal_protein,0.0,Treehouse Tumor Compendium 25.01 PolyA median TPM,treehouse_polya_25_01_median_v1
ENSG00000214988,RPL7AP26,ribosomal_protein,0.0201,Treehouse Tumor Compendium 25.01 PolyA median TPM,treehouse_polya_25_01_median_v1
ENSG00000242169,RPL7AP27,ribosomal_protein,0.0,Treehouse Tumor Compendium 25.01 PolyA median TPM,treehouse_polya_25_01_median_v1
ENSG00000184139,RPL7AP28,ribosomal_protein,0.060102,Treehouse Tumor Compendium 25.01 PolyA median TPM,treehouse_polya_25_01_median_v1
ENSG00000248843,RPL7AP29,ribosomal_protein,0.0,Treehouse Tumor Compendium 25.01 PolyA median TPM,treehouse_polya_25_01_median_v1
ENSG00000256243,RPL7AP3,ribosomal_protein,0.0,Treehouse Tumor Compendium 25.01 PolyA median TPM,treehouse_polya_25_01_median_v1
ENSG00000241741,RPL7AP30,ribosomal_protein,2.69,Treehouse Tumor Compendium 25.01 PolyA median TPM,treehouse_polya_25_01_median_v1
ENSG00000242083,RPL7AP31,ribosomal_protein,0.060102,Treehouse Tumor Compendium 25.01 PolyA median TPM,treehouse_polya_25_01_median_v1
ENSG00000243160,RPL7AP32,ribosomal_protein,0.0,Treehouse Tumor Compendium 25.01 PolyA median TPM,treehouse_polya_25_01_median_v1
ENSG00000254200,RPL7AP33,ribosomal_protein,0.0,Treehouse Tumor Compendium 25.01 PolyA median TPM,treehouse_polya_25_01_median_v1
ENSG00000213312,RPL7AP34,ribosomal_protein,0.0,Treehouse Tumor Compendium 25.01 PolyA median TPM,treehouse_polya_25_01_median_v1
ENSG00000216639,RPL7AP35,ribosomal_protein,0.0,Treehouse Tumor Compendium 25.01 PolyA median TPM,treehouse_polya_25_01_median_v1
ENSG00000216368,RPL7AP36,ribosomal_protein,0.0,Treehouse Tumor Compendium 25.01 PolyA median TPM,treehouse_polya_25_01_median_v1
ENSG00000213109,RPL7AP37,ribosomal_protein,0.0,Treehouse Tumor Compendium 25.01 PolyA median TPM,treehouse_polya_25_01_median_v1
ENSG00000213787,RPL7AP38,ribosomal_protein,0.0,Treehouse Tumor Compendium 25.01 PolyA median TPM,treehouse_polya_25_01_median_v1
ENSG00000213385,RPL7AP39,ribosomal_protein,0.0,Treehouse Tumor Compendium 25.01 PolyA median TPM,treehouse_polya_25_01_median_v1
ENSG00000213641,RPL7AP4,ribosomal_protein,0.0,Treehouse Tumor Compendium 25.01 PolyA median TPM,treehouse_polya_25_01_median_v1
ENSG00000224475,RPL7AP40,ribosomal_protein,0.0,Treehouse Tumor Compendium 25.01 PolyA median TPM,treehouse_polya_25_01_median_v1
ENSG00000213798,RPL7AP41,ribosomal_protein,0.0,Treehouse Tumor Compendium 25.01 PolyA median TPM,treehouse_polya_25_01_median_v1
ENSG00000234358,RPL7AP42,ribosomal_protein,0.0,Treehouse Tumor Compendium 25.01 PolyA median TPM,treehouse_polya_25_01_median_v1
ENSG00000213542,RPL7AP43,ribosomal_protein,0.0,Treehouse Tumor Compendium 25.01 PolyA median TPM,treehouse_polya_25_01_median_v1
ENSG00000231562,RPL7AP44,ribosomal_protein,0.0,Treehouse Tumor Compendium 25.01 PolyA median TPM,treehouse_polya_25_01_median_v1
ENSG00000275160,RPL7AP45,ribosomal_protein,0.0,Treehouse Tumor Compendium 25.01 PolyA median TPM,treehouse_polya_25_01_median_v1
ENSG00000233555,RPL7AP46,ribosomal_protein,0.0,Treehouse Tumor Compendium 25.01 PolyA median TPM,treehouse_polya_25_01_median_v1
ENSG00000234982,RPL7AP47,ribosomal_protein,0.0,Treehouse Tumor Compendium 25.01 PolyA median TPM,treehouse_polya_25_01_median_v1
ENSG00000237088,RPL7AP48,ribosomal_protein,0.0,Treehouse Tumor Compendium 25.01 PolyA median TPM,treehouse_polya_25_01_median_v1
ENSG00000184961,RPL7AP49,ribosomal_protein,0.0,Treehouse Tumor Compendium 25.01 PolyA median TPM,treehouse_polya_25_01_median_v1
ENSG00000240210,RPL7AP5,ribosomal_protein,0.0,Treehouse Tumor Compendium 25.01 PolyA median TPM,treehouse_polya_25_01_median_v1
ENSG00000213609,RPL7AP50,ribosomal_protein,0.0,Treehouse Tumor Compendium 25.01 PolyA median TPM,treehouse_polya_25_01_median_v1
ENSG00000226448,RPL7AP51,ribosomal_protein,0.0,Treehouse Tumor Compendium 25.01 PolyA median TPM,treehouse_polya_25_01_median_v1
ENSG00000225354,RPL7AP52,ribosomal_protein,0.0,Treehouse Tumor Compendium 25.01 PolyA median TPM,treehouse_polya_25_01_median_v1
ENSG00000235962,RPL7AP53,ribosomal_protein,0.0,Treehouse Tumor Compendium 25.01 PolyA median TPM,treehouse_polya_25_01_median_v1
ENSG00000242279,RPL7AP54,ribosomal_protein,0.0,Treehouse Tumor Compendium 25.01 PolyA median TPM,treehouse_polya_25_01_median_v1
ENSG00000241008,RPL7AP55,ribosomal_protein,0.0,Treehouse Tumor Compendium 25.01 PolyA median TPM,treehouse_polya_25_01_median_v1
ENSG00000242834,RPL7AP56,ribosomal_protein,0.0,Treehouse Tumor Compendium 25.01 PolyA median TPM,treehouse_polya_25_01_median_v1
ENSG00000242248,RPL7AP57,ribosomal_protein,0.0,Treehouse Tumor Compendium 25.01 PolyA median TPM,treehouse_polya_25_01_median_v1
ENSG00000240554,RPL7AP58,ribosomal_protein,0.0,Treehouse Tumor Compendium 25.01 PolyA median TPM,treehouse_polya_25_01_median_v1
ENSG00000242071,RPL7AP6,ribosomal_protein,7.78034,Treehouse Tumor Compendium 25.01 PolyA median TPM,treehouse_polya_25_01_median_v1
ENSG00000213152,RPL7AP60,ribosomal_protein,0.100098,Treehouse Tumor Compendium 25.01 PolyA median TPM,treehouse_polya_25_01_median_v1
ENSG00000233291,RPL7AP61,ribosomal_protein,0.0,Treehouse Tumor Compendium 25.01 PolyA median TPM,treehouse_polya_25_01_median_v1
ENSG00000213862,RPL7AP62,ribosomal_protein,0.0,Treehouse Tumor Compendium 25.01 PolyA median TPM,treehouse_polya_25_01_median_v1
ENSG00000243697,RPL7AP63,ribosomal_protein,0.0,Treehouse Tumor Compendium 25.01 PolyA median TPM,treehouse_polya_25_01_median_v1
ENSG00000213876,RPL7AP64,ribosomal_protein,0.100098,Treehouse Tumor Compendium 25.01 PolyA median TPM,treehouse_polya_25_01_median_v1
ENSG00000228000,RPL7AP65,ribosomal_protein,0.0,Treehouse Tumor Compendium 25.01 PolyA median TPM,treehouse_polya_25_01_median_v1
ENSG00000284212,RPL7AP65,ribosomal_protein,0.0,Treehouse Tumor Compendium 25.01 PolyA median TPM,treehouse_polya_25_01_median_v1
ENSG00000175886,RPL7AP66,ribosomal_protein,0.590088,Treehouse Tumor Compendium 25.01 PolyA median TPM,treehouse_polya_25_01_median_v1
ENSG00000239683,RPL7AP67,ribosomal_protein,0.0,Treehouse Tumor Compendium 25.01 PolyA median TPM,treehouse_polya_25_01_median_v1
ENSG00000268483,RPL7AP69,ribosomal_protein,0.0,Treehouse Tumor Compendium 25.01 PolyA median TPM,treehouse_polya_25_01_median_v1
ENSG00000213880,RPL7AP7,ribosomal_protein,0.0,Treehouse Tumor Compendium 25.01 PolyA median TPM,treehouse_polya_25_01_median_v1
ENSG00000227030,RPL7AP7,ribosomal_protein,0.0,Treehouse Tumor Compendium 25.01 PolyA median TPM,treehouse_polya_25_01_median_v1
ENSG00000227326,RPL7AP7,ribosomal_protein,0.0,Treehouse Tumor Compendium 25.01 PolyA median TPM,treehouse_polya_25_01_median_v1
ENSG00000233113,RPL7AP7,ribosomal_protein,0.0,Treehouse Tumor Compendium 25.01 PolyA median TPM,treehouse_polya_25_01_median_v1
ENSG00000233462,RPL7AP7,ribosomal_protein,0.0,Treehouse Tumor Compendium 25.01 PolyA median TPM,treehouse_polya_25_01_median_v1
ENSG00000233465,RPL7AP7,ribosomal_protein,0.0,Treehouse Tumor Compendium 25.01 PolyA median TPM,treehouse_polya_25_01_median_v1
ENSG00000233982,RPL7AP7,ribosomal_protein,0.0,Treehouse Tumor Compendium 25.01 PolyA median TPM,treehouse_polya_25_01_median_v1
ENSG00000237554,RPL7AP7,ribosomal_protein,0.0,Treehouse Tumor Compendium 25.01 PolyA median TPM,treehouse_polya_25_01_median_v1
ENSG00000235776,RPL7AP70,ribosomal_protein,0.0,Treehouse Tumor Compendium 25.01 PolyA median TPM,treehouse_polya_25_01_median_v1
ENSG00000234566,RPL7AP71,ribosomal_protein,0.0,Treehouse Tumor Compendium 25.01 PolyA median TPM,treehouse_polya_25_01_median_v1
ENSG00000235735,RPL7AP72,ribosomal_protein,0.0,Treehouse Tumor Compendium 25.01 PolyA median TPM,treehouse_polya_25_01_median_v1
ENSG00000237952,RPL7AP73,ribosomal_protein,0.0,Treehouse Tumor Compendium 25.01 PolyA median TPM,treehouse_polya_25_01_median_v1
ENSG00000255991,RPL7AP74,ribosomal_protein,0.0,Treehouse Tumor Compendium 25.01 PolyA median TPM,treehouse_polya_25_01_median_v1
ENSG00000259674,RPL7AP75,ribosomal_protein,0.0,Treehouse Tumor Compendium 25.01 PolyA median TPM,treehouse_polya_25_01_median_v1
ENSG00000231995,RPL7AP76,ribosomal_protein,0.0,Treehouse Tumor Compendium 25.01 PolyA median TPM,treehouse_polya_25_01_median_v1
ENSG00000225005,RPL7AP77,ribosomal_protein,0.0,Treehouse Tumor Compendium 25.01 PolyA median TPM,treehouse_polya_25_01_median_v1
ENSG00000224573,RPL7AP78,ribosomal_protein,0.0,Treehouse Tumor Compendium 25.01 PolyA median TPM,treehouse_polya_25_01_median_v1
ENSG00000255106,RPL7AP79,ribosomal_protein,0.0,Treehouse Tumor Compendium 25.01 PolyA median TPM,treehouse_polya_25_01_median_v1
ENSG00000230507,RPL7AP8,ribosomal_protein,0.0,Treehouse Tumor Compendium 25.01 PolyA median TPM,treehouse_polya_25_01_median_v1
ENSG00000253332,RPL7AP80,ribosomal_protein,0.0,Treehouse Tumor Compendium 25.01 PolyA median TPM,treehouse_polya_25_01_median_v1
ENSG00000235163,RPL7AP81,ribosomal_protein,0.0,Treehouse Tumor Compendium 25.01 PolyA median TPM,treehouse_polya_25_01_median_v1
ENSG00000228955,RPL7AP82,ribosomal_protein,0.0,Treehouse Tumor Compendium 25.01 PolyA median TPM,treehouse_polya_25_01_median_v1
ENSG00000229339,RPL7AP83,ribosomal_protein,0.0,Treehouse Tumor Compendium 25.01 PolyA median TPM,treehouse_polya_25_01_median_v1
ENSG00000213272,RPL7AP9,ribosomal_protein,0.0,Treehouse Tumor Compendium 25.01 PolyA median TPM,treehouse_polya_25_01_median_v1
ENSG00000214485,RPL7P1,ribosomal_protein,29.670471,Treehouse Tumor Compendium 25.01 PolyA median TPM,treehouse_polya_25_01_median_v1
ENSG00000229752,RPL7P10,ribosomal_protein,0.0,Treehouse Tumor Compendium 25.01 PolyA median TPM,treehouse_polya_25_01_median_v1
ENSG00000234619,RPL7P11,ribosomal_protein,0.0,Treehouse Tumor Compendium 25.01 PolyA median TPM,treehouse_polya_25_01_median_v1
ENSG00000227770,RPL7P12,ribosomal_protein,0.0,Treehouse Tumor Compendium 25.01 PolyA median TPM,treehouse_polya_25_01_median_v1
ENSG00000234253,RPL7P13,ribosomal_protein,0.0,Treehouse Tumor Compendium 25.01 PolyA median TPM,treehouse_polya_25_01_median_v1
ENSG00000232994,RPL7P14,ribosomal_protein,0.0,Treehouse Tumor Compendium 25.01 PolyA median TPM,treehouse_polya_25_01_median_v1
ENSG00000240622,RPL7P15,ribosomal_protein,0.0,Treehouse Tumor Compendium 25.01 PolyA median TPM,treehouse_polya_25_01_median_v1
ENSG00000242899,RPL7P16,ribosomal_protein,0.0,Treehouse Tumor Compendium 25.01 PolyA median TPM,treehouse_polya_25_01_median_v1
ENSG00000214062,RPL7P17,ribosomal_protein,0.0301,Treehouse Tumor Compendium 25.01 PolyA median TPM,treehouse_polya_25_01_median_v1
ENSG00000243806,RPL7P18,ribosomal_protein,0.0,Treehouse Tumor Compendium 25.01 PolyA median TPM,treehouse_polya_25_01_median_v1
ENSG00000241458,RPL7P19,ribosomal_protein,0.0,Treehouse Tumor Compendium 25.01 PolyA median TPM,treehouse_polya_25_01_median_v1
ENSG00000227663,RPL7P2,ribosomal_protein,0.0,Treehouse Tumor Compendium 25.01 PolyA median TPM,treehouse_polya_25_01_median_v1
ENSG00000254252,RPL7P20,ribosomal_protein,0.0,Treehouse Tumor Compendium 25.01 PolyA median TPM,treehouse_polya_25_01_median_v1
ENSG00000231579,RPL7P21,ribosomal_protein,0.120102,Treehouse Tumor Compendium 25.01 PolyA median TPM,treehouse_polya_25_01_median_v1
ENSG00000226544,RPL7P22,ribosomal_protein,0.0301,Treehouse Tumor Compendium 25.01 PolyA median TPM,treehouse_polya_25_01_median_v1
ENSG00000244363,RPL7P23,ribosomal_protein,0.970071,Treehouse Tumor Compendium 25.01 PolyA median TPM,treehouse_polya_25_01_median_v1
ENSG00000240003,RPL7P24,ribosomal_protein,0.0201,Treehouse Tumor Compendium 25.01 PolyA median TPM,treehouse_polya_25_01_median_v1
ENSG00000216636,RPL7P25,ribosomal_protein,0.0,Treehouse Tumor Compendium 25.01 PolyA median TPM,treehouse_polya_25_01_median_v1
ENSG00000184612,RPL7P26,ribosomal_protein,0.0301,Treehouse Tumor Compendium 25.01 PolyA median TPM,treehouse_polya_25_01_median_v1
ENSG00000220069,RPL7P27,ribosomal_protein,0.0,Treehouse Tumor Compendium 25.01 PolyA median TPM,treehouse_polya_25_01_median_v1
ENSG00000218632,RPL7P28,ribosomal_protein,0.0,Treehouse Tumor Compendium 25.01 PolyA median TPM,treehouse_polya_25_01_median_v1
ENSG00000214457,RPL7P29,ribosomal_protein,0.0,Treehouse Tumor Compendium 25.01 PolyA median TPM,treehouse_polya_25_01_median_v1
ENSG00000226094,RPL7P3,ribosomal_protein,0.0,Treehouse Tumor Compendium 25.01 PolyA median TPM,treehouse_polya_25_01_median_v1
ENSG00000227982,RPL7P30,ribosomal_protein,0.0,Treehouse Tumor Compendium 25.01 PolyA median TPM,treehouse_polya_25_01_median_v1
ENSG00000235379,RPL7P31,ribosomal_protein,0.0,Treehouse Tumor Compendium 25.01 PolyA median TPM,treehouse_polya_25_01_median_v1
ENSG00000231006,RPL7P32,ribosomal_protein,0.270107,Treehouse Tumor Compendium 25.01 PolyA median TPM,treehouse_polya_25_01_median_v1
ENSG00000215236,RPL7P33,ribosomal_protein,0.0,Treehouse Tumor Compendium 25.01 PolyA median TPM,treehouse_polya_25_01_median_v1
ENSG00000237205,RPL7P34,ribosomal_protein,0.0,Treehouse Tumor Compendium 25.01 PolyA median TPM,treehouse_polya_25_01_median_v1
ENSG00000233518,RPL7P35,ribosomal_protein,0.0,Treehouse Tumor Compendium 25.01 PolyA median TPM,treehouse_polya_25_01_median_v1
ENSG00000234109,RPL7P36,ribosomal_protein,0.0,Treehouse Tumor Compendium 25.01 PolyA median TPM,treehouse_polya_25_01_median_v1
ENSG00000226646,RPL7P37,ribosomal_protein,0.0,Treehouse Tumor Compendium 25.01 PolyA median TPM,treehouse_polya_25_01_median_v1
ENSG00000239473,RPL7P38,ribosomal_protein,0.0,Treehouse Tumor Compendium 25.01 PolyA median TPM,treehouse_polya_25_01_median_v1
ENSG00000243020,RPL7P39,ribosomal_protein,0.0,Treehouse Tumor Compendium 25.01 PolyA median TPM,treehouse_polya_25_01_median_v1
ENSG00000226494,RPL7P4,ribosomal_protein,0.0,Treehouse Tumor Compendium 25.01 PolyA median TPM,treehouse_polya_25_01_median_v1
ENSG00000229575,RPL7P4,ribosomal_protein,0.0,Treehouse Tumor Compendium 25.01 PolyA median TPM,treehouse_polya_25_01_median_v1
ENSG00000230449,RPL7P4,ribosomal_protein,0.0,Treehouse Tumor Compendium 25.01 PolyA median TPM,treehouse_polya_25_01_median_v1
ENSG00000233091,RPL7P4,ribosomal_protein,0.0,Treehouse Tumor Compendium 25.01 PolyA median TPM,treehouse_polya_25_01_median_v1
ENSG00000235342,RPL7P4,ribosomal_protein,0.0,Treehouse Tumor Compendium 25.01 PolyA median TPM,treehouse_polya_25_01_median_v1
ENSG00000236100,RPL7P4,ribosomal_protein,0.0,Treehouse Tumor Compendium 25.01 PolyA median TPM,treehouse_polya_25_01_median_v1
ENSG00000238255,RPL7P4,ribosomal_protein,0.0,Treehouse Tumor Compendium 25.01 PolyA median TPM,treehouse_polya_25_01_median_v1
ENSG00000242991,RPL7P40,ribosomal_protein,0.0,Treehouse Tumor Compendium 25.01 PolyA median TPM,treehouse_polya_25_01_median_v1
ENSG00000241146,RPL7P41,ribosomal_protein,0.0,Treehouse Tumor Compendium 25.01 PolyA median TPM,treehouse_polya_25_01_median_v1
ENSG00000241825,RPL7P42,ribosomal_protein,0.0,Treehouse Tumor Compendium 25.01 PolyA median TPM,treehouse_polya_25_01_median_v1
ENSG00000241045,RPL7P43,ribosomal_protein,0.0,Treehouse Tumor Compendium 25.01 PolyA median TPM,treehouse_polya_25_01_median_v1
ENSG00000233873,RPL7P44,ribosomal_protein,0.0,Treehouse Tumor Compendium 25.01 PolyA median TPM,treehouse_polya_25_01_median_v1
ENSG00000225823,RPL7P45,ribosomal_protein,0.0,Treehouse Tumor Compendium 25.01 PolyA median TPM,treehouse_polya_25_01_median_v1
ENSG00000229917,RPL7P46,ribosomal_protein,0.03,Treehouse Tumor Compendium 25.01 PolyA median TPM,treehouse_polya_25_01_median_v1
ENSG00000228071,RPL7P47,ribosomal_protein,0.180105,Treehouse Tumor Compendium 25.01 PolyA median TPM,treehouse_polya_25_01_median_v1
ENSG00000187504,RPL7P48,ribosomal_protein,0.0,Treehouse Tumor Compendium 25.01 PolyA median TPM,treehouse_polya_25_01_median_v1
ENSG00000242931,RPL7P49,ribosomal_protein,0.0,Treehouse Tumor Compendium 25.01 PolyA median TPM,treehouse_polya_25_01_median_v1
ENSG00000241562,RPL7P5,ribosomal_protein,0.0,Treehouse Tumor Compendium 25.01 PolyA median TPM,treehouse_polya_25_01_median_v1
ENSG00000268785,RPL7P50,ribosomal_protein,0.02,Treehouse Tumor Compendium 25.01 PolyA median TPM,treehouse_polya_25_01_median_v1
ENSG00000243469,RPL7P51,ribosomal_protein,0.0,Treehouse Tumor Compendium 25.01 PolyA median TPM,treehouse_polya_25_01_median_v1
ENSG00000228599,RPL7P52,ribosomal_protein,0.0,Treehouse Tumor Compendium 25.01 PolyA median TPM,treehouse_polya_25_01_median_v1
ENSG00000237475,RPL7P53,ribosomal_protein,0.0,Treehouse Tumor Compendium 25.01 PolyA median TPM,treehouse_polya_25_01_median_v1
ENSG00000227645,RPL7P54,ribosomal_protein,0.0,Treehouse Tumor Compendium 25.01 PolyA median TPM,treehouse_polya_25_01_median_v1
ENSG00000228301,RPL7P55,ribosomal_protein,0.0,Treehouse Tumor Compendium 25.01 PolyA median TPM,treehouse_polya_25_01_median_v1
ENSG00000231164,RPL7P56,ribosomal_protein,0.0,Treehouse Tumor Compendium 25.01 PolyA median TPM,treehouse_polya_25_01_median_v1
ENSG00000224401,RPL7P57,ribosomal_protein,0.090099,Treehouse Tumor Compendium 25.01 PolyA median TPM,treehouse_polya_25_01_median_v1
ENSG00000216938,RPL7P58,ribosomal_protein,0.0,Treehouse Tumor Compendium 25.01 PolyA median TPM,treehouse_polya_25_01_median_v1
ENSG00000225918,RPL7P59,ribosomal_protein,0.0,Treehouse Tumor Compendium 25.01 PolyA median TPM,treehouse_polya_25_01_median_v1
ENSG00000227525,RPL7P6,ribosomal_protein,0.140103,Treehouse Tumor Compendium 25.01 PolyA median TPM,treehouse_polya_25_01_median_v1
ENSG00000214142,RPL7P60,ribosomal_protein,0.0,Treehouse Tumor Compendium 25.01 PolyA median TPM,treehouse_polya_25_01_median_v1
ENSG00000230282,RPL7P61,ribosomal_protein,0.0,Treehouse Tumor Compendium 25.01 PolyA median TPM,treehouse_polya_25_01_median_v1
ENSG00000224315,RPL7P7,ribosomal_protein,0.0,Treehouse Tumor Compendium 25.01 PolyA median TPM,treehouse_polya_25_01_median_v1
ENSG00000235045,RPL7P8,ribosomal_protein,0.0,Treehouse Tumor Compendium 25.01 PolyA median TPM,treehouse_polya_25_01_median_v1
ENSG00000137970,RPL7P9,ribosomal_protein,39.020668,Treehouse Tumor Compendium 25.01 PolyA median TPM,treehouse_polya_25_01_median_v1
ENSG00000161016,RPL8,ribosomal_protein,2461.280762,Treehouse Tumor Compendium 25.01 PolyA median TPM,treehouse_polya_25_01_median_v1
ENSG00000216676,RPL8P1,ribosomal_protein,0.0,Treehouse Tumor Compendium 25.01 PolyA median TPM,treehouse_polya_25_01_median_v1
ENSG00000225267,RPL8P2,ribosomal_protein,0.0,Treehouse Tumor Compendium 25.01 PolyA median TPM,treehouse_polya_25_01_median_v1
ENSG00000240950,RPL8P3,ribosomal_protein,0.0,Treehouse Tumor Compendium 25.01 PolyA median TPM,treehouse_polya_25_01_median_v1
ENSG00000213169,RPL8P4,ribosomal_protein,0.0,Treehouse Tumor Compendium 25.01 PolyA median TPM,treehouse_polya_25_01_median_v1
ENSG00000163682,RPL9,ribosomal_protein,1152.218872,Treehouse Tumor Compendium 25.01 PolyA median TPM,treehouse_polya_25_01_median_v1
ENSG00000228374,RPL9P13,ribosomal_protein,0.0,Treehouse Tumor Compendium 25.01 PolyA median TPM,treehouse_polya_25_01_median_v1
ENSG00000185078,RPL9P14,ribosomal_protein,0.0,Treehouse Tumor Compendium 25.01 PolyA median TPM,treehouse_polya_25_01_median_v1
ENSG00000240601,RPL9P15,ribosomal_protein,0.0,Treehouse Tumor Compendium 25.01 PolyA median TPM,treehouse_polya_25_01_median_v1
ENSG00000214676,RPL9P16,ribosomal_protein,0.0,Treehouse Tumor Compendium 25.01 PolyA median TPM,treehouse_polya_25_01_median_v1
ENSG00000213309,RPL9P18,ribosomal_protein,0.07,Treehouse Tumor Compendium 25.01 PolyA median TPM,treehouse_polya_25_01_median_v1
ENSG00000234324,RPL9P2,ribosomal_protein,0.050099,Treehouse Tumor Compendium 25.01 PolyA median TPM,treehouse_polya_25_01_median_v1
ENSG00000214089,RPL9P21,ribosomal_protein,0.0,Treehouse Tumor Compendium 25.01 PolyA median TPM,treehouse_polya_25_01_median_v1
ENSG00000240821,RPL9P25,ribosomal_protein,0.950089,Treehouse Tumor Compendium 25.01 PolyA median TPM,treehouse_polya_25_01_median_v1
ENSG00000242067,RPL9P28,ribosomal_protein,0.0,Treehouse Tumor Compendium 25.01 PolyA median TPM,treehouse_polya_25_01_median_v1
ENSG00000267355,RPL9P29,ribosomal_protein,0.650087,Treehouse Tumor Compendium 25.01 PolyA median TPM,treehouse_polya_25_01_median_v1
ENSG00000240392,RPL9P3,ribosomal_protein,0.040101,Treehouse Tumor Compendium 25.01 PolyA median TPM,treehouse_polya_25_01_median_v1
ENSG00000240074,RPL9P30,ribosomal_protein,0.0,Treehouse Tumor Compendium 25.01 PolyA median TPM,treehouse_polya_25_01_median_v1
ENSG00000239659,RPL9P31,ribosomal_protein,0.0,Treehouse Tumor Compendium 25.01 PolyA median TPM,treehouse_polya_25_01_median_v1
ENSG00000242100,RPL9P32,ribosomal_protein,0.160096,Treehouse Tumor Compendium 25.01 PolyA median TPM,treehouse_polya_25_01_median_v1
ENSG00000244071,RPL9P33,ribosomal_protein,0.0,Treehouse Tumor Compendium 25.01 PolyA median TPM,treehouse_polya_25_01_median_v1
ENSG00000239510,RPL9P5,ribosomal_protein,0.0,Treehouse Tumor Compendium 25.01 PolyA median TPM,treehouse_polya_25_01_median_v1
ENSG00000241891,RPL9P6,ribosomal_protein,0.0,Treehouse Tumor Compendium 25.01 PolyA median TPM,treehouse_polya_25_01_median_v1
ENSG00000238103,RPL9P7,ribosomal_protein,1.180093,Treehouse Tumor Compendium 25.01 PolyA median TPM,treehouse_polya_25_01_median_v1
ENSG00000273673,RPL9P9,ribosomal_protein,0.0,Treehouse Tumor Compendium 25.01 PolyA median TPM,treehouse_polya_25_01_median_v1
ENSG00000089157,RPLP0,ribosomal_protein,2293.25,Treehouse Tumor Compendium 25.01 PolyA median TPM,treehouse_polya_25_01_median_v1
ENSG00000226229,RPLP0P1,ribosomal_protein,0.0,Treehouse Tumor Compendium 25.01 PolyA median TPM,treehouse_polya_25_01_median_v1
ENSG00000244705,RPLP0P10,ribosomal_protein,0.0,Treehouse Tumor Compendium 25.01 PolyA median TPM,treehouse_polya_25_01_median_v1
ENSG00000239780,RPLP0P11,ribosomal_protein,0.0,Treehouse Tumor Compendium 25.01 PolyA median TPM,treehouse_polya_25_01_median_v1
ENSG00000267669,RPLP0P12,ribosomal_protein,0.0,Treehouse Tumor Compendium 25.01 PolyA median TPM,treehouse_polya_25_01_median_v1
ENSG00000243742,RPLP0P2,ribosomal_protein,0.610081,Treehouse Tumor Compendium 25.01 PolyA median TPM,treehouse_polya_25_01_median_v1
ENSG00000293352,RPLP0P2,ribosomal_protein,0.610081,Treehouse Tumor Compendium 25.01 PolyA median TPM,treehouse_polya_25_01_median_v1
ENSG00000240023,RPLP0P3,ribosomal_protein,0.0,Treehouse Tumor Compendium 25.01 PolyA median TPM,treehouse_polya_25_01_median_v1
ENSG00000230779,RPLP0P4,ribosomal_protein,0.0,Treehouse Tumor Compendium 25.01 PolyA median TPM,treehouse_polya_25_01_median_v1
ENSG00000232883,RPLP0P5,ribosomal_protein,0.0,Treehouse Tumor Compendium 25.01 PolyA median TPM,treehouse_polya_25_01_median_v1
ENSG00000213553,RPLP0P6,ribosomal_protein,19.70014,Treehouse Tumor Compendium 25.01 PolyA median TPM,treehouse_polya_25_01_median_v1
ENSG00000238069,RPLP0P7,ribosomal_protein,0.0,Treehouse Tumor Compendium 25.01 PolyA median TPM,treehouse_polya_25_01_median_v1
ENSG00000244640,RPLP0P8,ribosomal_protein,0.0,Treehouse Tumor Compendium 25.01 PolyA median TPM,treehouse_polya_25_01_median_v1
ENSG00000229119,RPLP0P9,ribosomal_protein,0.0,Treehouse Tumor Compendium 25.01 PolyA median TPM,treehouse_polya_25_01_median_v1
ENSG00000137818,RPLP1,ribosomal_protein,2042.753418,Treehouse Tumor Compendium 25.01 PolyA median TPM,treehouse_polya_25_01_median_v1
ENSG00000226888,RPLP1P10,ribosomal_protein,0.0,Treehouse Tumor Compendium 25.01 PolyA median TPM,treehouse_polya_25_01_median_v1
ENSG00000243686,RPLP1P11,ribosomal_protein,0.700107,Treehouse Tumor Compendium 25.01 PolyA median TPM,treehouse_polya_25_01_median_v1
ENSG00000232163,RPLP1P13,ribosomal_protein,0.0,Treehouse Tumor Compendium 25.01 PolyA median TPM,treehouse_polya_25_01_median_v1
ENSG00000214657,RPLP1P5,ribosomal_protein,0.0,Treehouse Tumor Compendium 25.01 PolyA median TPM,treehouse_polya_25_01_median_v1
ENSG00000213433,RPLP1P6,ribosomal_protein,1.420094,Treehouse Tumor Compendium 25.01 PolyA median TPM,treehouse_polya_25_01_median_v1
ENSG00000177600,RPLP2,ribosomal_protein,1314.408936,Treehouse Tumor Compendium 25.01 PolyA median TPM,treehouse_polya_25_01_median_v1
ENSG00000214374,RPLP2P1,ribosomal_protein,0.0,Treehouse Tumor Compendium 25.01 PolyA median TPM,treehouse_polya_25_01_median_v1
ENSG00000124614,RPS10,ribosomal_protein,1482.482178,Treehouse Tumor Compendium 25.01 PolyA median TPM,treehouse_polya_25_01_median_v1
ENSG00000226082,RPS10P10,ribosomal_protein,0.0,Treehouse Tumor Compendium 25.01 PolyA median TPM,treehouse_polya_25_01_median_v1
ENSG00000213744,RPS10P14,ribosomal_protein,0.0,Treehouse Tumor Compendium 25.01 PolyA median TPM,treehouse_polya_25_01_median_v1
ENSG00000239917,RPS10P16,ribosomal_protein,0.110098,Treehouse Tumor Compendium 25.01 PolyA median TPM,treehouse_polya_25_01_median_v1
ENSG00000229455,RPS10P18,ribosomal_protein,0.0,Treehouse Tumor Compendium 25.01 PolyA median TPM,treehouse_polya_25_01_median_v1
ENSG00000213950,RPS10P2,ribosomal_protein,0.220097,Treehouse Tumor Compendium 25.01 PolyA median TPM,treehouse_polya_25_01_median_v1
ENSG00000240443,RPS10P20,ribosomal_protein,0.0,Treehouse Tumor Compendium 25.01 PolyA median TPM,treehouse_polya_25_01_median_v1
ENSG00000232881,RPS10P21,ribosomal_protein,0.0,Treehouse Tumor Compendium 25.01 PolyA median TPM,treehouse_polya_25_01_median_v1
ENSG00000267752,RPS10P27,ribosomal_protein,0.0,Treehouse Tumor Compendium 25.01 PolyA median TPM,treehouse_polya_25_01_median_v1
ENSG00000243167,RPS10P28,ribosomal_protein,0.0,Treehouse Tumor Compendium 25.01 PolyA median TPM,treehouse_polya_25_01_median_v1
ENSG00000217716,RPS10P3,ribosomal_protein,0.070102,Treehouse Tumor Compendium 25.01 PolyA median TPM,treehouse_polya_25_01_median_v1
ENSG00000240776,RPS10P4,ribosomal_protein,0.0,Treehouse Tumor Compendium 25.01 PolyA median TPM,treehouse_polya_25_01_median_v1
ENSG00000101278,RPS10P5,ribosomal_protein,0.0,Treehouse Tumor Compendium 25.01 PolyA median TPM,treehouse_polya_25_01_median_v1
ENSG00000223396,RPS10P7,ribosomal_protein,0.0,Treehouse Tumor Compendium 25.01 PolyA median TPM,treehouse_polya_25_01_median_v1
ENSG00000242150,RPS10P7,ribosomal_protein,0.0,Treehouse Tumor Compendium 25.01 PolyA median TPM,treehouse_polya_25_01_median_v1
ENSG00000227791,RPS10P9,ribosomal_protein,0.0,Treehouse Tumor Compendium 25.01 PolyA median TPM,treehouse_polya_25_01_median_v1
ENSG00000142534,RPS11,ribosomal_protein,2818.280029,Treehouse Tumor Compendium 25.01 PolyA median TPM,treehouse_polya_25_01_median_v1
ENSG00000235544,RPS11P1,ribosomal_protein,0.0,Treehouse Tumor Compendium 25.01 PolyA median TPM,treehouse_polya_25_01_median_v1
ENSG00000232888,RPS11P5,ribosomal_protein,1.030068,Treehouse Tumor Compendium 25.01 PolyA median TPM,treehouse_polya_25_01_median_v1
ENSG00000214047,RPS11P7,ribosomal_protein,0.0,Treehouse Tumor Compendium 25.01 PolyA median TPM,treehouse_polya_25_01_median_v1
ENSG00000112306,RPS12,ribosomal_protein,1660.612305,Treehouse Tumor Compendium 25.01 PolyA median TPM,treehouse_polya_25_01_median_v1
ENSG00000225147,RPS12P10,ribosomal_protein,0.0,Treehouse Tumor Compendium 25.01 PolyA median TPM,treehouse_polya_25_01_median_v1
ENSG00000240724,RPS12P15,ribosomal_protein,0.0,Treehouse Tumor Compendium 25.01 PolyA median TPM,treehouse_polya_25_01_median_v1
ENSG00000215184,RPS12P16,ribosomal_protein,0.0,Treehouse Tumor Compendium 25.01 PolyA median TPM,treehouse_polya_25_01_median_v1
ENSG00000233163,RPS12P17,ribosomal_protein,0.0,Treehouse Tumor Compendium 25.01 PolyA median TPM,treehouse_polya_25_01_median_v1
ENSG00000232965,RPS12P18,ribosomal_protein,0.0,Treehouse Tumor Compendium 25.01 PolyA median TPM,treehouse_polya_25_01_median_v1
ENSG00000234319,RPS12P2,ribosomal_protein,0.0,Treehouse Tumor Compendium 25.01 PolyA median TPM,treehouse_polya_25_01_median_v1
ENSG00000244134,RPS12P20,ribosomal_protein,0.0,Treehouse Tumor Compendium 25.01 PolyA median TPM,treehouse_polya_25_01_median_v1
ENSG00000243930,RPS12P21,ribosomal_protein,0.02,Treehouse Tumor Compendium 25.01 PolyA median TPM,treehouse_polya_25_01_median_v1
ENSG00000180172,RPS12P23,ribosomal_protein,0.0,Treehouse Tumor Compendium 25.01 PolyA median TPM,treehouse_polya_25_01_median_v1
ENSG00000230283,RPS12P24,ribosomal_protein,0.0,Treehouse Tumor Compendium 25.01 PolyA median TPM,treehouse_polya_25_01_median_v1
ENSG00000225193,RPS12P26,ribosomal_protein,0.250107,Treehouse Tumor Compendium 25.01 PolyA median TPM,treehouse_polya_25_01_median_v1
ENSG00000240435,RPS12P27,ribosomal_protein,0.0,Treehouse Tumor Compendium 25.01 PolyA median TPM,treehouse_polya_25_01_median_v1
ENSG00000240494,RPS12P28,ribosomal_protein,0.120102,Treehouse Tumor Compendium 25.01 PolyA median TPM,treehouse_polya_25_01_median_v1
ENSG00000232713,RPS12P3,ribosomal_protein,0.0,Treehouse Tumor Compendium 25.01 PolyA median TPM,treehouse_polya_25_01_median_v1
ENSG00000242325,RPS12P31,ribosomal_protein,0.02,Treehouse Tumor Compendium 25.01 PolyA median TPM,treehouse_polya_25_01_median_v1
ENSG00000236533,RPS12P4,ribosomal_protein,0.0,Treehouse Tumor Compendium 25.01 PolyA median TPM,treehouse_polya_25_01_median_v1
ENSG00000226216,RPS12P5,ribosomal_protein,0.0,Treehouse Tumor Compendium 25.01 PolyA median TPM,treehouse_polya_25_01_median_v1
ENSG00000240752,RPS12P6,ribosomal_protein,0.0,Treehouse Tumor Compendium 25.01 PolyA median TPM,treehouse_polya_25_01_median_v1
ENSG00000243314,RPS12P7,ribosomal_protein,0.0,Treehouse Tumor Compendium 25.01 PolyA median TPM,treehouse_polya_25_01_median_v1
ENSG00000110700,RPS13,ribosomal_protein,1057.321777,Treehouse Tumor Compendium 25.01 PolyA median TPM,treehouse_polya_25_01_median_v1
ENSG00000228929,RPS13P2,ribosomal_protein,0.880092,Treehouse Tumor Compendium 25.01 PolyA median TPM,treehouse_polya_25_01_median_v1
ENSG00000236913,RPS13P3,ribosomal_protein,0.0,Treehouse Tumor Compendium 25.01 PolyA median TPM,treehouse_polya_25_01_median_v1
ENSG00000238111,RPS13P4,ribosomal_protein,0.0,Treehouse Tumor Compendium 25.01 PolyA median TPM,treehouse_polya_25_01_median_v1
ENSG00000237953,RPS13P5,ribosomal_protein,0.0,Treehouse Tumor Compendium 25.01 PolyA median TPM,treehouse_polya_25_01_median_v1
ENSG00000164587,RPS14,ribosomal_protein,1255.719849,Treehouse Tumor Compendium 25.01 PolyA median TPM,treehouse_polya_25_01_median_v1
ENSG00000226928,RPS14P4,ribosomal_protein,0.0,Treehouse Tumor Compendium 25.01 PolyA median TPM,treehouse_polya_25_01_median_v1
ENSG00000225933,RPS14P5,ribosomal_protein,0.0,Treehouse Tumor Compendium 25.01 PolyA median TPM,treehouse_polya_25_01_median_v1
ENSG00000242635,RPS14P7,ribosomal_protein,0.0,Treehouse Tumor Compendium 25.01 PolyA median TPM,treehouse_polya_25_01_median_v1
ENSG00000239528,RPS14P8,ribosomal_protein,0.090099,Treehouse Tumor Compendium 25.01 PolyA median TPM,treehouse_polya_25_01_median_v1
ENSG00000115268,RPS15,ribosomal_protein,1428.810669,Treehouse Tumor Compendium 25.01 PolyA median TPM,treehouse_polya_25_01_median_v1
ENSG00000134419,RPS15A,ribosomal_protein,1728.972778,Treehouse Tumor Compendium 25.01 PolyA median TPM,treehouse_polya_25_01_median_v1
ENSG00000214535,RPS15AP1,ribosomal_protein,1.560132,Treehouse Tumor Compendium 25.01 PolyA median TPM,treehouse_polya_25_01_median_v1
ENSG00000225447,RPS15AP10,ribosomal_protein,0.330099,Treehouse Tumor Compendium 25.01 PolyA median TPM,treehouse_polya_25_01_median_v1
ENSG00000234093,RPS15AP11,ribosomal_protein,0.2,Treehouse Tumor Compendium 25.01 PolyA median TPM,treehouse_polya_25_01_median_v1
ENSG00000232134,RPS15AP12,ribosomal_protein,0.670107,Treehouse Tumor Compendium 25.01 PolyA median TPM,treehouse_polya_25_01_median_v1
ENSG00000228568,RPS15AP13,ribosomal_protein,0.0,Treehouse Tumor Compendium 25.01 PolyA median TPM,treehouse_polya_25_01_median_v1
ENSG00000233131,RPS15AP14,ribosomal_protein,0.0,Treehouse Tumor Compendium 25.01 PolyA median TPM,treehouse_polya_25_01_median_v1
ENSG00000223739,RPS15AP15,ribosomal_protein,0.0,Treehouse Tumor Compendium 25.01 PolyA median TPM,treehouse_polya_25_01_median_v1
ENSG00000239483,RPS15AP16,ribosomal_protein,0.120102,Treehouse Tumor Compendium 25.01 PolyA median TPM,treehouse_polya_25_01_median_v1
ENSG00000225405,RPS15AP17,ribosomal_protein,0.0,Treehouse Tumor Compendium 25.01 PolyA median TPM,treehouse_polya_25_01_median_v1
ENSG00000242979,RPS15AP18,ribosomal_protein,0.0,Treehouse Tumor Compendium 25.01 PolyA median TPM,treehouse_polya_25_01_median_v1
ENSG00000241511,RPS15AP24,ribosomal_protein,0.160096,Treehouse Tumor Compendium 25.01 PolyA median TPM,treehouse_polya_25_01_median_v1
ENSG00000236191,RPS15AP25,ribosomal_protein,0.0,Treehouse Tumor Compendium 25.01 PolyA median TPM,treehouse_polya_25_01_median_v1
ENSG00000236783,RPS15AP27,ribosomal_protein,0.0,Treehouse Tumor Compendium 25.01 PolyA median TPM,treehouse_polya_25_01_median_v1
ENSG00000229197,RPS15AP28,ribosomal_protein,0.0,Treehouse Tumor Compendium 25.01 PolyA median TPM,treehouse_polya_25_01_median_v1
ENSG00000237827,RPS15AP29,ribosomal_protein,0.0,Treehouse Tumor Compendium 25.01 PolyA median TPM,treehouse_polya_25_01_median_v1
ENSG00000214903,RPS15AP3,ribosomal_protein,0.0,Treehouse Tumor Compendium 25.01 PolyA median TPM,treehouse_polya_25_01_median_v1
ENSG00000227560,RPS15AP30,ribosomal_protein,0.0,Treehouse Tumor Compendium 25.01 PolyA median TPM,treehouse_polya_25_01_median_v1
ENSG00000242461,RPS15AP32,ribosomal_protein,0.0,Treehouse Tumor Compendium 25.01 PolyA median TPM,treehouse_polya_25_01_median_v1
ENSG00000241808,RPS15AP34,ribosomal_protein,0.0,Treehouse Tumor Compendium 25.01 PolyA median TPM,treehouse_polya_25_01_median_v1
ENSG00000213013,RPS15AP36,ribosomal_protein,0.180105,Treehouse Tumor Compendium 25.01 PolyA median TPM,treehouse_polya_25_01_median_v1
ENSG00000237668,RPS15AP38,ribosomal_protein,0.150098,Treehouse Tumor Compendium 25.01 PolyA median TPM,treehouse_polya_25_01_median_v1
ENSG00000229822,RPS15AP39,ribosomal_protein,0.0,Treehouse Tumor Compendium 25.01 PolyA median TPM,treehouse_polya_25_01_median_v1
ENSG00000233921,RPS15AP40,ribosomal_protein,0.0,Treehouse Tumor Compendium 25.01 PolyA median TPM,treehouse_polya_25_01_median_v1
ENSG00000223540,RPS15AP5,ribosomal_protein,0.0,Treehouse Tumor Compendium 25.01 PolyA median TPM,treehouse_polya_25_01_median_v1
ENSG00000233072,RPS15AP6,ribosomal_protein,0.0,Treehouse Tumor Compendium 25.01 PolyA median TPM,treehouse_polya_25_01_median_v1
ENSG00000234088,RPS15AP7,ribosomal_protein,0.0,Treehouse Tumor Compendium 25.01 PolyA median TPM,treehouse_polya_25_01_median_v1
ENSG00000228453,RPS15AP9,ribosomal_protein,0.0,Treehouse Tumor Compendium 25.01 PolyA median TPM,treehouse_polya_25_01_median_v1
ENSG00000233762,RPS15P4,ribosomal_protein,0.0,Treehouse Tumor Compendium 25.01 PolyA median TPM,treehouse_polya_25_01_median_v1
ENSG00000229806,RPS15P5,ribosomal_protein,0.090099,Treehouse Tumor Compendium 25.01 PolyA median TPM,treehouse_polya_25_01_median_v1
ENSG00000240846,RPS15P9,ribosomal_protein,0.0,Treehouse Tumor Compendium 25.01 PolyA median TPM,treehouse_polya_25_01_median_v1
ENSG00000105193,RPS16,ribosomal_protein,1847.039551,Treehouse Tumor Compendium 25.01 PolyA median TPM,treehouse_polya_25_01_median_v1
ENSG00000213729,RPS16P2,ribosomal_protein,0.0,Treehouse Tumor Compendium 25.01 PolyA median TPM,treehouse_polya_25_01_median_v1
ENSG00000233329,RPS16P3,ribosomal_protein,0.0,Treehouse Tumor Compendium 25.01 PolyA median TPM,treehouse_polya_25_01_median_v1
ENSG00000231449,RPS16P4,ribosomal_protein,0.0,Treehouse Tumor Compendium 25.01 PolyA median TPM,treehouse_polya_25_01_median_v1
ENSG00000217527,RPS16P5,ribosomal_protein,0.0,Treehouse Tumor Compendium 25.01 PolyA median TPM,treehouse_polya_25_01_median_v1
ENSG00000213664,RPS16P8,ribosomal_protein,0.0,Treehouse Tumor Compendium 25.01 PolyA median TPM,treehouse_polya_25_01_median_v1
ENSG00000242675,RPS16P9,ribosomal_protein,0.0,Treehouse Tumor Compendium 25.01 PolyA median TPM,treehouse_polya_25_01_median_v1
ENSG00000182774,RPS17,ribosomal_protein,1738.706787,Treehouse Tumor Compendium 25.01 PolyA median TPM,treehouse_polya_25_01_median_v1
ENSG00000278229,RPS17,ribosomal_protein,1738.706787,Treehouse Tumor Compendium 25.01 PolyA median TPM,treehouse_polya_25_01_median_v1
ENSG00000213900,RPS17P1,ribosomal_protein,0.0,Treehouse Tumor Compendium 25.01 PolyA median TPM,treehouse_polya_25_01_median_v1
ENSG00000223376,RPS17P1,ribosomal_protein,0.0,Treehouse Tumor Compendium 25.01 PolyA median TPM,treehouse_polya_25_01_median_v1
ENSG00000223769,RPS17P1,ribosomal_protein,0.0,Treehouse Tumor Compendium 25.01 PolyA median TPM,treehouse_polya_25_01_median_v1
ENSG00000228840,RPS17P1,ribosomal_protein,0.0,Treehouse Tumor Compendium 25.01 PolyA median TPM,treehouse_polya_25_01_median_v1
ENSG00000229439,RPS17P1,ribosomal_protein,0.0,Treehouse Tumor Compendium 25.01 PolyA median TPM,treehouse_polya_25_01_median_v1
ENSG00000231000,RPS17P1,ribosomal_protein,0.0,Treehouse Tumor Compendium 25.01 PolyA median TPM,treehouse_polya_25_01_median_v1
ENSG00000232302,RPS17P1,ribosomal_protein,0.0,Treehouse Tumor Compendium 25.01 PolyA median TPM,treehouse_polya_25_01_median_v1
ENSG00000232974,RPS17P1,ribosomal_protein,0.0,Treehouse Tumor Compendium 25.01 PolyA median TPM,treehouse_polya_25_01_median_v1
ENSG00000235110,RPS17P10,ribosomal_protein,0.0,Treehouse Tumor Compendium 25.01 PolyA median TPM,treehouse_polya_25_01_median_v1
ENSG00000244621,RPS17P11,ribosomal_protein,0.0,Treehouse Tumor Compendium 25.01 PolyA median TPM,treehouse_polya_25_01_median_v1
ENSG00000224706,RPS17P13,ribosomal_protein,0.0,Treehouse Tumor Compendium 25.01 PolyA median TPM,treehouse_polya_25_01_median_v1
ENSG00000243287,RPS17P14,ribosomal_protein,0.0,Treehouse Tumor Compendium 25.01 PolyA median TPM,treehouse_polya_25_01_median_v1
ENSG00000239354,RPS17P15,ribosomal_protein,0.0,Treehouse Tumor Compendium 25.01 PolyA median TPM,treehouse_polya_25_01_median_v1
ENSG00000225758,RPS17P17,ribosomal_protein,0.0,Treehouse Tumor Compendium 25.01 PolyA median TPM,treehouse_polya_25_01_median_v1
ENSG00000197575,RPS17P2,ribosomal_protein,0.0,Treehouse Tumor Compendium 25.01 PolyA median TPM,treehouse_polya_25_01_median_v1
ENSG00000060303,RPS17P5,ribosomal_protein,0.0,Treehouse Tumor Compendium 25.01 PolyA median TPM,treehouse_polya_25_01_median_v1
ENSG00000232723,RPS17P7,ribosomal_protein,0.0,Treehouse Tumor Compendium 25.01 PolyA median TPM,treehouse_polya_25_01_median_v1
ENSG00000226242,RPS17P8,ribosomal_protein,0.0,Treehouse Tumor Compendium 25.01 PolyA median TPM,treehouse_polya_25_01_median_v1
ENSG00000248459,RPS17P9,ribosomal_protein,0.0,Treehouse Tumor Compendium 25.01 PolyA median TPM,treehouse_polya_25_01_median_v1
ENSG00000096150,RPS18,ribosomal_protein,3439.777588,Treehouse Tumor Compendium 25.01 PolyA median TPM,treehouse_polya_25_01_median_v1
ENSG00000223367,RPS18,ribosomal_protein,3439.777588,Treehouse Tumor Compendium 25.01 PolyA median TPM,treehouse_polya_25_01_median_v1
ENSG00000226225,RPS18,ribosomal_protein,3439.777588,Treehouse Tumor Compendium 25.01 PolyA median TPM,treehouse_polya_25_01_median_v1
ENSG00000227794,RPS18,ribosomal_protein,3439.777588,Treehouse Tumor Compendium 25.01 PolyA median TPM,treehouse_polya_25_01_median_v1
ENSG00000231500,RPS18,ribosomal_protein,3439.777588,Treehouse Tumor Compendium 25.01 PolyA median TPM,treehouse_polya_25_01_median_v1
ENSG00000235650,RPS18,ribosomal_protein,3439.777588,Treehouse Tumor Compendium 25.01 PolyA median TPM,treehouse_polya_25_01_median_v1
ENSG00000225831,RPS18P1,ribosomal_protein,0.0,Treehouse Tumor Compendium 25.01 PolyA median TPM,treehouse_polya_25_01_median_v1
ENSG00000230897,RPS18P12,ribosomal_protein,0.32009,Treehouse Tumor Compendium 25.01 PolyA median TPM,treehouse_polya_25_01_median_v1
ENSG00000243455,RPS18P13,ribosomal_protein,0.0,Treehouse Tumor Compendium 25.01 PolyA median TPM,treehouse_polya_25_01_median_v1
ENSG00000242299,RPS18P5,ribosomal_protein,0.0,Treehouse Tumor Compendium 25.01 PolyA median TPM,treehouse_polya_25_01_median_v1
ENSG00000244048,RPS18P6,ribosomal_protein,0.0,Treehouse Tumor Compendium 25.01 PolyA median TPM,treehouse_polya_25_01_median_v1
ENSG00000217030,RPS18P8,ribosomal_protein,0.0,Treehouse Tumor Compendium 25.01 PolyA median TPM,treehouse_polya_25_01_median_v1
ENSG00000220848,RPS18P9,ribosomal_protein,2.830077,Treehouse Tumor Compendium 25.01 PolyA median TPM,treehouse_polya_25_01_median_v1
ENSG00000105372,RPS19,ribosomal_protein,2445.814697,Treehouse Tumor Compendium 25.01 PolyA median TPM,treehouse_polya_25_01_median_v1
ENSG00000187051,RPS19BP1,ribosomal_protein,72.997856,Treehouse Tumor Compendium 25.01 PolyA median TPM,treehouse_polya_25_01_median_v1
ENSG00000214612,RPS19P1,ribosomal_protein,0.0,Treehouse Tumor Compendium 25.01 PolyA median TPM,treehouse_polya_25_01_median_v1
ENSG00000240463,RPS19P3,ribosomal_protein,0.220097,Treehouse Tumor Compendium 25.01 PolyA median TPM,treehouse_polya_25_01_median_v1
ENSG00000234637,RPS19P6,ribosomal_protein,0.0,Treehouse Tumor Compendium 25.01 PolyA median TPM,treehouse_polya_25_01_median_v1
ENSG00000228462,RPS19P7,ribosomal_protein,0.0,Treehouse Tumor Compendium 25.01 PolyA median TPM,treehouse_polya_25_01_median_v1
ENSG00000140988,RPS2,ribosomal_protein,2386.199951,Treehouse Tumor Compendium 25.01 PolyA median TPM,treehouse_polya_25_01_median_v1
ENSG00000008988,RPS20,ribosomal_protein,1963.484009,Treehouse Tumor Compendium 25.01 PolyA median TPM,treehouse_polya_25_01_median_v1
ENSG00000229761,RPS20P1,ribosomal_protein,0.0,Treehouse Tumor Compendium 25.01 PolyA median TPM,treehouse_polya_25_01_median_v1
ENSG00000233971,RPS20P10,ribosomal_protein,0.0,Treehouse Tumor Compendium 25.01 PolyA median TPM,treehouse_polya_25_01_median_v1
ENSG00000237784,RPS20P12,ribosomal_protein,0.0,Treehouse Tumor Compendium 25.01 PolyA median TPM,treehouse_polya_25_01_median_v1
ENSG00000228848,RPS20P13,ribosomal_protein,0.0,Treehouse Tumor Compendium 25.01 PolyA median TPM,treehouse_polya_25_01_median_v1
ENSG00000223803,RPS20P14,ribosomal_protein,0.880092,Treehouse Tumor Compendium 25.01 PolyA median TPM,treehouse_polya_25_01_median_v1
ENSG00000227523,RPS20P15,ribosomal_protein,0.0,Treehouse Tumor Compendium 25.01 PolyA median TPM,treehouse_polya_25_01_median_v1
ENSG00000219274,RPS20P2,ribosomal_protein,0.0,Treehouse Tumor Compendium 25.01 PolyA median TPM,treehouse_polya_25_01_median_v1
ENSG00000241942,RPS20P20,ribosomal_protein,0.0,Treehouse Tumor Compendium 25.01 PolyA median TPM,treehouse_polya_25_01_median_v1
ENSG00000244295,RPS20P21,ribosomal_protein,0.0,Treehouse Tumor Compendium 25.01 PolyA median TPM,treehouse_polya_25_01_median_v1
ENSG00000239218,RPS20P22,ribosomal_protein,0.210098,Treehouse Tumor Compendium 25.01 PolyA median TPM,treehouse_polya_25_01_median_v1
ENSG00000242399,RPS20P23,ribosomal_protein,0.0,Treehouse Tumor Compendium 25.01 PolyA median TPM,treehouse_polya_25_01_median_v1
ENSG00000236862,RPS20P24,ribosomal_protein,0.0,Treehouse Tumor Compendium 25.01 PolyA median TPM,treehouse_polya_25_01_median_v1
ENSG00000228375,RPS20P25,ribosomal_protein,0.0,Treehouse Tumor Compendium 25.01 PolyA median TPM,treehouse_polya_25_01_median_v1
ENSG00000240925,RPS20P31,ribosomal_protein,0.0,Treehouse Tumor Compendium 25.01 PolyA median TPM,treehouse_polya_25_01_median_v1
ENSG00000218198,RPS20P32,ribosomal_protein,0.0,Treehouse Tumor Compendium 25.01 PolyA median TPM,treehouse_polya_25_01_median_v1
ENSG00000242085,RPS20P33,ribosomal_protein,0.620115,Treehouse Tumor Compendium 25.01 PolyA median TPM,treehouse_polya_25_01_median_v1
ENSG00000241907,RPS20P4,ribosomal_protein,0.100098,Treehouse Tumor Compendium 25.01 PolyA median TPM,treehouse_polya_25_01_median_v1
ENSG00000236888,RPS20P5,ribosomal_protein,0.0,Treehouse Tumor Compendium 25.01 PolyA median TPM,treehouse_polya_25_01_median_v1
ENSG00000237162,RPS20P9,ribosomal_protein,0.0,Treehouse Tumor Compendium 25.01 PolyA median TPM,treehouse_polya_25_01_median_v1
ENSG00000171858,RPS21,ribosomal_protein,2050.209717,Treehouse Tumor Compendium 25.01 PolyA median TPM,treehouse_polya_25_01_median_v1
ENSG00000229795,RPS21P1,ribosomal_protein,0.34009,Treehouse Tumor Compendium 25.01 PolyA median TPM,treehouse_polya_25_01_median_v1
ENSG00000282862,RPS21P1,ribosomal_protein,0.34009,Treehouse Tumor Compendium 25.01 PolyA median TPM,treehouse_polya_25_01_median_v1
ENSG00000230353,RPS21P2,ribosomal_protein,0.0,Treehouse Tumor Compendium 25.01 PolyA median TPM,treehouse_polya_25_01_median_v1
ENSG00000242358,RPS21P4,ribosomal_protein,0.0,Treehouse Tumor Compendium 25.01 PolyA median TPM,treehouse_polya_25_01_median_v1
ENSG00000223782,RPS21P8,ribosomal_protein,0.0,Treehouse Tumor Compendium 25.01 PolyA median TPM,treehouse_polya_25_01_median_v1
ENSG00000186468,RPS23,ribosomal_protein,2182.701416,Treehouse Tumor Compendium 25.01 PolyA median TPM,treehouse_polya_25_01_median_v1
ENSG00000243504,RPS23P1,ribosomal_protein,0.0,Treehouse Tumor Compendium 25.01 PolyA median TPM,treehouse_polya_25_01_median_v1
ENSG00000224203,RPS23P10,ribosomal_protein,0.0,Treehouse Tumor Compendium 25.01 PolyA median TPM,treehouse_polya_25_01_median_v1
ENSG00000213448,RPS23P2,ribosomal_protein,0.0,Treehouse Tumor Compendium 25.01 PolyA median TPM,treehouse_polya_25_01_median_v1
ENSG00000244099,RPS23P3,ribosomal_protein,0.0,Treehouse Tumor Compendium 25.01 PolyA median TPM,treehouse_polya_25_01_median_v1
ENSG00000240992,RPS23P4,ribosomal_protein,0.0,Treehouse Tumor Compendium 25.01 PolyA median TPM,treehouse_polya_25_01_median_v1
ENSG00000242608,RPS23P5,ribosomal_protein,0.0,Treehouse Tumor Compendium 25.01 PolyA median TPM,treehouse_polya_25_01_median_v1
ENSG00000241641,RPS23P6,ribosomal_protein,0.0,Treehouse Tumor Compendium 25.01 PolyA median TPM,treehouse_polya_25_01_median_v1
ENSG00000239527,RPS23P7,ribosomal_protein,0.0,Treehouse Tumor Compendium 25.01 PolyA median TPM,treehouse_polya_25_01_median_v1
ENSG00000230629,RPS23P8,ribosomal_protein,13.940001,Treehouse Tumor Compendium 25.01 PolyA median TPM,treehouse_polya_25_01_median_v1
ENSG00000231586,RPS23P9,ribosomal_protein,0.0,Treehouse Tumor Compendium 25.01 PolyA median TPM,treehouse_polya_25_01_median_v1
ENSG00000138326,RPS24,ribosomal_protein,2948.199707,Treehouse Tumor Compendium 25.01 PolyA median TPM,treehouse_polya_25_01_median_v1
ENSG00000236477,RPS24P1,ribosomal_protein,0.0,Treehouse Tumor Compendium 25.01 PolyA median TPM,treehouse_polya_25_01_median_v1
ENSG00000228874,RPS24P10,ribosomal_protein,0.0,Treehouse Tumor Compendium 25.01 PolyA median TPM,treehouse_polya_25_01_median_v1
ENSG00000220237,RPS24P12,ribosomal_protein,0.0,Treehouse Tumor Compendium 25.01 PolyA median TPM,treehouse_polya_25_01_median_v1
ENSG00000233190,RPS24P13,ribosomal_protein,0.0,Treehouse Tumor Compendium 25.01 PolyA median TPM,treehouse_polya_25_01_median_v1
ENSG00000223688,RPS24P14,ribosomal_protein,0.0,Treehouse Tumor Compendium 25.01 PolyA median TPM,treehouse_polya_25_01_median_v1
ENSG00000242634,RPS24P16,ribosomal_protein,0.0,Treehouse Tumor Compendium 25.01 PolyA median TPM,treehouse_polya_25_01_median_v1
ENSG00000243988,RPS24P17,ribosomal_protein,0.0,Treehouse Tumor Compendium 25.01 PolyA median TPM,treehouse_polya_25_01_median_v1
ENSG00000243925,RPS24P18,ribosomal_protein,0.0,Treehouse Tumor Compendium 25.01 PolyA median TPM,treehouse_polya_25_01_median_v1
ENSG00000227008,RPS24P19,ribosomal_protein,0.0,Treehouse Tumor Compendium 25.01 PolyA median TPM,treehouse_polya_25_01_median_v1
ENSG00000230249,RPS24P21,ribosomal_protein,0.0,Treehouse Tumor Compendium 25.01 PolyA median TPM,treehouse_polya_25_01_median_v1
ENSG00000233158,RPS24P6,ribosomal_protein,0.0,Treehouse Tumor Compendium 25.01 PolyA median TPM,treehouse_polya_25_01_median_v1
ENSG00000227361,RPS24P7,ribosomal_protein,0.0,Treehouse Tumor Compendium 25.01 PolyA median TPM,treehouse_polya_25_01_median_v1
ENSG00000224094,RPS24P8,ribosomal_protein,1.450052,Treehouse Tumor Compendium 25.01 PolyA median TPM,treehouse_polya_25_01_median_v1
ENSG00000239804,RPS24P9,ribosomal_protein,0.0,Treehouse Tumor Compendium 25.01 PolyA median TPM,treehouse_polya_25_01_median_v1
ENSG00000118181,RPS25,ribosomal_protein,999.87146,Treehouse Tumor Compendium 25.01 PolyA median TPM,treehouse_polya_25_01_median_v1
ENSG00000280831,RPS25,ribosomal_protein,999.87146,Treehouse Tumor Compendium 25.01 PolyA median TPM,treehouse_polya_25_01_median_v1
ENSG00000233416,RPS25P3,ribosomal_protein,0.0,Treehouse Tumor Compendium 25.01 PolyA median TPM,treehouse_polya_25_01_median_v1
ENSG00000227224,RPS25P4,ribosomal_protein,0.0,Treehouse Tumor Compendium 25.01 PolyA median TPM,treehouse_polya_25_01_median_v1
ENSG00000243822,RPS25P5,ribosomal_protein,0.0,Treehouse Tumor Compendium 25.01 PolyA median TPM,treehouse_polya_25_01_median_v1
ENSG00000218472,RPS25P7,ribosomal_protein,0.0,Treehouse Tumor Compendium 25.01 PolyA median TPM,treehouse_polya_25_01_median_v1
ENSG00000232142,RPS25P9,ribosomal_protein,0.0,Treehouse Tumor Compendium 25.01 PolyA median TPM,treehouse_polya_25_01_median_v1
ENSG00000197728,RPS26,ribosomal_protein,464.9711,Treehouse Tumor Compendium 25.01 PolyA median TPM,treehouse_polya_25_01_median_v1
ENSG00000196933,RPS26P11,ribosomal_protein,0.070102,Treehouse Tumor Compendium 25.01 PolyA median TPM,treehouse_polya_25_01_median_v1
ENSG00000227887,RPS26P13,ribosomal_protein,0.0,Treehouse Tumor Compendium 25.01 PolyA median TPM,treehouse_polya_25_01_median_v1
ENSG00000223416,RPS26P15,ribosomal_protein,0.250107,Treehouse Tumor Compendium 25.01 PolyA median TPM,treehouse_polya_25_01_median_v1
ENSG00000229087,RPS26P18,ribosomal_protein,0.0,Treehouse Tumor Compendium 25.01 PolyA median TPM,treehouse_polya_25_01_median_v1
ENSG00000244563,RPS26P19,ribosomal_protein,0.0,Treehouse Tumor Compendium 25.01 PolyA median TPM,treehouse_polya_25_01_median_v1
ENSG00000233278,RPS26P2,ribosomal_protein,0.0,Treehouse Tumor Compendium 25.01 PolyA median TPM,treehouse_polya_25_01_median_v1
ENSG00000224553,RPS26P20,ribosomal_protein,0.0,Treehouse Tumor Compendium 25.01 PolyA median TPM,treehouse_polya_25_01_median_v1
ENSG00000242829,RPS26P21,ribosomal_protein,0.0,Treehouse Tumor Compendium 25.01 PolyA median TPM,treehouse_polya_25_01_median_v1
ENSG00000242199,RPS26P22,ribosomal_protein,0.0,Treehouse Tumor Compendium 25.01 PolyA median TPM,treehouse_polya_25_01_median_v1
ENSG00000243920,RPS26P24,ribosomal_protein,0.0,Treehouse Tumor Compendium 25.01 PolyA median TPM,treehouse_polya_25_01_median_v1
ENSG00000243538,RPS26P28,ribosomal_protein,0.0,Treehouse Tumor Compendium 25.01 PolyA median TPM,treehouse_polya_25_01_median_v1
ENSG00000219993,RPS26P29,ribosomal_protein,0.0,Treehouse Tumor Compendium 25.01 PolyA median TPM,treehouse_polya_25_01_median_v1
ENSG00000212829,RPS26P3,ribosomal_protein,0.35009,Treehouse Tumor Compendium 25.01 PolyA median TPM,treehouse_polya_25_01_median_v1
ENSG00000282942,RPS26P3,ribosomal_protein,0.35009,Treehouse Tumor Compendium 25.01 PolyA median TPM,treehouse_polya_25_01_median_v1
ENSG00000234839,RPS26P30,ribosomal_protein,0.0,Treehouse Tumor Compendium 25.01 PolyA median TPM,treehouse_polya_25_01_median_v1
ENSG00000235459,RPS26P31,ribosomal_protein,0.22,Treehouse Tumor Compendium 25.01 PolyA median TPM,treehouse_polya_25_01_median_v1
ENSG00000240427,RPS26P34,ribosomal_protein,0.0,Treehouse Tumor Compendium 25.01 PolyA median TPM,treehouse_polya_25_01_median_v1
ENSG00000242206,RPS26P35,ribosomal_protein,0.0,Treehouse Tumor Compendium 25.01 PolyA median TPM,treehouse_polya_25_01_median_v1
ENSG00000234192,RPS26P38,ribosomal_protein,0.0,Treehouse Tumor Compendium 25.01 PolyA median TPM,treehouse_polya_25_01_median_v1
ENSG00000227586,RPS26P39,ribosomal_protein,0.0,Treehouse Tumor Compendium 25.01 PolyA median TPM,treehouse_polya_25_01_median_v1
ENSG00000228349,RPS26P4,ribosomal_protein,0.0,Treehouse Tumor Compendium 25.01 PolyA median TPM,treehouse_polya_25_01_median_v1
ENSG00000231366,RPS26P40,ribosomal_protein,0.0,Treehouse Tumor Compendium 25.01 PolyA median TPM,treehouse_polya_25_01_median_v1
ENSG00000237139,RPS26P41,ribosomal_protein,0.0,Treehouse Tumor Compendium 25.01 PolyA median TPM,treehouse_polya_25_01_median_v1
ENSG00000232437,RPS26P42,ribosomal_protein,0.0,Treehouse Tumor Compendium 25.01 PolyA median TPM,treehouse_polya_25_01_median_v1
ENSG00000244641,RPS26P43,ribosomal_protein,0.0,Treehouse Tumor Compendium 25.01 PolyA median TPM,treehouse_polya_25_01_median_v1
ENSG00000241765,RPS26P45,ribosomal_protein,0.0,Treehouse Tumor Compendium 25.01 PolyA median TPM,treehouse_polya_25_01_median_v1
ENSG00000234354,RPS26P47,ribosomal_protein,0.34009,Treehouse Tumor Compendium 25.01 PolyA median TPM,treehouse_polya_25_01_median_v1
ENSG00000239438,RPS26P48,ribosomal_protein,0.0,Treehouse Tumor Compendium 25.01 PolyA median TPM,treehouse_polya_25_01_median_v1
ENSG00000239365,RPS26P49,ribosomal_protein,0.0,Treehouse Tumor Compendium 25.01 PolyA median TPM,treehouse_polya_25_01_median_v1
ENSG00000224602,RPS26P5,ribosomal_protein,0.0,Treehouse Tumor Compendium 25.01 PolyA median TPM,treehouse_polya_25_01_median_v1
ENSG00000242307,RPS26P52,ribosomal_protein,0.0,Treehouse Tumor Compendium 25.01 PolyA median TPM,treehouse_polya_25_01_median_v1
ENSG00000224161,RPS26P54,ribosomal_protein,0.0,Treehouse Tumor Compendium 25.01 PolyA median TPM,treehouse_polya_25_01_median_v1
ENSG00000239210,RPS26P55,ribosomal_protein,0.0,Treehouse Tumor Compendium 25.01 PolyA median TPM,treehouse_polya_25_01_median_v1
ENSG00000226339,RPS26P56,ribosomal_protein,0.0,Treehouse Tumor Compendium 25.01 PolyA median TPM,treehouse_polya_25_01_median_v1
ENSG00000236880,RPS26P57,ribosomal_protein,0.0,Treehouse Tumor Compendium 25.01 PolyA median TPM,treehouse_polya_25_01_median_v1
ENSG00000225071,RPS26P58,ribosomal_protein,0.0,Treehouse Tumor Compendium 25.01 PolyA median TPM,treehouse_polya_25_01_median_v1
ENSG00000212994,RPS26P6,ribosomal_protein,0.680087,Treehouse Tumor Compendium 25.01 PolyA median TPM,treehouse_polya_25_01_median_v1
ENSG00000204652,RPS26P8,ribosomal_protein,0.190094,Treehouse Tumor Compendium 25.01 PolyA median TPM,treehouse_polya_25_01_median_v1
ENSG00000282238,RPS26P8,ribosomal_protein,0.190094,Treehouse Tumor Compendium 25.01 PolyA median TPM,treehouse_polya_25_01_median_v1
ENSG00000177954,RPS27,ribosomal_protein,4694.529297,Treehouse Tumor Compendium 25.01 PolyA median TPM,treehouse_polya_25_01_median_v1
ENSG00000143947,RPS27A,ribosomal_protein,1359.559692,Treehouse Tumor Compendium 25.01 PolyA median TPM,treehouse_polya_25_01_median_v1
ENSG00000242692,RPS27AP1,ribosomal_protein,0.0,Treehouse Tumor Compendium 25.01 PolyA median TPM,treehouse_polya_25_01_median_v1
ENSG00000240974,RPS27AP10,ribosomal_protein,0.0,Treehouse Tumor Compendium 25.01 PolyA median TPM,treehouse_polya_25_01_median_v1
ENSG00000218208,RPS27AP11,ribosomal_protein,0.0,Treehouse Tumor Compendium 25.01 PolyA median TPM,treehouse_polya_25_01_median_v1
ENSG00000225224,RPS27AP12,ribosomal_protein,0.0,Treehouse Tumor Compendium 25.01 PolyA median TPM,treehouse_polya_25_01_median_v1
ENSG00000244159,RPS27AP13,ribosomal_protein,0.0,Treehouse Tumor Compendium 25.01 PolyA median TPM,treehouse_polya_25_01_median_v1
ENSG00000236594,RPS27AP14,ribosomal_protein,0.0,Treehouse Tumor Compendium 25.01 PolyA median TPM,treehouse_polya_25_01_median_v1
ENSG00000229753,RPS27AP15,ribosomal_protein,0.0,Treehouse Tumor Compendium 25.01 PolyA median TPM,treehouse_polya_25_01_median_v1
ENSG00000224631,RPS27AP16,ribosomal_protein,0.0,Treehouse Tumor Compendium 25.01 PolyA median TPM,treehouse_polya_25_01_median_v1
ENSG00000237490,RPS27AP17,ribosomal_protein,0.0,Treehouse Tumor Compendium 25.01 PolyA median TPM,treehouse_polya_25_01_median_v1
ENSG00000249851,RPS27AP18,ribosomal_protein,0.0,Treehouse Tumor Compendium 25.01 PolyA median TPM,treehouse_polya_25_01_median_v1
ENSG00000269228,RPS27AP19,ribosomal_protein,0.0,Treehouse Tumor Compendium 25.01 PolyA median TPM,treehouse_polya_25_01_median_v1
ENSG00000232333,RPS27AP2,ribosomal_protein,0.0,Treehouse Tumor Compendium 25.01 PolyA median TPM,treehouse_polya_25_01_median_v1
ENSG00000182888,RPS27AP20,ribosomal_protein,0.0,Treehouse Tumor Compendium 25.01 PolyA median TPM,treehouse_polya_25_01_median_v1
ENSG00000226144,RPS27AP3,ribosomal_protein,0.0,Treehouse Tumor Compendium 25.01 PolyA median TPM,treehouse_polya_25_01_median_v1
ENSG00000231767,RPS27AP5,ribosomal_protein,0.0,Treehouse Tumor Compendium 25.01 PolyA median TPM,treehouse_polya_25_01_median_v1
ENSG00000224800,RPS27AP6,ribosomal_protein,0.0,Treehouse Tumor Compendium 25.01 PolyA median TPM,treehouse_polya_25_01_median_v1
ENSG00000236549,RPS27AP7,ribosomal_protein,0.0,Treehouse Tumor Compendium 25.01 PolyA median TPM,treehouse_polya_25_01_median_v1
ENSG00000237483,RPS27AP8,ribosomal_protein,0.0,Treehouse Tumor Compendium 25.01 PolyA median TPM,treehouse_polya_25_01_median_v1
ENSG00000242706,RPS27AP9,ribosomal_protein,0.0,Treehouse Tumor Compendium 25.01 PolyA median TPM,treehouse_polya_25_01_median_v1
ENSG00000185088,RPS27L,ribosomal_protein,106.240364,Treehouse Tumor Compendium 25.01 PolyA median TPM,treehouse_polya_25_01_median_v1
ENSG00000223876,RPS27P1,ribosomal_protein,0.0,Treehouse Tumor Compendium 25.01 PolyA median TPM,treehouse_polya_25_01_median_v1
ENSG00000231017,RPS27P10,ribosomal_protein,0.0,Treehouse Tumor Compendium 25.01 PolyA median TPM,treehouse_polya_25_01_median_v1
ENSG00000223968,RPS27P11,ribosomal_protein,0.0,Treehouse Tumor Compendium 25.01 PolyA median TPM,treehouse_polya_25_01_median_v1
ENSG00000241673,RPS27P12,ribosomal_protein,0.0,Treehouse Tumor Compendium 25.01 PolyA median TPM,treehouse_polya_25_01_median_v1
ENSG00000244538,RPS27P13,ribosomal_protein,0.0,Treehouse Tumor Compendium 25.01 PolyA median TPM,treehouse_polya_25_01_median_v1
ENSG00000244717,RPS27P14,ribosomal_protein,0.0,Treehouse Tumor Compendium 25.01 PolyA median TPM,treehouse_polya_25_01_median_v1
ENSG00000274567,RPS27P14,ribosomal_protein,0.0,Treehouse Tumor Compendium 25.01 PolyA median TPM,treehouse_polya_25_01_median_v1
ENSG00000218459,RPS27P15,ribosomal_protein,0.0,Treehouse Tumor Compendium 25.01 PolyA median TPM,treehouse_polya_25_01_median_v1
ENSG00000225907,RPS27P16,ribosomal_protein,0.0,Treehouse Tumor Compendium 25.01 PolyA median TPM,treehouse_polya_25_01_median_v1
ENSG00000237729,RPS27P17,ribosomal_protein,0.0,Treehouse Tumor Compendium 25.01 PolyA median TPM,treehouse_polya_25_01_median_v1
ENSG00000233135,RPS27P18,ribosomal_protein,0.0,Treehouse Tumor Compendium 25.01 PolyA median TPM,treehouse_polya_25_01_median_v1
ENSG00000234268,RPS27P19,ribosomal_protein,0.0,Treehouse Tumor Compendium 25.01 PolyA median TPM,treehouse_polya_25_01_median_v1
ENSG00000242088,RPS27P2,ribosomal_protein,0.0,Treehouse Tumor Compendium 25.01 PolyA median TPM,treehouse_polya_25_01_median_v1
ENSG00000240121,RPS27P20,ribosomal_protein,0.0,Treehouse Tumor Compendium 25.01 PolyA median TPM,treehouse_polya_25_01_median_v1
ENSG00000240759,RPS27P21,ribosomal_protein,0.0,Treehouse Tumor Compendium 25.01 PolyA median TPM,treehouse_polya_25_01_median_v1
ENSG00000241451,RPS27P22,ribosomal_protein,0.0,Treehouse Tumor Compendium 25.01 PolyA median TPM,treehouse_polya_25_01_median_v1
ENSG00000239413,RPS27P23,ribosomal_protein,0.0,Treehouse Tumor Compendium 25.01 PolyA median TPM,treehouse_polya_25_01_median_v1
ENSG00000240027,RPS27P24,ribosomal_protein,0.0,Treehouse Tumor Compendium 25.01 PolyA median TPM,treehouse_polya_25_01_median_v1
ENSG00000239881,RPS27P25,ribosomal_protein,0.0,Treehouse Tumor Compendium 25.01 PolyA median TPM,treehouse_polya_25_01_median_v1
ENSG00000240043,RPS27P26,ribosomal_protein,0.0,Treehouse Tumor Compendium 25.01 PolyA median TPM,treehouse_polya_25_01_median_v1
ENSG00000244043,RPS27P27,ribosomal_protein,0.0,Treehouse Tumor Compendium 25.01 PolyA median TPM,treehouse_polya_25_01_median_v1
ENSG00000243355,RPS27P28,ribosomal_protein,0.0,Treehouse Tumor Compendium 25.01 PolyA median TPM,treehouse_polya_25_01_median_v1
ENSG00000240231,RPS27P29,ribosomal_protein,0.0,Treehouse Tumor Compendium 25.01 PolyA median TPM,treehouse_polya_25_01_median_v1
ENSG00000227081,RPS27P3,ribosomal_protein,0.0,Treehouse Tumor Compendium 25.01 PolyA median TPM,treehouse_polya_25_01_median_v1
ENSG00000270285,RPS27P30,ribosomal_protein,0.0,Treehouse Tumor Compendium 25.01 PolyA median TPM,treehouse_polya_25_01_median_v1
ENSG00000234287,RPS27P4,ribosomal_protein,0.0,Treehouse Tumor Compendium 25.01 PolyA median TPM,treehouse_polya_25_01_median_v1
ENSG00000238183,RPS27P5,ribosomal_protein,0.0,Treehouse Tumor Compendium 25.01 PolyA median TPM,treehouse_polya_25_01_median_v1
ENSG00000228665,RPS27P6,ribosomal_protein,0.0,Treehouse Tumor Compendium 25.01 PolyA median TPM,treehouse_polya_25_01_median_v1
ENSG00000225591,RPS27P7,ribosomal_protein,0.0,Treehouse Tumor Compendium 25.01 PolyA median TPM,treehouse_polya_25_01_median_v1
ENSG00000236439,RPS27P8,ribosomal_protein,0.0,Treehouse Tumor Compendium 25.01 PolyA median TPM,treehouse_polya_25_01_median_v1
ENSG00000237749,RPS27P9,ribosomal_protein,0.0,Treehouse Tumor Compendium 25.01 PolyA median TPM,treehouse_polya_25_01_median_v1
ENSG00000233927,RPS28,ribosomal_protein,833.476807,Treehouse Tumor Compendium 25.01 PolyA median TPM,treehouse_polya_25_01_median_v1
ENSG00000270912,RPS28P1,ribosomal_protein,0.0,Treehouse Tumor Compendium 25.01 PolyA median TPM,treehouse_polya_25_01_median_v1
ENSG00000237039,RPS28P4,ribosomal_protein,0.0,Treehouse Tumor Compendium 25.01 PolyA median TPM,treehouse_polya_25_01_median_v1
ENSG00000224646,RPS28P5,ribosomal_protein,0.0,Treehouse Tumor Compendium 25.01 PolyA median TPM,treehouse_polya_25_01_median_v1
ENSG00000227097,RPS28P7,ribosomal_protein,798.748779,Treehouse Tumor Compendium 25.01 PolyA median TPM,treehouse_polya_25_01_median_v1
ENSG00000226093,RPS28P8,ribosomal_protein,0.0,Treehouse Tumor Compendium 25.01 PolyA median TPM,treehouse_polya_25_01_median_v1
ENSG00000213741,RPS29,ribosomal_protein,2963.321777,Treehouse Tumor Compendium 25.01 PolyA median TPM,treehouse_polya_25_01_median_v1
ENSG00000242293,RPS29P1,ribosomal_protein,0.0,Treehouse Tumor Compendium 25.01 PolyA median TPM,treehouse_polya_25_01_median_v1
ENSG00000226884,RPS29P10,ribosomal_protein,0.0,Treehouse Tumor Compendium 25.01 PolyA median TPM,treehouse_polya_25_01_median_v1
ENSG00000242640,RPS29P11,ribosomal_protein,0.0,Treehouse Tumor Compendium 25.01 PolyA median TPM,treehouse_polya_25_01_median_v1
ENSG00000243664,RPS29P12,ribosomal_protein,0.0,Treehouse Tumor Compendium 25.01 PolyA median TPM,treehouse_polya_25_01_median_v1
ENSG00000217089,RPS29P13,ribosomal_protein,0.0,Treehouse Tumor Compendium 25.01 PolyA median TPM,treehouse_polya_25_01_median_v1
ENSG00000229054,RPS29P14,ribosomal_protein,0.0,Treehouse Tumor Compendium 25.01 PolyA median TPM,treehouse_polya_25_01_median_v1
ENSG00000235926,RPS29P15,ribosomal_protein,0.0,Treehouse Tumor Compendium 25.01 PolyA median TPM,treehouse_polya_25_01_median_v1
ENSG00000235354,RPS29P16,ribosomal_protein,0.0,Treehouse Tumor Compendium 25.01 PolyA median TPM,treehouse_polya_25_01_median_v1
ENSG00000227852,RPS29P17,ribosomal_protein,0.0,Treehouse Tumor Compendium 25.01 PolyA median TPM,treehouse_polya_25_01_median_v1
ENSG00000243353,RPS29P19,ribosomal_protein,0.0,Treehouse Tumor Compendium 25.01 PolyA median TPM,treehouse_polya_25_01_median_v1
ENSG00000239281,RPS29P2,ribosomal_protein,0.0,Treehouse Tumor Compendium 25.01 PolyA median TPM,treehouse_polya_25_01_median_v1
ENSG00000240385,RPS29P20,ribosomal_protein,0.0,Treehouse Tumor Compendium 25.01 PolyA median TPM,treehouse_polya_25_01_median_v1
ENSG00000241913,RPS29P21,ribosomal_protein,0.0,Treehouse Tumor Compendium 25.01 PolyA median TPM,treehouse_polya_25_01_median_v1
ENSG00000240873,RPS29P22,ribosomal_protein,0.0,Treehouse Tumor Compendium 25.01 PolyA median TPM,treehouse_polya_25_01_median_v1
ENSG00000231361,RPS29P23,ribosomal_protein,0.0,Treehouse Tumor Compendium 25.01 PolyA median TPM,treehouse_polya_25_01_median_v1
ENSG00000244253,RPS29P24,ribosomal_protein,0.0,Treehouse Tumor Compendium 25.01 PolyA median TPM,treehouse_polya_25_01_median_v1
ENSG00000243581,RPS29P25,ribosomal_protein,0.0,Treehouse Tumor Compendium 25.01 PolyA median TPM,treehouse_polya_25_01_median_v1
ENSG00000239320,RPS29P26,ribosomal_protein,0.0,Treehouse Tumor Compendium 25.01 PolyA median TPM,treehouse_polya_25_01_median_v1
ENSG00000240320,RPS29P27,ribosomal_protein,0.0,Treehouse Tumor Compendium 25.01 PolyA median TPM,treehouse_polya_25_01_median_v1
ENSG00000232069,RPS29P28,ribosomal_protein,0.0,Treehouse Tumor Compendium 25.01 PolyA median TPM,treehouse_polya_25_01_median_v1
ENSG00000233717,RPS29P29,ribosomal_protein,0.0,Treehouse Tumor Compendium 25.01 PolyA median TPM,treehouse_polya_25_01_median_v1
ENSG00000225770,RPS29P3,ribosomal_protein,0.0,Treehouse Tumor Compendium 25.01 PolyA median TPM,treehouse_polya_25_01_median_v1
ENSG00000268243,RPS29P30,ribosomal_protein,0.0,Treehouse Tumor Compendium 25.01 PolyA median TPM,treehouse_polya_25_01_median_v1
ENSG00000224279,RPS29P31,ribosomal_protein,0.0,Treehouse Tumor Compendium 25.01 PolyA median TPM,treehouse_polya_25_01_median_v1
ENSG00000276703,RPS29P32,ribosomal_protein,0.0,Treehouse Tumor Compendium 25.01 PolyA median TPM,treehouse_polya_25_01_median_v1
ENSG00000226470,RPS29P33,ribosomal_protein,0.0,Treehouse Tumor Compendium 25.01 PolyA median TPM,treehouse_polya_25_01_median_v1
ENSG00000233946,RPS29P4,ribosomal_protein,0.0,Treehouse Tumor Compendium 25.01 PolyA median TPM,treehouse_polya_25_01_median_v1
ENSG00000230777,RPS29P5,ribosomal_protein,0.0,Treehouse Tumor Compendium 25.01 PolyA median TPM,treehouse_polya_25_01_median_v1
ENSG00000230451,RPS29P6,ribosomal_protein,0.0,Treehouse Tumor Compendium 25.01 PolyA median TPM,treehouse_polya_25_01_median_v1
ENSG00000231622,RPS29P7,ribosomal_protein,0.0,Treehouse Tumor Compendium 25.01 PolyA median TPM,treehouse_polya_25_01_median_v1
ENSG00000232238,RPS29P8,ribosomal_protein,0.0,Treehouse Tumor Compendium 25.01 PolyA median TPM,treehouse_polya_25_01_median_v1
ENSG00000223433,RPS29P9,ribosomal_protein,0.0,Treehouse Tumor Compendium 25.01 PolyA median TPM,treehouse_polya_25_01_median_v1
ENSG00000225246,RPS2P1,ribosomal_protein,0.0,Treehouse Tumor Compendium 25.01 PolyA median TPM,treehouse_polya_25_01_median_v1
ENSG00000235440,RPS2P15,ribosomal_protein,0.0,Treehouse Tumor Compendium 25.01 PolyA median TPM,treehouse_polya_25_01_median_v1
ENSG00000230799,RPS2P16,ribosomal_protein,0.0,Treehouse Tumor Compendium 25.01 PolyA median TPM,treehouse_polya_25_01_median_v1
ENSG00000213399,RPS2P17,ribosomal_protein,0.0,Treehouse Tumor Compendium 25.01 PolyA median TPM,treehouse_polya_25_01_median_v1
ENSG00000231735,RPS2P18,ribosomal_protein,0.0,Treehouse Tumor Compendium 25.01 PolyA median TPM,treehouse_polya_25_01_median_v1
ENSG00000244249,RPS2P19,ribosomal_protein,0.0,Treehouse Tumor Compendium 25.01 PolyA median TPM,treehouse_polya_25_01_median_v1
ENSG00000177776,RPS2P2,ribosomal_protein,0.0,Treehouse Tumor Compendium 25.01 PolyA median TPM,treehouse_polya_25_01_median_v1
ENSG00000244019,RPS2P24,ribosomal_protein,0.0,Treehouse Tumor Compendium 25.01 PolyA median TPM,treehouse_polya_25_01_median_v1
ENSG00000241965,RPS2P25,ribosomal_protein,0.0,Treehouse Tumor Compendium 25.01 PolyA median TPM,treehouse_polya_25_01_median_v1
ENSG00000179157,RPS2P28,ribosomal_protein,0.0,Treehouse Tumor Compendium 25.01 PolyA median TPM,treehouse_polya_25_01_median_v1
ENSG00000232818,RPS2P32,ribosomal_protein,1.14,Treehouse Tumor Compendium 25.01 PolyA median TPM,treehouse_polya_25_01_median_v1
ENSG00000238172,RPS2P35,ribosomal_protein,0.040101,Treehouse Tumor Compendium 25.01 PolyA median TPM,treehouse_polya_25_01_median_v1
ENSG00000227032,RPS2P36,ribosomal_protein,0.0,Treehouse Tumor Compendium 25.01 PolyA median TPM,treehouse_polya_25_01_median_v1
ENSG00000240698,RPS2P39,ribosomal_protein,0.0,Treehouse Tumor Compendium 25.01 PolyA median TPM,treehouse_polya_25_01_median_v1
ENSG00000196183,RPS2P4,ribosomal_protein,0.110098,Treehouse Tumor Compendium 25.01 PolyA median TPM,treehouse_polya_25_01_median_v1
ENSG00000244060,RPS2P41,ribosomal_protein,0.0,Treehouse Tumor Compendium 25.01 PolyA median TPM,treehouse_polya_25_01_median_v1
ENSG00000243609,RPS2P44,ribosomal_protein,0.0,Treehouse Tumor Compendium 25.01 PolyA median TPM,treehouse_polya_25_01_median_v1
ENSG00000244378,RPS2P45,ribosomal_protein,0.0201,Treehouse Tumor Compendium 25.01 PolyA median TPM,treehouse_polya_25_01_median_v1
ENSG00000189343,RPS2P46,ribosomal_protein,14.649824,Treehouse Tumor Compendium 25.01 PolyA median TPM,treehouse_polya_25_01_median_v1
ENSG00000233380,RPS2P48,ribosomal_protein,0.0301,Treehouse Tumor Compendium 25.01 PolyA median TPM,treehouse_polya_25_01_median_v1
ENSG00000240342,RPS2P5,ribosomal_protein,133.703201,Treehouse Tumor Compendium 25.01 PolyA median TPM,treehouse_polya_25_01_median_v1
ENSG00000213726,RPS2P52,ribosomal_protein,0.0,Treehouse Tumor Compendium 25.01 PolyA median TPM,treehouse_polya_25_01_median_v1
ENSG00000216866,RPS2P55,ribosomal_protein,3.080102,Treehouse Tumor Compendium 25.01 PolyA median TPM,treehouse_polya_25_01_median_v1
ENSG00000214255,RPS2P6,ribosomal_protein,0.0,Treehouse Tumor Compendium 25.01 PolyA median TPM,treehouse_polya_25_01_median_v1
ENSG00000235508,RPS2P7,ribosomal_protein,0.69012,Treehouse Tumor Compendium 25.01 PolyA median TPM,treehouse_polya_25_01_median_v1
ENSG00000149273,RPS3,ribosomal_protein,2068.399658,Treehouse Tumor Compendium 25.01 PolyA median TPM,treehouse_polya_25_01_median_v1
ENSG00000145425,RPS3A,ribosomal_protein,1965.798218,Treehouse Tumor Compendium 25.01 PolyA median TPM,treehouse_polya_25_01_median_v1
ENSG00000233206,RPS3AP1,ribosomal_protein,0.0,Treehouse Tumor Compendium 25.01 PolyA median TPM,treehouse_polya_25_01_median_v1
ENSG00000226292,RPS3AP10,ribosomal_protein,0.0,Treehouse Tumor Compendium 25.01 PolyA median TPM,treehouse_polya_25_01_median_v1
ENSG00000230116,RPS3AP11,ribosomal_protein,0.0,Treehouse Tumor Compendium 25.01 PolyA median TPM,treehouse_polya_25_01_median_v1
ENSG00000236804,RPS3AP12,ribosomal_protein,0.0,Treehouse Tumor Compendium 25.01 PolyA median TPM,treehouse_polya_25_01_median_v1
ENSG00000230783,RPS3AP13,ribosomal_protein,0.0,Treehouse Tumor Compendium 25.01 PolyA median TPM,treehouse_polya_25_01_median_v1
ENSG00000242229,RPS3AP14,ribosomal_protein,0.0,Treehouse Tumor Compendium 25.01 PolyA median TPM,treehouse_polya_25_01_median_v1
ENSG00000244674,RPS3AP15,ribosomal_protein,0.0,Treehouse Tumor Compendium 25.01 PolyA median TPM,treehouse_polya_25_01_median_v1
ENSG00000243894,RPS3AP16,ribosomal_protein,0.0,Treehouse Tumor Compendium 25.01 PolyA median TPM,treehouse_polya_25_01_median_v1
ENSG00000244031,RPS3AP17,ribosomal_protein,0.0,Treehouse Tumor Compendium 25.01 PolyA median TPM,treehouse_polya_25_01_median_v1
ENSG00000243417,RPS3AP18,ribosomal_protein,0.0,Treehouse Tumor Compendium 25.01 PolyA median TPM,treehouse_polya_25_01_median_v1
ENSG00000244004,RPS3AP19,ribosomal_protein,0.0,Treehouse Tumor Compendium 25.01 PolyA median TPM,treehouse_polya_25_01_median_v1
ENSG00000219027,RPS3AP2,ribosomal_protein,0.0,Treehouse Tumor Compendium 25.01 PolyA median TPM,treehouse_polya_25_01_median_v1
ENSG00000213757,RPS3AP20,ribosomal_protein,0.0,Treehouse Tumor Compendium 25.01 PolyA median TPM,treehouse_polya_25_01_median_v1
ENSG00000214784,RPS3AP21,ribosomal_protein,0.0,Treehouse Tumor Compendium 25.01 PolyA median TPM,treehouse_polya_25_01_median_v1
ENSG00000240083,RPS3AP22,ribosomal_protein,0.0,Treehouse Tumor Compendium 25.01 PolyA median TPM,treehouse_polya_25_01_median_v1
ENSG00000218351,RPS3AP23,ribosomal_protein,0.0,Treehouse Tumor Compendium 25.01 PolyA median TPM,treehouse_polya_25_01_median_v1
ENSG00000217684,RPS3AP24,ribosomal_protein,0.0,Treehouse Tumor Compendium 25.01 PolyA median TPM,treehouse_polya_25_01_median_v1
ENSG00000232385,RPS3AP25,ribosomal_protein,0.040101,Treehouse Tumor Compendium 25.01 PolyA median TPM,treehouse_polya_25_01_median_v1
ENSG00000214389,RPS3AP26,ribosomal_protein,8.749809,Treehouse Tumor Compendium 25.01 PolyA median TPM,treehouse_polya_25_01_median_v1
ENSG00000226205,RPS3AP27,ribosomal_protein,0.0,Treehouse Tumor Compendium 25.01 PolyA median TPM,treehouse_polya_25_01_median_v1
ENSG00000234995,RPS3AP28,ribosomal_protein,0.0,Treehouse Tumor Compendium 25.01 PolyA median TPM,treehouse_polya_25_01_median_v1
ENSG00000237818,RPS3AP29,ribosomal_protein,0.0,Treehouse Tumor Compendium 25.01 PolyA median TPM,treehouse_polya_25_01_median_v1
ENSG00000231241,RPS3AP3,ribosomal_protein,0.0,Treehouse Tumor Compendium 25.01 PolyA median TPM,treehouse_polya_25_01_median_v1
ENSG00000228744,RPS3AP30,ribosomal_protein,0.0,Treehouse Tumor Compendium 25.01 PolyA median TPM,treehouse_polya_25_01_median_v1
ENSG00000244427,RPS3AP31,ribosomal_protein,0.0,Treehouse Tumor Compendium 25.01 PolyA median TPM,treehouse_polya_25_01_median_v1
ENSG00000240047,RPS3AP32,ribosomal_protein,0.0,Treehouse Tumor Compendium 25.01 PolyA median TPM,treehouse_polya_25_01_median_v1
ENSG00000214268,RPS3AP33,ribosomal_protein,0.0,Treehouse Tumor Compendium 25.01 PolyA median TPM,treehouse_polya_25_01_median_v1
ENSG00000242607,RPS3AP34,ribosomal_protein,0.110098,Treehouse Tumor Compendium 25.01 PolyA median TPM,treehouse_polya_25_01_median_v1
ENSG00000244289,RPS3AP35,ribosomal_protein,0.0,Treehouse Tumor Compendium 25.01 PolyA median TPM,treehouse_polya_25_01_median_v1
ENSG00000214362,RPS3AP36,ribosomal_protein,0.0,Treehouse Tumor Compendium 25.01 PolyA median TPM,treehouse_polya_25_01_median_v1
ENSG00000227583,RPS3AP37,ribosomal_protein,0.0,Treehouse Tumor Compendium 25.01 PolyA median TPM,treehouse_polya_25_01_median_v1
ENSG00000226318,RPS3AP38,ribosomal_protein,0.0,Treehouse Tumor Compendium 25.01 PolyA median TPM,treehouse_polya_25_01_median_v1
ENSG00000237226,RPS3AP39,ribosomal_protein,0.0,Treehouse Tumor Compendium 25.01 PolyA median TPM,treehouse_polya_25_01_median_v1
ENSG00000259105,RPS3AP4,ribosomal_protein,0.0,Treehouse Tumor Compendium 25.01 PolyA median TPM,treehouse_polya_25_01_median_v1
ENSG00000243672,RPS3AP40,ribosomal_protein,0.0,Treehouse Tumor Compendium 25.01 PolyA median TPM,treehouse_polya_25_01_median_v1
ENSG00000239481,RPS3AP41,ribosomal_protein,0.0,Treehouse Tumor Compendium 25.01 PolyA median TPM,treehouse_polya_25_01_median_v1
ENSG00000244244,RPS3AP42,ribosomal_protein,0.0,Treehouse Tumor Compendium 25.01 PolyA median TPM,treehouse_polya_25_01_median_v1
ENSG00000242661,RPS3AP43,ribosomal_protein,0.0301,Treehouse Tumor Compendium 25.01 PolyA median TPM,treehouse_polya_25_01_median_v1
ENSG00000234031,RPS3AP44,ribosomal_protein,0.060102,Treehouse Tumor Compendium 25.01 PolyA median TPM,treehouse_polya_25_01_median_v1
ENSG00000226132,RPS3AP46,ribosomal_protein,0.0,Treehouse Tumor Compendium 25.01 PolyA median TPM,treehouse_polya_25_01_median_v1
ENSG00000205871,RPS3AP47,ribosomal_protein,0.38011,Treehouse Tumor Compendium 25.01 PolyA median TPM,treehouse_polya_25_01_median_v1
ENSG00000242278,RPS3AP48,ribosomal_protein,0.0,Treehouse Tumor Compendium 25.01 PolyA median TPM,treehouse_polya_25_01_median_v1
ENSG00000242060,RPS3AP49,ribosomal_protein,0.060102,Treehouse Tumor Compendium 25.01 PolyA median TPM,treehouse_polya_25_01_median_v1
ENSG00000178429,RPS3AP5,ribosomal_protein,1.190122,Treehouse Tumor Compendium 25.01 PolyA median TPM,treehouse_polya_25_01_median_v1
ENSG00000243864,RPS3AP50,ribosomal_protein,0.0,Treehouse Tumor Compendium 25.01 PolyA median TPM,treehouse_polya_25_01_median_v1
ENSG00000225971,RPS3AP51,ribosomal_protein,0.0,Treehouse Tumor Compendium 25.01 PolyA median TPM,treehouse_polya_25_01_median_v1
ENSG00000230405,RPS3AP52,ribosomal_protein,0.0,Treehouse Tumor Compendium 25.01 PolyA median TPM,treehouse_polya_25_01_median_v1
ENSG00000227578,RPS3AP53,ribosomal_protein,0.0,Treehouse Tumor Compendium 25.01 PolyA median TPM,treehouse_polya_25_01_median_v1
ENSG00000229057,RPS3AP54,ribosomal_protein,0.0,Treehouse Tumor Compendium 25.01 PolyA median TPM,treehouse_polya_25_01_median_v1
ENSG00000234797,RPS3AP6,ribosomal_protein,27.079935,Treehouse Tumor Compendium 25.01 PolyA median TPM,treehouse_polya_25_01_median_v1
ENSG00000229965,RPS3AP7,ribosomal_protein,0.0,Treehouse Tumor Compendium 25.01 PolyA median TPM,treehouse_polya_25_01_median_v1
ENSG00000233562,RPS3AP8,ribosomal_protein,0.0,Treehouse Tumor Compendium 25.01 PolyA median TPM,treehouse_polya_25_01_median_v1
ENSG00000231022,RPS3AP9,ribosomal_protein,0.0,Treehouse Tumor Compendium 25.01 PolyA median TPM,treehouse_polya_25_01_median_v1
ENSG00000230935,RPS3P1,ribosomal_protein,0.0,Treehouse Tumor Compendium 25.01 PolyA median TPM,treehouse_polya_25_01_median_v1
ENSG00000231307,RPS3P2,ribosomal_protein,0.040101,Treehouse Tumor Compendium 25.01 PolyA median TPM,treehouse_polya_25_01_median_v1
ENSG00000228205,RPS3P3,ribosomal_protein,0.0,Treehouse Tumor Compendium 25.01 PolyA median TPM,treehouse_polya_25_01_median_v1
ENSG00000220472,RPS3P4,ribosomal_protein,0.0,Treehouse Tumor Compendium 25.01 PolyA median TPM,treehouse_polya_25_01_median_v1
ENSG00000213363,RPS3P6,ribosomal_protein,0.0,Treehouse Tumor Compendium 25.01 PolyA median TPM,treehouse_polya_25_01_median_v1
ENSG00000243101,RPS3P7,ribosomal_protein,0.0,Treehouse Tumor Compendium 25.01 PolyA median TPM,treehouse_polya_25_01_median_v1
ENSG00000198034,RPS4X,ribosomal_protein,1159.670166,Treehouse Tumor Compendium 25.01 PolyA median TPM,treehouse_polya_25_01_median_v1
ENSG00000214203,RPS4XP1,ribosomal_protein,0.050099,Treehouse Tumor Compendium 25.01 PolyA median TPM,treehouse_polya_25_01_median_v1
ENSG00000244217,RPS4XP10,ribosomal_protein,0.0,Treehouse Tumor Compendium 25.01 PolyA median TPM,treehouse_polya_25_01_median_v1
ENSG00000234335,RPS4XP11,ribosomal_protein,0.070102,Treehouse Tumor Compendium 25.01 PolyA median TPM,treehouse_polya_25_01_median_v1
ENSG00000244400,RPS4XP12,ribosomal_protein,0.0,Treehouse Tumor Compendium 25.01 PolyA median TPM,treehouse_polya_25_01_median_v1
ENSG00000240371,RPS4XP13,ribosomal_protein,0.04,Treehouse Tumor Compendium 25.01 PolyA median TPM,treehouse_polya_25_01_median_v1
ENSG00000243663,RPS4XP14,ribosomal_protein,0.120102,Treehouse Tumor Compendium 25.01 PolyA median TPM,treehouse_polya_25_01_median_v1
ENSG00000240721,RPS4XP15,ribosomal_protein,0.0,Treehouse Tumor Compendium 25.01 PolyA median TPM,treehouse_polya_25_01_median_v1
ENSG00000224892,RPS4XP16,ribosomal_protein,0.680087,Treehouse Tumor Compendium 25.01 PolyA median TPM,treehouse_polya_25_01_median_v1
ENSG00000244097,RPS4XP17,ribosomal_protein,0.100098,Treehouse Tumor Compendium 25.01 PolyA median TPM,treehouse_polya_25_01_median_v1
ENSG00000284153,RPS4XP17,ribosomal_protein,0.100098,Treehouse Tumor Compendium 25.01 PolyA median TPM,treehouse_polya_25_01_median_v1
ENSG00000239490,RPS4XP18,ribosomal_protein,0.0,Treehouse Tumor Compendium 25.01 PolyA median TPM,treehouse_polya_25_01_median_v1
ENSG00000282839,RPS4XP18,ribosomal_protein,0.0,Treehouse Tumor Compendium 25.01 PolyA median TPM,treehouse_polya_25_01_median_v1
ENSG00000242058,RPS4XP19,ribosomal_protein,0.0,Treehouse Tumor Compendium 25.01 PolyA median TPM,treehouse_polya_25_01_median_v1
ENSG00000226948,RPS4XP2,ribosomal_protein,0.05,Treehouse Tumor Compendium 25.01 PolyA median TPM,treehouse_polya_25_01_median_v1
ENSG00000249987,RPS4XP20,ribosomal_protein,0.0,Treehouse Tumor Compendium 25.01 PolyA median TPM,treehouse_polya_25_01_median_v1
ENSG00000186008,RPS4XP21,ribosomal_protein,0.0,Treehouse Tumor Compendium 25.01 PolyA median TPM,treehouse_polya_25_01_median_v1
ENSG00000239830,RPS4XP22,ribosomal_protein,0.160096,Treehouse Tumor Compendium 25.01 PolyA median TPM,treehouse_polya_25_01_median_v1
ENSG00000239253,RPS4XP23,ribosomal_protein,0.0,Treehouse Tumor Compendium 25.01 PolyA median TPM,treehouse_polya_25_01_median_v1
ENSG00000214541,RPS4XP3,ribosomal_protein,0.0,Treehouse Tumor Compendium 25.01 PolyA median TPM,treehouse_polya_25_01_median_v1
ENSG00000215520,RPS4XP4,ribosomal_protein,0.0,Treehouse Tumor Compendium 25.01 PolyA median TPM,treehouse_polya_25_01_median_v1
ENSG00000229920,RPS4XP5,ribosomal_protein,0.0,Treehouse Tumor Compendium 25.01 PolyA median TPM,treehouse_polya_25_01_median_v1
ENSG00000244073,RPS4XP6,ribosomal_protein,0.180105,Treehouse Tumor Compendium 25.01 PolyA median TPM,treehouse_polya_25_01_median_v1
ENSG00000218265,RPS4XP7,ribosomal_protein,0.0201,Treehouse Tumor Compendium 25.01 PolyA median TPM,treehouse_polya_25_01_median_v1
ENSG00000219146,RPS4XP8,ribosomal_protein,0.0,Treehouse Tumor Compendium 25.01 PolyA median TPM,treehouse_polya_25_01_median_v1
ENSG00000217404,RPS4XP9,ribosomal_protein,0.0,Treehouse Tumor Compendium 25.01 PolyA median TPM,treehouse_polya_25_01_median_v1
ENSG00000083845,RPS5,ribosomal_protein,1104.822266,Treehouse Tumor Compendium 25.01 PolyA median TPM,treehouse_polya_25_01_median_v1
ENSG00000224598,RPS5P2,ribosomal_protein,0.0,Treehouse Tumor Compendium 25.01 PolyA median TPM,treehouse_polya_25_01_median_v1
ENSG00000215088,RPS5P3,ribosomal_protein,0.0,Treehouse Tumor Compendium 25.01 PolyA median TPM,treehouse_polya_25_01_median_v1
ENSG00000262148,RPS5P3,ribosomal_protein,0.0,Treehouse Tumor Compendium 25.01 PolyA median TPM,treehouse_polya_25_01_median_v1
ENSG00000225381,RPS5P7,ribosomal_protein,0.0,Treehouse Tumor Compendium 25.01 PolyA median TPM,treehouse_polya_25_01_median_v1
ENSG00000237730,RPS5P8,ribosomal_protein,0.0,Treehouse Tumor Compendium 25.01 PolyA median TPM,treehouse_polya_25_01_median_v1
ENSG00000137154,RPS6,ribosomal_protein,2032.584229,Treehouse Tumor Compendium 25.01 PolyA median TPM,treehouse_polya_25_01_median_v1
ENSG00000233309,RPS6P12,ribosomal_protein,0.0,Treehouse Tumor Compendium 25.01 PolyA median TPM,treehouse_polya_25_01_median_v1
ENSG00000225482,RPS6P14,ribosomal_protein,0.0,Treehouse Tumor Compendium 25.01 PolyA median TPM,treehouse_polya_25_01_median_v1
ENSG00000230809,RPS6P15,ribosomal_protein,0.0,Treehouse Tumor Compendium 25.01 PolyA median TPM,treehouse_polya_25_01_median_v1
ENSG00000243250,RPS6P16,ribosomal_protein,0.0,Treehouse Tumor Compendium 25.01 PolyA median TPM,treehouse_polya_25_01_median_v1
ENSG00000231541,RPS6P2,ribosomal_protein,0.0,Treehouse Tumor Compendium 25.01 PolyA median TPM,treehouse_polya_25_01_median_v1
ENSG00000226356,RPS6P20,ribosomal_protein,0.0,Treehouse Tumor Compendium 25.01 PolyA median TPM,treehouse_polya_25_01_median_v1
ENSG00000243499,RPS6P21,ribosomal_protein,0.0,Treehouse Tumor Compendium 25.01 PolyA median TPM,treehouse_polya_25_01_median_v1
ENSG00000244390,RPS6P22,ribosomal_protein,0.0,Treehouse Tumor Compendium 25.01 PolyA median TPM,treehouse_polya_25_01_median_v1
ENSG00000262159,RPS6P22,ribosomal_protein,0.0,Treehouse Tumor Compendium 25.01 PolyA median TPM,treehouse_polya_25_01_median_v1
ENSG00000230871,RPS6P23,ribosomal_protein,0.0,Treehouse Tumor Compendium 25.01 PolyA median TPM,treehouse_polya_25_01_median_v1
ENSG00000240616,RPS6P25,ribosomal_protein,0.0,Treehouse Tumor Compendium 25.01 PolyA median TPM,treehouse_polya_25_01_median_v1
ENSG00000213269,RPS6P26,ribosomal_protein,0.0,Treehouse Tumor Compendium 25.01 PolyA median TPM,treehouse_polya_25_01_median_v1
ENSG00000237549,RPS6P3,ribosomal_protein,0.0,Treehouse Tumor Compendium 25.01 PolyA median TPM,treehouse_polya_25_01_median_v1
ENSG00000244571,RPS6P4,ribosomal_protein,0.0,Treehouse Tumor Compendium 25.01 PolyA median TPM,treehouse_polya_25_01_median_v1
ENSG00000219253,RPS6P7,ribosomal_protein,0.0,Treehouse Tumor Compendium 25.01 PolyA median TPM,treehouse_polya_25_01_median_v1
ENSG00000224221,RPS6P8,ribosomal_protein,0.0,Treehouse Tumor Compendium 25.01 PolyA median TPM,treehouse_polya_25_01_median_v1
ENSG00000171863,RPS7,ribosomal_protein,1223.689819,Treehouse Tumor Compendium 25.01 PolyA median TPM,treehouse_polya_25_01_median_v1
ENSG00000263266,RPS7P1,ribosomal_protein,13.86049,Treehouse Tumor Compendium 25.01 PolyA median TPM,treehouse_polya_25_01_median_v1
ENSG00000226525,RPS7P10,ribosomal_protein,1.710053,Treehouse Tumor Compendium 25.01 PolyA median TPM,treehouse_polya_25_01_median_v1
ENSG00000213326,RPS7P11,ribosomal_protein,3.030113,Treehouse Tumor Compendium 25.01 PolyA median TPM,treehouse_polya_25_01_median_v1
ENSG00000282052,RPS7P11,ribosomal_protein,3.030113,Treehouse Tumor Compendium 25.01 PolyA median TPM,treehouse_polya_25_01_median_v1
ENSG00000237432,RPS7P12,ribosomal_protein,0.0,Treehouse Tumor Compendium 25.01 PolyA median TPM,treehouse_polya_25_01_median_v1
ENSG00000235425,RPS7P13,ribosomal_protein,0.0,Treehouse Tumor Compendium 25.01 PolyA median TPM,treehouse_polya_25_01_median_v1
ENSG00000213695,RPS7P14,ribosomal_protein,0.12,Treehouse Tumor Compendium 25.01 PolyA median TPM,treehouse_polya_25_01_median_v1
ENSG00000237170,RPS7P15,ribosomal_protein,0.0,Treehouse Tumor Compendium 25.01 PolyA median TPM,treehouse_polya_25_01_median_v1
ENSG00000231837,RPS7P2,ribosomal_protein,0.0,Treehouse Tumor Compendium 25.01 PolyA median TPM,treehouse_polya_25_01_median_v1
ENSG00000231940,RPS7P3,ribosomal_protein,0.180105,Treehouse Tumor Compendium 25.01 PolyA median TPM,treehouse_polya_25_01_median_v1
ENSG00000229133,RPS7P4,ribosomal_protein,0.160096,Treehouse Tumor Compendium 25.01 PolyA median TPM,treehouse_polya_25_01_median_v1
ENSG00000217327,RPS7P5,ribosomal_protein,0.0,Treehouse Tumor Compendium 25.01 PolyA median TPM,treehouse_polya_25_01_median_v1
ENSG00000215278,RPS7P6,ribosomal_protein,0.0,Treehouse Tumor Compendium 25.01 PolyA median TPM,treehouse_polya_25_01_median_v1
ENSG00000240167,RPS7P7,ribosomal_protein,0.0,Treehouse Tumor Compendium 25.01 PolyA median TPM,treehouse_polya_25_01_median_v1
ENSG00000213183,RPS7P8,ribosomal_protein,0.0,Treehouse Tumor Compendium 25.01 PolyA median TPM,treehouse_polya_25_01_median_v1
ENSG00000233353,RPS7P9,ribosomal_protein,0.0,Treehouse Tumor Compendium 25.01 PolyA median TPM,treehouse_polya_25_01_median_v1
ENSG00000142937,RPS8,ribosomal_protein,1672.320435,Treehouse Tumor Compendium 25.01 PolyA median TPM,treehouse_polya_25_01_median_v1
ENSG00000223877,RPS8P10,ribosomal_protein,0.0,Treehouse Tumor Compendium 25.01 PolyA median TPM,treehouse_polya_25_01_median_v1
ENSG00000215457,RPS8P3,ribosomal_protein,0.0,Treehouse Tumor Compendium 25.01 PolyA median TPM,treehouse_polya_25_01_median_v1
ENSG00000227437,RPS8P4,ribosomal_protein,0.0,Treehouse Tumor Compendium 25.01 PolyA median TPM,treehouse_polya_25_01_median_v1
ENSG00000237186,RPS8P5,ribosomal_protein,0.0,Treehouse Tumor Compendium 25.01 PolyA median TPM,treehouse_polya_25_01_median_v1
ENSG00000231660,RPS8P6,ribosomal_protein,0.0,Treehouse Tumor Compendium 25.01 PolyA median TPM,treehouse_polya_25_01_median_v1
ENSG00000170889,RPS9,ribosomal_protein,1857.953857,Treehouse Tumor Compendium 25.01 PolyA median TPM,treehouse_polya_25_01_median_v1
ENSG00000274005,RPS9,ribosomal_protein,1857.953857,Treehouse Tumor Compendium 25.01 PolyA median TPM,treehouse_polya_25_01_median_v1
ENSG00000274626,RPS9,ribosomal_protein,1857.953857,Treehouse Tumor Compendium 25.01 PolyA median TPM,treehouse_polya_25_01_median_v1
ENSG00000274646,RPS9,ribosomal_protein,1857.953857,Treehouse Tumor Compendium 25.01 PolyA median TPM,treehouse_polya_25_01_median_v1
ENSG00000274950,RPS9,ribosomal_protein,1857.953857,Treehouse Tumor Compendium 25.01 PolyA median TPM,treehouse_polya_25_01_median_v1
ENSG00000275323,RPS9,ribosomal_protein,1857.953857,Treehouse Tumor Compendium 25.01 PolyA median TPM,treehouse_polya_25_01_median_v1
ENSG00000277079,RPS9,ribosomal_protein,1857.953857,Treehouse Tumor Compendium 25.01 PolyA median TPM,treehouse_polya_25_01_median_v1
ENSG00000277359,RPS9,ribosomal_protein,1857.953857,Treehouse Tumor Compendium 25.01 PolyA median TPM,treehouse_polya_25_01_median_v1
ENSG00000278081,RPS9,ribosomal_protein,1857.953857,Treehouse Tumor Compendium 25.01 PolyA median TPM,treehouse_polya_25_01_median_v1
ENSG00000278270,RPS9,ribosomal_protein,1857.953857,Treehouse Tumor Compendium 25.01 PolyA median TPM,treehouse_polya_25_01_median_v1
ENSG00000214889,RPS9P1,ribosomal_protein,0.120102,Treehouse Tumor Compendium 25.01 PolyA median TPM,treehouse_polya_25_01_median_v1
ENSG00000232346,Z74021.1,ribosomal_protein,0.0,Treehouse Tumor Compendium 25.01 PolyA median TPM,treehouse_polya_25_01_median_v1
ENSG00000226233,Z82188.1,ribosomal_protein,0.0,Treehouse Tumor Compendium 25.01 PolyA median TPM,treehouse_polya_25_01_median_v1
ENSG00000230203,Z99714.1,ribosomal_protein,0.0,Treehouse Tumor Compendium 25.01 PolyA median TPM,treehouse_polya_25_01_median_v1
ENSG00000202198,7SK,technical,0.0,Treehouse Tumor Compendium 25.01 PolyA median TPM,treehouse_polya_25_01_median_v1
ENSG00000271394,7SK,technical,0.0,Treehouse Tumor Compendium 25.01 PolyA median TPM,treehouse_polya_25_01_median_v1
ENSG00000273591,7SK,technical,0.0,Treehouse Tumor Compendium 25.01 PolyA median TPM,treehouse_polya_25_01_median_v1
ENSG00000274303,7SK,technical,0.0,Treehouse Tumor Compendium 25.01 PolyA median TPM,treehouse_polya_25_01_median_v1
ENSG00000275933,7SK,technical,0.0,Treehouse Tumor Compendium 25.01 PolyA median TPM,treehouse_polya_25_01_median_v1
ENSG00000276626,7SK,technical,0.0,Treehouse Tumor Compendium 25.01 PolyA median TPM,treehouse_polya_25_01_median_v1
ENSG00000277313,7SK,technical,0.0,Treehouse Tumor Compendium 25.01 PolyA median TPM,treehouse_polya_25_01_median_v1
ENSG00000225840,AC010970.1,technical,0.0,Treehouse Tumor Compendium 25.01 PolyA median TPM,treehouse_polya_25_01_median_v1
ENSG00000231961,AL035461.1,technical,0.0,Treehouse Tumor Compendium 25.01 PolyA median TPM,treehouse_polya_25_01_median_v1
ENSG00000278217,AP000769.5,technical,0.0,Treehouse Tumor Compendium 25.01 PolyA median TPM,treehouse_polya_25_01_median_v1
ENSG00000251562,MALAT1,technical,87.339996,Treehouse Tumor Compendium 25.01 PolyA median TPM,treehouse_polya_25_01_median_v1
ENSG00000279576,MALAT1,technical,87.339996,Treehouse Tumor Compendium 25.01 PolyA median TPM,treehouse_polya_25_01_median_v1
ENSG00000198899,MT-ATP6,technical,9633.87207,Treehouse Tumor Compendium 25.01 PolyA median TPM,treehouse_polya_25_01_median_v1
ENSG00000228253,MT-ATP8,technical,12554.348633,Treehouse Tumor Compendium 25.01 PolyA median TPM,treehouse_polya_25_01_median_v1
ENSG00000198804,MT-CO1,technical,12795.953125,Treehouse Tumor Compendium 25.01 PolyA median TPM,treehouse_polya_25_01_median_v1
ENSG00000198712,MT-CO2,technical,11042.662109,Treehouse Tumor Compendium 25.01 PolyA median TPM,treehouse_polya_25_01_median_v1
ENSG00000198938,MT-CO3,technical,11687.561523,Treehouse Tumor Compendium 25.01 PolyA median TPM,treehouse_polya_25_01_median_v1
ENSG00000198727,MT-CYB,technical,5106.431641,Treehouse Tumor Compendium 25.01 PolyA median TPM,treehouse_polya_25_01_median_v1
ENSG00000198888,MT-ND1,technical,4664.477539,Treehouse Tumor Compendium 25.01 PolyA median TPM,treehouse_polya_25_01_median_v1
ENSG00000198763,MT-ND2,technical,5757.529297,Treehouse Tumor Compendium 25.01 PolyA median TPM,treehouse_polya_25_01_median_v1
ENSG00000198840,MT-ND3,technical,6924.661621,Treehouse Tumor Compendium 25.01 PolyA median TPM,treehouse_polya_25_01_median_v1
ENSG00000198886,MT-ND4,technical,8582.602539,Treehouse Tumor Compendium 25.01 PolyA median TPM,treehouse_polya_25_01_median_v1
ENSG00000212907,MT-ND4L,technical,5780.181152,Treehouse Tumor Compendium 25.01 PolyA median TPM,treehouse_polya_25_01_median_v1
ENSG00000198786,MT-ND5,technical,1726.697388,Treehouse Tumor Compendium 25.01 PolyA median TPM,treehouse_polya_25_01_median_v1
ENSG00000198695,MT-ND6,technical,2741.023682,Treehouse Tumor Compendium 25.01 PolyA median TPM,treehouse_polya_25_01_median_v1
ENSG00000211459,MT-RNR1,technical,1502.447754,Treehouse Tumor Compendium 25.01 PolyA median TPM,treehouse_polya_25_01_median_v1
ENSG00000210082,MT-RNR2,technical,5174.48584,Treehouse Tumor Compendium 25.01 PolyA median TPM,treehouse_polya_25_01_median_v1
ENSG00000210127,MT-TA,technical,0.0,Treehouse Tumor Compendium 25.01 PolyA median TPM,treehouse_polya_25_01_median_v1
ENSG00000210140,MT-TC,technical,0.0,Treehouse Tumor Compendium 25.01 PolyA median TPM,treehouse_polya_25_01_median_v1
ENSG00000210154,MT-TD,technical,0.0,Treehouse Tumor Compendium 25.01 PolyA median TPM,treehouse_polya_25_01_median_v1
ENSG00000210194,MT-TE,technical,0.0,Treehouse Tumor Compendium 25.01 PolyA median TPM,treehouse_polya_25_01_median_v1
ENSG00000210049,MT-TF,technical,0.0,Treehouse Tumor Compendium 25.01 PolyA median TPM,treehouse_polya_25_01_median_v1
ENSG00000210164,MT-TG,technical,0.0,Treehouse Tumor Compendium 25.01 PolyA median TPM,treehouse_polya_25_01_median_v1
ENSG00000210176,MT-TH,technical,0.0,Treehouse Tumor Compendium 25.01 PolyA median TPM,treehouse_polya_25_01_median_v1
ENSG00000210100,MT-TI,technical,0.0,Treehouse Tumor Compendium 25.01 PolyA median TPM,treehouse_polya_25_01_median_v1
ENSG00000210156,MT-TK,technical,0.0,Treehouse Tumor Compendium 25.01 PolyA median TPM,treehouse_polya_25_01_median_v1
ENSG00000209082,MT-TL1,technical,0.0,Treehouse Tumor Compendium 25.01 PolyA median TPM,treehouse_polya_25_01_median_v1
ENSG00000210191,MT-TL2,technical,0.0,Treehouse Tumor Compendium 25.01 PolyA median TPM,treehouse_polya_25_01_median_v1
ENSG00000210112,MT-TM,technical,0.0,Treehouse Tumor Compendium 25.01 PolyA median TPM,treehouse_polya_25_01_median_v1
ENSG00000210135,MT-TN,technical,0.0,Treehouse Tumor Compendium 25.01 PolyA median TPM,treehouse_polya_25_01_median_v1
ENSG00000210196,MT-TP,technical,0.0,Treehouse Tumor Compendium 25.01 PolyA median TPM,treehouse_polya_25_01_median_v1
ENSG00000210107,MT-TQ,technical,0.0,Treehouse Tumor Compendium 25.01 PolyA median TPM,treehouse_polya_25_01_median_v1
ENSG00000210174,MT-TR,technical,0.0,Treehouse Tumor Compendium 25.01 PolyA median TPM,treehouse_polya_25_01_median_v1
ENSG00000210151,MT-TS1,technical,0.0,Treehouse Tumor Compendium 25.01 PolyA median TPM,treehouse_polya_25_01_median_v1
ENSG00000210184,MT-TS2,technical,0.0,Treehouse Tumor Compendium 25.01 PolyA median TPM,treehouse_polya_25_01_median_v1
ENSG00000210195,MT-TT,technical,0.0,Treehouse Tumor Compendium 25.01 PolyA median TPM,treehouse_polya_25_01_median_v1
ENSG00000210077,MT-TV,technical,0.0,Treehouse Tumor Compendium 25.01 PolyA median TPM,treehouse_polya_25_01_median_v1
ENSG00000210117,MT-TW,technical,0.0,Treehouse Tumor Compendium 25.01 PolyA median TPM,treehouse_polya_25_01_median_v1
ENSG00000210144,MT-TY,technical,0.0,Treehouse Tumor Compendium 25.01 PolyA median TPM,treehouse_polya_25_01_median_v1
ENSG00000248527,MTATP6P1,technical,1254.241211,Treehouse Tumor Compendium 25.01 PolyA median TPM,treehouse_polya_25_01_median_v1
ENSG00000283626,MTATP6P10,technical,0.0,Treehouse Tumor Compendium 25.01 PolyA median TPM,treehouse_polya_25_01_median_v1
ENSG00000228097,MTATP6P11,technical,0.0,Treehouse Tumor Compendium 25.01 PolyA median TPM,treehouse_polya_25_01_median_v1
ENSG00000229842,MTATP6P13,technical,0.0,Treehouse Tumor Compendium 25.01 PolyA median TPM,treehouse_polya_25_01_median_v1
ENSG00000233449,MTATP6P14,technical,0.0,Treehouse Tumor Compendium 25.01 PolyA median TPM,treehouse_polya_25_01_median_v1
ENSG00000254931,MTATP6P15,technical,0.0,Treehouse Tumor Compendium 25.01 PolyA median TPM,treehouse_polya_25_01_median_v1
ENSG00000224299,MTATP6P16,technical,0.0,Treehouse Tumor Compendium 25.01 PolyA median TPM,treehouse_polya_25_01_median_v1
ENSG00000235433,MTATP6P17,technical,0.0,Treehouse Tumor Compendium 25.01 PolyA median TPM,treehouse_polya_25_01_median_v1
ENSG00000227035,MTATP6P18,technical,0.0,Treehouse Tumor Compendium 25.01 PolyA median TPM,treehouse_polya_25_01_median_v1
ENSG00000228316,MTATP6P19,technical,0.0,Treehouse Tumor Compendium 25.01 PolyA median TPM,treehouse_polya_25_01_median_v1
ENSG00000270307,MTATP6P2,technical,0.0,Treehouse Tumor Compendium 25.01 PolyA median TPM,treehouse_polya_25_01_median_v1
ENSG00000237948,MTATP6P20,technical,0.0,Treehouse Tumor Compendium 25.01 PolyA median TPM,treehouse_polya_25_01_median_v1
ENSG00000226392,MTATP6P21,technical,0.0,Treehouse Tumor Compendium 25.01 PolyA median TPM,treehouse_polya_25_01_median_v1
ENSG00000249580,MTATP6P22,technical,0.0,Treehouse Tumor Compendium 25.01 PolyA median TPM,treehouse_polya_25_01_median_v1
ENSG00000230755,MTATP6P23,technical,0.0,Treehouse Tumor Compendium 25.01 PolyA median TPM,treehouse_polya_25_01_median_v1
ENSG00000262381,MTATP6P24,technical,0.0,Treehouse Tumor Compendium 25.01 PolyA median TPM,treehouse_polya_25_01_median_v1
ENSG00000262095,MTATP6P25,technical,0.0,Treehouse Tumor Compendium 25.01 PolyA median TPM,treehouse_polya_25_01_median_v1
ENSG00000236878,MTATP6P26,technical,0.0,Treehouse Tumor Compendium 25.01 PolyA median TPM,treehouse_polya_25_01_median_v1
ENSG00000234003,MTATP6P27,technical,0.0,Treehouse Tumor Compendium 25.01 PolyA median TPM,treehouse_polya_25_01_median_v1
ENSG00000232179,MTATP6P29,technical,0.0,Treehouse Tumor Compendium 25.01 PolyA median TPM,treehouse_polya_25_01_median_v1
ENSG00000263483,MTATP6P3,technical,0.0,Treehouse Tumor Compendium 25.01 PolyA median TPM,treehouse_polya_25_01_median_v1
ENSG00000226998,MTATP6P30,technical,0.0,Treehouse Tumor Compendium 25.01 PolyA median TPM,treehouse_polya_25_01_median_v1
ENSG00000218776,MTATP6P31,technical,0.0,Treehouse Tumor Compendium 25.01 PolyA median TPM,treehouse_polya_25_01_median_v1
ENSG00000236590,MTATP6P4,technical,0.0,Treehouse Tumor Compendium 25.01 PolyA median TPM,treehouse_polya_25_01_median_v1
ENSG00000284167,MTATP6P5,technical,0.0,Treehouse Tumor Compendium 25.01 PolyA median TPM,treehouse_polya_25_01_median_v1
ENSG00000232990,MTATP6P7,technical,0.0,Treehouse Tumor Compendium 25.01 PolyA median TPM,treehouse_polya_25_01_median_v1
ENSG00000283547,MTATP6P8,technical,0.0,Treehouse Tumor Compendium 25.01 PolyA median TPM,treehouse_polya_25_01_median_v1
ENSG00000248420,MTATP6P9,technical,0.0,Treehouse Tumor Compendium 25.01 PolyA median TPM,treehouse_polya_25_01_median_v1
ENSG00000240409,MTATP8P1,technical,0.830088,Treehouse Tumor Compendium 25.01 PolyA median TPM,treehouse_polya_25_01_median_v1
ENSG00000229604,MTATP8P2,technical,0.0,Treehouse Tumor Compendium 25.01 PolyA median TPM,treehouse_polya_25_01_median_v1
ENSG00000280243,MTCO1P1,technical,0.0,Treehouse Tumor Compendium 25.01 PolyA median TPM,treehouse_polya_25_01_median_v1
ENSG00000236692,MTCO1P10,technical,0.0,Treehouse Tumor Compendium 25.01 PolyA median TPM,treehouse_polya_25_01_median_v1
ENSG00000224083,MTCO1P11,technical,0.0,Treehouse Tumor Compendium 25.01 PolyA median TPM,treehouse_polya_25_01_median_v1
ENSG00000237973,MTCO1P12,technical,0.0,Treehouse Tumor Compendium 25.01 PolyA median TPM,treehouse_polya_25_01_median_v1
ENSG00000232551,MTCO1P14,technical,0.0,Treehouse Tumor Compendium 25.01 PolyA median TPM,treehouse_polya_25_01_median_v1
ENSG00000255350,MTCO1P15,technical,0.0,Treehouse Tumor Compendium 25.01 PolyA median TPM,treehouse_polya_25_01_median_v1
ENSG00000223619,MTCO1P17,technical,0.0,Treehouse Tumor Compendium 25.01 PolyA median TPM,treehouse_polya_25_01_median_v1
ENSG00000237910,MTCO1P18,technical,0.0,Treehouse Tumor Compendium 25.01 PolyA median TPM,treehouse_polya_25_01_median_v1
ENSG00000237300,MTCO1P19,technical,0.0,Treehouse Tumor Compendium 25.01 PolyA median TPM,treehouse_polya_25_01_median_v1
ENSG00000259045,MTCO1P2,technical,0.0,Treehouse Tumor Compendium 25.01 PolyA median TPM,treehouse_polya_25_01_median_v1
ENSG00000233764,MTCO1P20,technical,0.0,Treehouse Tumor Compendium 25.01 PolyA median TPM,treehouse_polya_25_01_median_v1
ENSG00000226960,MTCO1P21,technical,0.0,Treehouse Tumor Compendium 25.01 PolyA median TPM,treehouse_polya_25_01_median_v1
ENSG00000271207,MTCO1P22,technical,0.0,Treehouse Tumor Compendium 25.01 PolyA median TPM,treehouse_polya_25_01_median_v1
ENSG00000235524,MTCO1P23,technical,0.0,Treehouse Tumor Compendium 25.01 PolyA median TPM,treehouse_polya_25_01_median_v1
ENSG00000249448,MTCO1P24,technical,0.0,Treehouse Tumor Compendium 25.01 PolyA median TPM,treehouse_polya_25_01_median_v1
ENSG00000229031,MTCO1P25,technical,0.0,Treehouse Tumor Compendium 25.01 PolyA median TPM,treehouse_polya_25_01_median_v1
ENSG00000232579,MTCO1P27,technical,0.0,Treehouse Tumor Compendium 25.01 PolyA median TPM,treehouse_polya_25_01_median_v1
ENSG00000262118,MTCO1P28,technical,0.0,Treehouse Tumor Compendium 25.01 PolyA median TPM,treehouse_polya_25_01_median_v1
ENSG00000240452,MTCO1P29,technical,0.0,Treehouse Tumor Compendium 25.01 PolyA median TPM,treehouse_polya_25_01_median_v1
ENSG00000228930,MTCO1P3,technical,0.0,Treehouse Tumor Compendium 25.01 PolyA median TPM,treehouse_polya_25_01_median_v1
ENSG00000248729,MTCO1P30,technical,0.0,Treehouse Tumor Compendium 25.01 PolyA median TPM,treehouse_polya_25_01_median_v1
ENSG00000251476,MTCO1P31,technical,0.0,Treehouse Tumor Compendium 25.01 PolyA median TPM,treehouse_polya_25_01_median_v1
ENSG00000250630,MTCO1P35,technical,0.0,Treehouse Tumor Compendium 25.01 PolyA median TPM,treehouse_polya_25_01_median_v1
ENSG00000283174,MTCO1P38,technical,0.0,Treehouse Tumor Compendium 25.01 PolyA median TPM,treehouse_polya_25_01_median_v1
ENSG00000224254,MTCO1P39,technical,0.0,Treehouse Tumor Compendium 25.01 PolyA median TPM,treehouse_polya_25_01_median_v1
ENSG00000253556,MTCO1P4,technical,0.0,Treehouse Tumor Compendium 25.01 PolyA median TPM,treehouse_polya_25_01_median_v1
ENSG00000262902,MTCO1P40,technical,0.0,Treehouse Tumor Compendium 25.01 PolyA median TPM,treehouse_polya_25_01_median_v1
ENSG00000230327,MTCO1P42,technical,0.0,Treehouse Tumor Compendium 25.01 PolyA median TPM,treehouse_polya_25_01_median_v1
ENSG00000228898,MTCO1P43,technical,0.0,Treehouse Tumor Compendium 25.01 PolyA median TPM,treehouse_polya_25_01_median_v1
ENSG00000227149,MTCO1P44,technical,0.0,Treehouse Tumor Compendium 25.01 PolyA median TPM,treehouse_polya_25_01_median_v1
ENSG00000232982,MTCO1P45,technical,0.0,Treehouse Tumor Compendium 25.01 PolyA median TPM,treehouse_polya_25_01_median_v1
ENSG00000236007,MTCO1P46,technical,0.0,Treehouse Tumor Compendium 25.01 PolyA median TPM,treehouse_polya_25_01_median_v1
ENSG00000254241,MTCO1P47,technical,0.0,Treehouse Tumor Compendium 25.01 PolyA median TPM,treehouse_polya_25_01_median_v1
ENSG00000237055,MTCO1P48,technical,0.0,Treehouse Tumor Compendium 25.01 PolyA median TPM,treehouse_polya_25_01_median_v1
ENSG00000253916,MTCO1P49,technical,0.0,Treehouse Tumor Compendium 25.01 PolyA median TPM,treehouse_polya_25_01_median_v1
ENSG00000233026,MTCO1P5,technical,0.0,Treehouse Tumor Compendium 25.01 PolyA median TPM,treehouse_polya_25_01_median_v1
ENSG00000232981,MTCO1P51,technical,0.0,Treehouse Tumor Compendium 25.01 PolyA median TPM,treehouse_polya_25_01_median_v1
ENSG00000229760,MTCO1P52,technical,0.0,Treehouse Tumor Compendium 25.01 PolyA median TPM,treehouse_polya_25_01_median_v1
ENSG00000230916,MTCO1P53,technical,0.0,Treehouse Tumor Compendium 25.01 PolyA median TPM,treehouse_polya_25_01_median_v1
ENSG00000233311,MTCO1P54,technical,0.0,Treehouse Tumor Compendium 25.01 PolyA median TPM,treehouse_polya_25_01_median_v1
ENSG00000241926,MTCO1P55,technical,0.0,Treehouse Tumor Compendium 25.01 PolyA median TPM,treehouse_polya_25_01_median_v1
ENSG00000220340,MTCO1P56,technical,0.0,Treehouse Tumor Compendium 25.01 PolyA median TPM,treehouse_polya_25_01_median_v1
ENSG00000232975,MTCO1P57,technical,0.0,Treehouse Tumor Compendium 25.01 PolyA median TPM,treehouse_polya_25_01_median_v1
ENSG00000234594,MTCO1P58,technical,0.0,Treehouse Tumor Compendium 25.01 PolyA median TPM,treehouse_polya_25_01_median_v1
ENSG00000240309,MTCO1P6,technical,0.0,Treehouse Tumor Compendium 25.01 PolyA median TPM,treehouse_polya_25_01_median_v1
ENSG00000236211,MTCO1P7,technical,0.0,Treehouse Tumor Compendium 25.01 PolyA median TPM,treehouse_polya_25_01_median_v1
ENSG00000234700,MTCO1P8,technical,0.0,Treehouse Tumor Compendium 25.01 PolyA median TPM,treehouse_polya_25_01_median_v1
ENSG00000251223,MTCO1P9,technical,0.0,Treehouse Tumor Compendium 25.01 PolyA median TPM,treehouse_polya_25_01_median_v1
ENSG00000229690,MTCO2P1,technical,0.0,Treehouse Tumor Compendium 25.01 PolyA median TPM,treehouse_polya_25_01_median_v1
ENSG00000284291,MTCO2P10,technical,0.0,Treehouse Tumor Compendium 25.01 PolyA median TPM,treehouse_polya_25_01_median_v1
ENSG00000235917,MTCO2P11,technical,0.0,Treehouse Tumor Compendium 25.01 PolyA median TPM,treehouse_polya_25_01_median_v1
ENSG00000229344,MTCO2P12,technical,0.0,Treehouse Tumor Compendium 25.01 PolyA median TPM,treehouse_polya_25_01_median_v1
ENSG00000255417,MTCO2P15,technical,0.0,Treehouse Tumor Compendium 25.01 PolyA median TPM,treehouse_polya_25_01_median_v1
ENSG00000234842,MTCO2P16,technical,0.0,Treehouse Tumor Compendium 25.01 PolyA median TPM,treehouse_polya_25_01_median_v1
ENSG00000233888,MTCO2P17,technical,0.0,Treehouse Tumor Compendium 25.01 PolyA median TPM,treehouse_polya_25_01_median_v1
ENSG00000234480,MTCO2P18,technical,0.0,Treehouse Tumor Compendium 25.01 PolyA median TPM,treehouse_polya_25_01_median_v1
ENSG00000237628,MTCO2P19,technical,0.0,Treehouse Tumor Compendium 25.01 PolyA median TPM,treehouse_polya_25_01_median_v1
ENSG00000267541,MTCO2P2,technical,0.0,Treehouse Tumor Compendium 25.01 PolyA median TPM,treehouse_polya_25_01_median_v1
ENSG00000231576,MTCO2P20,technical,0.0,Treehouse Tumor Compendium 25.01 PolyA median TPM,treehouse_polya_25_01_median_v1
ENSG00000236689,MTCO2P21,technical,0.0,Treehouse Tumor Compendium 25.01 PolyA median TPM,treehouse_polya_25_01_median_v1
ENSG00000270225,MTCO2P22,technical,0.0,Treehouse Tumor Compendium 25.01 PolyA median TPM,treehouse_polya_25_01_median_v1
ENSG00000235803,MTCO2P23,technical,0.0,Treehouse Tumor Compendium 25.01 PolyA median TPM,treehouse_polya_25_01_median_v1
ENSG00000249990,MTCO2P24,technical,0.0,Treehouse Tumor Compendium 25.01 PolyA median TPM,treehouse_polya_25_01_median_v1
ENSG00000230654,MTCO2P25,technical,0.0,Treehouse Tumor Compendium 25.01 PolyA median TPM,treehouse_polya_25_01_median_v1
ENSG00000230321,MTCO2P27,technical,0.0,Treehouse Tumor Compendium 25.01 PolyA median TPM,treehouse_polya_25_01_median_v1
ENSG00000243257,MTCO2P29,technical,0.0,Treehouse Tumor Compendium 25.01 PolyA median TPM,treehouse_polya_25_01_median_v1
ENSG00000230009,MTCO2P3,technical,0.0,Treehouse Tumor Compendium 25.01 PolyA median TPM,treehouse_polya_25_01_median_v1
ENSG00000250808,MTCO2P30,technical,0.0,Treehouse Tumor Compendium 25.01 PolyA median TPM,treehouse_polya_25_01_median_v1
ENSG00000217160,MTCO2P31,technical,0.0,Treehouse Tumor Compendium 25.01 PolyA median TPM,treehouse_polya_25_01_median_v1
ENSG00000248951,MTCO2P32,technical,0.0,Treehouse Tumor Compendium 25.01 PolyA median TPM,treehouse_polya_25_01_median_v1
ENSG00000281511,MTCO2P32,technical,0.0,Treehouse Tumor Compendium 25.01 PolyA median TPM,treehouse_polya_25_01_median_v1
ENSG00000217083,MTCO2P33,technical,0.0,Treehouse Tumor Compendium 25.01 PolyA median TPM,treehouse_polya_25_01_median_v1
ENSG00000232198,MTCO2P34,technical,0.0,Treehouse Tumor Compendium 25.01 PolyA median TPM,treehouse_polya_25_01_median_v1
ENSG00000253977,MTCO2P4,technical,0.0,Treehouse Tumor Compendium 25.01 PolyA median TPM,treehouse_polya_25_01_median_v1
ENSG00000231766,MTCO2P5,technical,0.0,Treehouse Tumor Compendium 25.01 PolyA median TPM,treehouse_polya_25_01_median_v1
ENSG00000240951,MTCO2P6,technical,0.0,Treehouse Tumor Compendium 25.01 PolyA median TPM,treehouse_polya_25_01_median_v1
ENSG00000230496,MTCO2P7,technical,0.0,Treehouse Tumor Compendium 25.01 PolyA median TPM,treehouse_polya_25_01_median_v1
ENSG00000234234,MTCO2P8,technical,0.0,Treehouse Tumor Compendium 25.01 PolyA median TPM,treehouse_polya_25_01_median_v1
ENSG00000249386,MTCO2P9,technical,0.0,Treehouse Tumor Compendium 25.01 PolyA median TPM,treehouse_polya_25_01_median_v1
ENSG00000228025,MTCO3P1,technical,0.0,Treehouse Tumor Compendium 25.01 PolyA median TPM,treehouse_polya_25_01_median_v1
ENSG00000228845,MTCO3P1,technical,0.0,Treehouse Tumor Compendium 25.01 PolyA median TPM,treehouse_polya_25_01_median_v1
ENSG00000229710,MTCO3P1,technical,0.0,Treehouse Tumor Compendium 25.01 PolyA median TPM,treehouse_polya_25_01_median_v1
ENSG00000233317,MTCO3P1,technical,0.0,Treehouse Tumor Compendium 25.01 PolyA median TPM,treehouse_polya_25_01_median_v1
ENSG00000235040,MTCO3P1,technical,0.0,Treehouse Tumor Compendium 25.01 PolyA median TPM,treehouse_polya_25_01_median_v1
ENSG00000236629,MTCO3P1,technical,0.0,Treehouse Tumor Compendium 25.01 PolyA median TPM,treehouse_polya_25_01_median_v1
ENSG00000237145,MTCO3P1,technical,0.0,Treehouse Tumor Compendium 25.01 PolyA median TPM,treehouse_polya_25_01_median_v1
ENSG00000231537,MTCO3P10,technical,0.0,Treehouse Tumor Compendium 25.01 PolyA median TPM,treehouse_polya_25_01_median_v1
ENSG00000237711,MTCO3P11,technical,0.0,Treehouse Tumor Compendium 25.01 PolyA median TPM,treehouse_polya_25_01_median_v1
ENSG00000198744,MTCO3P12,technical,0.0,Treehouse Tumor Compendium 25.01 PolyA median TPM,treehouse_polya_25_01_median_v1
ENSG00000264316,MTCO3P13,technical,0.0,Treehouse Tumor Compendium 25.01 PolyA median TPM,treehouse_polya_25_01_median_v1
ENSG00000254895,MTCO3P15,technical,0.0,Treehouse Tumor Compendium 25.01 PolyA median TPM,treehouse_polya_25_01_median_v1
ENSG00000227736,MTCO3P16,technical,0.0,Treehouse Tumor Compendium 25.01 PolyA median TPM,treehouse_polya_25_01_median_v1
ENSG00000237542,MTCO3P17,technical,0.0,Treehouse Tumor Compendium 25.01 PolyA median TPM,treehouse_polya_25_01_median_v1
ENSG00000227661,MTCO3P18,technical,0.0,Treehouse Tumor Compendium 25.01 PolyA median TPM,treehouse_polya_25_01_median_v1
ENSG00000224471,MTCO3P19,technical,0.0,Treehouse Tumor Compendium 25.01 PolyA median TPM,treehouse_polya_25_01_median_v1
ENSG00000232102,MTCO3P2,technical,0.0,Treehouse Tumor Compendium 25.01 PolyA median TPM,treehouse_polya_25_01_median_v1
ENSG00000225557,MTCO3P20,technical,0.0,Treehouse Tumor Compendium 25.01 PolyA median TPM,treehouse_polya_25_01_median_v1
ENSG00000232752,MTCO3P21,technical,0.0,Treehouse Tumor Compendium 25.01 PolyA median TPM,treehouse_polya_25_01_median_v1
ENSG00000270388,MTCO3P22,technical,0.0,Treehouse Tumor Compendium 25.01 PolyA median TPM,treehouse_polya_25_01_median_v1
ENSG00000259651,MTCO3P23,technical,0.0,Treehouse Tumor Compendium 25.01 PolyA median TPM,treehouse_polya_25_01_median_v1
ENSG00000262158,MTCO3P24,technical,0.0,Treehouse Tumor Compendium 25.01 PolyA median TPM,treehouse_polya_25_01_median_v1
ENSG00000251430,MTCO3P27,technical,0.0,Treehouse Tumor Compendium 25.01 PolyA median TPM,treehouse_polya_25_01_median_v1
ENSG00000248328,MTCO3P28,technical,0.0,Treehouse Tumor Compendium 25.01 PolyA median TPM,treehouse_polya_25_01_median_v1
ENSG00000228069,MTCO3P29,technical,0.0,Treehouse Tumor Compendium 25.01 PolyA median TPM,treehouse_polya_25_01_median_v1
ENSG00000229080,MTCO3P30,technical,0.0,Treehouse Tumor Compendium 25.01 PolyA median TPM,treehouse_polya_25_01_median_v1
ENSG00000217044,MTCO3P31,technical,0.0,Treehouse Tumor Compendium 25.01 PolyA median TPM,treehouse_polya_25_01_median_v1
ENSG00000242836,MTCO3P35,technical,0.0,Treehouse Tumor Compendium 25.01 PolyA median TPM,treehouse_polya_25_01_median_v1
ENSG00000242456,MTCO3P38,technical,0.0,Treehouse Tumor Compendium 25.01 PolyA median TPM,treehouse_polya_25_01_median_v1
ENSG00000268736,MTCO3P39,technical,0.0,Treehouse Tumor Compendium 25.01 PolyA median TPM,treehouse_polya_25_01_median_v1
ENSG00000228851,MTCO3P4,technical,0.0,Treehouse Tumor Compendium 25.01 PolyA median TPM,treehouse_polya_25_01_median_v1
ENSG00000228046,MTCO3P40,technical,0.0,Treehouse Tumor Compendium 25.01 PolyA median TPM,treehouse_polya_25_01_median_v1
ENSG00000237466,MTCO3P41,technical,0.0,Treehouse Tumor Compendium 25.01 PolyA median TPM,treehouse_polya_25_01_median_v1
ENSG00000268391,MTCO3P42,technical,0.0,Treehouse Tumor Compendium 25.01 PolyA median TPM,treehouse_polya_25_01_median_v1
ENSG00000227788,MTCO3P43,technical,0.0,Treehouse Tumor Compendium 25.01 PolyA median TPM,treehouse_polya_25_01_median_v1
ENSG00000248654,MTCO3P44,technical,0.0,Treehouse Tumor Compendium 25.01 PolyA median TPM,treehouse_polya_25_01_median_v1
ENSG00000232128,MTCO3P45,technical,0.0,Treehouse Tumor Compendium 25.01 PolyA median TPM,treehouse_polya_25_01_median_v1
ENSG00000235761,MTCO3P46,technical,0.0,Treehouse Tumor Compendium 25.01 PolyA median TPM,treehouse_polya_25_01_median_v1
ENSG00000282999,MTCO3P46,technical,0.0,Treehouse Tumor Compendium 25.01 PolyA median TPM,treehouse_polya_25_01_median_v1
ENSG00000239568,MTCO3P47,technical,0.0,Treehouse Tumor Compendium 25.01 PolyA median TPM,treehouse_polya_25_01_median_v1
ENSG00000225476,MTCO3P5,technical,0.0,Treehouse Tumor Compendium 25.01 PolyA median TPM,treehouse_polya_25_01_median_v1
ENSG00000249997,MTCO3P7,technical,0.0,Treehouse Tumor Compendium 25.01 PolyA median TPM,treehouse_polya_25_01_median_v1
ENSG00000233385,MTCO3P8,technical,0.0,Treehouse Tumor Compendium 25.01 PolyA median TPM,treehouse_polya_25_01_median_v1
ENSG00000249698,MTCO3P9,technical,0.0,Treehouse Tumor Compendium 25.01 PolyA median TPM,treehouse_polya_25_01_median_v1
ENSG00000234179,MTCYBP1,technical,0.0,Treehouse Tumor Compendium 25.01 PolyA median TPM,treehouse_polya_25_01_median_v1
ENSG00000233285,MTCYBP10,technical,0.0,Treehouse Tumor Compendium 25.01 PolyA median TPM,treehouse_polya_25_01_median_v1
ENSG00000224288,MTCYBP11,technical,0.0,Treehouse Tumor Compendium 25.01 PolyA median TPM,treehouse_polya_25_01_median_v1
ENSG00000226313,MTCYBP12,technical,0.0,Treehouse Tumor Compendium 25.01 PolyA median TPM,treehouse_polya_25_01_median_v1
ENSG00000266529,MTCYBP13,technical,0.0,Treehouse Tumor Compendium 25.01 PolyA median TPM,treehouse_polya_25_01_median_v1
ENSG00000238236,MTCYBP14,technical,0.0,Treehouse Tumor Compendium 25.01 PolyA median TPM,treehouse_polya_25_01_median_v1
ENSG00000282918,MTCYBP14,technical,0.0,Treehouse Tumor Compendium 25.01 PolyA median TPM,treehouse_polya_25_01_median_v1
ENSG00000232154,MTCYBP15,technical,0.0,Treehouse Tumor Compendium 25.01 PolyA median TPM,treehouse_polya_25_01_median_v1
ENSG00000251385,MTCYBP16,technical,0.0,Treehouse Tumor Compendium 25.01 PolyA median TPM,treehouse_polya_25_01_median_v1
ENSG00000249247,MTCYBP17,technical,0.0,Treehouse Tumor Compendium 25.01 PolyA median TPM,treehouse_polya_25_01_median_v1
ENSG00000244921,MTCYBP18,technical,0.0,Treehouse Tumor Compendium 25.01 PolyA median TPM,treehouse_polya_25_01_median_v1
ENSG00000253504,MTCYBP19,technical,0.0,Treehouse Tumor Compendium 25.01 PolyA median TPM,treehouse_polya_25_01_median_v1
ENSG00000217179,MTCYBP2,technical,0.0,Treehouse Tumor Compendium 25.01 PolyA median TPM,treehouse_polya_25_01_median_v1
ENSG00000254118,MTCYBP20,technical,0.0,Treehouse Tumor Compendium 25.01 PolyA median TPM,treehouse_polya_25_01_median_v1
ENSG00000224747,MTCYBP21,technical,0.0,Treehouse Tumor Compendium 25.01 PolyA median TPM,treehouse_polya_25_01_median_v1
ENSG00000270232,MTCYBP22,technical,0.0,Treehouse Tumor Compendium 25.01 PolyA median TPM,treehouse_polya_25_01_median_v1
ENSG00000259671,MTCYBP23,technical,0.0,Treehouse Tumor Compendium 25.01 PolyA median TPM,treehouse_polya_25_01_median_v1
ENSG00000236232,MTCYBP24,technical,0.0,Treehouse Tumor Compendium 25.01 PolyA median TPM,treehouse_polya_25_01_median_v1
ENSG00000259012,MTCYBP27,technical,0.0,Treehouse Tumor Compendium 25.01 PolyA median TPM,treehouse_polya_25_01_median_v1
ENSG00000260161,MTCYBP28,technical,0.0,Treehouse Tumor Compendium 25.01 PolyA median TPM,treehouse_polya_25_01_median_v1
ENSG00000224880,MTCYBP29,technical,0.0,Treehouse Tumor Compendium 25.01 PolyA median TPM,treehouse_polya_25_01_median_v1
ENSG00000232373,MTCYBP3,technical,0.0,Treehouse Tumor Compendium 25.01 PolyA median TPM,treehouse_polya_25_01_median_v1
ENSG00000226579,MTCYBP31,technical,0.0,Treehouse Tumor Compendium 25.01 PolyA median TPM,treehouse_polya_25_01_median_v1
ENSG00000229794,MTCYBP32,technical,0.0,Treehouse Tumor Compendium 25.01 PolyA median TPM,treehouse_polya_25_01_median_v1
ENSG00000263241,MTCYBP33,technical,0.0,Treehouse Tumor Compendium 25.01 PolyA median TPM,treehouse_polya_25_01_median_v1
ENSG00000237129,MTCYBP34,technical,0.0,Treehouse Tumor Compendium 25.01 PolyA median TPM,treehouse_polya_25_01_median_v1
ENSG00000251340,MTCYBP35,technical,0.0,Treehouse Tumor Compendium 25.01 PolyA median TPM,treehouse_polya_25_01_median_v1
ENSG00000216853,MTCYBP36,technical,0.0,Treehouse Tumor Compendium 25.01 PolyA median TPM,treehouse_polya_25_01_median_v1
ENSG00000248765,MTCYBP37,technical,0.0,Treehouse Tumor Compendium 25.01 PolyA median TPM,treehouse_polya_25_01_median_v1
ENSG00000226414,MTCYBP38,technical,0.0,Treehouse Tumor Compendium 25.01 PolyA median TPM,treehouse_polya_25_01_median_v1
ENSG00000226341,MTCYBP39,technical,0.0,Treehouse Tumor Compendium 25.01 PolyA median TPM,treehouse_polya_25_01_median_v1
ENSG00000220113,MTCYBP4,technical,0.0,Treehouse Tumor Compendium 25.01 PolyA median TPM,treehouse_polya_25_01_median_v1
ENSG00000248931,MTCYBP40,technical,0.0,Treehouse Tumor Compendium 25.01 PolyA median TPM,treehouse_polya_25_01_median_v1
ENSG00000254650,MTCYBP41,technical,0.0,Treehouse Tumor Compendium 25.01 PolyA median TPM,treehouse_polya_25_01_median_v1
ENSG00000228803,MTCYBP42,technical,0.0,Treehouse Tumor Compendium 25.01 PolyA median TPM,treehouse_polya_25_01_median_v1
ENSG00000250624,MTCYBP43,technical,0.0,Treehouse Tumor Compendium 25.01 PolyA median TPM,treehouse_polya_25_01_median_v1
ENSG00000248282,MTCYBP44,technical,0.0,Treehouse Tumor Compendium 25.01 PolyA median TPM,treehouse_polya_25_01_median_v1
ENSG00000224338,MTCYBP45,technical,0.0,Treehouse Tumor Compendium 25.01 PolyA median TPM,treehouse_polya_25_01_median_v1
ENSG00000234671,MTCYBP5,technical,0.0,Treehouse Tumor Compendium 25.01 PolyA median TPM,treehouse_polya_25_01_median_v1
ENSG00000230605,MTCYBP6,technical,0.0,Treehouse Tumor Compendium 25.01 PolyA median TPM,treehouse_polya_25_01_median_v1
ENSG00000227789,MTCYBP7,technical,0.0,Treehouse Tumor Compendium 25.01 PolyA median TPM,treehouse_polya_25_01_median_v1
ENSG00000233550,MTCYBP8,technical,0.0,Treehouse Tumor Compendium 25.01 PolyA median TPM,treehouse_polya_25_01_median_v1
ENSG00000229935,MTCYBP9,technical,0.0,Treehouse Tumor Compendium 25.01 PolyA median TPM,treehouse_polya_25_01_median_v1
ENSG00000226529,MTND1P1,technical,0.0,Treehouse Tumor Compendium 25.01 PolyA median TPM,treehouse_polya_25_01_median_v1
ENSG00000229088,MTND1P10,technical,0.0,Treehouse Tumor Compendium 25.01 PolyA median TPM,treehouse_polya_25_01_median_v1
ENSG00000228166,MTND1P11,technical,0.0,Treehouse Tumor Compendium 25.01 PolyA median TPM,treehouse_polya_25_01_median_v1
ENSG00000225433,MTND1P12,technical,0.0,Treehouse Tumor Compendium 25.01 PolyA median TPM,treehouse_polya_25_01_median_v1
ENSG00000227225,MTND1P14,technical,0.0,Treehouse Tumor Compendium 25.01 PolyA median TPM,treehouse_polya_25_01_median_v1
ENSG00000264168,MTND1P15,technical,0.0,Treehouse Tumor Compendium 25.01 PolyA median TPM,treehouse_polya_25_01_median_v1
ENSG00000239586,MTND1P16,technical,0.0,Treehouse Tumor Compendium 25.01 PolyA median TPM,treehouse_polya_25_01_median_v1
ENSG00000228122,MTND1P17,technical,0.0,Treehouse Tumor Compendium 25.01 PolyA median TPM,treehouse_polya_25_01_median_v1
ENSG00000225276,MTND1P18,technical,0.0,Treehouse Tumor Compendium 25.01 PolyA median TPM,treehouse_polya_25_01_median_v1
ENSG00000251449,MTND1P19,technical,0.0,Treehouse Tumor Compendium 25.01 PolyA median TPM,treehouse_polya_25_01_median_v1
ENSG00000235646,MTND1P2,technical,0.0,Treehouse Tumor Compendium 25.01 PolyA median TPM,treehouse_polya_25_01_median_v1
ENSG00000226794,MTND1P20,technical,0.0,Treehouse Tumor Compendium 25.01 PolyA median TPM,treehouse_polya_25_01_median_v1
ENSG00000235940,MTND1P21,technical,0.0,Treehouse Tumor Compendium 25.01 PolyA median TPM,treehouse_polya_25_01_median_v1
ENSG00000251407,MTND1P22,technical,0.0,Treehouse Tumor Compendium 25.01 PolyA median TPM,treehouse_polya_25_01_median_v1
ENSG00000225972,MTND1P23,technical,6.510194,Treehouse Tumor Compendium 25.01 PolyA median TPM,treehouse_polya_25_01_median_v1
ENSG00000257858,MTND1P24,technical,0.0,Treehouse Tumor Compendium 25.01 PolyA median TPM,treehouse_polya_25_01_median_v1
ENSG00000234576,MTND1P26,technical,0.0,Treehouse Tumor Compendium 25.01 PolyA median TPM,treehouse_polya_25_01_median_v1
ENSG00000223921,MTND1P27,technical,0.0,Treehouse Tumor Compendium 25.01 PolyA median TPM,treehouse_polya_25_01_median_v1
ENSG00000230158,MTND1P28,technical,0.0,Treehouse Tumor Compendium 25.01 PolyA median TPM,treehouse_polya_25_01_median_v1
ENSG00000237722,MTND1P29,technical,0.0,Treehouse Tumor Compendium 25.01 PolyA median TPM,treehouse_polya_25_01_median_v1
ENSG00000239648,MTND1P3,technical,0.0,Treehouse Tumor Compendium 25.01 PolyA median TPM,treehouse_polya_25_01_median_v1
ENSG00000238047,MTND1P30,technical,0.0,Treehouse Tumor Compendium 25.01 PolyA median TPM,treehouse_polya_25_01_median_v1
ENSG00000235170,MTND1P31,technical,0.0,Treehouse Tumor Compendium 25.01 PolyA median TPM,treehouse_polya_25_01_median_v1
ENSG00000232282,MTND1P32,technical,0.0,Treehouse Tumor Compendium 25.01 PolyA median TPM,treehouse_polya_25_01_median_v1
ENSG00000235539,MTND1P33,technical,0.0,Treehouse Tumor Compendium 25.01 PolyA median TPM,treehouse_polya_25_01_median_v1
ENSG00000225514,MTND1P34,technical,0.0,Treehouse Tumor Compendium 25.01 PolyA median TPM,treehouse_polya_25_01_median_v1
ENSG00000255055,MTND1P35,technical,0.0,Treehouse Tumor Compendium 25.01 PolyA median TPM,treehouse_polya_25_01_median_v1
ENSG00000253245,MTND1P36,technical,0.0,Treehouse Tumor Compendium 25.01 PolyA median TPM,treehouse_polya_25_01_median_v1
ENSG00000283456,MTND1P37,technical,0.0,Treehouse Tumor Compendium 25.01 PolyA median TPM,treehouse_polya_25_01_median_v1
ENSG00000230764,MTND1P4,technical,0.0,Treehouse Tumor Compendium 25.01 PolyA median TPM,treehouse_polya_25_01_median_v1
ENSG00000253795,MTND1P5,technical,0.0,Treehouse Tumor Compendium 25.01 PolyA median TPM,treehouse_polya_25_01_median_v1
ENSG00000254346,MTND1P6,technical,0.0,Treehouse Tumor Compendium 25.01 PolyA median TPM,treehouse_polya_25_01_median_v1
ENSG00000282321,MTND1P7,technical,0.0,Treehouse Tumor Compendium 25.01 PolyA median TPM,treehouse_polya_25_01_median_v1
ENSG00000263177,MTND1P8,technical,0.0,Treehouse Tumor Compendium 25.01 PolyA median TPM,treehouse_polya_25_01_median_v1
ENSG00000228995,MTND1P9,technical,0.0,Treehouse Tumor Compendium 25.01 PolyA median TPM,treehouse_polya_25_01_median_v1
ENSG00000237124,MTND2P11,technical,0.0,Treehouse Tumor Compendium 25.01 PolyA median TPM,treehouse_polya_25_01_median_v1
ENSG00000228725,MTND2P12,technical,0.0,Treehouse Tumor Compendium 25.01 PolyA median TPM,treehouse_polya_25_01_median_v1
ENSG00000263914,MTND2P13,technical,0.0,Treehouse Tumor Compendium 25.01 PolyA median TPM,treehouse_polya_25_01_median_v1
ENSG00000240796,MTND2P14,technical,0.0,Treehouse Tumor Compendium 25.01 PolyA median TPM,treehouse_polya_25_01_median_v1
ENSG00000231152,MTND2P15,technical,0.0,Treehouse Tumor Compendium 25.01 PolyA median TPM,treehouse_polya_25_01_median_v1
ENSG00000230818,MTND2P16,technical,0.0,Treehouse Tumor Compendium 25.01 PolyA median TPM,treehouse_polya_25_01_median_v1
ENSG00000258239,MTND2P17,technical,0.0,Treehouse Tumor Compendium 25.01 PolyA median TPM,treehouse_polya_25_01_median_v1
ENSG00000234939,MTND2P18,technical,0.0,Treehouse Tumor Compendium 25.01 PolyA median TPM,treehouse_polya_25_01_median_v1
ENSG00000231567,MTND2P19,technical,0.0,Treehouse Tumor Compendium 25.01 PolyA median TPM,treehouse_polya_25_01_median_v1
ENSG00000229954,MTND2P2,technical,0.0,Treehouse Tumor Compendium 25.01 PolyA median TPM,treehouse_polya_25_01_median_v1
ENSG00000229701,MTND2P20,technical,0.0,Treehouse Tumor Compendium 25.01 PolyA median TPM,treehouse_polya_25_01_median_v1
ENSG00000230950,MTND2P21,technical,0.0,Treehouse Tumor Compendium 25.01 PolyA median TPM,treehouse_polya_25_01_median_v1
ENSG00000231954,MTND2P22,technical,0.0,Treehouse Tumor Compendium 25.01 PolyA median TPM,treehouse_polya_25_01_median_v1
ENSG00000232631,MTND2P23,technical,0.0,Treehouse Tumor Compendium 25.01 PolyA median TPM,treehouse_polya_25_01_median_v1
ENSG00000231947,MTND2P24,technical,0.0,Treehouse Tumor Compendium 25.01 PolyA median TPM,treehouse_polya_25_01_median_v1
ENSG00000228182,MTND2P25,technical,0.0,Treehouse Tumor Compendium 25.01 PolyA median TPM,treehouse_polya_25_01_median_v1
ENSG00000254565,MTND2P26,technical,0.0,Treehouse Tumor Compendium 25.01 PolyA median TPM,treehouse_polya_25_01_median_v1
ENSG00000225630,MTND2P28,technical,170.294983,Treehouse Tumor Compendium 25.01 PolyA median TPM,treehouse_polya_25_01_median_v1
ENSG00000233595,MTND2P29,technical,0.0,Treehouse Tumor Compendium 25.01 PolyA median TPM,treehouse_polya_25_01_median_v1
ENSG00000234850,MTND2P3,technical,0.0,Treehouse Tumor Compendium 25.01 PolyA median TPM,treehouse_polya_25_01_median_v1
ENSG00000227937,MTND2P30,technical,0.0,Treehouse Tumor Compendium 25.01 PolyA median TPM,treehouse_polya_25_01_median_v1
ENSG00000251252,MTND2P31,technical,0.0,Treehouse Tumor Compendium 25.01 PolyA median TPM,treehouse_polya_25_01_median_v1
ENSG00000254090,MTND2P32,technical,0.0,Treehouse Tumor Compendium 25.01 PolyA median TPM,treehouse_polya_25_01_median_v1
ENSG00000248907,MTND2P33,technical,0.0,Treehouse Tumor Compendium 25.01 PolyA median TPM,treehouse_polya_25_01_median_v1
ENSG00000253828,MTND2P38,technical,0.0,Treehouse Tumor Compendium 25.01 PolyA median TPM,treehouse_polya_25_01_median_v1
ENSG00000230130,MTND2P39,technical,0.0,Treehouse Tumor Compendium 25.01 PolyA median TPM,treehouse_polya_25_01_median_v1
ENSG00000230252,MTND2P4,technical,0.0,Treehouse Tumor Compendium 25.01 PolyA median TPM,treehouse_polya_25_01_median_v1
ENSG00000236483,MTND2P40,technical,0.0,Treehouse Tumor Compendium 25.01 PolyA median TPM,treehouse_polya_25_01_median_v1
ENSG00000283131,MTND2P41,technical,0.0,Treehouse Tumor Compendium 25.01 PolyA median TPM,treehouse_polya_25_01_median_v1
ENSG00000224354,MTND2P5,technical,0.0,Treehouse Tumor Compendium 25.01 PolyA median TPM,treehouse_polya_25_01_median_v1
ENSG00000237309,MTND2P6,technical,0.0,Treehouse Tumor Compendium 25.01 PolyA median TPM,treehouse_polya_25_01_median_v1
ENSG00000253970,MTND2P7,technical,0.0,Treehouse Tumor Compendium 25.01 PolyA median TPM,treehouse_polya_25_01_median_v1
ENSG00000237257,MTND2P8,technical,0.0,Treehouse Tumor Compendium 25.01 PolyA median TPM,treehouse_polya_25_01_median_v1
ENSG00000225901,MTND2P9,technical,0.0,Treehouse Tumor Compendium 25.01 PolyA median TPM,treehouse_polya_25_01_median_v1
ENSG00000226118,MTND3P1,technical,0.0,Treehouse Tumor Compendium 25.01 PolyA median TPM,treehouse_polya_25_01_median_v1
ENSG00000233286,MTND3P10,technical,0.0,Treehouse Tumor Compendium 25.01 PolyA median TPM,treehouse_polya_25_01_median_v1
ENSG00000259626,MTND3P12,technical,0.0,Treehouse Tumor Compendium 25.01 PolyA median TPM,treehouse_polya_25_01_median_v1
ENSG00000263196,MTND3P13,technical,0.0,Treehouse Tumor Compendium 25.01 PolyA median TPM,treehouse_polya_25_01_median_v1
ENSG00000283940,MTND3P15,technical,0.0,Treehouse Tumor Compendium 25.01 PolyA median TPM,treehouse_polya_25_01_median_v1
ENSG00000224590,MTND3P16,technical,0.0,Treehouse Tumor Compendium 25.01 PolyA median TPM,treehouse_polya_25_01_median_v1
ENSG00000233134,MTND3P17,technical,0.0,Treehouse Tumor Compendium 25.01 PolyA median TPM,treehouse_polya_25_01_median_v1
ENSG00000283865,MTND3P18,technical,0.0,Treehouse Tumor Compendium 25.01 PolyA median TPM,treehouse_polya_25_01_median_v1
ENSG00000271480,MTND3P19,technical,0.0,Treehouse Tumor Compendium 25.01 PolyA median TPM,treehouse_polya_25_01_median_v1
ENSG00000230052,MTND3P2,technical,0.0,Treehouse Tumor Compendium 25.01 PolyA median TPM,treehouse_polya_25_01_median_v1
ENSG00000220733,MTND3P20,technical,0.0,Treehouse Tumor Compendium 25.01 PolyA median TPM,treehouse_polya_25_01_median_v1
ENSG00000235794,MTND3P21,technical,0.0,Treehouse Tumor Compendium 25.01 PolyA median TPM,treehouse_polya_25_01_median_v1
ENSG00000248946,MTND3P22,technical,0.0,Treehouse Tumor Compendium 25.01 PolyA median TPM,treehouse_polya_25_01_median_v1
ENSG00000238288,MTND3P23,technical,0.0,Treehouse Tumor Compendium 25.01 PolyA median TPM,treehouse_polya_25_01_median_v1
ENSG00000249045,MTND3P24,technical,0.0,Treehouse Tumor Compendium 25.01 PolyA median TPM,treehouse_polya_25_01_median_v1
ENSG00000249192,MTND3P25,technical,0.0,Treehouse Tumor Compendium 25.01 PolyA median TPM,treehouse_polya_25_01_median_v1
ENSG00000249127,MTND3P3,technical,0.0,Treehouse Tumor Compendium 25.01 PolyA median TPM,treehouse_polya_25_01_median_v1
ENSG00000230302,MTND3P4,technical,0.0,Treehouse Tumor Compendium 25.01 PolyA median TPM,treehouse_polya_25_01_median_v1
ENSG00000251353,MTND3P5,technical,0.0,Treehouse Tumor Compendium 25.01 PolyA median TPM,treehouse_polya_25_01_median_v1
ENSG00000242214,MTND3P6,technical,0.0,Treehouse Tumor Compendium 25.01 PolyA median TPM,treehouse_polya_25_01_median_v1
ENSG00000240824,MTND3P7,technical,0.0,Treehouse Tumor Compendium 25.01 PolyA median TPM,treehouse_polya_25_01_median_v1
ENSG00000232714,MTND3P8,technical,0.0,Treehouse Tumor Compendium 25.01 PolyA median TPM,treehouse_polya_25_01_median_v1
ENSG00000283116,MTND3P8,technical,0.0,Treehouse Tumor Compendium 25.01 PolyA median TPM,treehouse_polya_25_01_median_v1
ENSG00000227557,MTND3P9,technical,0.0,Treehouse Tumor Compendium 25.01 PolyA median TPM,treehouse_polya_25_01_median_v1
ENSG00000231501,MTND4LP1,technical,0.0,Treehouse Tumor Compendium 25.01 PolyA median TPM,treehouse_polya_25_01_median_v1
ENSG00000240084,MTND4LP10,technical,0.0,Treehouse Tumor Compendium 25.01 PolyA median TPM,treehouse_polya_25_01_median_v1
ENSG00000234163,MTND4LP11,technical,0.0,Treehouse Tumor Compendium 25.01 PolyA median TPM,treehouse_polya_25_01_median_v1
ENSG00000236300,MTND4LP12,technical,0.0,Treehouse Tumor Compendium 25.01 PolyA median TPM,treehouse_polya_25_01_median_v1
ENSG00000235318,MTND4LP13,technical,0.0,Treehouse Tumor Compendium 25.01 PolyA median TPM,treehouse_polya_25_01_median_v1
ENSG00000243104,MTND4LP14,technical,0.0,Treehouse Tumor Compendium 25.01 PolyA median TPM,treehouse_polya_25_01_median_v1
ENSG00000234731,MTND4LP16,technical,0.0,Treehouse Tumor Compendium 25.01 PolyA median TPM,treehouse_polya_25_01_median_v1
ENSG00000241221,MTND4LP17,technical,0.0,Treehouse Tumor Compendium 25.01 PolyA median TPM,treehouse_polya_25_01_median_v1
ENSG00000254747,MTND4LP18,technical,0.0,Treehouse Tumor Compendium 25.01 PolyA median TPM,treehouse_polya_25_01_median_v1
ENSG00000219087,MTND4LP19,technical,0.0,Treehouse Tumor Compendium 25.01 PolyA median TPM,treehouse_polya_25_01_median_v1
ENSG00000248315,MTND4LP2,technical,0.0,Treehouse Tumor Compendium 25.01 PolyA median TPM,treehouse_polya_25_01_median_v1
ENSG00000220514,MTND4LP20,technical,0.0,Treehouse Tumor Compendium 25.01 PolyA median TPM,treehouse_polya_25_01_median_v1
ENSG00000231582,MTND4LP21,technical,0.0,Treehouse Tumor Compendium 25.01 PolyA median TPM,treehouse_polya_25_01_median_v1
ENSG00000282857,MTND4LP21,technical,0.0,Treehouse Tumor Compendium 25.01 PolyA median TPM,treehouse_polya_25_01_median_v1
ENSG00000248133,MTND4LP22,technical,0.0,Treehouse Tumor Compendium 25.01 PolyA median TPM,treehouse_polya_25_01_median_v1
ENSG00000262259,MTND4LP24,technical,0.0,Treehouse Tumor Compendium 25.01 PolyA median TPM,treehouse_polya_25_01_median_v1
ENSG00000260067,MTND4LP25,technical,0.0,Treehouse Tumor Compendium 25.01 PolyA median TPM,treehouse_polya_25_01_median_v1
ENSG00000254015,MTND4LP26,technical,0.0,Treehouse Tumor Compendium 25.01 PolyA median TPM,treehouse_polya_25_01_median_v1
ENSG00000239632,MTND4LP3,technical,0.0,Treehouse Tumor Compendium 25.01 PolyA median TPM,treehouse_polya_25_01_median_v1
ENSG00000198868,MTND4LP30,technical,0.0,Treehouse Tumor Compendium 25.01 PolyA median TPM,treehouse_polya_25_01_median_v1
ENSG00000248259,MTND4LP31,technical,0.0,Treehouse Tumor Compendium 25.01 PolyA median TPM,treehouse_polya_25_01_median_v1
ENSG00000283481,MTND4LP32,technical,0.0,Treehouse Tumor Compendium 25.01 PolyA median TPM,treehouse_polya_25_01_median_v1
ENSG00000270350,MTND4LP5,technical,0.0,Treehouse Tumor Compendium 25.01 PolyA median TPM,treehouse_polya_25_01_median_v1
ENSG00000240791,MTND4LP7,technical,0.0,Treehouse Tumor Compendium 25.01 PolyA median TPM,treehouse_polya_25_01_median_v1
ENSG00000227795,MTND4LP9,technical,0.0,Treehouse Tumor Compendium 25.01 PolyA median TPM,treehouse_polya_25_01_median_v1
ENSG00000228597,MTND4P1,technical,0.0,Treehouse Tumor Compendium 25.01 PolyA median TPM,treehouse_polya_25_01_median_v1
ENSG00000226663,MTND4P10,technical,0.0,Treehouse Tumor Compendium 25.01 PolyA median TPM,treehouse_polya_25_01_median_v1
ENSG00000282824,MTND4P10,technical,0.0,Treehouse Tumor Compendium 25.01 PolyA median TPM,treehouse_polya_25_01_median_v1
ENSG00000234099,MTND4P11,technical,0.0,Treehouse Tumor Compendium 25.01 PolyA median TPM,treehouse_polya_25_01_median_v1
ENSG00000247627,MTND4P12,technical,1.75,Treehouse Tumor Compendium 25.01 PolyA median TPM,treehouse_polya_25_01_median_v1
ENSG00000216713,MTND4P13,technical,0.0,Treehouse Tumor Compendium 25.01 PolyA median TPM,treehouse_polya_25_01_median_v1
ENSG00000236254,MTND4P14,technical,0.0,Treehouse Tumor Compendium 25.01 PolyA median TPM,treehouse_polya_25_01_median_v1
ENSG00000227321,MTND4P15,technical,0.0201,Treehouse Tumor Compendium 25.01 PolyA median TPM,treehouse_polya_25_01_median_v1
ENSG00000241787,MTND4P16,technical,0.0,Treehouse Tumor Compendium 25.01 PolyA median TPM,treehouse_polya_25_01_median_v1
ENSG00000242178,MTND4P17,technical,0.0,Treehouse Tumor Compendium 25.01 PolyA median TPM,treehouse_polya_25_01_median_v1
ENSG00000228694,MTND4P18,technical,0.0,Treehouse Tumor Compendium 25.01 PolyA median TPM,treehouse_polya_25_01_median_v1
ENSG00000230338,MTND4P19,technical,0.0,Treehouse Tumor Compendium 25.01 PolyA median TPM,treehouse_polya_25_01_median_v1
ENSG00000248704,MTND4P2,technical,0.0,Treehouse Tumor Compendium 25.01 PolyA median TPM,treehouse_polya_25_01_median_v1
ENSG00000233377,MTND4P20,technical,0.0,Treehouse Tumor Compendium 25.01 PolyA median TPM,treehouse_polya_25_01_median_v1
ENSG00000231777,MTND4P21,technical,0.0,Treehouse Tumor Compendium 25.01 PolyA median TPM,treehouse_polya_25_01_median_v1
ENSG00000232772,MTND4P22,technical,0.0,Treehouse Tumor Compendium 25.01 PolyA median TPM,treehouse_polya_25_01_median_v1
ENSG00000225796,MTND4P23,technical,0.0201,Treehouse Tumor Compendium 25.01 PolyA median TPM,treehouse_polya_25_01_median_v1
ENSG00000232177,MTND4P24,technical,0.0,Treehouse Tumor Compendium 25.01 PolyA median TPM,treehouse_polya_25_01_median_v1
ENSG00000226700,MTND4P25,technical,0.0,Treehouse Tumor Compendium 25.01 PolyA median TPM,treehouse_polya_25_01_median_v1
ENSG00000234065,MTND4P26,technical,0.0301,Treehouse Tumor Compendium 25.01 PolyA median TPM,treehouse_polya_25_01_median_v1
ENSG00000230548,MTND4P27,technical,0.0,Treehouse Tumor Compendium 25.01 PolyA median TPM,treehouse_polya_25_01_median_v1
ENSG00000233709,MTND4P28,technical,0.0,Treehouse Tumor Compendium 25.01 PolyA median TPM,treehouse_polya_25_01_median_v1
ENSG00000249177,MTND4P29,technical,0.0,Treehouse Tumor Compendium 25.01 PolyA median TPM,treehouse_polya_25_01_median_v1
ENSG00000225959,MTND4P3,technical,0.0,Treehouse Tumor Compendium 25.01 PolyA median TPM,treehouse_polya_25_01_median_v1
ENSG00000227454,MTND4P30,technical,0.0,Treehouse Tumor Compendium 25.01 PolyA median TPM,treehouse_polya_25_01_median_v1
ENSG00000235382,MTND4P31,technical,0.0,Treehouse Tumor Compendium 25.01 PolyA median TPM,treehouse_polya_25_01_median_v1
ENSG00000226056,MTND4P32,technical,0.0,Treehouse Tumor Compendium 25.01 PolyA median TPM,treehouse_polya_25_01_median_v1
ENSG00000258762,MTND4P33,technical,0.0,Treehouse Tumor Compendium 25.01 PolyA median TPM,treehouse_polya_25_01_median_v1
ENSG00000262322,MTND4P34,technical,0.0,Treehouse Tumor Compendium 25.01 PolyA median TPM,treehouse_polya_25_01_median_v1
ENSG00000270906,MTND4P35,technical,0.0,Treehouse Tumor Compendium 25.01 PolyA median TPM,treehouse_polya_25_01_median_v1
ENSG00000225295,MTND4P4,technical,0.0,Treehouse Tumor Compendium 25.01 PolyA median TPM,treehouse_polya_25_01_median_v1
ENSG00000227584,MTND4P5,technical,0.0,Treehouse Tumor Compendium 25.01 PolyA median TPM,treehouse_polya_25_01_median_v1
ENSG00000224042,MTND4P6,technical,0.0,Treehouse Tumor Compendium 25.01 PolyA median TPM,treehouse_polya_25_01_median_v1
ENSG00000253257,MTND4P7,technical,0.0,Treehouse Tumor Compendium 25.01 PolyA median TPM,treehouse_polya_25_01_median_v1
ENSG00000248548,MTND4P8,technical,0.0,Treehouse Tumor Compendium 25.01 PolyA median TPM,treehouse_polya_25_01_median_v1
ENSG00000250050,MTND4P9,technical,0.0201,Treehouse Tumor Compendium 25.01 PolyA median TPM,treehouse_polya_25_01_median_v1
ENSG00000227999,MTND5P1,technical,0.040101,Treehouse Tumor Compendium 25.01 PolyA median TPM,treehouse_polya_25_01_median_v1
ENSG00000271687,MTND5P10,technical,0.0,Treehouse Tumor Compendium 25.01 PolyA median TPM,treehouse_polya_25_01_median_v1
ENSG00000248923,MTND5P11,technical,0.140103,Treehouse Tumor Compendium 25.01 PolyA median TPM,treehouse_polya_25_01_median_v1
ENSG00000251544,MTND5P12,technical,0.0,Treehouse Tumor Compendium 25.01 PolyA median TPM,treehouse_polya_25_01_median_v1
ENSG00000250169,MTND5P13,technical,0.0,Treehouse Tumor Compendium 25.01 PolyA median TPM,treehouse_polya_25_01_median_v1
ENSG00000230225,MTND5P14,technical,0.0,Treehouse Tumor Compendium 25.01 PolyA median TPM,treehouse_polya_25_01_median_v1
ENSG00000231888,MTND5P15,technical,0.0,Treehouse Tumor Compendium 25.01 PolyA median TPM,treehouse_polya_25_01_median_v1
ENSG00000243658,MTND5P16,technical,0.0,Treehouse Tumor Compendium 25.01 PolyA median TPM,treehouse_polya_25_01_median_v1
ENSG00000236626,MTND5P17,technical,0.0,Treehouse Tumor Compendium 25.01 PolyA median TPM,treehouse_polya_25_01_median_v1
ENSG00000227860,MTND5P18,technical,0.0,Treehouse Tumor Compendium 25.01 PolyA median TPM,treehouse_polya_25_01_median_v1
ENSG00000231199,MTND5P19,technical,0.0,Treehouse Tumor Compendium 25.01 PolyA median TPM,treehouse_polya_25_01_median_v1
ENSG00000283014,MTND5P19,technical,0.0,Treehouse Tumor Compendium 25.01 PolyA median TPM,treehouse_polya_25_01_median_v1
ENSG00000229622,MTND5P2,technical,0.0,Treehouse Tumor Compendium 25.01 PolyA median TPM,treehouse_polya_25_01_median_v1
ENSG00000238256,MTND5P20,technical,0.0,Treehouse Tumor Compendium 25.01 PolyA median TPM,treehouse_polya_25_01_median_v1
ENSG00000255123,MTND5P21,technical,0.0,Treehouse Tumor Compendium 25.01 PolyA median TPM,treehouse_polya_25_01_median_v1
ENSG00000238046,MTND5P22,technical,0.0,Treehouse Tumor Compendium 25.01 PolyA median TPM,treehouse_polya_25_01_median_v1
ENSG00000235080,MTND5P23,technical,0.0,Treehouse Tumor Compendium 25.01 PolyA median TPM,treehouse_polya_25_01_median_v1
ENSG00000224852,MTND5P24,technical,0.0,Treehouse Tumor Compendium 25.01 PolyA median TPM,treehouse_polya_25_01_median_v1
ENSG00000227348,MTND5P25,technical,0.0,Treehouse Tumor Compendium 25.01 PolyA median TPM,treehouse_polya_25_01_median_v1
ENSG00000234886,MTND5P26,technical,0.0,Treehouse Tumor Compendium 25.01 PolyA median TPM,treehouse_polya_25_01_median_v1
ENSG00000225045,MTND5P27,technical,0.0,Treehouse Tumor Compendium 25.01 PolyA median TPM,treehouse_polya_25_01_median_v1
ENSG00000223549,MTND5P28,technical,0.0201,Treehouse Tumor Compendium 25.01 PolyA median TPM,treehouse_polya_25_01_median_v1
ENSG00000234934,MTND5P29,technical,0.0,Treehouse Tumor Compendium 25.01 PolyA median TPM,treehouse_polya_25_01_median_v1
ENSG00000232447,MTND5P3,technical,0.0,Treehouse Tumor Compendium 25.01 PolyA median TPM,treehouse_polya_25_01_median_v1
ENSG00000233039,MTND5P30,technical,0.0,Treehouse Tumor Compendium 25.01 PolyA median TPM,treehouse_polya_25_01_median_v1
ENSG00000227841,MTND5P31,technical,0.0,Treehouse Tumor Compendium 25.01 PolyA median TPM,treehouse_polya_25_01_median_v1
ENSG00000259379,MTND5P32,technical,0.0,Treehouse Tumor Compendium 25.01 PolyA median TPM,treehouse_polya_25_01_median_v1
ENSG00000261904,MTND5P33,technical,0.0,Treehouse Tumor Compendium 25.01 PolyA median TPM,treehouse_polya_25_01_median_v1
ENSG00000260147,MTND5P34,technical,0.0,Treehouse Tumor Compendium 25.01 PolyA median TPM,treehouse_polya_25_01_median_v1
ENSG00000258923,MTND5P35,technical,0.0,Treehouse Tumor Compendium 25.01 PolyA median TPM,treehouse_polya_25_01_median_v1
ENSG00000251212,MTND5P4,technical,0.0,Treehouse Tumor Compendium 25.01 PolyA median TPM,treehouse_polya_25_01_median_v1
ENSG00000259593,MTND5P40,technical,0.0,Treehouse Tumor Compendium 25.01 PolyA median TPM,treehouse_polya_25_01_median_v1
ENSG00000253685,MTND5P41,technical,0.0,Treehouse Tumor Compendium 25.01 PolyA median TPM,treehouse_polya_25_01_median_v1
ENSG00000283578,MTND5P42,technical,0.0,Treehouse Tumor Compendium 25.01 PolyA median TPM,treehouse_polya_25_01_median_v1
ENSG00000251149,MTND5P5,technical,0.0,Treehouse Tumor Compendium 25.01 PolyA median TPM,treehouse_polya_25_01_median_v1
ENSG00000228440,MTND5P6,technical,0.0,Treehouse Tumor Compendium 25.01 PolyA median TPM,treehouse_polya_25_01_median_v1
ENSG00000230531,MTND5P7,technical,0.0,Treehouse Tumor Compendium 25.01 PolyA median TPM,treehouse_polya_25_01_median_v1
ENSG00000230999,MTND5P8,technical,0.0,Treehouse Tumor Compendium 25.01 PolyA median TPM,treehouse_polya_25_01_median_v1
ENSG00000248748,MTND5P9,technical,0.0,Treehouse Tumor Compendium 25.01 PolyA median TPM,treehouse_polya_25_01_median_v1
ENSG00000223955,MTND6P1,technical,0.0,Treehouse Tumor Compendium 25.01 PolyA median TPM,treehouse_polya_25_01_median_v1
ENSG00000227275,MTND6P10,technical,0.0,Treehouse Tumor Compendium 25.01 PolyA median TPM,treehouse_polya_25_01_median_v1
ENSG00000226839,MTND6P11,technical,0.0,Treehouse Tumor Compendium 25.01 PolyA median TPM,treehouse_polya_25_01_median_v1
ENSG00000235039,MTND6P12,technical,0.0,Treehouse Tumor Compendium 25.01 PolyA median TPM,treehouse_polya_25_01_median_v1
ENSG00000234901,MTND6P13,technical,0.0,Treehouse Tumor Compendium 25.01 PolyA median TPM,treehouse_polya_25_01_median_v1
ENSG00000235638,MTND6P14,technical,0.0,Treehouse Tumor Compendium 25.01 PolyA median TPM,treehouse_polya_25_01_median_v1
ENSG00000283066,MTND6P14,technical,0.0,Treehouse Tumor Compendium 25.01 PolyA median TPM,treehouse_polya_25_01_median_v1
ENSG00000225723,MTND6P15,technical,0.0,Treehouse Tumor Compendium 25.01 PolyA median TPM,treehouse_polya_25_01_median_v1
ENSG00000249893,MTND6P16,technical,0.0,Treehouse Tumor Compendium 25.01 PolyA median TPM,treehouse_polya_25_01_median_v1
ENSG00000249770,MTND6P17,technical,0.0,Treehouse Tumor Compendium 25.01 PolyA median TPM,treehouse_polya_25_01_median_v1
ENSG00000227714,MTND6P18,technical,0.0,Treehouse Tumor Compendium 25.01 PolyA median TPM,treehouse_polya_25_01_median_v1
ENSG00000254384,MTND6P19,technical,0.0,Treehouse Tumor Compendium 25.01 PolyA median TPM,treehouse_polya_25_01_median_v1
ENSG00000250389,MTND6P2,technical,0.0,Treehouse Tumor Compendium 25.01 PolyA median TPM,treehouse_polya_25_01_median_v1
ENSG00000254156,MTND6P20,technical,0.0,Treehouse Tumor Compendium 25.01 PolyA median TPM,treehouse_polya_25_01_median_v1
ENSG00000223431,MTND6P21,technical,0.0,Treehouse Tumor Compendium 25.01 PolyA median TPM,treehouse_polya_25_01_median_v1
ENSG00000270230,MTND6P22,technical,0.0,Treehouse Tumor Compendium 25.01 PolyA median TPM,treehouse_polya_25_01_median_v1
ENSG00000232922,MTND6P24,technical,0.0,Treehouse Tumor Compendium 25.01 PolyA median TPM,treehouse_polya_25_01_median_v1
ENSG00000255316,MTND6P25,technical,0.0,Treehouse Tumor Compendium 25.01 PolyA median TPM,treehouse_polya_25_01_median_v1
ENSG00000283311,MTND6P29,technical,0.0,Treehouse Tumor Compendium 25.01 PolyA median TPM,treehouse_polya_25_01_median_v1
ENSG00000254132,MTND6P3,technical,0.0,Treehouse Tumor Compendium 25.01 PolyA median TPM,treehouse_polya_25_01_median_v1
ENSG00000227649,MTND6P32,technical,0.0,Treehouse Tumor Compendium 25.01 PolyA median TPM,treehouse_polya_25_01_median_v1
ENSG00000262107,MTND6P33,technical,0.0,Treehouse Tumor Compendium 25.01 PolyA median TPM,treehouse_polya_25_01_median_v1
ENSG00000283879,MTND6P35,technical,0.0,Treehouse Tumor Compendium 25.01 PolyA median TPM,treehouse_polya_25_01_median_v1
ENSG00000249119,MTND6P4,technical,0.210098,Treehouse Tumor Compendium 25.01 PolyA median TPM,treehouse_polya_25_01_median_v1
ENSG00000227730,MTND6P5,technical,0.0,Treehouse Tumor Compendium 25.01 PolyA median TPM,treehouse_polya_25_01_median_v1
ENSG00000240034,MTND6P6,technical,0.0,Treehouse Tumor Compendium 25.01 PolyA median TPM,treehouse_polya_25_01_median_v1
ENSG00000224695,MTND6P7,technical,0.0,Treehouse Tumor Compendium 25.01 PolyA median TPM,treehouse_polya_25_01_median_v1
ENSG00000248136,MTND6P8,technical,0.0,Treehouse Tumor Compendium 25.01 PolyA median TPM,treehouse_polya_25_01_median_v1
ENSG00000233248,MTND6P9,technical,0.0,Treehouse Tumor Compendium 25.01 PolyA median TPM,treehouse_polya_25_01_median_v1
ENSG00000256618,MTRNR2L1,technical,0.0,Treehouse Tumor Compendium 25.01 PolyA median TPM,treehouse_polya_25_01_median_v1
ENSG00000256045,MTRNR2L10,technical,0.0,Treehouse Tumor Compendium 25.01 PolyA median TPM,treehouse_polya_25_01_median_v1
ENSG00000270188,MTRNR2L11,technical,0.0,Treehouse Tumor Compendium 25.01 PolyA median TPM,treehouse_polya_25_01_median_v1
ENSG00000269028,MTRNR2L12,technical,0.600085,Treehouse Tumor Compendium 25.01 PolyA median TPM,treehouse_polya_25_01_median_v1
ENSG00000270394,MTRNR2L13,technical,0.0,Treehouse Tumor Compendium 25.01 PolyA median TPM,treehouse_polya_25_01_median_v1
ENSG00000271043,MTRNR2L2,technical,0.0,Treehouse Tumor Compendium 25.01 PolyA median TPM,treehouse_polya_25_01_median_v1
ENSG00000256222,MTRNR2L3,technical,0.0,Treehouse Tumor Compendium 25.01 PolyA median TPM,treehouse_polya_25_01_median_v1
ENSG00000232196,MTRNR2L4,technical,0.0201,Treehouse Tumor Compendium 25.01 PolyA median TPM,treehouse_polya_25_01_median_v1
ENSG00000249860,MTRNR2L5,technical,0.0,Treehouse Tumor Compendium 25.01 PolyA median TPM,treehouse_polya_25_01_median_v1
ENSG00000270672,MTRNR2L6,technical,0.0,Treehouse Tumor Compendium 25.01 PolyA median TPM,treehouse_polya_25_01_median_v1
ENSG00000282017,MTRNR2L6,technical,0.0,Treehouse Tumor Compendium 25.01 PolyA median TPM,treehouse_polya_25_01_median_v1
ENSG00000256892,MTRNR2L7,technical,0.0,Treehouse Tumor Compendium 25.01 PolyA median TPM,treehouse_polya_25_01_median_v1
ENSG00000255823,MTRNR2L8,technical,0.150098,Treehouse Tumor Compendium 25.01 PolyA median TPM,treehouse_polya_25_01_median_v1
ENSG00000255633,MTRNR2L9,technical,0.0,Treehouse Tumor Compendium 25.01 PolyA median TPM,treehouse_polya_25_01_median_v1
ENSG00000196274,Metazoa_SRP,technical,616.631775,Treehouse Tumor Compendium 25.01 PolyA median TPM,treehouse_polya_25_01_median_v1
ENSG00000197334,Metazoa_SRP,technical,616.631775,Treehouse Tumor Compendium 25.01 PolyA median TPM,treehouse_polya_25_01_median_v1
ENSG00000203286,Metazoa_SRP,technical,616.631775,Treehouse Tumor Compendium 25.01 PolyA median TPM,treehouse_polya_25_01_median_v1
ENSG00000203411,Metazoa_SRP,technical,616.631775,Treehouse Tumor Compendium 25.01 PolyA median TPM,treehouse_polya_25_01_median_v1
ENSG00000203436,Metazoa_SRP,technical,616.631775,Treehouse Tumor Compendium 25.01 PolyA median TPM,treehouse_polya_25_01_median_v1
ENSG00000203573,Metazoa_SRP,technical,616.631775,Treehouse Tumor Compendium 25.01 PolyA median TPM,treehouse_polya_25_01_median_v1
ENSG00000213167,Metazoa_SRP,technical,616.631775,Treehouse Tumor Compendium 25.01 PolyA median TPM,treehouse_polya_25_01_median_v1
ENSG00000214305,Metazoa_SRP,technical,616.631775,Treehouse Tumor Compendium 25.01 PolyA median TPM,treehouse_polya_25_01_median_v1
ENSG00000237261,Metazoa_SRP,technical,616.631775,Treehouse Tumor Compendium 25.01 PolyA median TPM,treehouse_polya_25_01_median_v1
ENSG00000237611,Metazoa_SRP,technical,616.631775,Treehouse Tumor Compendium 25.01 PolyA median TPM,treehouse_polya_25_01_median_v1
ENSG00000255851,Metazoa_SRP,technical,616.631775,Treehouse Tumor Compendium 25.01 PolyA median TPM,treehouse_polya_25_01_median_v1
ENSG00000258045,Metazoa_SRP,technical,616.631775,Treehouse Tumor Compendium 25.01 PolyA median TPM,treehouse_polya_25_01_median_v1
ENSG00000264809,Metazoa_SRP,technical,616.631775,Treehouse Tumor Compendium 25.01 PolyA median TPM,treehouse_polya_25_01_median_v1
ENSG00000268154,Metazoa_SRP,technical,616.631775,Treehouse Tumor Compendium 25.01 PolyA median TPM,treehouse_polya_25_01_median_v1
ENSG00000269103,Metazoa_SRP,technical,616.631775,Treehouse Tumor Compendium 25.01 PolyA median TPM,treehouse_polya_25_01_median_v1
ENSG00000273524,Metazoa_SRP,technical,616.631775,Treehouse Tumor Compendium 25.01 PolyA median TPM,treehouse_polya_25_01_median_v1
ENSG00000273549,Metazoa_SRP,technical,616.631775,Treehouse Tumor Compendium 25.01 PolyA median TPM,treehouse_polya_25_01_median_v1
ENSG00000273566,Metazoa_SRP,technical,616.631775,Treehouse Tumor Compendium 25.01 PolyA median TPM,treehouse_polya_25_01_median_v1
ENSG00000273573,Metazoa_SRP,technical,616.631775,Treehouse Tumor Compendium 25.01 PolyA median TPM,treehouse_polya_25_01_median_v1
ENSG00000273710,Metazoa_SRP,technical,616.631775,Treehouse Tumor Compendium 25.01 PolyA median TPM,treehouse_polya_25_01_median_v1
ENSG00000273725,Metazoa_SRP,technical,616.631775,Treehouse Tumor Compendium 25.01 PolyA median TPM,treehouse_polya_25_01_median_v1
ENSG00000273829,Metazoa_SRP,technical,616.631775,Treehouse Tumor Compendium 25.01 PolyA median TPM,treehouse_polya_25_01_median_v1
ENSG00000273846,Metazoa_SRP,technical,616.631775,Treehouse Tumor Compendium 25.01 PolyA median TPM,treehouse_polya_25_01_median_v1
ENSG00000273866,Metazoa_SRP,technical,616.631775,Treehouse Tumor Compendium 25.01 PolyA median TPM,treehouse_polya_25_01_median_v1
ENSG00000273886,Metazoa_SRP,technical,616.631775,Treehouse Tumor Compendium 25.01 PolyA median TPM,treehouse_polya_25_01_median_v1
ENSG00000273913,Metazoa_SRP,technical,616.631775,Treehouse Tumor Compendium 25.01 PolyA median TPM,treehouse_polya_25_01_median_v1
ENSG00000273950,Metazoa_SRP,technical,616.631775,Treehouse Tumor Compendium 25.01 PolyA median TPM,treehouse_polya_25_01_median_v1
ENSG00000273975,Metazoa_SRP,technical,616.631775,Treehouse Tumor Compendium 25.01 PolyA median TPM,treehouse_polya_25_01_median_v1
ENSG00000273979,Metazoa_SRP,technical,616.631775,Treehouse Tumor Compendium 25.01 PolyA median TPM,treehouse_polya_25_01_median_v1
ENSG00000273986,Metazoa_SRP,technical,616.631775,Treehouse Tumor Compendium 25.01 PolyA median TPM,treehouse_polya_25_01_median_v1
ENSG00000274008,Metazoa_SRP,technical,616.631775,Treehouse Tumor Compendium 25.01 PolyA median TPM,treehouse_polya_25_01_median_v1
ENSG00000274011,Metazoa_SRP,technical,616.631775,Treehouse Tumor Compendium 25.01 PolyA median TPM,treehouse_polya_25_01_median_v1
ENSG00000274017,Metazoa_SRP,technical,616.631775,Treehouse Tumor Compendium 25.01 PolyA median TPM,treehouse_polya_25_01_median_v1
ENSG00000274079,Metazoa_SRP,technical,616.631775,Treehouse Tumor Compendium 25.01 PolyA median TPM,treehouse_polya_25_01_median_v1
ENSG00000274135,Metazoa_SRP,technical,616.631775,Treehouse Tumor Compendium 25.01 PolyA median TPM,treehouse_polya_25_01_median_v1
ENSG00000274206,Metazoa_SRP,technical,616.631775,Treehouse Tumor Compendium 25.01 PolyA median TPM,treehouse_polya_25_01_median_v1
ENSG00000274216,Metazoa_SRP,technical,616.631775,Treehouse Tumor Compendium 25.01 PolyA median TPM,treehouse_polya_25_01_median_v1
ENSG00000274357,Metazoa_SRP,technical,616.631775,Treehouse Tumor Compendium 25.01 PolyA median TPM,treehouse_polya_25_01_median_v1
ENSG00000274459,Metazoa_SRP,technical,616.631775,Treehouse Tumor Compendium 25.01 PolyA median TPM,treehouse_polya_25_01_median_v1
ENSG00000274505,Metazoa_SRP,technical,616.631775,Treehouse Tumor Compendium 25.01 PolyA median TPM,treehouse_polya_25_01_median_v1
ENSG00000274510,Metazoa_SRP,technical,616.631775,Treehouse Tumor Compendium 25.01 PolyA median TPM,treehouse_polya_25_01_median_v1
ENSG00000274514,Metazoa_SRP,technical,616.631775,Treehouse Tumor Compendium 25.01 PolyA median TPM,treehouse_polya_25_01_median_v1
ENSG00000274589,Metazoa_SRP,technical,616.631775,Treehouse Tumor Compendium 25.01 PolyA median TPM,treehouse_polya_25_01_median_v1
ENSG00000274660,Metazoa_SRP,technical,616.631775,Treehouse Tumor Compendium 25.01 PolyA median TPM,treehouse_polya_25_01_median_v1
ENSG00000274686,Metazoa_SRP,technical,616.631775,Treehouse Tumor Compendium 25.01 PolyA median TPM,treehouse_polya_25_01_median_v1
ENSG00000274701,Metazoa_SRP,technical,616.631775,Treehouse Tumor Compendium 25.01 PolyA median TPM,treehouse_polya_25_01_median_v1
ENSG00000274704,Metazoa_SRP,technical,616.631775,Treehouse Tumor Compendium 25.01 PolyA median TPM,treehouse_polya_25_01_median_v1
ENSG00000274711,Metazoa_SRP,technical,616.631775,Treehouse Tumor Compendium 25.01 PolyA median TPM,treehouse_polya_25_01_median_v1
ENSG00000274742,Metazoa_SRP,technical,616.631775,Treehouse Tumor Compendium 25.01 PolyA median TPM,treehouse_polya_25_01_median_v1
ENSG00000274772,Metazoa_SRP,technical,616.631775,Treehouse Tumor Compendium 25.01 PolyA median TPM,treehouse_polya_25_01_median_v1
ENSG00000274799,Metazoa_SRP,technical,616.631775,Treehouse Tumor Compendium 25.01 PolyA median TPM,treehouse_polya_25_01_median_v1
ENSG00000274841,Metazoa_SRP,technical,616.631775,Treehouse Tumor Compendium 25.01 PolyA median TPM,treehouse_polya_25_01_median_v1
ENSG00000274848,Metazoa_SRP,technical,616.631775,Treehouse Tumor Compendium 25.01 PolyA median TPM,treehouse_polya_25_01_median_v1
ENSG00000274860,Metazoa_SRP,technical,616.631775,Treehouse Tumor Compendium 25.01 PolyA median TPM,treehouse_polya_25_01_median_v1
ENSG00000274883,Metazoa_SRP,technical,616.631775,Treehouse Tumor Compendium 25.01 PolyA median TPM,treehouse_polya_25_01_median_v1
ENSG00000275041,Metazoa_SRP,technical,616.631775,Treehouse Tumor Compendium 25.01 PolyA median TPM,treehouse_polya_25_01_median_v1
ENSG00000275070,Metazoa_SRP,technical,616.631775,Treehouse Tumor Compendium 25.01 PolyA median TPM,treehouse_polya_25_01_median_v1
ENSG00000275213,Metazoa_SRP,technical,616.631775,Treehouse Tumor Compendium 25.01 PolyA median TPM,treehouse_polya_25_01_median_v1
ENSG00000275222,Metazoa_SRP,technical,616.631775,Treehouse Tumor Compendium 25.01 PolyA median TPM,treehouse_polya_25_01_median_v1
ENSG00000275287,Metazoa_SRP,technical,616.631775,Treehouse Tumor Compendium 25.01 PolyA median TPM,treehouse_polya_25_01_median_v1
ENSG00000275293,Metazoa_SRP,technical,616.631775,Treehouse Tumor Compendium 25.01 PolyA median TPM,treehouse_polya_25_01_median_v1
ENSG00000275319,Metazoa_SRP,technical,616.631775,Treehouse Tumor Compendium 25.01 PolyA median TPM,treehouse_polya_25_01_median_v1
ENSG00000275355,Metazoa_SRP,technical,616.631775,Treehouse Tumor Compendium 25.01 PolyA median TPM,treehouse_polya_25_01_median_v1
ENSG00000275362,Metazoa_SRP,technical,616.631775,Treehouse Tumor Compendium 25.01 PolyA median TPM,treehouse_polya_25_01_median_v1
ENSG00000275460,Metazoa_SRP,technical,616.631775,Treehouse Tumor Compendium 25.01 PolyA median TPM,treehouse_polya_25_01_median_v1
ENSG00000275586,Metazoa_SRP,technical,616.631775,Treehouse Tumor Compendium 25.01 PolyA median TPM,treehouse_polya_25_01_median_v1
ENSG00000275642,Metazoa_SRP,technical,616.631775,Treehouse Tumor Compendium 25.01 PolyA median TPM,treehouse_polya_25_01_median_v1
ENSG00000275680,Metazoa_SRP,technical,616.631775,Treehouse Tumor Compendium 25.01 PolyA median TPM,treehouse_polya_25_01_median_v1
ENSG00000275696,Metazoa_SRP,technical,616.631775,Treehouse Tumor Compendium 25.01 PolyA median TPM,treehouse_polya_25_01_median_v1
ENSG00000275788,Metazoa_SRP,technical,616.631775,Treehouse Tumor Compendium 25.01 PolyA median TPM,treehouse_polya_25_01_median_v1
ENSG00000275808,Metazoa_SRP,technical,616.631775,Treehouse Tumor Compendium 25.01 PolyA median TPM,treehouse_polya_25_01_median_v1
ENSG00000275840,Metazoa_SRP,technical,616.631775,Treehouse Tumor Compendium 25.01 PolyA median TPM,treehouse_polya_25_01_median_v1
ENSG00000275853,Metazoa_SRP,technical,616.631775,Treehouse Tumor Compendium 25.01 PolyA median TPM,treehouse_polya_25_01_median_v1
ENSG00000275881,Metazoa_SRP,technical,616.631775,Treehouse Tumor Compendium 25.01 PolyA median TPM,treehouse_polya_25_01_median_v1
ENSG00000275901,Metazoa_SRP,technical,616.631775,Treehouse Tumor Compendium 25.01 PolyA median TPM,treehouse_polya_25_01_median_v1
ENSG00000275909,Metazoa_SRP,technical,616.631775,Treehouse Tumor Compendium 25.01 PolyA median TPM,treehouse_polya_25_01_median_v1
ENSG00000275975,Metazoa_SRP,technical,616.631775,Treehouse Tumor Compendium 25.01 PolyA median TPM,treehouse_polya_25_01_median_v1
ENSG00000275978,Metazoa_SRP,technical,616.631775,Treehouse Tumor Compendium 25.01 PolyA median TPM,treehouse_polya_25_01_median_v1
ENSG00000276002,Metazoa_SRP,technical,616.631775,Treehouse Tumor Compendium 25.01 PolyA median TPM,treehouse_polya_25_01_median_v1
ENSG00000276096,Metazoa_SRP,technical,616.631775,Treehouse Tumor Compendium 25.01 PolyA median TPM,treehouse_polya_25_01_median_v1
ENSG00000276123,Metazoa_SRP,technical,616.631775,Treehouse Tumor Compendium 25.01 PolyA median TPM,treehouse_polya_25_01_median_v1
ENSG00000276193,Metazoa_SRP,technical,616.631775,Treehouse Tumor Compendium 25.01 PolyA median TPM,treehouse_polya_25_01_median_v1
ENSG00000276202,Metazoa_SRP,technical,616.631775,Treehouse Tumor Compendium 25.01 PolyA median TPM,treehouse_polya_25_01_median_v1
ENSG00000276213,Metazoa_SRP,technical,616.631775,Treehouse Tumor Compendium 25.01 PolyA median TPM,treehouse_polya_25_01_median_v1
ENSG00000276353,Metazoa_SRP,technical,616.631775,Treehouse Tumor Compendium 25.01 PolyA median TPM,treehouse_polya_25_01_median_v1
ENSG00000276359,Metazoa_SRP,technical,616.631775,Treehouse Tumor Compendium 25.01 PolyA median TPM,treehouse_polya_25_01_median_v1
ENSG00000276396,Metazoa_SRP,technical,616.631775,Treehouse Tumor Compendium 25.01 PolyA median TPM,treehouse_polya_25_01_median_v1
ENSG00000276493,Metazoa_SRP,technical,616.631775,Treehouse Tumor Compendium 25.01 PolyA median TPM,treehouse_polya_25_01_median_v1
ENSG00000276525,Metazoa_SRP,technical,616.631775,Treehouse Tumor Compendium 25.01 PolyA median TPM,treehouse_polya_25_01_median_v1
ENSG00000276532,Metazoa_SRP,technical,616.631775,Treehouse Tumor Compendium 25.01 PolyA median TPM,treehouse_polya_25_01_median_v1
ENSG00000276568,Metazoa_SRP,technical,616.631775,Treehouse Tumor Compendium 25.01 PolyA median TPM,treehouse_polya_25_01_median_v1
ENSG00000276601,Metazoa_SRP,technical,616.631775,Treehouse Tumor Compendium 25.01 PolyA median TPM,treehouse_polya_25_01_median_v1
ENSG00000276645,Metazoa_SRP,technical,616.631775,Treehouse Tumor Compendium 25.01 PolyA median TPM,treehouse_polya_25_01_median_v1
ENSG00000276669,Metazoa_SRP,technical,616.631775,Treehouse Tumor Compendium 25.01 PolyA median TPM,treehouse_polya_25_01_median_v1
ENSG00000276713,Metazoa_SRP,technical,616.631775,Treehouse Tumor Compendium 25.01 PolyA median TPM,treehouse_polya_25_01_median_v1
ENSG00000276729,Metazoa_SRP,technical,616.631775,Treehouse Tumor Compendium 25.01 PolyA median TPM,treehouse_polya_25_01_median_v1
ENSG00000276735,Metazoa_SRP,technical,616.631775,Treehouse Tumor Compendium 25.01 PolyA median TPM,treehouse_polya_25_01_median_v1
ENSG00000276746,Metazoa_SRP,technical,616.631775,Treehouse Tumor Compendium 25.01 PolyA median TPM,treehouse_polya_25_01_median_v1
ENSG00000276764,Metazoa_SRP,technical,616.631775,Treehouse Tumor Compendium 25.01 PolyA median TPM,treehouse_polya_25_01_median_v1
ENSG00000276782,Metazoa_SRP,technical,616.631775,Treehouse Tumor Compendium 25.01 PolyA median TPM,treehouse_polya_25_01_median_v1
ENSG00000276800,Metazoa_SRP,technical,616.631775,Treehouse Tumor Compendium 25.01 PolyA median TPM,treehouse_polya_25_01_median_v1
ENSG00000276823,Metazoa_SRP,technical,616.631775,Treehouse Tumor Compendium 25.01 PolyA median TPM,treehouse_polya_25_01_median_v1
ENSG00000276839,Metazoa_SRP,technical,616.631775,Treehouse Tumor Compendium 25.01 PolyA median TPM,treehouse_polya_25_01_median_v1
ENSG00000276890,Metazoa_SRP,technical,616.631775,Treehouse Tumor Compendium 25.01 PolyA median TPM,treehouse_polya_25_01_median_v1
ENSG00000276918,Metazoa_SRP,technical,616.631775,Treehouse Tumor Compendium 25.01 PolyA median TPM,treehouse_polya_25_01_median_v1
ENSG00000276955,Metazoa_SRP,technical,616.631775,Treehouse Tumor Compendium 25.01 PolyA median TPM,treehouse_polya_25_01_median_v1
ENSG00000276988,Metazoa_SRP,technical,616.631775,Treehouse Tumor Compendium 25.01 PolyA median TPM,treehouse_polya_25_01_median_v1
ENSG00000277001,Metazoa_SRP,technical,616.631775,Treehouse Tumor Compendium 25.01 PolyA median TPM,treehouse_polya_25_01_median_v1
ENSG00000277039,Metazoa_SRP,technical,616.631775,Treehouse Tumor Compendium 25.01 PolyA median TPM,treehouse_polya_25_01_median_v1
ENSG00000277051,Metazoa_SRP,technical,616.631775,Treehouse Tumor Compendium 25.01 PolyA median TPM,treehouse_polya_25_01_median_v1
ENSG00000277118,Metazoa_SRP,technical,616.631775,Treehouse Tumor Compendium 25.01 PolyA median TPM,treehouse_polya_25_01_median_v1
ENSG00000277127,Metazoa_SRP,technical,616.631775,Treehouse Tumor Compendium 25.01 PolyA median TPM,treehouse_polya_25_01_median_v1
ENSG00000277136,Metazoa_SRP,technical,616.631775,Treehouse Tumor Compendium 25.01 PolyA median TPM,treehouse_polya_25_01_median_v1
ENSG00000277141,Metazoa_SRP,technical,616.631775,Treehouse Tumor Compendium 25.01 PolyA median TPM,treehouse_polya_25_01_median_v1
ENSG00000277168,Metazoa_SRP,technical,616.631775,Treehouse Tumor Compendium 25.01 PolyA median TPM,treehouse_polya_25_01_median_v1
ENSG00000277233,Metazoa_SRP,technical,616.631775,Treehouse Tumor Compendium 25.01 PolyA median TPM,treehouse_polya_25_01_median_v1
ENSG00000277250,Metazoa_SRP,technical,616.631775,Treehouse Tumor Compendium 25.01 PolyA median TPM,treehouse_polya_25_01_median_v1
ENSG00000277308,Metazoa_SRP,technical,616.631775,Treehouse Tumor Compendium 25.01 PolyA median TPM,treehouse_polya_25_01_median_v1
ENSG00000277371,Metazoa_SRP,technical,616.631775,Treehouse Tumor Compendium 25.01 PolyA median TPM,treehouse_polya_25_01_median_v1
ENSG00000277385,Metazoa_SRP,technical,616.631775,Treehouse Tumor Compendium 25.01 PolyA median TPM,treehouse_polya_25_01_median_v1
ENSG00000277396,Metazoa_SRP,technical,616.631775,Treehouse Tumor Compendium 25.01 PolyA median TPM,treehouse_polya_25_01_median_v1
ENSG00000277446,Metazoa_SRP,technical,616.631775,Treehouse Tumor Compendium 25.01 PolyA median TPM,treehouse_polya_25_01_median_v1
ENSG00000277455,Metazoa_SRP,technical,616.631775,Treehouse Tumor Compendium 25.01 PolyA median TPM,treehouse_polya_25_01_median_v1
ENSG00000277473,Metazoa_SRP,technical,616.631775,Treehouse Tumor Compendium 25.01 PolyA median TPM,treehouse_polya_25_01_median_v1
ENSG00000277510,Metazoa_SRP,technical,616.631775,Treehouse Tumor Compendium 25.01 PolyA median TPM,treehouse_polya_25_01_median_v1
ENSG00000277578,Metazoa_SRP,technical,616.631775,Treehouse Tumor Compendium 25.01 PolyA median TPM,treehouse_polya_25_01_median_v1
ENSG00000277592,Metazoa_SRP,technical,616.631775,Treehouse Tumor Compendium 25.01 PolyA median TPM,treehouse_polya_25_01_median_v1
ENSG00000277605,Metazoa_SRP,technical,616.631775,Treehouse Tumor Compendium 25.01 PolyA median TPM,treehouse_polya_25_01_median_v1
ENSG00000277617,Metazoa_SRP,technical,616.631775,Treehouse Tumor Compendium 25.01 PolyA median TPM,treehouse_polya_25_01_median_v1
ENSG00000277628,Metazoa_SRP,technical,616.631775,Treehouse Tumor Compendium 25.01 PolyA median TPM,treehouse_polya_25_01_median_v1
ENSG00000277635,Metazoa_SRP,technical,616.631775,Treehouse Tumor Compendium 25.01 PolyA median TPM,treehouse_polya_25_01_median_v1
ENSG00000277668,Metazoa_SRP,technical,616.631775,Treehouse Tumor Compendium 25.01 PolyA median TPM,treehouse_polya_25_01_median_v1
ENSG00000277677,Metazoa_SRP,technical,616.631775,Treehouse Tumor Compendium 25.01 PolyA median TPM,treehouse_polya_25_01_median_v1
ENSG00000277721,Metazoa_SRP,technical,616.631775,Treehouse Tumor Compendium 25.01 PolyA median TPM,treehouse_polya_25_01_median_v1
ENSG00000277740,Metazoa_SRP,technical,616.631775,Treehouse Tumor Compendium 25.01 PolyA median TPM,treehouse_polya_25_01_median_v1
ENSG00000277771,Metazoa_SRP,technical,616.631775,Treehouse Tumor Compendium 25.01 PolyA median TPM,treehouse_polya_25_01_median_v1
ENSG00000277794,Metazoa_SRP,technical,616.631775,Treehouse Tumor Compendium 25.01 PolyA median TPM,treehouse_polya_25_01_median_v1
ENSG00000277900,Metazoa_SRP,technical,616.631775,Treehouse Tumor Compendium 25.01 PolyA median TPM,treehouse_polya_25_01_median_v1
ENSG00000277950,Metazoa_SRP,technical,616.631775,Treehouse Tumor Compendium 25.01 PolyA median TPM,treehouse_polya_25_01_median_v1
ENSG00000277958,Metazoa_SRP,technical,616.631775,Treehouse Tumor Compendium 25.01 PolyA median TPM,treehouse_polya_25_01_median_v1
ENSG00000277965,Metazoa_SRP,technical,616.631775,Treehouse Tumor Compendium 25.01 PolyA median TPM,treehouse_polya_25_01_median_v1
ENSG00000278007,Metazoa_SRP,technical,616.631775,Treehouse Tumor Compendium 25.01 PolyA median TPM,treehouse_polya_25_01_median_v1
ENSG00000278100,Metazoa_SRP,technical,616.631775,Treehouse Tumor Compendium 25.01 PolyA median TPM,treehouse_polya_25_01_median_v1
ENSG00000278109,Metazoa_SRP,technical,616.631775,Treehouse Tumor Compendium 25.01 PolyA median TPM,treehouse_polya_25_01_median_v1
ENSG00000278172,Metazoa_SRP,technical,616.631775,Treehouse Tumor Compendium 25.01 PolyA median TPM,treehouse_polya_25_01_median_v1
ENSG00000278226,Metazoa_SRP,technical,616.631775,Treehouse Tumor Compendium 25.01 PolyA median TPM,treehouse_polya_25_01_median_v1
ENSG00000278250,Metazoa_SRP,technical,616.631775,Treehouse Tumor Compendium 25.01 PolyA median TPM,treehouse_polya_25_01_median_v1
ENSG00000278348,Metazoa_SRP,technical,616.631775,Treehouse Tumor Compendium 25.01 PolyA median TPM,treehouse_polya_25_01_median_v1
ENSG00000278459,Metazoa_SRP,technical,616.631775,Treehouse Tumor Compendium 25.01 PolyA median TPM,treehouse_polya_25_01_median_v1
ENSG00000278469,Metazoa_SRP,technical,616.631775,Treehouse Tumor Compendium 25.01 PolyA median TPM,treehouse_polya_25_01_median_v1
ENSG00000278554,Metazoa_SRP,technical,616.631775,Treehouse Tumor Compendium 25.01 PolyA median TPM,treehouse_polya_25_01_median_v1
ENSG00000278569,Metazoa_SRP,technical,616.631775,Treehouse Tumor Compendium 25.01 PolyA median TPM,treehouse_polya_25_01_median_v1
ENSG00000278636,Metazoa_SRP,technical,616.631775,Treehouse Tumor Compendium 25.01 PolyA median TPM,treehouse_polya_25_01_median_v1
ENSG00000278640,Metazoa_SRP,technical,616.631775,Treehouse Tumor Compendium 25.01 PolyA median TPM,treehouse_polya_25_01_median_v1
ENSG00000278700,Metazoa_SRP,technical,616.631775,Treehouse Tumor Compendium 25.01 PolyA median TPM,treehouse_polya_25_01_median_v1
ENSG00000278701,Metazoa_SRP,technical,616.631775,Treehouse Tumor Compendium 25.01 PolyA median TPM,treehouse_polya_25_01_median_v1
ENSG00000278702,Metazoa_SRP,technical,616.631775,Treehouse Tumor Compendium 25.01 PolyA median TPM,treehouse_polya_25_01_median_v1
ENSG00000278724,Metazoa_SRP,technical,616.631775,Treehouse Tumor Compendium 25.01 PolyA median TPM,treehouse_polya_25_01_median_v1
ENSG00000278732,Metazoa_SRP,technical,616.631775,Treehouse Tumor Compendium 25.01 PolyA median TPM,treehouse_polya_25_01_median_v1
ENSG00000278764,Metazoa_SRP,technical,616.631775,Treehouse Tumor Compendium 25.01 PolyA median TPM,treehouse_polya_25_01_median_v1
ENSG00000278770,Metazoa_SRP,technical,616.631775,Treehouse Tumor Compendium 25.01 PolyA median TPM,treehouse_polya_25_01_median_v1
ENSG00000278785,Metazoa_SRP,technical,616.631775,Treehouse Tumor Compendium 25.01 PolyA median TPM,treehouse_polya_25_01_median_v1
ENSG00000278794,Metazoa_SRP,technical,616.631775,Treehouse Tumor Compendium 25.01 PolyA median TPM,treehouse_polya_25_01_median_v1
ENSG00000278818,Metazoa_SRP,technical,616.631775,Treehouse Tumor Compendium 25.01 PolyA median TPM,treehouse_polya_25_01_median_v1
ENSG00000278838,Metazoa_SRP,technical,616.631775,Treehouse Tumor Compendium 25.01 PolyA median TPM,treehouse_polya_25_01_median_v1
ENSG00000280502,Metazoa_SRP,technical,616.631775,Treehouse Tumor Compendium 25.01 PolyA median TPM,treehouse_polya_25_01_median_v1
ENSG00000283389,Metazoa_SRP,technical,616.631775,Treehouse Tumor Compendium 25.01 PolyA median TPM,treehouse_polya_25_01_median_v1
ENSG00000283438,Metazoa_SRP,technical,616.631775,Treehouse Tumor Compendium 25.01 PolyA median TPM,treehouse_polya_25_01_median_v1
ENSG00000283636,Metazoa_SRP,technical,616.631775,Treehouse Tumor Compendium 25.01 PolyA median TPM,treehouse_polya_25_01_median_v1
ENSG00000292350,Metazoa_SRP,technical,616.631775,Treehouse Tumor Compendium 25.01 PolyA median TPM,treehouse_polya_25_01_median_v1
ENSG00000245532,NEAT1,technical,193.916687,Treehouse Tumor Compendium 25.01 PolyA median TPM,treehouse_polya_25_01_median_v1
ENSG00000253079,NRON,technical,0.0,Treehouse Tumor Compendium 25.01 PolyA median TPM,treehouse_polya_25_01_median_v1
ENSG00000277027,RMRP,technical,11.219872,Treehouse Tumor Compendium 25.01 PolyA median TPM,treehouse_polya_25_01_median_v1
ENSG00000223088,RMRPP5,technical,0.0,Treehouse Tumor Compendium 25.01 PolyA median TPM,treehouse_polya_25_01_median_v1
ENSG00000283293,RN7SK,technical,41.469204,Treehouse Tumor Compendium 25.01 PolyA median TPM,treehouse_polya_25_01_median_v1
ENSG00000202395,RN7SKP1,technical,0.0,Treehouse Tumor Compendium 25.01 PolyA median TPM,treehouse_polya_25_01_median_v1
ENSG00000201161,RN7SKP10,technical,0.0,Treehouse Tumor Compendium 25.01 PolyA median TPM,treehouse_polya_25_01_median_v1
ENSG00000223190,RN7SKP100,technical,0.0,Treehouse Tumor Compendium 25.01 PolyA median TPM,treehouse_polya_25_01_median_v1
ENSG00000223308,RN7SKP101,technical,0.0,Treehouse Tumor Compendium 25.01 PolyA median TPM,treehouse_polya_25_01_median_v1
ENSG00000223118,RN7SKP102,technical,0.0,Treehouse Tumor Compendium 25.01 PolyA median TPM,treehouse_polya_25_01_median_v1
ENSG00000200718,RN7SKP103,technical,0.0,Treehouse Tumor Compendium 25.01 PolyA median TPM,treehouse_polya_25_01_median_v1
ENSG00000199475,RN7SKP104,technical,0.0,Treehouse Tumor Compendium 25.01 PolyA median TPM,treehouse_polya_25_01_median_v1
ENSG00000253001,RN7SKP105,technical,0.0,Treehouse Tumor Compendium 25.01 PolyA median TPM,treehouse_polya_25_01_median_v1
ENSG00000222764,RN7SKP106,technical,0.0,Treehouse Tumor Compendium 25.01 PolyA median TPM,treehouse_polya_25_01_median_v1
ENSG00000201027,RN7SKP107,technical,0.0,Treehouse Tumor Compendium 25.01 PolyA median TPM,treehouse_polya_25_01_median_v1
ENSG00000223299,RN7SKP108,technical,0.0,Treehouse Tumor Compendium 25.01 PolyA median TPM,treehouse_polya_25_01_median_v1
ENSG00000222524,RN7SKP109,technical,0.0,Treehouse Tumor Compendium 25.01 PolyA median TPM,treehouse_polya_25_01_median_v1
ENSG00000252827,RN7SKP11,technical,0.0,Treehouse Tumor Compendium 25.01 PolyA median TPM,treehouse_polya_25_01_median_v1
ENSG00000222078,RN7SKP110,technical,0.0,Treehouse Tumor Compendium 25.01 PolyA median TPM,treehouse_polya_25_01_median_v1
ENSG00000222281,RN7SKP111,technical,0.0,Treehouse Tumor Compendium 25.01 PolyA median TPM,treehouse_polya_25_01_median_v1
ENSG00000223145,RN7SKP112,technical,0.0,Treehouse Tumor Compendium 25.01 PolyA median TPM,treehouse_polya_25_01_median_v1
ENSG00000200761,RN7SKP113,technical,0.0,Treehouse Tumor Compendium 25.01 PolyA median TPM,treehouse_polya_25_01_median_v1
ENSG00000222259,RN7SKP114,technical,0.0,Treehouse Tumor Compendium 25.01 PolyA median TPM,treehouse_polya_25_01_median_v1
ENSG00000200047,RN7SKP115,technical,0.0,Treehouse Tumor Compendium 25.01 PolyA median TPM,treehouse_polya_25_01_median_v1
ENSG00000252711,RN7SKP116,technical,0.0,Treehouse Tumor Compendium 25.01 PolyA median TPM,treehouse_polya_25_01_median_v1
ENSG00000222107,RN7SKP117,technical,0.0,Treehouse Tumor Compendium 25.01 PolyA median TPM,treehouse_polya_25_01_median_v1
ENSG00000201201,RN7SKP118,technical,0.0,Treehouse Tumor Compendium 25.01 PolyA median TPM,treehouse_polya_25_01_median_v1
ENSG00000222685,RN7SKP119,technical,0.0,Treehouse Tumor Compendium 25.01 PolyA median TPM,treehouse_polya_25_01_median_v1
ENSG00000252084,RN7SKP12,technical,0.0,Treehouse Tumor Compendium 25.01 PolyA median TPM,treehouse_polya_25_01_median_v1
ENSG00000222693,RN7SKP120,technical,0.0,Treehouse Tumor Compendium 25.01 PolyA median TPM,treehouse_polya_25_01_median_v1
ENSG00000222774,RN7SKP121,technical,0.0,Treehouse Tumor Compendium 25.01 PolyA median TPM,treehouse_polya_25_01_median_v1
ENSG00000251732,RN7SKP122,technical,0.0,Treehouse Tumor Compendium 25.01 PolyA median TPM,treehouse_polya_25_01_median_v1
ENSG00000222664,RN7SKP123,technical,0.0,Treehouse Tumor Compendium 25.01 PolyA median TPM,treehouse_polya_25_01_median_v1
ENSG00000201600,RN7SKP124,technical,0.0,Treehouse Tumor Compendium 25.01 PolyA median TPM,treehouse_polya_25_01_median_v1
ENSG00000222413,RN7SKP125,technical,0.0,Treehouse Tumor Compendium 25.01 PolyA median TPM,treehouse_polya_25_01_median_v1
ENSG00000223075,RN7SKP126,technical,0.0,Treehouse Tumor Compendium 25.01 PolyA median TPM,treehouse_polya_25_01_median_v1
ENSG00000222375,RN7SKP127,technical,0.0,Treehouse Tumor Compendium 25.01 PolyA median TPM,treehouse_polya_25_01_median_v1
ENSG00000201140,RN7SKP128,technical,0.0,Treehouse Tumor Compendium 25.01 PolyA median TPM,treehouse_polya_25_01_median_v1
ENSG00000222220,RN7SKP129,technical,0.0,Treehouse Tumor Compendium 25.01 PolyA median TPM,treehouse_polya_25_01_median_v1
ENSG00000251742,RN7SKP13,technical,0.0,Treehouse Tumor Compendium 25.01 PolyA median TPM,treehouse_polya_25_01_median_v1
ENSG00000201794,RN7SKP130,technical,0.0,Treehouse Tumor Compendium 25.01 PolyA median TPM,treehouse_polya_25_01_median_v1
ENSG00000222630,RN7SKP131,technical,0.0,Treehouse Tumor Compendium 25.01 PolyA median TPM,treehouse_polya_25_01_median_v1
ENSG00000251810,RN7SKP132,technical,0.0,Treehouse Tumor Compendium 25.01 PolyA median TPM,treehouse_polya_25_01_median_v1
ENSG00000201715,RN7SKP133,technical,0.0,Treehouse Tumor Compendium 25.01 PolyA median TPM,treehouse_polya_25_01_median_v1
ENSG00000200830,RN7SKP134,technical,0.0,Treehouse Tumor Compendium 25.01 PolyA median TPM,treehouse_polya_25_01_median_v1
ENSG00000252358,RN7SKP135,technical,0.0,Treehouse Tumor Compendium 25.01 PolyA median TPM,treehouse_polya_25_01_median_v1
ENSG00000222859,RN7SKP136,technical,0.0,Treehouse Tumor Compendium 25.01 PolyA median TPM,treehouse_polya_25_01_median_v1
ENSG00000223006,RN7SKP137,technical,0.0,Treehouse Tumor Compendium 25.01 PolyA median TPM,treehouse_polya_25_01_median_v1
ENSG00000222343,RN7SKP139,technical,0.0,Treehouse Tumor Compendium 25.01 PolyA median TPM,treehouse_polya_25_01_median_v1
ENSG00000251809,RN7SKP14,technical,0.0,Treehouse Tumor Compendium 25.01 PolyA median TPM,treehouse_polya_25_01_median_v1
ENSG00000223128,RN7SKP140,technical,0.0,Treehouse Tumor Compendium 25.01 PolyA median TPM,treehouse_polya_25_01_median_v1
ENSG00000251976,RN7SKP141,technical,0.0,Treehouse Tumor Compendium 25.01 PolyA median TPM,treehouse_polya_25_01_median_v1
ENSG00000223168,RN7SKP142,technical,0.0,Treehouse Tumor Compendium 25.01 PolyA median TPM,treehouse_polya_25_01_median_v1
ENSG00000222451,RN7SKP143,technical,0.0,Treehouse Tumor Compendium 25.01 PolyA median TPM,treehouse_polya_25_01_median_v1
ENSG00000223040,RN7SKP144,technical,0.0,Treehouse Tumor Compendium 25.01 PolyA median TPM,treehouse_polya_25_01_median_v1
ENSG00000200161,RN7SKP145,technical,0.0,Treehouse Tumor Compendium 25.01 PolyA median TPM,treehouse_polya_25_01_median_v1
ENSG00000222174,RN7SKP146,technical,0.0,Treehouse Tumor Compendium 25.01 PolyA median TPM,treehouse_polya_25_01_median_v1
ENSG00000252963,RN7SKP147,technical,0.0,Treehouse Tumor Compendium 25.01 PolyA median TPM,treehouse_polya_25_01_median_v1
ENSG00000222111,RN7SKP148,technical,0.0,Treehouse Tumor Compendium 25.01 PolyA median TPM,treehouse_polya_25_01_median_v1
ENSG00000199878,RN7SKP149,technical,0.0,Treehouse Tumor Compendium 25.01 PolyA median TPM,treehouse_polya_25_01_median_v1
ENSG00000201612,RN7SKP15,technical,0.0,Treehouse Tumor Compendium 25.01 PolyA median TPM,treehouse_polya_25_01_median_v1
ENSG00000222448,RN7SKP150,technical,0.130096,Treehouse Tumor Compendium 25.01 PolyA median TPM,treehouse_polya_25_01_median_v1
ENSG00000222162,RN7SKP151,technical,0.0,Treehouse Tumor Compendium 25.01 PolyA median TPM,treehouse_polya_25_01_median_v1
ENSG00000222376,RN7SKP152,technical,0.0,Treehouse Tumor Compendium 25.01 PolyA median TPM,treehouse_polya_25_01_median_v1
ENSG00000201896,RN7SKP153,technical,0.0,Treehouse Tumor Compendium 25.01 PolyA median TPM,treehouse_polya_25_01_median_v1
ENSG00000222068,RN7SKP154,technical,0.0,Treehouse Tumor Compendium 25.01 PolyA median TPM,treehouse_polya_25_01_median_v1
ENSG00000251840,RN7SKP155,technical,0.0,Treehouse Tumor Compendium 25.01 PolyA median TPM,treehouse_polya_25_01_median_v1
ENSG00000222240,RN7SKP156,technical,0.0,Treehouse Tumor Compendium 25.01 PolyA median TPM,treehouse_polya_25_01_median_v1
ENSG00000251983,RN7SKP157,technical,0.0,Treehouse Tumor Compendium 25.01 PolyA median TPM,treehouse_polya_25_01_median_v1
ENSG00000222385,RN7SKP158,technical,0.0,Treehouse Tumor Compendium 25.01 PolyA median TPM,treehouse_polya_25_01_median_v1
ENSG00000222589,RN7SKP159,technical,0.0,Treehouse Tumor Compendium 25.01 PolyA median TPM,treehouse_polya_25_01_median_v1
ENSG00000222112,RN7SKP16,technical,0.34009,Treehouse Tumor Compendium 25.01 PolyA median TPM,treehouse_polya_25_01_median_v1
ENSG00000200674,RN7SKP160,technical,0.03,Treehouse Tumor Compendium 25.01 PolyA median TPM,treehouse_polya_25_01_median_v1
ENSG00000223042,RN7SKP161,technical,0.0,Treehouse Tumor Compendium 25.01 PolyA median TPM,treehouse_polya_25_01_median_v1
ENSG00000200475,RN7SKP162,technical,0.0,Treehouse Tumor Compendium 25.01 PolyA median TPM,treehouse_polya_25_01_median_v1
ENSG00000200091,RN7SKP163,technical,0.0,Treehouse Tumor Compendium 25.01 PolyA median TPM,treehouse_polya_25_01_median_v1
ENSG00000251947,RN7SKP164,technical,0.0,Treehouse Tumor Compendium 25.01 PolyA median TPM,treehouse_polya_25_01_median_v1
ENSG00000223282,RN7SKP165,technical,0.0,Treehouse Tumor Compendium 25.01 PolyA median TPM,treehouse_polya_25_01_median_v1
ENSG00000222744,RN7SKP166,technical,0.0,Treehouse Tumor Compendium 25.01 PolyA median TPM,treehouse_polya_25_01_median_v1
ENSG00000222979,RN7SKP167,technical,0.0,Treehouse Tumor Compendium 25.01 PolyA median TPM,treehouse_polya_25_01_median_v1
ENSG00000222842,RN7SKP168,technical,0.0,Treehouse Tumor Compendium 25.01 PolyA median TPM,treehouse_polya_25_01_median_v1
ENSG00000223056,RN7SKP169,technical,0.0,Treehouse Tumor Compendium 25.01 PolyA median TPM,treehouse_polya_25_01_median_v1
ENSG00000223174,RN7SKP17,technical,0.0,Treehouse Tumor Compendium 25.01 PolyA median TPM,treehouse_polya_25_01_median_v1
ENSG00000199420,RN7SKP170,technical,0.0,Treehouse Tumor Compendium 25.01 PolyA median TPM,treehouse_polya_25_01_median_v1
ENSG00000201287,RN7SKP171,technical,0.0,Treehouse Tumor Compendium 25.01 PolyA median TPM,treehouse_polya_25_01_median_v1
ENSG00000223273,RN7SKP172,technical,0.0,Treehouse Tumor Compendium 25.01 PolyA median TPM,treehouse_polya_25_01_median_v1
ENSG00000199691,RN7SKP173,technical,0.0,Treehouse Tumor Compendium 25.01 PolyA median TPM,treehouse_polya_25_01_median_v1
ENSG00000200673,RN7SKP174,technical,0.0,Treehouse Tumor Compendium 25.01 PolyA median TPM,treehouse_polya_25_01_median_v1
ENSG00000275558,RN7SKP175,technical,0.110098,Treehouse Tumor Compendium 25.01 PolyA median TPM,treehouse_polya_25_01_median_v1
ENSG00000260682,RN7SKP176,technical,0.0,Treehouse Tumor Compendium 25.01 PolyA median TPM,treehouse_polya_25_01_median_v1
ENSG00000222499,RN7SKP177,technical,0.0,Treehouse Tumor Compendium 25.01 PolyA median TPM,treehouse_polya_25_01_median_v1
ENSG00000201875,RN7SKP178,technical,0.0,Treehouse Tumor Compendium 25.01 PolyA median TPM,treehouse_polya_25_01_median_v1
ENSG00000251935,RN7SKP179,technical,0.0,Treehouse Tumor Compendium 25.01 PolyA median TPM,treehouse_polya_25_01_median_v1
ENSG00000251814,RN7SKP18,technical,0.0,Treehouse Tumor Compendium 25.01 PolyA median TPM,treehouse_polya_25_01_median_v1
ENSG00000200783,RN7SKP180,technical,0.0,Treehouse Tumor Compendium 25.01 PolyA median TPM,treehouse_polya_25_01_median_v1
ENSG00000223120,RN7SKP181,technical,0.0,Treehouse Tumor Compendium 25.01 PolyA median TPM,treehouse_polya_25_01_median_v1
ENSG00000222704,RN7SKP182,technical,0.0,Treehouse Tumor Compendium 25.01 PolyA median TPM,treehouse_polya_25_01_median_v1
ENSG00000252978,RN7SKP183,technical,0.0,Treehouse Tumor Compendium 25.01 PolyA median TPM,treehouse_polya_25_01_median_v1
ENSG00000199218,RN7SKP184,technical,0.0,Treehouse Tumor Compendium 25.01 PolyA median TPM,treehouse_polya_25_01_median_v1
ENSG00000199683,RN7SKP185,technical,0.0,Treehouse Tumor Compendium 25.01 PolyA median TPM,treehouse_polya_25_01_median_v1
ENSG00000202241,RN7SKP186,technical,0.0,Treehouse Tumor Compendium 25.01 PolyA median TPM,treehouse_polya_25_01_median_v1
ENSG00000202406,RN7SKP187,technical,0.0,Treehouse Tumor Compendium 25.01 PolyA median TPM,treehouse_polya_25_01_median_v1
ENSG00000222721,RN7SKP188,technical,0.0,Treehouse Tumor Compendium 25.01 PolyA median TPM,treehouse_polya_25_01_median_v1
ENSG00000201912,RN7SKP189,technical,0.0,Treehouse Tumor Compendium 25.01 PolyA median TPM,treehouse_polya_25_01_median_v1
ENSG00000251825,RN7SKP19,technical,0.0,Treehouse Tumor Compendium 25.01 PolyA median TPM,treehouse_polya_25_01_median_v1
ENSG00000251888,RN7SKP190,technical,0.0,Treehouse Tumor Compendium 25.01 PolyA median TPM,treehouse_polya_25_01_median_v1
ENSG00000201583,RN7SKP191,technical,0.0,Treehouse Tumor Compendium 25.01 PolyA median TPM,treehouse_polya_25_01_median_v1
ENSG00000223223,RN7SKP192,technical,0.0,Treehouse Tumor Compendium 25.01 PolyA median TPM,treehouse_polya_25_01_median_v1
ENSG00000201358,RN7SKP193,technical,0.0,Treehouse Tumor Compendium 25.01 PolyA median TPM,treehouse_polya_25_01_median_v1
ENSG00000223260,RN7SKP194,technical,0.0,Treehouse Tumor Compendium 25.01 PolyA median TPM,treehouse_polya_25_01_median_v1
ENSG00000252396,RN7SKP195,technical,0.0,Treehouse Tumor Compendium 25.01 PolyA median TPM,treehouse_polya_25_01_median_v1
ENSG00000252076,RN7SKP196,technical,0.0,Treehouse Tumor Compendium 25.01 PolyA median TPM,treehouse_polya_25_01_median_v1
ENSG00000252886,RN7SKP197,technical,0.0,Treehouse Tumor Compendium 25.01 PolyA median TPM,treehouse_polya_25_01_median_v1
ENSG00000238324,RN7SKP198,technical,0.0,Treehouse Tumor Compendium 25.01 PolyA median TPM,treehouse_polya_25_01_median_v1
ENSG00000222257,RN7SKP199,technical,0.0,Treehouse Tumor Compendium 25.01 PolyA median TPM,treehouse_polya_25_01_median_v1
ENSG00000252812,RN7SKP2,technical,0.0,Treehouse Tumor Compendium 25.01 PolyA median TPM,treehouse_polya_25_01_median_v1
ENSG00000199622,RN7SKP20,technical,0.0,Treehouse Tumor Compendium 25.01 PolyA median TPM,treehouse_polya_25_01_median_v1
ENSG00000222496,RN7SKP200,technical,0.0,Treehouse Tumor Compendium 25.01 PolyA median TPM,treehouse_polya_25_01_median_v1
ENSG00000222371,RN7SKP202,technical,0.0,Treehouse Tumor Compendium 25.01 PolyA median TPM,treehouse_polya_25_01_median_v1
ENSG00000200488,RN7SKP203,technical,0.0,Treehouse Tumor Compendium 25.01 PolyA median TPM,treehouse_polya_25_01_median_v1
ENSG00000202351,RN7SKP204,technical,0.0,Treehouse Tumor Compendium 25.01 PolyA median TPM,treehouse_polya_25_01_median_v1
ENSG00000222931,RN7SKP205,technical,0.0,Treehouse Tumor Compendium 25.01 PolyA median TPM,treehouse_polya_25_01_median_v1
ENSG00000222755,RN7SKP206,technical,0.0,Treehouse Tumor Compendium 25.01 PolyA median TPM,treehouse_polya_25_01_median_v1
ENSG00000223136,RN7SKP207,technical,0.0,Treehouse Tumor Compendium 25.01 PolyA median TPM,treehouse_polya_25_01_median_v1
ENSG00000202344,RN7SKP208,technical,0.0,Treehouse Tumor Compendium 25.01 PolyA median TPM,treehouse_polya_25_01_median_v1
ENSG00000252697,RN7SKP209,technical,0.0,Treehouse Tumor Compendium 25.01 PolyA median TPM,treehouse_polya_25_01_median_v1
ENSG00000252312,RN7SKP21,technical,0.0,Treehouse Tumor Compendium 25.01 PolyA median TPM,treehouse_polya_25_01_median_v1
ENSG00000238875,RN7SKP210,technical,0.0,Treehouse Tumor Compendium 25.01 PolyA median TPM,treehouse_polya_25_01_median_v1
ENSG00000200198,RN7SKP211,technical,0.0,Treehouse Tumor Compendium 25.01 PolyA median TPM,treehouse_polya_25_01_median_v1
ENSG00000222783,RN7SKP212,technical,0.0,Treehouse Tumor Compendium 25.01 PolyA median TPM,treehouse_polya_25_01_median_v1
ENSG00000222678,RN7SKP213,technical,0.0,Treehouse Tumor Compendium 25.01 PolyA median TPM,treehouse_polya_25_01_median_v1
ENSG00000201078,RN7SKP214,technical,0.0,Treehouse Tumor Compendium 25.01 PolyA median TPM,treehouse_polya_25_01_median_v1
ENSG00000222982,RN7SKP216,technical,0.0,Treehouse Tumor Compendium 25.01 PolyA median TPM,treehouse_polya_25_01_median_v1
ENSG00000201510,RN7SKP217,technical,0.0,Treehouse Tumor Compendium 25.01 PolyA median TPM,treehouse_polya_25_01_median_v1
ENSG00000222154,RN7SKP218,technical,0.0,Treehouse Tumor Compendium 25.01 PolyA median TPM,treehouse_polya_25_01_median_v1
ENSG00000252634,RN7SKP219,technical,0.0,Treehouse Tumor Compendium 25.01 PolyA median TPM,treehouse_polya_25_01_median_v1
ENSG00000201967,RN7SKP22,technical,0.0,Treehouse Tumor Compendium 25.01 PolyA median TPM,treehouse_polya_25_01_median_v1
ENSG00000222543,RN7SKP220,technical,0.0,Treehouse Tumor Compendium 25.01 PolyA median TPM,treehouse_polya_25_01_median_v1
ENSG00000222352,RN7SKP221,technical,0.0,Treehouse Tumor Compendium 25.01 PolyA median TPM,treehouse_polya_25_01_median_v1
ENSG00000222583,RN7SKP222,technical,0.0,Treehouse Tumor Compendium 25.01 PolyA median TPM,treehouse_polya_25_01_median_v1
ENSG00000222514,RN7SKP223,technical,0.0,Treehouse Tumor Compendium 25.01 PolyA median TPM,treehouse_polya_25_01_median_v1
ENSG00000201010,RN7SKP224,technical,0.0,Treehouse Tumor Compendium 25.01 PolyA median TPM,treehouse_polya_25_01_median_v1
ENSG00000222337,RN7SKP225,technical,0.0,Treehouse Tumor Compendium 25.01 PolyA median TPM,treehouse_polya_25_01_median_v1
ENSG00000201782,RN7SKP226,technical,0.0,Treehouse Tumor Compendium 25.01 PolyA median TPM,treehouse_polya_25_01_median_v1
ENSG00000201315,RN7SKP227,technical,0.0,Treehouse Tumor Compendium 25.01 PolyA median TPM,treehouse_polya_25_01_median_v1
ENSG00000222974,RN7SKP228,technical,0.0,Treehouse Tumor Compendium 25.01 PolyA median TPM,treehouse_polya_25_01_median_v1
ENSG00000222397,RN7SKP229,technical,0.0,Treehouse Tumor Compendium 25.01 PolyA median TPM,treehouse_polya_25_01_median_v1
ENSG00000202512,RN7SKP230,technical,0.0,Treehouse Tumor Compendium 25.01 PolyA median TPM,treehouse_polya_25_01_median_v1
ENSG00000200151,RN7SKP231,technical,0.0,Treehouse Tumor Compendium 25.01 PolyA median TPM,treehouse_polya_25_01_median_v1
ENSG00000222102,RN7SKP232,technical,0.0,Treehouse Tumor Compendium 25.01 PolyA median TPM,treehouse_polya_25_01_median_v1
ENSG00000252814,RN7SKP233,technical,0.0,Treehouse Tumor Compendium 25.01 PolyA median TPM,treehouse_polya_25_01_median_v1
ENSG00000252982,RN7SKP234,technical,0.0,Treehouse Tumor Compendium 25.01 PolyA median TPM,treehouse_polya_25_01_median_v1
ENSG00000222594,RN7SKP235,technical,0.0,Treehouse Tumor Compendium 25.01 PolyA median TPM,treehouse_polya_25_01_median_v1
ENSG00000274662,RN7SKP236,technical,0.0,Treehouse Tumor Compendium 25.01 PolyA median TPM,treehouse_polya_25_01_median_v1
ENSG00000201533,RN7SKP237,technical,0.0,Treehouse Tumor Compendium 25.01 PolyA median TPM,treehouse_polya_25_01_median_v1
ENSG00000252292,RN7SKP238,technical,0.0,Treehouse Tumor Compendium 25.01 PolyA median TPM,treehouse_polya_25_01_median_v1
ENSG00000201684,RN7SKP239,technical,0.0,Treehouse Tumor Compendium 25.01 PolyA median TPM,treehouse_polya_25_01_median_v1
ENSG00000251697,RN7SKP24,technical,0.0,Treehouse Tumor Compendium 25.01 PolyA median TPM,treehouse_polya_25_01_median_v1
ENSG00000222515,RN7SKP240,technical,0.0,Treehouse Tumor Compendium 25.01 PolyA median TPM,treehouse_polya_25_01_median_v1
ENSG00000240294,RN7SKP241,technical,0.0,Treehouse Tumor Compendium 25.01 PolyA median TPM,treehouse_polya_25_01_median_v1
ENSG00000251776,RN7SKP242,technical,0.0,Treehouse Tumor Compendium 25.01 PolyA median TPM,treehouse_polya_25_01_median_v1
ENSG00000199975,RN7SKP243,technical,0.0,Treehouse Tumor Compendium 25.01 PolyA median TPM,treehouse_polya_25_01_median_v1
ENSG00000252322,RN7SKP244,technical,0.0,Treehouse Tumor Compendium 25.01 PolyA median TPM,treehouse_polya_25_01_median_v1
ENSG00000200895,RN7SKP245,technical,0.0,Treehouse Tumor Compendium 25.01 PolyA median TPM,treehouse_polya_25_01_median_v1
ENSG00000201423,RN7SKP246,technical,0.0,Treehouse Tumor Compendium 25.01 PolyA median TPM,treehouse_polya_25_01_median_v1
ENSG00000223026,RN7SKP247,technical,0.0,Treehouse Tumor Compendium 25.01 PolyA median TPM,treehouse_polya_25_01_median_v1
ENSG00000252087,RN7SKP248,technical,0.0,Treehouse Tumor Compendium 25.01 PolyA median TPM,treehouse_polya_25_01_median_v1
ENSG00000202360,RN7SKP249,technical,0.0,Treehouse Tumor Compendium 25.01 PolyA median TPM,treehouse_polya_25_01_median_v1
ENSG00000199319,RN7SKP25,technical,0.0,Treehouse Tumor Compendium 25.01 PolyA median TPM,treehouse_polya_25_01_median_v1
ENSG00000200794,RN7SKP250,technical,0.0,Treehouse Tumor Compendium 25.01 PolyA median TPM,treehouse_polya_25_01_median_v1
ENSG00000276309,RN7SKP251,technical,0.0,Treehouse Tumor Compendium 25.01 PolyA median TPM,treehouse_polya_25_01_median_v1
ENSG00000223142,RN7SKP252,technical,0.0,Treehouse Tumor Compendium 25.01 PolyA median TPM,treehouse_polya_25_01_median_v1
ENSG00000252233,RN7SKP253,technical,0.0,Treehouse Tumor Compendium 25.01 PolyA median TPM,treehouse_polya_25_01_median_v1
ENSG00000222617,RN7SKP254,technical,0.0,Treehouse Tumor Compendium 25.01 PolyA median TPM,treehouse_polya_25_01_median_v1
ENSG00000200312,RN7SKP255,technical,0.0,Treehouse Tumor Compendium 25.01 PolyA median TPM,treehouse_polya_25_01_median_v1
ENSG00000253010,RN7SKP256,technical,0.0,Treehouse Tumor Compendium 25.01 PolyA median TPM,treehouse_polya_25_01_median_v1
ENSG00000201395,RN7SKP257,technical,0.0,Treehouse Tumor Compendium 25.01 PolyA median TPM,treehouse_polya_25_01_median_v1
ENSG00000252960,RN7SKP258,technical,0.0,Treehouse Tumor Compendium 25.01 PolyA median TPM,treehouse_polya_25_01_median_v1
ENSG00000222998,RN7SKP259,technical,0.0,Treehouse Tumor Compendium 25.01 PolyA median TPM,treehouse_polya_25_01_median_v1
ENSG00000222179,RN7SKP26,technical,0.0,Treehouse Tumor Compendium 25.01 PolyA median TPM,treehouse_polya_25_01_median_v1
ENSG00000252716,RN7SKP260,technical,0.0,Treehouse Tumor Compendium 25.01 PolyA median TPM,treehouse_polya_25_01_median_v1
ENSG00000222880,RN7SKP261,technical,0.0,Treehouse Tumor Compendium 25.01 PolyA median TPM,treehouse_polya_25_01_median_v1
ENSG00000222950,RN7SKP262,technical,0.0,Treehouse Tumor Compendium 25.01 PolyA median TPM,treehouse_polya_25_01_median_v1
ENSG00000223126,RN7SKP263,technical,0.0,Treehouse Tumor Compendium 25.01 PolyA median TPM,treehouse_polya_25_01_median_v1
ENSG00000223012,RN7SKP264,technical,0.0,Treehouse Tumor Compendium 25.01 PolyA median TPM,treehouse_polya_25_01_median_v1
ENSG00000252257,RN7SKP265,technical,0.0,Treehouse Tumor Compendium 25.01 PolyA median TPM,treehouse_polya_25_01_median_v1
ENSG00000222164,RN7SKP266,technical,0.0,Treehouse Tumor Compendium 25.01 PolyA median TPM,treehouse_polya_25_01_median_v1
ENSG00000222313,RN7SKP267,technical,0.0,Treehouse Tumor Compendium 25.01 PolyA median TPM,treehouse_polya_25_01_median_v1
ENSG00000223039,RN7SKP268,technical,0.0,Treehouse Tumor Compendium 25.01 PolyA median TPM,treehouse_polya_25_01_median_v1
ENSG00000202415,RN7SKP269,technical,0.0,Treehouse Tumor Compendium 25.01 PolyA median TPM,treehouse_polya_25_01_median_v1
ENSG00000222616,RN7SKP27,technical,0.0,Treehouse Tumor Compendium 25.01 PolyA median TPM,treehouse_polya_25_01_median_v1
ENSG00000223229,RN7SKP270,technical,0.0,Treehouse Tumor Compendium 25.01 PolyA median TPM,treehouse_polya_25_01_median_v1
ENSG00000222460,RN7SKP271,technical,0.0,Treehouse Tumor Compendium 25.01 PolyA median TPM,treehouse_polya_25_01_median_v1
ENSG00000252797,RN7SKP272,technical,0.0,Treehouse Tumor Compendium 25.01 PolyA median TPM,treehouse_polya_25_01_median_v1
ENSG00000223324,RN7SKP273,technical,0.0,Treehouse Tumor Compendium 25.01 PolyA median TPM,treehouse_polya_25_01_median_v1
ENSG00000201496,RN7SKP275,technical,0.0,Treehouse Tumor Compendium 25.01 PolyA median TPM,treehouse_polya_25_01_median_v1
ENSG00000252051,RN7SKP276,technical,0.0,Treehouse Tumor Compendium 25.01 PolyA median TPM,treehouse_polya_25_01_median_v1
ENSG00000252704,RN7SKP277,technical,0.0,Treehouse Tumor Compendium 25.01 PolyA median TPM,treehouse_polya_25_01_median_v1
ENSG00000222436,RN7SKP278,technical,0.0,Treehouse Tumor Compendium 25.01 PolyA median TPM,treehouse_polya_25_01_median_v1
ENSG00000223315,RN7SKP279,technical,0.0,Treehouse Tumor Compendium 25.01 PolyA median TPM,treehouse_polya_25_01_median_v1
ENSG00000201640,RN7SKP28,technical,0.0,Treehouse Tumor Compendium 25.01 PolyA median TPM,treehouse_polya_25_01_median_v1
ENSG00000201066,RN7SKP280,technical,0.0,Treehouse Tumor Compendium 25.01 PolyA median TPM,treehouse_polya_25_01_median_v1
ENSG00000222404,RN7SKP281,technical,0.0,Treehouse Tumor Compendium 25.01 PolyA median TPM,treehouse_polya_25_01_median_v1
ENSG00000252633,RN7SKP282,technical,0.0,Treehouse Tumor Compendium 25.01 PolyA median TPM,treehouse_polya_25_01_median_v1
ENSG00000253006,RN7SKP283,technical,0.0,Treehouse Tumor Compendium 25.01 PolyA median TPM,treehouse_polya_25_01_median_v1
ENSG00000222934,RN7SKP284,technical,0.0,Treehouse Tumor Compendium 25.01 PolyA median TPM,treehouse_polya_25_01_median_v1
ENSG00000222069,RN7SKP285,technical,0.0,Treehouse Tumor Compendium 25.01 PolyA median TPM,treehouse_polya_25_01_median_v1
ENSG00000222826,RN7SKP286,technical,0.0,Treehouse Tumor Compendium 25.01 PolyA median TPM,treehouse_polya_25_01_median_v1
ENSG00000252355,RN7SKP287,technical,0.0,Treehouse Tumor Compendium 25.01 PolyA median TPM,treehouse_polya_25_01_median_v1
ENSG00000252036,RN7SKP288,technical,0.0,Treehouse Tumor Compendium 25.01 PolyA median TPM,treehouse_polya_25_01_median_v1
ENSG00000253053,RN7SKP289,technical,0.0,Treehouse Tumor Compendium 25.01 PolyA median TPM,treehouse_polya_25_01_median_v1
ENSG00000222889,RN7SKP29,technical,0.0,Treehouse Tumor Compendium 25.01 PolyA median TPM,treehouse_polya_25_01_median_v1
ENSG00000271814,RN7SKP290,technical,0.0,Treehouse Tumor Compendium 25.01 PolyA median TPM,treehouse_polya_25_01_median_v1
ENSG00000199831,RN7SKP291,technical,0.0,Treehouse Tumor Compendium 25.01 PolyA median TPM,treehouse_polya_25_01_median_v1
ENSG00000202392,RN7SKP292,technical,0.0,Treehouse Tumor Compendium 25.01 PolyA median TPM,treehouse_polya_25_01_median_v1
ENSG00000223321,RN7SKP293,technical,0.0,Treehouse Tumor Compendium 25.01 PolyA median TPM,treehouse_polya_25_01_median_v1
ENSG00000199640,RN7SKP294,technical,0.0,Treehouse Tumor Compendium 25.01 PolyA median TPM,treehouse_polya_25_01_median_v1
ENSG00000253073,RN7SKP295,technical,0.0,Treehouse Tumor Compendium 25.01 PolyA median TPM,treehouse_polya_25_01_median_v1
ENSG00000223117,RN7SKP296,technical,0.0,Treehouse Tumor Compendium 25.01 PolyA median TPM,treehouse_polya_25_01_median_v1
ENSG00000223202,RN7SKP297,technical,0.0,Treehouse Tumor Compendium 25.01 PolyA median TPM,treehouse_polya_25_01_median_v1
ENSG00000251759,RN7SKP298,technical,0.0,Treehouse Tumor Compendium 25.01 PolyA median TPM,treehouse_polya_25_01_median_v1
ENSG00000271765,RN7SKP299,technical,0.0,Treehouse Tumor Compendium 25.01 PolyA median TPM,treehouse_polya_25_01_median_v1
ENSG00000223341,RN7SKP3,technical,0.0,Treehouse Tumor Compendium 25.01 PolyA median TPM,treehouse_polya_25_01_median_v1
ENSG00000223305,RN7SKP30,technical,0.110098,Treehouse Tumor Compendium 25.01 PolyA median TPM,treehouse_polya_25_01_median_v1
ENSG00000252163,RN7SKP31,technical,0.0,Treehouse Tumor Compendium 25.01 PolyA median TPM,treehouse_polya_25_01_median_v1
ENSG00000222099,RN7SKP32,technical,0.0,Treehouse Tumor Compendium 25.01 PolyA median TPM,treehouse_polya_25_01_median_v1
ENSG00000222874,RN7SKP33,technical,0.0,Treehouse Tumor Compendium 25.01 PolyA median TPM,treehouse_polya_25_01_median_v1
ENSG00000251951,RN7SKP34,technical,0.0,Treehouse Tumor Compendium 25.01 PolyA median TPM,treehouse_polya_25_01_median_v1
ENSG00000253019,RN7SKP35,technical,0.0,Treehouse Tumor Compendium 25.01 PolyA median TPM,treehouse_polya_25_01_median_v1
ENSG00000200867,RN7SKP36,technical,0.0,Treehouse Tumor Compendium 25.01 PolyA median TPM,treehouse_polya_25_01_median_v1
ENSG00000201364,RN7SKP37,technical,0.0,Treehouse Tumor Compendium 25.01 PolyA median TPM,treehouse_polya_25_01_median_v1
ENSG00000222714,RN7SKP38,technical,0.0,Treehouse Tumor Compendium 25.01 PolyA median TPM,treehouse_polya_25_01_median_v1
ENSG00000222705,RN7SKP39,technical,0.0,Treehouse Tumor Compendium 25.01 PolyA median TPM,treehouse_polya_25_01_median_v1
ENSG00000271818,RN7SKP4,technical,0.0,Treehouse Tumor Compendium 25.01 PolyA median TPM,treehouse_polya_25_01_median_v1
ENSG00000253020,RN7SKP40,technical,0.0,Treehouse Tumor Compendium 25.01 PolyA median TPM,treehouse_polya_25_01_median_v1
ENSG00000222845,RN7SKP42,technical,0.0,Treehouse Tumor Compendium 25.01 PolyA median TPM,treehouse_polya_25_01_median_v1
ENSG00000251982,RN7SKP43,technical,0.0,Treehouse Tumor Compendium 25.01 PolyA median TPM,treehouse_polya_25_01_median_v1
ENSG00000200472,RN7SKP44,technical,0.0,Treehouse Tumor Compendium 25.01 PolyA median TPM,treehouse_polya_25_01_median_v1
ENSG00000200379,RN7SKP45,technical,0.0,Treehouse Tumor Compendium 25.01 PolyA median TPM,treehouse_polya_25_01_median_v1
ENSG00000251751,RN7SKP46,technical,0.0,Treehouse Tumor Compendium 25.01 PolyA median TPM,treehouse_polya_25_01_median_v1
ENSG00000202217,RN7SKP47,technical,0.0,Treehouse Tumor Compendium 25.01 PolyA median TPM,treehouse_polya_25_01_median_v1
ENSG00000201901,RN7SKP48,technical,0.0,Treehouse Tumor Compendium 25.01 PolyA median TPM,treehouse_polya_25_01_median_v1
ENSG00000252484,RN7SKP49,technical,0.0,Treehouse Tumor Compendium 25.01 PolyA median TPM,treehouse_polya_25_01_median_v1
ENSG00000252854,RN7SKP5,technical,0.0,Treehouse Tumor Compendium 25.01 PolyA median TPM,treehouse_polya_25_01_median_v1
ENSG00000201564,RN7SKP50,technical,0.0,Treehouse Tumor Compendium 25.01 PolyA median TPM,treehouse_polya_25_01_median_v1
ENSG00000222713,RN7SKP51,technical,0.0,Treehouse Tumor Compendium 25.01 PolyA median TPM,treehouse_polya_25_01_median_v1
ENSG00000252028,RN7SKP52,technical,0.0,Treehouse Tumor Compendium 25.01 PolyA median TPM,treehouse_polya_25_01_median_v1
ENSG00000223269,RN7SKP53,technical,0.0,Treehouse Tumor Compendium 25.01 PolyA median TPM,treehouse_polya_25_01_median_v1
ENSG00000222636,RN7SKP54,technical,0.0,Treehouse Tumor Compendium 25.01 PolyA median TPM,treehouse_polya_25_01_median_v1
ENSG00000201758,RN7SKP55,technical,0.0,Treehouse Tumor Compendium 25.01 PolyA median TPM,treehouse_polya_25_01_median_v1
ENSG00000222445,RN7SKP56,technical,0.0,Treehouse Tumor Compendium 25.01 PolyA median TPM,treehouse_polya_25_01_median_v1
ENSG00000253057,RN7SKP57,technical,0.0,Treehouse Tumor Compendium 25.01 PolyA median TPM,treehouse_polya_25_01_median_v1
ENSG00000222942,RN7SKP58,technical,0.0,Treehouse Tumor Compendium 25.01 PolyA median TPM,treehouse_polya_25_01_median_v1
ENSG00000222452,RN7SKP59,technical,0.0,Treehouse Tumor Compendium 25.01 PolyA median TPM,treehouse_polya_25_01_median_v1
ENSG00000201665,RN7SKP6,technical,0.0,Treehouse Tumor Compendium 25.01 PolyA median TPM,treehouse_polya_25_01_median_v1
ENSG00000252794,RN7SKP60,technical,0.0,Treehouse Tumor Compendium 25.01 PolyA median TPM,treehouse_polya_25_01_median_v1
ENSG00000222574,RN7SKP61,technical,0.0,Treehouse Tumor Compendium 25.01 PolyA median TPM,treehouse_polya_25_01_median_v1
ENSG00000207269,RN7SKP62,technical,0.0,Treehouse Tumor Compendium 25.01 PolyA median TPM,treehouse_polya_25_01_median_v1
ENSG00000200057,RN7SKP63,technical,0.0,Treehouse Tumor Compendium 25.01 PolyA median TPM,treehouse_polya_25_01_median_v1
ENSG00000253015,RN7SKP64,technical,0.0,Treehouse Tumor Compendium 25.01 PolyA median TPM,treehouse_polya_25_01_median_v1
ENSG00000222210,RN7SKP65,technical,0.0,Treehouse Tumor Compendium 25.01 PolyA median TPM,treehouse_polya_25_01_median_v1
ENSG00000252490,RN7SKP66,technical,0.0,Treehouse Tumor Compendium 25.01 PolyA median TPM,treehouse_polya_25_01_median_v1
ENSG00000251714,RN7SKP67,technical,0.0,Treehouse Tumor Compendium 25.01 PolyA median TPM,treehouse_polya_25_01_median_v1
ENSG00000222987,RN7SKP68,technical,0.0,Treehouse Tumor Compendium 25.01 PolyA median TPM,treehouse_polya_25_01_median_v1
ENSG00000202260,RN7SKP69,technical,0.0,Treehouse Tumor Compendium 25.01 PolyA median TPM,treehouse_polya_25_01_median_v1
ENSG00000222472,RN7SKP7,technical,0.0,Treehouse Tumor Compendium 25.01 PolyA median TPM,treehouse_polya_25_01_median_v1
ENSG00000252464,RN7SKP70,technical,0.520116,Treehouse Tumor Compendium 25.01 PolyA median TPM,treehouse_polya_25_01_median_v1
ENSG00000201428,RN7SKP71,technical,0.0,Treehouse Tumor Compendium 25.01 PolyA median TPM,treehouse_polya_25_01_median_v1
ENSG00000199197,RN7SKP72,technical,0.0,Treehouse Tumor Compendium 25.01 PolyA median TPM,treehouse_polya_25_01_median_v1
ENSG00000223007,RN7SKP73,technical,0.0,Treehouse Tumor Compendium 25.01 PolyA median TPM,treehouse_polya_25_01_median_v1
ENSG00000199719,RN7SKP74,technical,0.0,Treehouse Tumor Compendium 25.01 PolyA median TPM,treehouse_polya_25_01_median_v1
ENSG00000199940,RN7SKP75,technical,0.0,Treehouse Tumor Compendium 25.01 PolyA median TPM,treehouse_polya_25_01_median_v1
ENSG00000201289,RN7SKP76,technical,0.0,Treehouse Tumor Compendium 25.01 PolyA median TPM,treehouse_polya_25_01_median_v1
ENSG00000200131,RN7SKP77,technical,0.0,Treehouse Tumor Compendium 25.01 PolyA median TPM,treehouse_polya_25_01_median_v1
ENSG00000201581,RN7SKP78,technical,0.0,Treehouse Tumor Compendium 25.01 PolyA median TPM,treehouse_polya_25_01_median_v1
ENSG00000200243,RN7SKP79,technical,0.0,Treehouse Tumor Compendium 25.01 PolyA median TPM,treehouse_polya_25_01_median_v1
ENSG00000222969,RN7SKP8,technical,0.0,Treehouse Tumor Compendium 25.01 PolyA median TPM,treehouse_polya_25_01_median_v1
ENSG00000202058,RN7SKP80,technical,0.480097,Treehouse Tumor Compendium 25.01 PolyA median TPM,treehouse_polya_25_01_median_v1
ENSG00000202473,RN7SKP81,technical,0.0,Treehouse Tumor Compendium 25.01 PolyA median TPM,treehouse_polya_25_01_median_v1
ENSG00000252595,RN7SKP82,technical,0.0,Treehouse Tumor Compendium 25.01 PolyA median TPM,treehouse_polya_25_01_median_v1
ENSG00000252321,RN7SKP83,technical,0.0,Treehouse Tumor Compendium 25.01 PolyA median TPM,treehouse_polya_25_01_median_v1
ENSG00000223281,RN7SKP85,technical,0.0,Treehouse Tumor Compendium 25.01 PolyA median TPM,treehouse_polya_25_01_median_v1
ENSG00000222386,RN7SKP86,technical,0.0,Treehouse Tumor Compendium 25.01 PolyA median TPM,treehouse_polya_25_01_median_v1
ENSG00000200966,RN7SKP87,technical,0.0,Treehouse Tumor Compendium 25.01 PolyA median TPM,treehouse_polya_25_01_median_v1
ENSG00000252656,RN7SKP88,technical,0.0,Treehouse Tumor Compendium 25.01 PolyA median TPM,treehouse_polya_25_01_median_v1
ENSG00000222706,RN7SKP89,technical,0.0,Treehouse Tumor Compendium 25.01 PolyA median TPM,treehouse_polya_25_01_median_v1
ENSG00000201793,RN7SKP9,technical,0.0,Treehouse Tumor Compendium 25.01 PolyA median TPM,treehouse_polya_25_01_median_v1
ENSG00000199883,RN7SKP90,technical,0.0,Treehouse Tumor Compendium 25.01 PolyA median TPM,treehouse_polya_25_01_median_v1
ENSG00000222784,RN7SKP91,technical,0.0,Treehouse Tumor Compendium 25.01 PolyA median TPM,treehouse_polya_25_01_median_v1
ENSG00000253075,RN7SKP92,technical,0.0,Treehouse Tumor Compendium 25.01 PolyA median TPM,treehouse_polya_25_01_median_v1
ENSG00000200708,RN7SKP93,technical,0.0,Treehouse Tumor Compendium 25.01 PolyA median TPM,treehouse_polya_25_01_median_v1
ENSG00000222976,RN7SKP94,technical,0.0,Treehouse Tumor Compendium 25.01 PolyA median TPM,treehouse_polya_25_01_median_v1
ENSG00000199730,RN7SKP95,technical,0.0,Treehouse Tumor Compendium 25.01 PolyA median TPM,treehouse_polya_25_01_median_v1
ENSG00000252757,RN7SKP96,technical,0.0,Treehouse Tumor Compendium 25.01 PolyA median TPM,treehouse_polya_25_01_median_v1
ENSG00000222898,RN7SKP97,technical,0.0,Treehouse Tumor Compendium 25.01 PolyA median TPM,treehouse_polya_25_01_median_v1
ENSG00000252879,RN7SKP98,technical,0.0,Treehouse Tumor Compendium 25.01 PolyA median TPM,treehouse_polya_25_01_median_v1
ENSG00000252837,RN7SKP99,technical,0.0,Treehouse Tumor Compendium 25.01 PolyA median TPM,treehouse_polya_25_01_median_v1
ENSG00000276168,RN7SL1,technical,389.045898,Treehouse Tumor Compendium 25.01 PolyA median TPM,treehouse_polya_25_01_median_v1
ENSG00000240306,RN7SL100P,technical,0.0,Treehouse Tumor Compendium 25.01 PolyA median TPM,treehouse_polya_25_01_median_v1
ENSG00000243548,RN7SL101P,technical,0.0,Treehouse Tumor Compendium 25.01 PolyA median TPM,treehouse_polya_25_01_median_v1
ENSG00000243541,RN7SL104P,technical,0.0,Treehouse Tumor Compendium 25.01 PolyA median TPM,treehouse_polya_25_01_median_v1
ENSG00000243704,RN7SL105P,technical,0.0,Treehouse Tumor Compendium 25.01 PolyA median TPM,treehouse_polya_25_01_median_v1
ENSG00000273981,RN7SL106P,technical,0.0,Treehouse Tumor Compendium 25.01 PolyA median TPM,treehouse_polya_25_01_median_v1
ENSG00000243424,RN7SL107P,technical,0.0,Treehouse Tumor Compendium 25.01 PolyA median TPM,treehouse_polya_25_01_median_v1
ENSG00000243546,RN7SL108P,technical,0.0,Treehouse Tumor Compendium 25.01 PolyA median TPM,treehouse_polya_25_01_median_v1
ENSG00000241064,RN7SL110P,technical,0.0,Treehouse Tumor Compendium 25.01 PolyA median TPM,treehouse_polya_25_01_median_v1
ENSG00000243510,RN7SL111P,technical,0.0,Treehouse Tumor Compendium 25.01 PolyA median TPM,treehouse_polya_25_01_median_v1
ENSG00000278590,RN7SL113P,technical,0.0,Treehouse Tumor Compendium 25.01 PolyA median TPM,treehouse_polya_25_01_median_v1
ENSG00000240474,RN7SL116P,technical,0.0,Treehouse Tumor Compendium 25.01 PolyA median TPM,treehouse_polya_25_01_median_v1
ENSG00000264192,RN7SL117P,technical,0.0,Treehouse Tumor Compendium 25.01 PolyA median TPM,treehouse_polya_25_01_median_v1
ENSG00000266420,RN7SL118P,technical,0.0,Treehouse Tumor Compendium 25.01 PolyA median TPM,treehouse_polya_25_01_median_v1
ENSG00000239316,RN7SL11P,technical,0.0,Treehouse Tumor Compendium 25.01 PolyA median TPM,treehouse_polya_25_01_median_v1
ENSG00000244169,RN7SL120P,technical,0.0,Treehouse Tumor Compendium 25.01 PolyA median TPM,treehouse_polya_25_01_median_v1
ENSG00000263974,RN7SL121P,technical,0.0,Treehouse Tumor Compendium 25.01 PolyA median TPM,treehouse_polya_25_01_median_v1
ENSG00000263529,RN7SL122P,technical,0.0,Treehouse Tumor Compendium 25.01 PolyA median TPM,treehouse_polya_25_01_median_v1
ENSG00000266863,RN7SL123P,technical,0.0,Treehouse Tumor Compendium 25.01 PolyA median TPM,treehouse_polya_25_01_median_v1
ENSG00000242113,RN7SL124P,technical,0.0,Treehouse Tumor Compendium 25.01 PolyA median TPM,treehouse_polya_25_01_median_v1
ENSG00000244514,RN7SL125P,technical,0.0,Treehouse Tumor Compendium 25.01 PolyA median TPM,treehouse_polya_25_01_median_v1
ENSG00000276281,RN7SL126P,technical,0.0,Treehouse Tumor Compendium 25.01 PolyA median TPM,treehouse_polya_25_01_median_v1
ENSG00000242175,RN7SL127P,technical,0.0,Treehouse Tumor Compendium 25.01 PolyA median TPM,treehouse_polya_25_01_median_v1
ENSG00000240869,RN7SL128P,technical,0.0,Treehouse Tumor Compendium 25.01 PolyA median TPM,treehouse_polya_25_01_median_v1
ENSG00000239553,RN7SL12P,technical,0.0,Treehouse Tumor Compendium 25.01 PolyA median TPM,treehouse_polya_25_01_median_v1
ENSG00000244256,RN7SL130P,technical,0.160096,Treehouse Tumor Compendium 25.01 PolyA median TPM,treehouse_polya_25_01_median_v1
ENSG00000264592,RN7SL131P,technical,0.0,Treehouse Tumor Compendium 25.01 PolyA median TPM,treehouse_polya_25_01_median_v1
ENSG00000242653,RN7SL132P,technical,0.0,Treehouse Tumor Compendium 25.01 PolyA median TPM,treehouse_polya_25_01_median_v1
ENSG00000263360,RN7SL134P,technical,0.0,Treehouse Tumor Compendium 25.01 PolyA median TPM,treehouse_polya_25_01_median_v1
ENSG00000241964,RN7SL135P,technical,0.0,Treehouse Tumor Compendium 25.01 PolyA median TPM,treehouse_polya_25_01_median_v1
ENSG00000266274,RN7SL138P,technical,0.970071,Treehouse Tumor Compendium 25.01 PolyA median TPM,treehouse_polya_25_01_median_v1
ENSG00000266059,RN7SL140P,technical,0.0,Treehouse Tumor Compendium 25.01 PolyA median TPM,treehouse_polya_25_01_median_v1
ENSG00000243398,RN7SL141P,technical,0.0,Treehouse Tumor Compendium 25.01 PolyA median TPM,treehouse_polya_25_01_median_v1
ENSG00000244003,RN7SL143P,technical,0.0,Treehouse Tumor Compendium 25.01 PolyA median TPM,treehouse_polya_25_01_median_v1
ENSG00000242559,RN7SL144P,technical,0.0,Treehouse Tumor Compendium 25.01 PolyA median TPM,treehouse_polya_25_01_median_v1
ENSG00000244357,RN7SL145P,technical,0.310103,Treehouse Tumor Compendium 25.01 PolyA median TPM,treehouse_polya_25_01_median_v1
ENSG00000240106,RN7SL146P,technical,0.0,Treehouse Tumor Compendium 25.01 PolyA median TPM,treehouse_polya_25_01_median_v1
ENSG00000263988,RN7SL147P,technical,0.0,Treehouse Tumor Compendium 25.01 PolyA median TPM,treehouse_polya_25_01_median_v1
ENSG00000244066,RN7SL148P,technical,0.0,Treehouse Tumor Compendium 25.01 PolyA median TPM,treehouse_polya_25_01_median_v1
ENSG00000241834,RN7SL149P,technical,0.0,Treehouse Tumor Compendium 25.01 PolyA median TPM,treehouse_polya_25_01_median_v1
ENSG00000266720,RN7SL14P,technical,0.0,Treehouse Tumor Compendium 25.01 PolyA median TPM,treehouse_polya_25_01_median_v1
ENSG00000240626,RN7SL150P,technical,0.0,Treehouse Tumor Compendium 25.01 PolyA median TPM,treehouse_polya_25_01_median_v1
ENSG00000244230,RN7SL151P,technical,0.0,Treehouse Tumor Compendium 25.01 PolyA median TPM,treehouse_polya_25_01_median_v1
ENSG00000242102,RN7SL152P,technical,0.0,Treehouse Tumor Compendium 25.01 PolyA median TPM,treehouse_polya_25_01_median_v1
ENSG00000244748,RN7SL153P,technical,0.0,Treehouse Tumor Compendium 25.01 PolyA median TPM,treehouse_polya_25_01_median_v1
ENSG00000264317,RN7SL154P,technical,0.0,Treehouse Tumor Compendium 25.01 PolyA median TPM,treehouse_polya_25_01_median_v1
ENSG00000263490,RN7SL155P,technical,0.0,Treehouse Tumor Compendium 25.01 PolyA median TPM,treehouse_polya_25_01_median_v1
ENSG00000242509,RN7SL156P,technical,0.0,Treehouse Tumor Compendium 25.01 PolyA median TPM,treehouse_polya_25_01_median_v1
ENSG00000242281,RN7SL159P,technical,0.0,Treehouse Tumor Compendium 25.01 PolyA median TPM,treehouse_polya_25_01_median_v1
ENSG00000264573,RN7SL15P,technical,0.0,Treehouse Tumor Compendium 25.01 PolyA median TPM,treehouse_polya_25_01_median_v1
ENSG00000241159,RN7SL160P,technical,0.0,Treehouse Tumor Compendium 25.01 PolyA median TPM,treehouse_polya_25_01_median_v1
ENSG00000266503,RN7SL162P,technical,0.0,Treehouse Tumor Compendium 25.01 PolyA median TPM,treehouse_polya_25_01_median_v1
ENSG00000266195,RN7SL163P,technical,0.0,Treehouse Tumor Compendium 25.01 PolyA median TPM,treehouse_polya_25_01_median_v1
ENSG00000242614,RN7SL164P,technical,0.0,Treehouse Tumor Compendium 25.01 PolyA median TPM,treehouse_polya_25_01_median_v1
ENSG00000241188,RN7SL165P,technical,0.0,Treehouse Tumor Compendium 25.01 PolyA median TPM,treehouse_polya_25_01_median_v1
ENSG00000275014,RN7SL166P,technical,0.0,Treehouse Tumor Compendium 25.01 PolyA median TPM,treehouse_polya_25_01_median_v1
ENSG00000242673,RN7SL167P,technical,0.0,Treehouse Tumor Compendium 25.01 PolyA median TPM,treehouse_polya_25_01_median_v1
ENSG00000244296,RN7SL168P,technical,0.0,Treehouse Tumor Compendium 25.01 PolyA median TPM,treehouse_polya_25_01_median_v1
ENSG00000242547,RN7SL169P,technical,0.0,Treehouse Tumor Compendium 25.01 PolyA median TPM,treehouse_polya_25_01_median_v1
ENSG00000243005,RN7SL16P,technical,0.0,Treehouse Tumor Compendium 25.01 PolyA median TPM,treehouse_polya_25_01_median_v1
ENSG00000241821,RN7SL170P,technical,0.0,Treehouse Tumor Compendium 25.01 PolyA median TPM,treehouse_polya_25_01_median_v1
ENSG00000243544,RN7SL172P,technical,0.0,Treehouse Tumor Compendium 25.01 PolyA median TPM,treehouse_polya_25_01_median_v1
ENSG00000243373,RN7SL173P,technical,0.0,Treehouse Tumor Compendium 25.01 PolyA median TPM,treehouse_polya_25_01_median_v1
ENSG00000243333,RN7SL174P,technical,0.0,Treehouse Tumor Compendium 25.01 PolyA median TPM,treehouse_polya_25_01_median_v1
ENSG00000266610,RN7SL176P,technical,0.0,Treehouse Tumor Compendium 25.01 PolyA median TPM,treehouse_polya_25_01_median_v1
ENSG00000242976,RN7SL177P,technical,0.0,Treehouse Tumor Compendium 25.01 PolyA median TPM,treehouse_polya_25_01_median_v1
ENSG00000263616,RN7SL178P,technical,0.0,Treehouse Tumor Compendium 25.01 PolyA median TPM,treehouse_polya_25_01_median_v1
ENSG00000242860,RN7SL180P,technical,0.0,Treehouse Tumor Compendium 25.01 PolyA median TPM,treehouse_polya_25_01_median_v1
ENSG00000243738,RN7SL181P,technical,0.220097,Treehouse Tumor Compendium 25.01 PolyA median TPM,treehouse_polya_25_01_median_v1
ENSG00000241461,RN7SL182P,technical,0.0,Treehouse Tumor Compendium 25.01 PolyA median TPM,treehouse_polya_25_01_median_v1
ENSG00000240997,RN7SL183P,technical,0.0,Treehouse Tumor Compendium 25.01 PolyA median TPM,treehouse_polya_25_01_median_v1
ENSG00000239279,RN7SL184P,technical,0.0,Treehouse Tumor Compendium 25.01 PolyA median TPM,treehouse_polya_25_01_median_v1
ENSG00000275776,RN7SL185P,technical,0.0,Treehouse Tumor Compendium 25.01 PolyA median TPM,treehouse_polya_25_01_median_v1
ENSG00000278124,RN7SL186P,technical,0.0,Treehouse Tumor Compendium 25.01 PolyA median TPM,treehouse_polya_25_01_median_v1
ENSG00000240299,RN7SL187P,technical,0.0,Treehouse Tumor Compendium 25.01 PolyA median TPM,treehouse_polya_25_01_median_v1
ENSG00000241943,RN7SL188P,technical,0.0,Treehouse Tumor Compendium 25.01 PolyA median TPM,treehouse_polya_25_01_median_v1
ENSG00000243817,RN7SL189P,technical,0.0,Treehouse Tumor Compendium 25.01 PolyA median TPM,treehouse_polya_25_01_median_v1
ENSG00000241625,RN7SL18P,technical,0.0,Treehouse Tumor Compendium 25.01 PolyA median TPM,treehouse_polya_25_01_median_v1
ENSG00000264933,RN7SL190P,technical,0.0,Treehouse Tumor Compendium 25.01 PolyA median TPM,treehouse_polya_25_01_median_v1
ENSG00000241198,RN7SL191P,technical,0.0,Treehouse Tumor Compendium 25.01 PolyA median TPM,treehouse_polya_25_01_median_v1
ENSG00000276757,RN7SL192P,technical,0.160096,Treehouse Tumor Compendium 25.01 PolyA median TPM,treehouse_polya_25_01_median_v1
ENSG00000239679,RN7SL193P,technical,0.0,Treehouse Tumor Compendium 25.01 PolyA median TPM,treehouse_polya_25_01_median_v1
ENSG00000274424,RN7SL196P,technical,0.0,Treehouse Tumor Compendium 25.01 PolyA median TPM,treehouse_polya_25_01_median_v1
ENSG00000276031,RN7SL197P,technical,0.0,Treehouse Tumor Compendium 25.01 PolyA median TPM,treehouse_polya_25_01_median_v1
ENSG00000264036,RN7SL198P,technical,0.0,Treehouse Tumor Compendium 25.01 PolyA median TPM,treehouse_polya_25_01_median_v1
ENSG00000265315,RN7SL199P,technical,0.17,Treehouse Tumor Compendium 25.01 PolyA median TPM,treehouse_polya_25_01_median_v1
ENSG00000243532,RN7SL19P,technical,0.0,Treehouse Tumor Compendium 25.01 PolyA median TPM,treehouse_polya_25_01_median_v1
ENSG00000274012,RN7SL2,technical,0.0,Treehouse Tumor Compendium 25.01 PolyA median TPM,treehouse_polya_25_01_median_v1
ENSG00000265123,RN7SL200P,technical,0.0,Treehouse Tumor Compendium 25.01 PolyA median TPM,treehouse_polya_25_01_median_v1
ENSG00000242118,RN7SL201P,technical,0.0,Treehouse Tumor Compendium 25.01 PolyA median TPM,treehouse_polya_25_01_median_v1
ENSG00000266627,RN7SL202P,technical,0.0,Treehouse Tumor Compendium 25.01 PolyA median TPM,treehouse_polya_25_01_median_v1
ENSG00000275128,RN7SL203P,technical,0.0,Treehouse Tumor Compendium 25.01 PolyA median TPM,treehouse_polya_25_01_median_v1
ENSG00000264676,RN7SL204P,technical,0.0,Treehouse Tumor Compendium 25.01 PolyA median TPM,treehouse_polya_25_01_median_v1
ENSG00000241392,RN7SL205P,technical,0.0,Treehouse Tumor Compendium 25.01 PolyA median TPM,treehouse_polya_25_01_median_v1
ENSG00000264391,RN7SL208P,technical,0.0,Treehouse Tumor Compendium 25.01 PolyA median TPM,treehouse_polya_25_01_median_v1
ENSG00000240927,RN7SL209P,technical,0.0,Treehouse Tumor Compendium 25.01 PolyA median TPM,treehouse_polya_25_01_median_v1
ENSG00000242251,RN7SL20P,technical,0.0,Treehouse Tumor Compendium 25.01 PolyA median TPM,treehouse_polya_25_01_median_v1
ENSG00000275961,RN7SL210P,technical,0.0,Treehouse Tumor Compendium 25.01 PolyA median TPM,treehouse_polya_25_01_median_v1
ENSG00000244534,RN7SL211P,technical,0.0,Treehouse Tumor Compendium 25.01 PolyA median TPM,treehouse_polya_25_01_median_v1
ENSG00000239820,RN7SL213P,technical,0.0,Treehouse Tumor Compendium 25.01 PolyA median TPM,treehouse_polya_25_01_median_v1
ENSG00000242066,RN7SL214P,technical,0.0,Treehouse Tumor Compendium 25.01 PolyA median TPM,treehouse_polya_25_01_median_v1
ENSG00000242201,RN7SL215P,technical,0.0,Treehouse Tumor Compendium 25.01 PolyA median TPM,treehouse_polya_25_01_median_v1
ENSG00000244404,RN7SL216P,technical,0.0,Treehouse Tumor Compendium 25.01 PolyA median TPM,treehouse_polya_25_01_median_v1
ENSG00000264706,RN7SL217P,technical,0.0,Treehouse Tumor Compendium 25.01 PolyA median TPM,treehouse_polya_25_01_median_v1
ENSG00000244194,RN7SL218P,technical,0.0,Treehouse Tumor Compendium 25.01 PolyA median TPM,treehouse_polya_25_01_median_v1
ENSG00000265386,RN7SL219P,technical,0.0,Treehouse Tumor Compendium 25.01 PolyA median TPM,treehouse_polya_25_01_median_v1
ENSG00000266467,RN7SL220P,technical,0.0,Treehouse Tumor Compendium 25.01 PolyA median TPM,treehouse_polya_25_01_median_v1
ENSG00000239472,RN7SL221P,technical,0.0,Treehouse Tumor Compendium 25.01 PolyA median TPM,treehouse_polya_25_01_median_v1
ENSG00000242165,RN7SL222P,technical,0.0,Treehouse Tumor Compendium 25.01 PolyA median TPM,treehouse_polya_25_01_median_v1
ENSG00000240202,RN7SL223P,technical,0.0,Treehouse Tumor Compendium 25.01 PolyA median TPM,treehouse_polya_25_01_median_v1
ENSG00000239856,RN7SL225P,technical,0.0,Treehouse Tumor Compendium 25.01 PolyA median TPM,treehouse_polya_25_01_median_v1
ENSG00000244033,RN7SL228P,technical,0.0,Treehouse Tumor Compendium 25.01 PolyA median TPM,treehouse_polya_25_01_median_v1
ENSG00000242811,RN7SL229P,technical,0.0,Treehouse Tumor Compendium 25.01 PolyA median TPM,treehouse_polya_25_01_median_v1
ENSG00000243136,RN7SL22P,technical,0.0,Treehouse Tumor Compendium 25.01 PolyA median TPM,treehouse_polya_25_01_median_v1
ENSG00000264916,RN7SL230P,technical,0.0,Treehouse Tumor Compendium 25.01 PolyA median TPM,treehouse_polya_25_01_median_v1
ENSG00000240803,RN7SL231P,technical,0.0,Treehouse Tumor Compendium 25.01 PolyA median TPM,treehouse_polya_25_01_median_v1
ENSG00000242971,RN7SL233P,technical,0.0,Treehouse Tumor Compendium 25.01 PolyA median TPM,treehouse_polya_25_01_median_v1
ENSG00000241391,RN7SL234P,technical,0.0,Treehouse Tumor Compendium 25.01 PolyA median TPM,treehouse_polya_25_01_median_v1
ENSG00000243870,RN7SL236P,technical,0.0,Treehouse Tumor Compendium 25.01 PolyA median TPM,treehouse_polya_25_01_median_v1
ENSG00000264767,RN7SL237P,technical,0.0,Treehouse Tumor Compendium 25.01 PolyA median TPM,treehouse_polya_25_01_median_v1
ENSG00000276891,RN7SL238P,technical,0.0,Treehouse Tumor Compendium 25.01 PolyA median TPM,treehouse_polya_25_01_median_v1
ENSG00000242999,RN7SL239P,technical,0.0,Treehouse Tumor Compendium 25.01 PolyA median TPM,treehouse_polya_25_01_median_v1
ENSG00000240823,RN7SL23P,technical,0.210098,Treehouse Tumor Compendium 25.01 PolyA median TPM,treehouse_polya_25_01_median_v1
ENSG00000243505,RN7SL240P,technical,0.0,Treehouse Tumor Compendium 25.01 PolyA median TPM,treehouse_polya_25_01_median_v1
ENSG00000239625,RN7SL241P,technical,0.0,Treehouse Tumor Compendium 25.01 PolyA median TPM,treehouse_polya_25_01_median_v1
ENSG00000244389,RN7SL242P,technical,0.0,Treehouse Tumor Compendium 25.01 PolyA median TPM,treehouse_polya_25_01_median_v1
ENSG00000242865,RN7SL244P,technical,0.0,Treehouse Tumor Compendium 25.01 PolyA median TPM,treehouse_polya_25_01_median_v1
ENSG00000265093,RN7SL246P,technical,0.0,Treehouse Tumor Compendium 25.01 PolyA median TPM,treehouse_polya_25_01_median_v1
ENSG00000274186,RN7SL248P,technical,0.0,Treehouse Tumor Compendium 25.01 PolyA median TPM,treehouse_polya_25_01_median_v1
ENSG00000244107,RN7SL250P,technical,0.0,Treehouse Tumor Compendium 25.01 PolyA median TPM,treehouse_polya_25_01_median_v1
ENSG00000244399,RN7SL251P,technical,0.0,Treehouse Tumor Compendium 25.01 PolyA median TPM,treehouse_polya_25_01_median_v1
ENSG00000244318,RN7SL252P,technical,0.0,Treehouse Tumor Compendium 25.01 PolyA median TPM,treehouse_polya_25_01_median_v1
ENSG00000241652,RN7SL253P,technical,0.0,Treehouse Tumor Compendium 25.01 PolyA median TPM,treehouse_polya_25_01_median_v1
ENSG00000240014,RN7SL254P,technical,0.0,Treehouse Tumor Compendium 25.01 PolyA median TPM,treehouse_polya_25_01_median_v1
ENSG00000239808,RN7SL255P,technical,0.0,Treehouse Tumor Compendium 25.01 PolyA median TPM,treehouse_polya_25_01_median_v1
ENSG00000240589,RN7SL258P,technical,0.0,Treehouse Tumor Compendium 25.01 PolyA median TPM,treehouse_polya_25_01_median_v1
ENSG00000241082,RN7SL259P,technical,0.0,Treehouse Tumor Compendium 25.01 PolyA median TPM,treehouse_polya_25_01_median_v1
ENSG00000264530,RN7SL25P,technical,0.0,Treehouse Tumor Compendium 25.01 PolyA median TPM,treehouse_polya_25_01_median_v1
ENSG00000253602,RN7SL260P,technical,0.0,Treehouse Tumor Compendium 25.01 PolyA median TPM,treehouse_polya_25_01_median_v1
ENSG00000277762,RN7SL261P,technical,0.0,Treehouse Tumor Compendium 25.01 PolyA median TPM,treehouse_polya_25_01_median_v1
ENSG00000265033,RN7SL262P,technical,0.0,Treehouse Tumor Compendium 25.01 PolyA median TPM,treehouse_polya_25_01_median_v1
ENSG00000240160,RN7SL263P,technical,0.0,Treehouse Tumor Compendium 25.01 PolyA median TPM,treehouse_polya_25_01_median_v1
ENSG00000241709,RN7SL265P,technical,0.0,Treehouse Tumor Compendium 25.01 PolyA median TPM,treehouse_polya_25_01_median_v1
ENSG00000243011,RN7SL266P,technical,0.0,Treehouse Tumor Compendium 25.01 PolyA median TPM,treehouse_polya_25_01_median_v1
ENSG00000242121,RN7SL267P,technical,0.0,Treehouse Tumor Compendium 25.01 PolyA median TPM,treehouse_polya_25_01_median_v1
ENSG00000244425,RN7SL268P,technical,0.38011,Treehouse Tumor Compendium 25.01 PolyA median TPM,treehouse_polya_25_01_median_v1
ENSG00000243051,RN7SL269P,technical,0.0,Treehouse Tumor Compendium 25.01 PolyA median TPM,treehouse_polya_25_01_median_v1
ENSG00000242014,RN7SL26P,technical,0.0,Treehouse Tumor Compendium 25.01 PolyA median TPM,treehouse_polya_25_01_median_v1
ENSG00000277198,RN7SL270P,technical,0.0,Treehouse Tumor Compendium 25.01 PolyA median TPM,treehouse_polya_25_01_median_v1
ENSG00000239250,RN7SL271P,technical,0.0,Treehouse Tumor Compendium 25.01 PolyA median TPM,treehouse_polya_25_01_median_v1
ENSG00000242360,RN7SL272P,technical,0.0,Treehouse Tumor Compendium 25.01 PolyA median TPM,treehouse_polya_25_01_median_v1
ENSG00000239953,RN7SL273P,technical,0.0,Treehouse Tumor Compendium 25.01 PolyA median TPM,treehouse_polya_25_01_median_v1
ENSG00000242430,RN7SL274P,technical,0.0,Treehouse Tumor Compendium 25.01 PolyA median TPM,treehouse_polya_25_01_median_v1
ENSG00000263940,RN7SL275P,technical,0.0,Treehouse Tumor Compendium 25.01 PolyA median TPM,treehouse_polya_25_01_median_v1
ENSG00000240490,RN7SL277P,technical,0.0,Treehouse Tumor Compendium 25.01 PolyA median TPM,treehouse_polya_25_01_median_v1
ENSG00000243365,RN7SL278P,technical,0.0,Treehouse Tumor Compendium 25.01 PolyA median TPM,treehouse_polya_25_01_median_v1
ENSG00000265648,RN7SL279P,technical,0.0,Treehouse Tumor Compendium 25.01 PolyA median TPM,treehouse_polya_25_01_median_v1
ENSG00000244671,RN7SL280P,technical,0.0,Treehouse Tumor Compendium 25.01 PolyA median TPM,treehouse_polya_25_01_median_v1
ENSG00000243591,RN7SL282P,technical,0.0,Treehouse Tumor Compendium 25.01 PolyA median TPM,treehouse_polya_25_01_median_v1
ENSG00000240977,RN7SL283P,technical,0.0,Treehouse Tumor Compendium 25.01 PolyA median TPM,treehouse_polya_25_01_median_v1
ENSG00000243446,RN7SL284P,technical,0.0,Treehouse Tumor Compendium 25.01 PolyA median TPM,treehouse_polya_25_01_median_v1
ENSG00000243313,RN7SL285P,technical,0.0,Treehouse Tumor Compendium 25.01 PolyA median TPM,treehouse_polya_25_01_median_v1
ENSG00000277464,RN7SL286P,technical,0.0,Treehouse Tumor Compendium 25.01 PolyA median TPM,treehouse_polya_25_01_median_v1
ENSG00000240767,RN7SL288P,technical,0.0,Treehouse Tumor Compendium 25.01 PolyA median TPM,treehouse_polya_25_01_median_v1
ENSG00000244512,RN7SL28P,technical,0.0,Treehouse Tumor Compendium 25.01 PolyA median TPM,treehouse_polya_25_01_median_v1
ENSG00000264613,RN7SL290P,technical,0.0,Treehouse Tumor Compendium 25.01 PolyA median TPM,treehouse_polya_25_01_median_v1
ENSG00000242065,RN7SL291P,technical,0.0,Treehouse Tumor Compendium 25.01 PolyA median TPM,treehouse_polya_25_01_median_v1
ENSG00000242650,RN7SL292P,technical,0.0,Treehouse Tumor Compendium 25.01 PolyA median TPM,treehouse_polya_25_01_median_v1
ENSG00000242483,RN7SL293P,technical,0.0,Treehouse Tumor Compendium 25.01 PolyA median TPM,treehouse_polya_25_01_median_v1
ENSG00000242638,RN7SL294P,technical,0.0,Treehouse Tumor Compendium 25.01 PolyA median TPM,treehouse_polya_25_01_median_v1
ENSG00000275090,RN7SL296P,technical,0.0,Treehouse Tumor Compendium 25.01 PolyA median TPM,treehouse_polya_25_01_median_v1
ENSG00000240183,RN7SL297P,technical,0.0,Treehouse Tumor Compendium 25.01 PolyA median TPM,treehouse_polya_25_01_median_v1
ENSG00000242794,RN7SL299P,technical,0.0,Treehouse Tumor Compendium 25.01 PolyA median TPM,treehouse_polya_25_01_median_v1
ENSG00000278771,RN7SL3,technical,0.0,Treehouse Tumor Compendium 25.01 PolyA median TPM,treehouse_polya_25_01_median_v1
ENSG00000265813,RN7SL300P,technical,0.0,Treehouse Tumor Compendium 25.01 PolyA median TPM,treehouse_polya_25_01_median_v1
ENSG00000276014,RN7SL301P,technical,0.0,Treehouse Tumor Compendium 25.01 PolyA median TPM,treehouse_polya_25_01_median_v1
ENSG00000241246,RN7SL302P,technical,0.0,Treehouse Tumor Compendium 25.01 PolyA median TPM,treehouse_polya_25_01_median_v1
ENSG00000240116,RN7SL303P,technical,0.0,Treehouse Tumor Compendium 25.01 PolyA median TPM,treehouse_polya_25_01_median_v1
ENSG00000242688,RN7SL304P,technical,0.0,Treehouse Tumor Compendium 25.01 PolyA median TPM,treehouse_polya_25_01_median_v1
ENSG00000240647,RN7SL305P,technical,0.0,Treehouse Tumor Compendium 25.01 PolyA median TPM,treehouse_polya_25_01_median_v1
ENSG00000242241,RN7SL306P,technical,0.0,Treehouse Tumor Compendium 25.01 PolyA median TPM,treehouse_polya_25_01_median_v1
ENSG00000243338,RN7SL307P,technical,0.0,Treehouse Tumor Compendium 25.01 PolyA median TPM,treehouse_polya_25_01_median_v1
ENSG00000243951,RN7SL308P,technical,0.0,Treehouse Tumor Compendium 25.01 PolyA median TPM,treehouse_polya_25_01_median_v1
ENSG00000239356,RN7SL309P,technical,0.0,Treehouse Tumor Compendium 25.01 PolyA median TPM,treehouse_polya_25_01_median_v1
ENSG00000243845,RN7SL30P,technical,0.0,Treehouse Tumor Compendium 25.01 PolyA median TPM,treehouse_polya_25_01_median_v1
ENSG00000240663,RN7SL310P,technical,0.0,Treehouse Tumor Compendium 25.01 PolyA median TPM,treehouse_polya_25_01_median_v1
ENSG00000265892,RN7SL311P,technical,0.0,Treehouse Tumor Compendium 25.01 PolyA median TPM,treehouse_polya_25_01_median_v1
ENSG00000275655,RN7SL313P,technical,0.0,Treehouse Tumor Compendium 25.01 PolyA median TPM,treehouse_polya_25_01_median_v1
ENSG00000244402,RN7SL314P,technical,0.0,Treehouse Tumor Compendium 25.01 PolyA median TPM,treehouse_polya_25_01_median_v1
ENSG00000241631,RN7SL316P,technical,0.0,Treehouse Tumor Compendium 25.01 PolyA median TPM,treehouse_polya_25_01_median_v1
ENSG00000242668,RN7SL317P,technical,0.0,Treehouse Tumor Compendium 25.01 PolyA median TPM,treehouse_polya_25_01_median_v1
ENSG00000242079,RN7SL318P,technical,0.0,Treehouse Tumor Compendium 25.01 PolyA median TPM,treehouse_polya_25_01_median_v1
ENSG00000241807,RN7SL319P,technical,0.0,Treehouse Tumor Compendium 25.01 PolyA median TPM,treehouse_polya_25_01_median_v1
ENSG00000243900,RN7SL320P,technical,0.0,Treehouse Tumor Compendium 25.01 PolyA median TPM,treehouse_polya_25_01_median_v1
ENSG00000277483,RN7SL321P,technical,0.0,Treehouse Tumor Compendium 25.01 PolyA median TPM,treehouse_polya_25_01_median_v1
ENSG00000276588,RN7SL322P,technical,0.0,Treehouse Tumor Compendium 25.01 PolyA median TPM,treehouse_polya_25_01_median_v1
ENSG00000241997,RN7SL323P,technical,0.0,Treehouse Tumor Compendium 25.01 PolyA median TPM,treehouse_polya_25_01_median_v1
ENSG00000239579,RN7SL325P,technical,0.0,Treehouse Tumor Compendium 25.01 PolyA median TPM,treehouse_polya_25_01_median_v1
ENSG00000264582,RN7SL326P,technical,0.0,Treehouse Tumor Compendium 25.01 PolyA median TPM,treehouse_polya_25_01_median_v1
ENSG00000275992,RN7SL327P,technical,0.0,Treehouse Tumor Compendium 25.01 PolyA median TPM,treehouse_polya_25_01_median_v1
ENSG00000240853,RN7SL328P,technical,0.0,Treehouse Tumor Compendium 25.01 PolyA median TPM,treehouse_polya_25_01_median_v1
ENSG00000242170,RN7SL329P,technical,0.0,Treehouse Tumor Compendium 25.01 PolyA median TPM,treehouse_polya_25_01_median_v1
ENSG00000263941,RN7SL32P,technical,0.0,Treehouse Tumor Compendium 25.01 PolyA median TPM,treehouse_polya_25_01_median_v1
ENSG00000244391,RN7SL330P,technical,0.0,Treehouse Tumor Compendium 25.01 PolyA median TPM,treehouse_polya_25_01_median_v1
ENSG00000278422,RN7SL331P,technical,0.0,Treehouse Tumor Compendium 25.01 PolyA median TPM,treehouse_polya_25_01_median_v1
ENSG00000242989,RN7SL332P,technical,0.0,Treehouse Tumor Compendium 25.01 PolyA median TPM,treehouse_polya_25_01_median_v1
ENSG00000239494,RN7SL333P,technical,0.230106,Treehouse Tumor Compendium 25.01 PolyA median TPM,treehouse_polya_25_01_median_v1
ENSG00000244618,RN7SL334P,technical,0.0,Treehouse Tumor Compendium 25.01 PolyA median TPM,treehouse_polya_25_01_median_v1
ENSG00000241037,RN7SL335P,technical,0.0,Treehouse Tumor Compendium 25.01 PolyA median TPM,treehouse_polya_25_01_median_v1
ENSG00000264017,RN7SL336P,technical,0.100098,Treehouse Tumor Compendium 25.01 PolyA median TPM,treehouse_polya_25_01_median_v1
ENSG00000243488,RN7SL337P,technical,0.0,Treehouse Tumor Compendium 25.01 PolyA median TPM,treehouse_polya_25_01_median_v1
ENSG00000241568,RN7SL338P,technical,0.0,Treehouse Tumor Compendium 25.01 PolyA median TPM,treehouse_polya_25_01_median_v1
ENSG00000265740,RN7SL339P,technical,0.0,Treehouse Tumor Compendium 25.01 PolyA median TPM,treehouse_polya_25_01_median_v1
ENSG00000243049,RN7SL33P,technical,0.0,Treehouse Tumor Compendium 25.01 PolyA median TPM,treehouse_polya_25_01_median_v1
ENSG00000241604,RN7SL340P,technical,0.0,Treehouse Tumor Compendium 25.01 PolyA median TPM,treehouse_polya_25_01_median_v1
ENSG00000275588,RN7SL341P,technical,0.0,Treehouse Tumor Compendium 25.01 PolyA median TPM,treehouse_polya_25_01_median_v1
ENSG00000239398,RN7SL342P,technical,0.0,Treehouse Tumor Compendium 25.01 PolyA median TPM,treehouse_polya_25_01_median_v1
ENSG00000273717,RN7SL343P,technical,0.0,Treehouse Tumor Compendium 25.01 PolyA median TPM,treehouse_polya_25_01_median_v1
ENSG00000241395,RN7SL344P,technical,0.0,Treehouse Tumor Compendium 25.01 PolyA median TPM,treehouse_polya_25_01_median_v1
ENSG00000240470,RN7SL346P,technical,0.0,Treehouse Tumor Compendium 25.01 PolyA median TPM,treehouse_polya_25_01_median_v1
ENSG00000239868,RN7SL34P,technical,0.0,Treehouse Tumor Compendium 25.01 PolyA median TPM,treehouse_polya_25_01_median_v1
ENSG00000243254,RN7SL350P,technical,0.0,Treehouse Tumor Compendium 25.01 PolyA median TPM,treehouse_polya_25_01_median_v1
ENSG00000240098,RN7SL351P,technical,0.0,Treehouse Tumor Compendium 25.01 PolyA median TPM,treehouse_polya_25_01_median_v1
ENSG00000243439,RN7SL352P,technical,0.0,Treehouse Tumor Compendium 25.01 PolyA median TPM,treehouse_polya_25_01_median_v1
ENSG00000263608,RN7SL353P,technical,0.0,Treehouse Tumor Compendium 25.01 PolyA median TPM,treehouse_polya_25_01_median_v1
ENSG00000243027,RN7SL354P,technical,0.0,Treehouse Tumor Compendium 25.01 PolyA median TPM,treehouse_polya_25_01_median_v1
ENSG00000266553,RN7SL356P,technical,0.0,Treehouse Tumor Compendium 25.01 PolyA median TPM,treehouse_polya_25_01_median_v1
ENSG00000265894,RN7SL357P,technical,0.0,Treehouse Tumor Compendium 25.01 PolyA median TPM,treehouse_polya_25_01_median_v1
ENSG00000244384,RN7SL359P,technical,0.0,Treehouse Tumor Compendium 25.01 PolyA median TPM,treehouse_polya_25_01_median_v1
ENSG00000240347,RN7SL35P,technical,0.0,Treehouse Tumor Compendium 25.01 PolyA median TPM,treehouse_polya_25_01_median_v1
ENSG00000242158,RN7SL361P,technical,0.0,Treehouse Tumor Compendium 25.01 PolyA median TPM,treehouse_polya_25_01_median_v1
ENSG00000242707,RN7SL362P,technical,0.0,Treehouse Tumor Compendium 25.01 PolyA median TPM,treehouse_polya_25_01_median_v1
ENSG00000241869,RN7SL363P,technical,0.0,Treehouse Tumor Compendium 25.01 PolyA median TPM,treehouse_polya_25_01_median_v1
ENSG00000243560,RN7SL364P,technical,0.120102,Treehouse Tumor Compendium 25.01 PolyA median TPM,treehouse_polya_25_01_median_v1
ENSG00000266128,RN7SL366P,technical,0.0,Treehouse Tumor Compendium 25.01 PolyA median TPM,treehouse_polya_25_01_median_v1
ENSG00000239948,RN7SL368P,technical,0.0,Treehouse Tumor Compendium 25.01 PolyA median TPM,treehouse_polya_25_01_median_v1
ENSG00000241542,RN7SL369P,technical,0.0,Treehouse Tumor Compendium 25.01 PolyA median TPM,treehouse_polya_25_01_median_v1
ENSG00000244314,RN7SL36P,technical,0.0,Treehouse Tumor Compendium 25.01 PolyA median TPM,treehouse_polya_25_01_median_v1
ENSG00000243437,RN7SL370P,technical,0.0,Treehouse Tumor Compendium 25.01 PolyA median TPM,treehouse_polya_25_01_median_v1
ENSG00000266210,RN7SL371P,technical,0.0,Treehouse Tumor Compendium 25.01 PolyA median TPM,treehouse_polya_25_01_median_v1
ENSG00000242565,RN7SL372P,technical,0.0,Treehouse Tumor Compendium 25.01 PolyA median TPM,treehouse_polya_25_01_median_v1
ENSG00000265745,RN7SL375P,technical,0.0,Treehouse Tumor Compendium 25.01 PolyA median TPM,treehouse_polya_25_01_median_v1
ENSG00000265814,RN7SL376P,technical,0.0,Treehouse Tumor Compendium 25.01 PolyA median TPM,treehouse_polya_25_01_median_v1
ENSG00000266569,RN7SL377P,technical,0.0,Treehouse Tumor Compendium 25.01 PolyA median TPM,treehouse_polya_25_01_median_v1
ENSG00000265684,RN7SL378P,technical,0.0,Treehouse Tumor Compendium 25.01 PolyA median TPM,treehouse_polya_25_01_median_v1
ENSG00000242998,RN7SL379P,technical,0.0,Treehouse Tumor Compendium 25.01 PolyA median TPM,treehouse_polya_25_01_median_v1
ENSG00000242493,RN7SL37P,technical,0.0,Treehouse Tumor Compendium 25.01 PolyA median TPM,treehouse_polya_25_01_median_v1
ENSG00000244532,RN7SL380P,technical,0.0,Treehouse Tumor Compendium 25.01 PolyA median TPM,treehouse_polya_25_01_median_v1
ENSG00000263968,RN7SL381P,technical,0.330099,Treehouse Tumor Compendium 25.01 PolyA median TPM,treehouse_polya_25_01_median_v1
ENSG00000240723,RN7SL382P,technical,0.0,Treehouse Tumor Compendium 25.01 PolyA median TPM,treehouse_polya_25_01_median_v1
ENSG00000263556,RN7SL383P,technical,0.0,Treehouse Tumor Compendium 25.01 PolyA median TPM,treehouse_polya_25_01_median_v1
ENSG00000242912,RN7SL384P,technical,0.0,Treehouse Tumor Compendium 25.01 PolyA median TPM,treehouse_polya_25_01_median_v1
ENSG00000241333,RN7SL385P,technical,0.0,Treehouse Tumor Compendium 25.01 PolyA median TPM,treehouse_polya_25_01_median_v1
ENSG00000273610,RN7SL386P,technical,0.0,Treehouse Tumor Compendium 25.01 PolyA median TPM,treehouse_polya_25_01_median_v1
ENSG00000263537,RN7SL387P,technical,0.0,Treehouse Tumor Compendium 25.01 PolyA median TPM,treehouse_polya_25_01_median_v1
ENSG00000239577,RN7SL388P,technical,0.0,Treehouse Tumor Compendium 25.01 PolyA median TPM,treehouse_polya_25_01_median_v1
ENSG00000240481,RN7SL38P,technical,0.0,Treehouse Tumor Compendium 25.01 PolyA median TPM,treehouse_polya_25_01_median_v1
ENSG00000241785,RN7SL390P,technical,0.0,Treehouse Tumor Compendium 25.01 PolyA median TPM,treehouse_polya_25_01_median_v1
ENSG00000265388,RN7SL391P,technical,0.0,Treehouse Tumor Compendium 25.01 PolyA median TPM,treehouse_polya_25_01_median_v1
ENSG00000242482,RN7SL392P,technical,0.0,Treehouse Tumor Compendium 25.01 PolyA median TPM,treehouse_polya_25_01_median_v1
ENSG00000243723,RN7SL393P,technical,0.0,Treehouse Tumor Compendium 25.01 PolyA median TPM,treehouse_polya_25_01_median_v1
ENSG00000239942,RN7SL394P,technical,0.0,Treehouse Tumor Compendium 25.01 PolyA median TPM,treehouse_polya_25_01_median_v1
ENSG00000244307,RN7SL395P,technical,0.0,Treehouse Tumor Compendium 25.01 PolyA median TPM,treehouse_polya_25_01_median_v1
ENSG00000244642,RN7SL396P,technical,0.0,Treehouse Tumor Compendium 25.01 PolyA median TPM,treehouse_polya_25_01_median_v1
ENSG00000244139,RN7SL397P,technical,0.0,Treehouse Tumor Compendium 25.01 PolyA median TPM,treehouse_polya_25_01_median_v1
ENSG00000244356,RN7SL398P,technical,0.0,Treehouse Tumor Compendium 25.01 PolyA median TPM,treehouse_polya_25_01_median_v1
ENSG00000239542,RN7SL399P,technical,0.0,Treehouse Tumor Compendium 25.01 PolyA median TPM,treehouse_polya_25_01_median_v1
ENSG00000241223,RN7SL39P,technical,0.0,Treehouse Tumor Compendium 25.01 PolyA median TPM,treehouse_polya_25_01_median_v1
ENSG00000243059,RN7SL400P,technical,0.0,Treehouse Tumor Compendium 25.01 PolyA median TPM,treehouse_polya_25_01_median_v1
ENSG00000241866,RN7SL401P,technical,0.0,Treehouse Tumor Compendium 25.01 PolyA median TPM,treehouse_polya_25_01_median_v1
ENSG00000243968,RN7SL402P,technical,0.0,Treehouse Tumor Compendium 25.01 PolyA median TPM,treehouse_polya_25_01_median_v1
ENSG00000240625,RN7SL403P,technical,0.0,Treehouse Tumor Compendium 25.01 PolyA median TPM,treehouse_polya_25_01_median_v1
ENSG00000264840,RN7SL404P,technical,0.0,Treehouse Tumor Compendium 25.01 PolyA median TPM,treehouse_polya_25_01_median_v1
ENSG00000264540,RN7SL405P,technical,0.0,Treehouse Tumor Compendium 25.01 PolyA median TPM,treehouse_polya_25_01_median_v1
ENSG00000266875,RN7SL408P,technical,0.0,Treehouse Tumor Compendium 25.01 PolyA median TPM,treehouse_polya_25_01_median_v1
ENSG00000242696,RN7SL40P,technical,0.0,Treehouse Tumor Compendium 25.01 PolyA median TPM,treehouse_polya_25_01_median_v1
ENSG00000265327,RN7SL411P,technical,0.0,Treehouse Tumor Compendium 25.01 PolyA median TPM,treehouse_polya_25_01_median_v1
ENSG00000242893,RN7SL413P,technical,0.0,Treehouse Tumor Compendium 25.01 PolyA median TPM,treehouse_polya_25_01_median_v1
ENSG00000239396,RN7SL414P,technical,0.0,Treehouse Tumor Compendium 25.01 PolyA median TPM,treehouse_polya_25_01_median_v1
ENSG00000240961,RN7SL415P,technical,0.0,Treehouse Tumor Compendium 25.01 PolyA median TPM,treehouse_polya_25_01_median_v1
ENSG00000242101,RN7SL416P,technical,0.0,Treehouse Tumor Compendium 25.01 PolyA median TPM,treehouse_polya_25_01_median_v1
ENSG00000244056,RN7SL417P,technical,0.0,Treehouse Tumor Compendium 25.01 PolyA median TPM,treehouse_polya_25_01_median_v1
ENSG00000241665,RN7SL418P,technical,0.0,Treehouse Tumor Compendium 25.01 PolyA median TPM,treehouse_polya_25_01_median_v1
ENSG00000243883,RN7SL419P,technical,0.0,Treehouse Tumor Compendium 25.01 PolyA median TPM,treehouse_polya_25_01_median_v1
ENSG00000241550,RN7SL41P,technical,0.0,Treehouse Tumor Compendium 25.01 PolyA median TPM,treehouse_polya_25_01_median_v1
ENSG00000239984,RN7SL420P,technical,0.0,Treehouse Tumor Compendium 25.01 PolyA median TPM,treehouse_polya_25_01_median_v1
ENSG00000274852,RN7SL422P,technical,0.0,Treehouse Tumor Compendium 25.01 PolyA median TPM,treehouse_polya_25_01_median_v1
ENSG00000244372,RN7SL423P,technical,0.0,Treehouse Tumor Compendium 25.01 PolyA median TPM,treehouse_polya_25_01_median_v1
ENSG00000244034,RN7SL424P,technical,0.0,Treehouse Tumor Compendium 25.01 PolyA median TPM,treehouse_polya_25_01_median_v1
ENSG00000263815,RN7SL426P,technical,0.0,Treehouse Tumor Compendium 25.01 PolyA median TPM,treehouse_polya_25_01_median_v1
ENSG00000277582,RN7SL428P,technical,0.0,Treehouse Tumor Compendium 25.01 PolyA median TPM,treehouse_polya_25_01_median_v1
ENSG00000278604,RN7SL429P,technical,0.0,Treehouse Tumor Compendium 25.01 PolyA median TPM,treehouse_polya_25_01_median_v1
ENSG00000263999,RN7SL42P,technical,0.0,Treehouse Tumor Compendium 25.01 PolyA median TPM,treehouse_polya_25_01_median_v1
ENSG00000243911,RN7SL430P,technical,0.0,Treehouse Tumor Compendium 25.01 PolyA median TPM,treehouse_polya_25_01_median_v1
ENSG00000264384,RN7SL431P,technical,0.140103,Treehouse Tumor Compendium 25.01 PolyA median TPM,treehouse_polya_25_01_median_v1
ENSG00000242769,RN7SL432P,technical,0.0,Treehouse Tumor Compendium 25.01 PolyA median TPM,treehouse_polya_25_01_median_v1
ENSG00000241868,RN7SL434P,technical,0.0,Treehouse Tumor Compendium 25.01 PolyA median TPM,treehouse_polya_25_01_median_v1
ENSG00000263944,RN7SL435P,technical,0.0,Treehouse Tumor Compendium 25.01 PolyA median TPM,treehouse_polya_25_01_median_v1
ENSG00000275878,RN7SL43P,technical,0.0,Treehouse Tumor Compendium 25.01 PolyA median TPM,treehouse_polya_25_01_median_v1
ENSG00000264963,RN7SL440P,technical,0.0,Treehouse Tumor Compendium 25.01 PolyA median TPM,treehouse_polya_25_01_median_v1
ENSG00000241413,RN7SL441P,technical,0.0,Treehouse Tumor Compendium 25.01 PolyA median TPM,treehouse_polya_25_01_median_v1
ENSG00000239221,RN7SL442P,technical,0.0,Treehouse Tumor Compendium 25.01 PolyA median TPM,treehouse_polya_25_01_median_v1
ENSG00000241229,RN7SL443P,technical,0.0,Treehouse Tumor Compendium 25.01 PolyA median TPM,treehouse_polya_25_01_median_v1
ENSG00000265753,RN7SL444P,technical,0.0,Treehouse Tumor Compendium 25.01 PolyA median TPM,treehouse_polya_25_01_median_v1
ENSG00000240577,RN7SL445P,technical,0.0,Treehouse Tumor Compendium 25.01 PolyA median TPM,treehouse_polya_25_01_median_v1
ENSG00000244544,RN7SL446P,technical,0.0,Treehouse Tumor Compendium 25.01 PolyA median TPM,treehouse_polya_25_01_median_v1
ENSG00000243991,RN7SL447P,technical,0.0,Treehouse Tumor Compendium 25.01 PolyA median TPM,treehouse_polya_25_01_median_v1
ENSG00000264322,RN7SL448P,technical,0.0,Treehouse Tumor Compendium 25.01 PolyA median TPM,treehouse_polya_25_01_median_v1
ENSG00000242889,RN7SL449P,technical,0.0,Treehouse Tumor Compendium 25.01 PolyA median TPM,treehouse_polya_25_01_median_v1
ENSG00000263841,RN7SL44P,technical,0.0,Treehouse Tumor Compendium 25.01 PolyA median TPM,treehouse_polya_25_01_median_v1
ENSG00000265141,RN7SL451P,technical,0.0,Treehouse Tumor Compendium 25.01 PolyA median TPM,treehouse_polya_25_01_median_v1
ENSG00000243103,RN7SL452P,technical,0.0,Treehouse Tumor Compendium 25.01 PolyA median TPM,treehouse_polya_25_01_median_v1
ENSG00000276544,RN7SL453P,technical,0.0,Treehouse Tumor Compendium 25.01 PolyA median TPM,treehouse_polya_25_01_median_v1
ENSG00000243426,RN7SL454P,technical,0.0,Treehouse Tumor Compendium 25.01 PolyA median TPM,treehouse_polya_25_01_median_v1
ENSG00000264047,RN7SL455P,technical,0.0,Treehouse Tumor Compendium 25.01 PolyA median TPM,treehouse_polya_25_01_median_v1
ENSG00000242266,RN7SL456P,technical,0.0,Treehouse Tumor Compendium 25.01 PolyA median TPM,treehouse_polya_25_01_median_v1
ENSG00000263794,RN7SL457P,technical,0.0,Treehouse Tumor Compendium 25.01 PolyA median TPM,treehouse_polya_25_01_median_v1
ENSG00000240993,RN7SL459P,technical,0.0,Treehouse Tumor Compendium 25.01 PolyA median TPM,treehouse_polya_25_01_median_v1
ENSG00000264862,RN7SL45P,technical,0.0,Treehouse Tumor Compendium 25.01 PolyA median TPM,treehouse_polya_25_01_median_v1
ENSG00000263410,RN7SL460P,technical,0.0,Treehouse Tumor Compendium 25.01 PolyA median TPM,treehouse_polya_25_01_median_v1
ENSG00000243801,RN7SL461P,technical,0.0,Treehouse Tumor Compendium 25.01 PolyA median TPM,treehouse_polya_25_01_median_v1
ENSG00000276522,RN7SL462P,technical,0.0,Treehouse Tumor Compendium 25.01 PolyA median TPM,treehouse_polya_25_01_median_v1
ENSG00000243872,RN7SL464P,technical,0.0,Treehouse Tumor Compendium 25.01 PolyA median TPM,treehouse_polya_25_01_median_v1
ENSG00000244297,RN7SL465P,technical,0.0,Treehouse Tumor Compendium 25.01 PolyA median TPM,treehouse_polya_25_01_median_v1
ENSG00000241347,RN7SL466P,technical,0.0,Treehouse Tumor Compendium 25.01 PolyA median TPM,treehouse_polya_25_01_median_v1
ENSG00000264833,RN7SL468P,technical,0.0,Treehouse Tumor Compendium 25.01 PolyA median TPM,treehouse_polya_25_01_median_v1
ENSG00000277637,RN7SL469P,technical,0.0,Treehouse Tumor Compendium 25.01 PolyA median TPM,treehouse_polya_25_01_median_v1
ENSG00000263669,RN7SL470P,technical,0.0,Treehouse Tumor Compendium 25.01 PolyA median TPM,treehouse_polya_25_01_median_v1
ENSG00000263426,RN7SL471P,technical,0.0,Treehouse Tumor Compendium 25.01 PolyA median TPM,treehouse_polya_25_01_median_v1
ENSG00000240457,RN7SL472P,technical,0.0,Treehouse Tumor Compendium 25.01 PolyA median TPM,treehouse_polya_25_01_median_v1
ENSG00000277452,RN7SL473P,technical,0.0,Treehouse Tumor Compendium 25.01 PolyA median TPM,treehouse_polya_25_01_median_v1
ENSG00000264092,RN7SL474P,technical,0.0,Treehouse Tumor Compendium 25.01 PolyA median TPM,treehouse_polya_25_01_median_v1
ENSG00000265535,RN7SL475P,technical,0.0,Treehouse Tumor Compendium 25.01 PolyA median TPM,treehouse_polya_25_01_median_v1
ENSG00000239367,RN7SL477P,technical,0.0,Treehouse Tumor Compendium 25.01 PolyA median TPM,treehouse_polya_25_01_median_v1
ENSG00000277946,RN7SL478P,technical,0.0,Treehouse Tumor Compendium 25.01 PolyA median TPM,treehouse_polya_25_01_median_v1
ENSG00000239560,RN7SL479P,technical,0.0,Treehouse Tumor Compendium 25.01 PolyA median TPM,treehouse_polya_25_01_median_v1
ENSG00000244710,RN7SL47P,technical,0.0,Treehouse Tumor Compendium 25.01 PolyA median TPM,treehouse_polya_25_01_median_v1
ENSG00000266187,RN7SL480P,technical,0.0,Treehouse Tumor Compendium 25.01 PolyA median TPM,treehouse_polya_25_01_median_v1
ENSG00000240322,RN7SL481P,technical,0.190094,Treehouse Tumor Compendium 25.01 PolyA median TPM,treehouse_polya_25_01_median_v1
ENSG00000241587,RN7SL482P,technical,0.0,Treehouse Tumor Compendium 25.01 PolyA median TPM,treehouse_polya_25_01_median_v1
ENSG00000244091,RN7SL483P,technical,0.0,Treehouse Tumor Compendium 25.01 PolyA median TPM,treehouse_polya_25_01_median_v1
ENSG00000241588,RN7SL484P,technical,0.0,Treehouse Tumor Compendium 25.01 PolyA median TPM,treehouse_polya_25_01_median_v1
ENSG00000243871,RN7SL487P,technical,0.0,Treehouse Tumor Compendium 25.01 PolyA median TPM,treehouse_polya_25_01_median_v1
ENSG00000264271,RN7SL488P,technical,0.0,Treehouse Tumor Compendium 25.01 PolyA median TPM,treehouse_polya_25_01_median_v1
ENSG00000277295,RN7SL489P,technical,0.0,Treehouse Tumor Compendium 25.01 PolyA median TPM,treehouse_polya_25_01_median_v1
ENSG00000266710,RN7SL48P,technical,0.0,Treehouse Tumor Compendium 25.01 PolyA median TPM,treehouse_polya_25_01_median_v1
ENSG00000264400,RN7SL491P,technical,0.0,Treehouse Tumor Compendium 25.01 PolyA median TPM,treehouse_polya_25_01_median_v1
ENSG00000240545,RN7SL492P,technical,0.0,Treehouse Tumor Compendium 25.01 PolyA median TPM,treehouse_polya_25_01_median_v1
ENSG00000266439,RN7SL493P,technical,0.0,Treehouse Tumor Compendium 25.01 PolyA median TPM,treehouse_polya_25_01_median_v1
ENSG00000241175,RN7SL494P,technical,0.0,Treehouse Tumor Compendium 25.01 PolyA median TPM,treehouse_polya_25_01_median_v1
ENSG00000277515,RN7SL495P,technical,0.0,Treehouse Tumor Compendium 25.01 PolyA median TPM,treehouse_polya_25_01_median_v1
ENSG00000242855,RN7SL496P,technical,0.0,Treehouse Tumor Compendium 25.01 PolyA median TPM,treehouse_polya_25_01_median_v1
ENSG00000240847,RN7SL497P,technical,0.0,Treehouse Tumor Compendium 25.01 PolyA median TPM,treehouse_polya_25_01_median_v1
ENSG00000263755,RN7SL498P,technical,0.0,Treehouse Tumor Compendium 25.01 PolyA median TPM,treehouse_polya_25_01_median_v1
ENSG00000239202,RN7SL499P,technical,0.0,Treehouse Tumor Compendium 25.01 PolyA median TPM,treehouse_polya_25_01_median_v1
ENSG00000265802,RN7SL49P,technical,0.0,Treehouse Tumor Compendium 25.01 PolyA median TPM,treehouse_polya_25_01_median_v1
ENSG00000263740,RN7SL4P,technical,0.520116,Treehouse Tumor Compendium 25.01 PolyA median TPM,treehouse_polya_25_01_median_v1
ENSG00000240733,RN7SL502P,technical,0.0,Treehouse Tumor Compendium 25.01 PolyA median TPM,treehouse_polya_25_01_median_v1
ENSG00000240374,RN7SL503P,technical,0.0,Treehouse Tumor Compendium 25.01 PolyA median TPM,treehouse_polya_25_01_median_v1
ENSG00000241789,RN7SL504P,technical,0.0,Treehouse Tumor Compendium 25.01 PolyA median TPM,treehouse_polya_25_01_median_v1
ENSG00000241420,RN7SL505P,technical,0.0,Treehouse Tumor Compendium 25.01 PolyA median TPM,treehouse_polya_25_01_median_v1
ENSG00000239702,RN7SL507P,technical,0.0,Treehouse Tumor Compendium 25.01 PolyA median TPM,treehouse_polya_25_01_median_v1
ENSG00000244112,RN7SL508P,technical,0.0,Treehouse Tumor Compendium 25.01 PolyA median TPM,treehouse_polya_25_01_median_v1
ENSG00000263479,RN7SL509P,technical,0.0,Treehouse Tumor Compendium 25.01 PolyA median TPM,treehouse_polya_25_01_median_v1
ENSG00000242985,RN7SL50P,technical,0.0,Treehouse Tumor Compendium 25.01 PolyA median TPM,treehouse_polya_25_01_median_v1
ENSG00000266308,RN7SL510P,technical,0.0,Treehouse Tumor Compendium 25.01 PolyA median TPM,treehouse_polya_25_01_median_v1
ENSG00000239821,RN7SL513P,technical,0.0,Treehouse Tumor Compendium 25.01 PolyA median TPM,treehouse_polya_25_01_median_v1
ENSG00000241406,RN7SL515P,technical,0.0,Treehouse Tumor Compendium 25.01 PolyA median TPM,treehouse_polya_25_01_median_v1
ENSG00000242699,RN7SL516P,technical,0.0,Treehouse Tumor Compendium 25.01 PolyA median TPM,treehouse_polya_25_01_median_v1
ENSG00000241939,RN7SL517P,technical,0.0,Treehouse Tumor Compendium 25.01 PolyA median TPM,treehouse_polya_25_01_median_v1
ENSG00000265486,RN7SL518P,technical,0.0,Treehouse Tumor Compendium 25.01 PolyA median TPM,treehouse_polya_25_01_median_v1
ENSG00000243075,RN7SL519P,technical,0.0,Treehouse Tumor Compendium 25.01 PolyA median TPM,treehouse_polya_25_01_median_v1
ENSG00000239958,RN7SL51P,technical,0.0,Treehouse Tumor Compendium 25.01 PolyA median TPM,treehouse_polya_25_01_median_v1
ENSG00000240199,RN7SL520P,technical,0.0,Treehouse Tumor Compendium 25.01 PolyA median TPM,treehouse_polya_25_01_median_v1
ENSG00000240877,RN7SL521P,technical,0.290102,Treehouse Tumor Compendium 25.01 PolyA median TPM,treehouse_polya_25_01_median_v1
ENSG00000243976,RN7SL523P,technical,0.0,Treehouse Tumor Compendium 25.01 PolyA median TPM,treehouse_polya_25_01_median_v1
ENSG00000266754,RN7SL524P,technical,0.0,Treehouse Tumor Compendium 25.01 PolyA median TPM,treehouse_polya_25_01_median_v1
ENSG00000264910,RN7SL525P,technical,0.0,Treehouse Tumor Compendium 25.01 PolyA median TPM,treehouse_polya_25_01_median_v1
ENSG00000243642,RN7SL526P,technical,0.100098,Treehouse Tumor Compendium 25.01 PolyA median TPM,treehouse_polya_25_01_median_v1
ENSG00000264002,RN7SL52P,technical,0.0,Treehouse Tumor Compendium 25.01 PolyA median TPM,treehouse_polya_25_01_median_v1
ENSG00000239910,RN7SL530P,technical,0.0,Treehouse Tumor Compendium 25.01 PolyA median TPM,treehouse_polya_25_01_median_v1
ENSG00000264071,RN7SL531P,technical,0.0,Treehouse Tumor Compendium 25.01 PolyA median TPM,treehouse_polya_25_01_median_v1
ENSG00000239419,RN7SL535P,technical,0.120102,Treehouse Tumor Compendium 25.01 PolyA median TPM,treehouse_polya_25_01_median_v1
ENSG00000278222,RN7SL536P,technical,0.0,Treehouse Tumor Compendium 25.01 PolyA median TPM,treehouse_polya_25_01_median_v1
ENSG00000240692,RN7SL538P,technical,0.0,Treehouse Tumor Compendium 25.01 PolyA median TPM,treehouse_polya_25_01_median_v1
ENSG00000274076,RN7SL539P,technical,0.0,Treehouse Tumor Compendium 25.01 PolyA median TPM,treehouse_polya_25_01_median_v1
ENSG00000240250,RN7SL541P,technical,0.0,Treehouse Tumor Compendium 25.01 PolyA median TPM,treehouse_polya_25_01_median_v1
ENSG00000243633,RN7SL542P,technical,0.0,Treehouse Tumor Compendium 25.01 PolyA median TPM,treehouse_polya_25_01_median_v1
ENSG00000265918,RN7SL543P,technical,0.0,Treehouse Tumor Compendium 25.01 PolyA median TPM,treehouse_polya_25_01_median_v1
ENSG00000275230,RN7SL544P,technical,0.0,Treehouse Tumor Compendium 25.01 PolyA median TPM,treehouse_polya_25_01_median_v1
ENSG00000274568,RN7SL545P,technical,0.0,Treehouse Tumor Compendium 25.01 PolyA median TPM,treehouse_polya_25_01_median_v1
ENSG00000239224,RN7SL546P,technical,0.0,Treehouse Tumor Compendium 25.01 PolyA median TPM,treehouse_polya_25_01_median_v1
ENSG00000240584,RN7SL547P,technical,0.0,Treehouse Tumor Compendium 25.01 PolyA median TPM,treehouse_polya_25_01_median_v1
ENSG00000239825,RN7SL549P,technical,0.0,Treehouse Tumor Compendium 25.01 PolyA median TPM,treehouse_polya_25_01_median_v1
ENSG00000243856,RN7SL551P,technical,0.0,Treehouse Tumor Compendium 25.01 PolyA median TPM,treehouse_polya_25_01_median_v1
ENSG00000239466,RN7SL552P,technical,0.0,Treehouse Tumor Compendium 25.01 PolyA median TPM,treehouse_polya_25_01_median_v1
ENSG00000241227,RN7SL553P,technical,0.0,Treehouse Tumor Compendium 25.01 PolyA median TPM,treehouse_polya_25_01_median_v1
ENSG00000240936,RN7SL554P,technical,0.0,Treehouse Tumor Compendium 25.01 PolyA median TPM,treehouse_polya_25_01_median_v1
ENSG00000263905,RN7SL555P,technical,0.0,Treehouse Tumor Compendium 25.01 PolyA median TPM,treehouse_polya_25_01_median_v1
ENSG00000277265,RN7SL556P,technical,0.0,Treehouse Tumor Compendium 25.01 PolyA median TPM,treehouse_polya_25_01_median_v1
ENSG00000266166,RN7SL557P,technical,0.0,Treehouse Tumor Compendium 25.01 PolyA median TPM,treehouse_polya_25_01_median_v1
ENSG00000243260,RN7SL558P,technical,0.0,Treehouse Tumor Compendium 25.01 PolyA median TPM,treehouse_polya_25_01_median_v1
ENSG00000240750,RN7SL559P,technical,0.0,Treehouse Tumor Compendium 25.01 PolyA median TPM,treehouse_polya_25_01_median_v1
ENSG00000243227,RN7SL55P,technical,0.0,Treehouse Tumor Compendium 25.01 PolyA median TPM,treehouse_polya_25_01_median_v1
ENSG00000264438,RN7SL560P,technical,0.0,Treehouse Tumor Compendium 25.01 PolyA median TPM,treehouse_polya_25_01_median_v1
ENSG00000242348,RN7SL561P,technical,0.0,Treehouse Tumor Compendium 25.01 PolyA median TPM,treehouse_polya_25_01_median_v1
ENSG00000239211,RN7SL563P,technical,0.0,Treehouse Tumor Compendium 25.01 PolyA median TPM,treehouse_polya_25_01_median_v1
ENSG00000240606,RN7SL564P,technical,0.0,Treehouse Tumor Compendium 25.01 PolyA median TPM,treehouse_polya_25_01_median_v1
ENSG00000276562,RN7SL565P,technical,0.0,Treehouse Tumor Compendium 25.01 PolyA median TPM,treehouse_polya_25_01_median_v1
ENSG00000241983,RN7SL566P,technical,0.190094,Treehouse Tumor Compendium 25.01 PolyA median TPM,treehouse_polya_25_01_median_v1
ENSG00000240203,RN7SL567P,technical,0.0,Treehouse Tumor Compendium 25.01 PolyA median TPM,treehouse_polya_25_01_median_v1
ENSG00000239703,RN7SL568P,technical,0.0,Treehouse Tumor Compendium 25.01 PolyA median TPM,treehouse_polya_25_01_median_v1
ENSG00000239468,RN7SL569P,technical,0.0,Treehouse Tumor Compendium 25.01 PolyA median TPM,treehouse_polya_25_01_median_v1
ENSG00000241174,RN7SL570P,technical,0.0,Treehouse Tumor Compendium 25.01 PolyA median TPM,treehouse_polya_25_01_median_v1
ENSG00000243274,RN7SL571P,technical,0.0,Treehouse Tumor Compendium 25.01 PolyA median TPM,treehouse_polya_25_01_median_v1
ENSG00000239607,RN7SL573P,technical,0.0,Treehouse Tumor Compendium 25.01 PolyA median TPM,treehouse_polya_25_01_median_v1
ENSG00000266075,RN7SL574P,technical,0.260096,Treehouse Tumor Compendium 25.01 PolyA median TPM,treehouse_polya_25_01_median_v1
ENSG00000277591,RN7SL575P,technical,0.0,Treehouse Tumor Compendium 25.01 PolyA median TPM,treehouse_polya_25_01_median_v1
ENSG00000265942,RN7SL577P,technical,0.0,Treehouse Tumor Compendium 25.01 PolyA median TPM,treehouse_polya_25_01_median_v1
ENSG00000239228,RN7SL578P,technical,0.0,Treehouse Tumor Compendium 25.01 PolyA median TPM,treehouse_polya_25_01_median_v1
ENSG00000242256,RN7SL57P,technical,0.0,Treehouse Tumor Compendium 25.01 PolyA median TPM,treehouse_polya_25_01_median_v1
ENSG00000240641,RN7SL580P,technical,0.0,Treehouse Tumor Compendium 25.01 PolyA median TPM,treehouse_polya_25_01_median_v1
ENSG00000242657,RN7SL581P,technical,0.0,Treehouse Tumor Compendium 25.01 PolyA median TPM,treehouse_polya_25_01_median_v1
ENSG00000241156,RN7SL582P,technical,0.0,Treehouse Tumor Compendium 25.01 PolyA median TPM,treehouse_polya_25_01_median_v1
ENSG00000239504,RN7SL583P,technical,0.0,Treehouse Tumor Compendium 25.01 PolyA median TPM,treehouse_polya_25_01_median_v1
ENSG00000239471,RN7SL584P,technical,0.0,Treehouse Tumor Compendium 25.01 PolyA median TPM,treehouse_polya_25_01_median_v1
ENSG00000274168,RN7SL585P,technical,0.0,Treehouse Tumor Compendium 25.01 PolyA median TPM,treehouse_polya_25_01_median_v1
ENSG00000241487,RN7SL586P,technical,0.0,Treehouse Tumor Compendium 25.01 PolyA median TPM,treehouse_polya_25_01_median_v1
ENSG00000240233,RN7SL587P,technical,0.0,Treehouse Tumor Compendium 25.01 PolyA median TPM,treehouse_polya_25_01_median_v1
ENSG00000239247,RN7SL589P,technical,0.0,Treehouse Tumor Compendium 25.01 PolyA median TPM,treehouse_polya_25_01_median_v1
ENSG00000241552,RN7SL58P,technical,0.0,Treehouse Tumor Compendium 25.01 PolyA median TPM,treehouse_polya_25_01_median_v1
ENSG00000240940,RN7SL591P,technical,0.0,Treehouse Tumor Compendium 25.01 PolyA median TPM,treehouse_polya_25_01_median_v1
ENSG00000264615,RN7SL592P,technical,0.0,Treehouse Tumor Compendium 25.01 PolyA median TPM,treehouse_polya_25_01_median_v1
ENSG00000242236,RN7SL594P,technical,0.0,Treehouse Tumor Compendium 25.01 PolyA median TPM,treehouse_polya_25_01_median_v1
ENSG00000264519,RN7SL596P,technical,0.0,Treehouse Tumor Compendium 25.01 PolyA median TPM,treehouse_polya_25_01_median_v1
ENSG00000244264,RN7SL597P,technical,0.0,Treehouse Tumor Compendium 25.01 PolyA median TPM,treehouse_polya_25_01_median_v1
ENSG00000243700,RN7SL598P,technical,0.0,Treehouse Tumor Compendium 25.01 PolyA median TPM,treehouse_polya_25_01_median_v1
ENSG00000265735,RN7SL5P,technical,0.0,Treehouse Tumor Compendium 25.01 PolyA median TPM,treehouse_polya_25_01_median_v1
ENSG00000274963,RN7SL600P,technical,0.140103,Treehouse Tumor Compendium 25.01 PolyA median TPM,treehouse_polya_25_01_median_v1
ENSG00000243346,RN7SL601P,technical,0.0,Treehouse Tumor Compendium 25.01 PolyA median TPM,treehouse_polya_25_01_median_v1
ENSG00000264352,RN7SL602P,technical,0.0,Treehouse Tumor Compendium 25.01 PolyA median TPM,treehouse_polya_25_01_median_v1
ENSG00000244236,RN7SL604P,technical,0.0,Treehouse Tumor Compendium 25.01 PolyA median TPM,treehouse_polya_25_01_median_v1
ENSG00000265566,RN7SL605P,technical,0.0,Treehouse Tumor Compendium 25.01 PolyA median TPM,treehouse_polya_25_01_median_v1
ENSG00000239932,RN7SL606P,technical,0.0,Treehouse Tumor Compendium 25.01 PolyA median TPM,treehouse_polya_25_01_median_v1
ENSG00000278525,RN7SL607P,technical,0.0,Treehouse Tumor Compendium 25.01 PolyA median TPM,treehouse_polya_25_01_median_v1
ENSG00000239884,RN7SL608P,technical,0.965099,Treehouse Tumor Compendium 25.01 PolyA median TPM,treehouse_polya_25_01_median_v1
ENSG00000243366,RN7SL60P,technical,0.0,Treehouse Tumor Compendium 25.01 PolyA median TPM,treehouse_polya_25_01_median_v1
ENSG00000243847,RN7SL610P,technical,0.0,Treehouse Tumor Compendium 25.01 PolyA median TPM,treehouse_polya_25_01_median_v1
ENSG00000266160,RN7SL612P,technical,0.0,Treehouse Tumor Compendium 25.01 PolyA median TPM,treehouse_polya_25_01_median_v1
ENSG00000243267,RN7SL614P,technical,0.0,Treehouse Tumor Compendium 25.01 PolyA median TPM,treehouse_polya_25_01_median_v1
ENSG00000263989,RN7SL615P,technical,0.0,Treehouse Tumor Compendium 25.01 PolyA median TPM,treehouse_polya_25_01_median_v1
ENSG00000266477,RN7SL616P,technical,0.0,Treehouse Tumor Compendium 25.01 PolyA median TPM,treehouse_polya_25_01_median_v1
ENSG00000241162,RN7SL617P,technical,0.0,Treehouse Tumor Compendium 25.01 PolyA median TPM,treehouse_polya_25_01_median_v1
ENSG00000241613,RN7SL618P,technical,0.0,Treehouse Tumor Compendium 25.01 PolyA median TPM,treehouse_polya_25_01_median_v1
ENSG00000266770,RN7SL619P,technical,0.0,Treehouse Tumor Compendium 25.01 PolyA median TPM,treehouse_polya_25_01_median_v1
ENSG00000276088,RN7SL620P,technical,0.0,Treehouse Tumor Compendium 25.01 PolyA median TPM,treehouse_polya_25_01_median_v1
ENSG00000240189,RN7SL621P,technical,0.0,Treehouse Tumor Compendium 25.01 PolyA median TPM,treehouse_polya_25_01_median_v1
ENSG00000265052,RN7SL622P,technical,0.0,Treehouse Tumor Compendium 25.01 PolyA median TPM,treehouse_polya_25_01_median_v1
ENSG00000244501,RN7SL623P,technical,0.0,Treehouse Tumor Compendium 25.01 PolyA median TPM,treehouse_polya_25_01_median_v1
ENSG00000265777,RN7SL624P,technical,0.0,Treehouse Tumor Compendium 25.01 PolyA median TPM,treehouse_polya_25_01_median_v1
ENSG00000274656,RN7SL625P,technical,0.0,Treehouse Tumor Compendium 25.01 PolyA median TPM,treehouse_polya_25_01_median_v1
ENSG00000274747,RN7SL627P,technical,0.0,Treehouse Tumor Compendium 25.01 PolyA median TPM,treehouse_polya_25_01_median_v1
ENSG00000277467,RN7SL628P,technical,0.0,Treehouse Tumor Compendium 25.01 PolyA median TPM,treehouse_polya_25_01_median_v1
ENSG00000241243,RN7SL629P,technical,0.0,Treehouse Tumor Compendium 25.01 PolyA median TPM,treehouse_polya_25_01_median_v1
ENSG00000239640,RN7SL62P,technical,0.0,Treehouse Tumor Compendium 25.01 PolyA median TPM,treehouse_polya_25_01_median_v1
ENSG00000264978,RN7SL630P,technical,0.0,Treehouse Tumor Compendium 25.01 PolyA median TPM,treehouse_polya_25_01_median_v1
ENSG00000241524,RN7SL632P,technical,0.0,Treehouse Tumor Compendium 25.01 PolyA median TPM,treehouse_polya_25_01_median_v1
ENSG00000240186,RN7SL633P,technical,0.0,Treehouse Tumor Compendium 25.01 PolyA median TPM,treehouse_polya_25_01_median_v1
ENSG00000242894,RN7SL634P,technical,0.0,Treehouse Tumor Compendium 25.01 PolyA median TPM,treehouse_polya_25_01_median_v1
ENSG00000243029,RN7SL635P,technical,0.0,Treehouse Tumor Compendium 25.01 PolyA median TPM,treehouse_polya_25_01_median_v1
ENSG00000244376,RN7SL636P,technical,0.0,Treehouse Tumor Compendium 25.01 PolyA median TPM,treehouse_polya_25_01_median_v1
ENSG00000243702,RN7SL638P,technical,0.0,Treehouse Tumor Compendium 25.01 PolyA median TPM,treehouse_polya_25_01_median_v1
ENSG00000239744,RN7SL63P,technical,0.0,Treehouse Tumor Compendium 25.01 PolyA median TPM,treehouse_polya_25_01_median_v1
ENSG00000278825,RN7SL640P,technical,0.0,Treehouse Tumor Compendium 25.01 PolyA median TPM,treehouse_polya_25_01_median_v1
ENSG00000243124,RN7SL643P,technical,0.0,Treehouse Tumor Compendium 25.01 PolyA median TPM,treehouse_polya_25_01_median_v1
ENSG00000264313,RN7SL644P,technical,0.0,Treehouse Tumor Compendium 25.01 PolyA median TPM,treehouse_polya_25_01_median_v1
ENSG00000240863,RN7SL645P,technical,0.0,Treehouse Tumor Compendium 25.01 PolyA median TPM,treehouse_polya_25_01_median_v1
ENSG00000242341,RN7SL646P,technical,0.0,Treehouse Tumor Compendium 25.01 PolyA median TPM,treehouse_polya_25_01_median_v1
ENSG00000243957,RN7SL647P,technical,0.0,Treehouse Tumor Compendium 25.01 PolyA median TPM,treehouse_polya_25_01_median_v1
ENSG00000265727,RN7SL648P,technical,0.0,Treehouse Tumor Compendium 25.01 PolyA median TPM,treehouse_polya_25_01_median_v1
ENSG00000243539,RN7SL649P,technical,0.0,Treehouse Tumor Compendium 25.01 PolyA median TPM,treehouse_polya_25_01_median_v1
ENSG00000274475,RN7SL650P,technical,0.0,Treehouse Tumor Compendium 25.01 PolyA median TPM,treehouse_polya_25_01_median_v1
ENSG00000265559,RN7SL652P,technical,0.0,Treehouse Tumor Compendium 25.01 PolyA median TPM,treehouse_polya_25_01_median_v1
ENSG00000239794,RN7SL653P,technical,0.0,Treehouse Tumor Compendium 25.01 PolyA median TPM,treehouse_polya_25_01_median_v1
ENSG00000244568,RN7SL654P,technical,0.0,Treehouse Tumor Compendium 25.01 PolyA median TPM,treehouse_polya_25_01_median_v1
ENSG00000241963,RN7SL655P,technical,0.0,Treehouse Tumor Compendium 25.01 PolyA median TPM,treehouse_polya_25_01_median_v1
ENSG00000265411,RN7SL656P,technical,0.17,Treehouse Tumor Compendium 25.01 PolyA median TPM,treehouse_polya_25_01_median_v1
ENSG00000264293,RN7SL657P,technical,0.130096,Treehouse Tumor Compendium 25.01 PolyA median TPM,treehouse_polya_25_01_median_v1
ENSG00000239333,RN7SL658P,technical,0.0,Treehouse Tumor Compendium 25.01 PolyA median TPM,treehouse_polya_25_01_median_v1
ENSG00000244104,RN7SL659P,technical,0.0,Treehouse Tumor Compendium 25.01 PolyA median TPM,treehouse_polya_25_01_median_v1
ENSG00000243770,RN7SL65P,technical,0.0,Treehouse Tumor Compendium 25.01 PolyA median TPM,treehouse_polya_25_01_median_v1
ENSG00000278746,RN7SL660P,technical,0.0,Treehouse Tumor Compendium 25.01 PolyA median TPM,treehouse_polya_25_01_median_v1
ENSG00000275132,RN7SL663P,technical,0.160096,Treehouse Tumor Compendium 25.01 PolyA median TPM,treehouse_polya_25_01_median_v1
ENSG00000265078,RN7SL664P,technical,0.0,Treehouse Tumor Compendium 25.01 PolyA median TPM,treehouse_polya_25_01_median_v1
ENSG00000264169,RN7SL665P,technical,0.0,Treehouse Tumor Compendium 25.01 PolyA median TPM,treehouse_polya_25_01_median_v1
ENSG00000240639,RN7SL666P,technical,0.0,Treehouse Tumor Compendium 25.01 PolyA median TPM,treehouse_polya_25_01_median_v1
ENSG00000265170,RN7SL667P,technical,0.0,Treehouse Tumor Compendium 25.01 PolyA median TPM,treehouse_polya_25_01_median_v1
ENSG00000239690,RN7SL668P,technical,0.0,Treehouse Tumor Compendium 25.01 PolyA median TPM,treehouse_polya_25_01_median_v1
ENSG00000264030,RN7SL66P,technical,0.0,Treehouse Tumor Compendium 25.01 PolyA median TPM,treehouse_polya_25_01_median_v1
ENSG00000264041,RN7SL670P,technical,0.0,Treehouse Tumor Compendium 25.01 PolyA median TPM,treehouse_polya_25_01_median_v1
ENSG00000239742,RN7SL672P,technical,0.0,Treehouse Tumor Compendium 25.01 PolyA median TPM,treehouse_polya_25_01_median_v1
ENSG00000273818,RN7SL673P,technical,0.0,Treehouse Tumor Compendium 25.01 PolyA median TPM,treehouse_polya_25_01_median_v1
ENSG00000239899,RN7SL674P,technical,0.0,Treehouse Tumor Compendium 25.01 PolyA median TPM,treehouse_polya_25_01_median_v1
ENSG00000239580,RN7SL675P,technical,0.0,Treehouse Tumor Compendium 25.01 PolyA median TPM,treehouse_polya_25_01_median_v1
ENSG00000242863,RN7SL677P,technical,0.0,Treehouse Tumor Compendium 25.01 PolyA median TPM,treehouse_polya_25_01_median_v1
ENSG00000263969,RN7SL678P,technical,0.0,Treehouse Tumor Compendium 25.01 PolyA median TPM,treehouse_polya_25_01_median_v1
ENSG00000243905,RN7SL679P,technical,0.0,Treehouse Tumor Compendium 25.01 PolyA median TPM,treehouse_polya_25_01_median_v1
ENSG00000243854,RN7SL67P,technical,0.0,Treehouse Tumor Compendium 25.01 PolyA median TPM,treehouse_polya_25_01_median_v1
ENSG00000275337,RN7SL680P,technical,0.0,Treehouse Tumor Compendium 25.01 PolyA median TPM,treehouse_polya_25_01_median_v1
ENSG00000240966,RN7SL681P,technical,0.0,Treehouse Tumor Compendium 25.01 PolyA median TPM,treehouse_polya_25_01_median_v1
ENSG00000242330,RN7SL683P,technical,0.0,Treehouse Tumor Compendium 25.01 PolyA median TPM,treehouse_polya_25_01_median_v1
ENSG00000243959,RN7SL684P,technical,0.0,Treehouse Tumor Compendium 25.01 PolyA median TPM,treehouse_polya_25_01_median_v1
ENSG00000242315,RN7SL685P,technical,0.0,Treehouse Tumor Compendium 25.01 PolyA median TPM,treehouse_polya_25_01_median_v1
ENSG00000244335,RN7SL687P,technical,0.0,Treehouse Tumor Compendium 25.01 PolyA median TPM,treehouse_polya_25_01_median_v1
ENSG00000239726,RN7SL688P,technical,0.0,Treehouse Tumor Compendium 25.01 PolyA median TPM,treehouse_polya_25_01_median_v1
ENSG00000263432,RN7SL689P,technical,0.590088,Treehouse Tumor Compendium 25.01 PolyA median TPM,treehouse_polya_25_01_median_v1
ENSG00000242020,RN7SL68P,technical,0.0,Treehouse Tumor Compendium 25.01 PolyA median TPM,treehouse_polya_25_01_median_v1
ENSG00000264879,RN7SL690P,technical,0.0,Treehouse Tumor Compendium 25.01 PolyA median TPM,treehouse_polya_25_01_median_v1
ENSG00000239464,RN7SL691P,technical,0.0,Treehouse Tumor Compendium 25.01 PolyA median TPM,treehouse_polya_25_01_median_v1
ENSG00000239710,RN7SL692P,technical,0.0,Treehouse Tumor Compendium 25.01 PolyA median TPM,treehouse_polya_25_01_median_v1
ENSG00000265272,RN7SL693P,technical,0.0,Treehouse Tumor Compendium 25.01 PolyA median TPM,treehouse_polya_25_01_median_v1
ENSG00000264484,RN7SL697P,technical,0.0,Treehouse Tumor Compendium 25.01 PolyA median TPM,treehouse_polya_25_01_median_v1
ENSG00000244232,RN7SL698P,technical,0.0,Treehouse Tumor Compendium 25.01 PolyA median TPM,treehouse_polya_25_01_median_v1
ENSG00000240533,RN7SL69P,technical,0.0,Treehouse Tumor Compendium 25.01 PolyA median TPM,treehouse_polya_25_01_median_v1
ENSG00000244521,RN7SL700P,technical,0.0,Treehouse Tumor Compendium 25.01 PolyA median TPM,treehouse_polya_25_01_median_v1
ENSG00000243980,RN7SL702P,technical,0.0,Treehouse Tumor Compendium 25.01 PolyA median TPM,treehouse_polya_25_01_median_v1
ENSG00000266317,RN7SL703P,technical,0.0,Treehouse Tumor Compendium 25.01 PolyA median TPM,treehouse_polya_25_01_median_v1
ENSG00000241693,RN7SL704P,technical,0.0,Treehouse Tumor Compendium 25.01 PolyA median TPM,treehouse_polya_25_01_median_v1
ENSG00000243549,RN7SL705P,technical,0.0,Treehouse Tumor Compendium 25.01 PolyA median TPM,treehouse_polya_25_01_median_v1
ENSG00000244677,RN7SL706P,technical,0.0,Treehouse Tumor Compendium 25.01 PolyA median TPM,treehouse_polya_25_01_median_v1
ENSG00000265675,RN7SL708P,technical,0.0,Treehouse Tumor Compendium 25.01 PolyA median TPM,treehouse_polya_25_01_median_v1
ENSG00000241032,RN7SL709P,technical,0.0,Treehouse Tumor Compendium 25.01 PolyA median TPM,treehouse_polya_25_01_median_v1
ENSG00000241172,RN7SL70P,technical,0.0,Treehouse Tumor Compendium 25.01 PolyA median TPM,treehouse_polya_25_01_median_v1
ENSG00000276047,RN7SL711P,technical,0.0,Treehouse Tumor Compendium 25.01 PolyA median TPM,treehouse_polya_25_01_median_v1
ENSG00000266828,RN7SL712P,technical,0.0,Treehouse Tumor Compendium 25.01 PolyA median TPM,treehouse_polya_25_01_median_v1
ENSG00000264128,RN7SL713P,technical,0.0,Treehouse Tumor Compendium 25.01 PolyA median TPM,treehouse_polya_25_01_median_v1
ENSG00000241757,RN7SL714P,technical,0.0,Treehouse Tumor Compendium 25.01 PolyA median TPM,treehouse_polya_25_01_median_v1
ENSG00000272096,RN7SL715P,technical,0.0,Treehouse Tumor Compendium 25.01 PolyA median TPM,treehouse_polya_25_01_median_v1
ENSG00000263558,RN7SL716P,technical,0.0,Treehouse Tumor Compendium 25.01 PolyA median TPM,treehouse_polya_25_01_median_v1
ENSG00000240302,RN7SL717P,technical,0.0,Treehouse Tumor Compendium 25.01 PolyA median TPM,treehouse_polya_25_01_median_v1
ENSG00000264423,RN7SL718P,technical,0.0,Treehouse Tumor Compendium 25.01 PolyA median TPM,treehouse_polya_25_01_median_v1
ENSG00000274632,RN7SL719P,technical,0.0,Treehouse Tumor Compendium 25.01 PolyA median TPM,treehouse_polya_25_01_median_v1
ENSG00000241152,RN7SL720P,technical,0.0,Treehouse Tumor Compendium 25.01 PolyA median TPM,treehouse_polya_25_01_median_v1
ENSG00000273940,RN7SL722P,technical,0.0,Treehouse Tumor Compendium 25.01 PolyA median TPM,treehouse_polya_25_01_median_v1
ENSG00000244692,RN7SL724P,technical,0.0,Treehouse Tumor Compendium 25.01 PolyA median TPM,treehouse_polya_25_01_median_v1
ENSG00000278242,RN7SL725P,technical,0.0,Treehouse Tumor Compendium 25.01 PolyA median TPM,treehouse_polya_25_01_median_v1
ENSG00000272232,RN7SL726P,technical,0.0,Treehouse Tumor Compendium 25.01 PolyA median TPM,treehouse_polya_25_01_median_v1
ENSG00000241248,RN7SL727P,technical,0.0,Treehouse Tumor Compendium 25.01 PolyA median TPM,treehouse_polya_25_01_median_v1
ENSG00000241144,RN7SL728P,technical,0.0,Treehouse Tumor Compendium 25.01 PolyA median TPM,treehouse_polya_25_01_median_v1
ENSG00000243374,RN7SL72P,technical,0.0,Treehouse Tumor Compendium 25.01 PolyA median TPM,treehouse_polya_25_01_median_v1
ENSG00000264501,RN7SL731P,technical,1.970062,Treehouse Tumor Compendium 25.01 PolyA median TPM,treehouse_polya_25_01_median_v1
ENSG00000264618,RN7SL732P,technical,0.0,Treehouse Tumor Compendium 25.01 PolyA median TPM,treehouse_polya_25_01_median_v1
ENSG00000273946,RN7SL733P,technical,0.0,Treehouse Tumor Compendium 25.01 PolyA median TPM,treehouse_polya_25_01_median_v1
ENSG00000243420,RN7SL734P,technical,0.0,Treehouse Tumor Compendium 25.01 PolyA median TPM,treehouse_polya_25_01_median_v1
ENSG00000244044,RN7SL735P,technical,0.0,Treehouse Tumor Compendium 25.01 PolyA median TPM,treehouse_polya_25_01_median_v1
ENSG00000275803,RN7SL736P,technical,0.0,Treehouse Tumor Compendium 25.01 PolyA median TPM,treehouse_polya_25_01_median_v1
ENSG00000243015,RN7SL737P,technical,0.7,Treehouse Tumor Compendium 25.01 PolyA median TPM,treehouse_polya_25_01_median_v1
ENSG00000243339,RN7SL738P,technical,0.250107,Treehouse Tumor Compendium 25.01 PolyA median TPM,treehouse_polya_25_01_median_v1
ENSG00000265882,RN7SL73P,technical,0.0,Treehouse Tumor Compendium 25.01 PolyA median TPM,treehouse_polya_25_01_median_v1
ENSG00000244294,RN7SL740P,technical,0.0,Treehouse Tumor Compendium 25.01 PolyA median TPM,treehouse_polya_25_01_median_v1
ENSG00000242381,RN7SL741P,technical,0.0,Treehouse Tumor Compendium 25.01 PolyA median TPM,treehouse_polya_25_01_median_v1
ENSG00000243954,RN7SL743P,technical,0.0,Treehouse Tumor Compendium 25.01 PolyA median TPM,treehouse_polya_25_01_median_v1
ENSG00000264028,RN7SL744P,technical,0.0,Treehouse Tumor Compendium 25.01 PolyA median TPM,treehouse_polya_25_01_median_v1
ENSG00000242182,RN7SL745P,technical,0.0,Treehouse Tumor Compendium 25.01 PolyA median TPM,treehouse_polya_25_01_median_v1
ENSG00000239964,RN7SL748P,technical,0.0,Treehouse Tumor Compendium 25.01 PolyA median TPM,treehouse_polya_25_01_median_v1
ENSG00000242853,RN7SL749P,technical,0.0,Treehouse Tumor Compendium 25.01 PolyA median TPM,treehouse_polya_25_01_median_v1
ENSG00000265260,RN7SL74P,technical,0.0,Treehouse Tumor Compendium 25.01 PolyA median TPM,treehouse_polya_25_01_median_v1
ENSG00000263672,RN7SL750P,technical,0.0,Treehouse Tumor Compendium 25.01 PolyA median TPM,treehouse_polya_25_01_median_v1
ENSG00000240964,RN7SL751P,technical,0.0,Treehouse Tumor Compendium 25.01 PolyA median TPM,treehouse_polya_25_01_median_v1
ENSG00000239437,RN7SL752P,technical,0.0,Treehouse Tumor Compendium 25.01 PolyA median TPM,treehouse_polya_25_01_median_v1
ENSG00000264275,RN7SL753P,technical,0.0,Treehouse Tumor Compendium 25.01 PolyA median TPM,treehouse_polya_25_01_median_v1
ENSG00000239822,RN7SL754P,technical,0.0,Treehouse Tumor Compendium 25.01 PolyA median TPM,treehouse_polya_25_01_median_v1
ENSG00000244610,RN7SL756P,technical,0.0,Treehouse Tumor Compendium 25.01 PolyA median TPM,treehouse_polya_25_01_median_v1
ENSG00000239249,RN7SL757P,technical,0.0,Treehouse Tumor Compendium 25.01 PolyA median TPM,treehouse_polya_25_01_median_v1
ENSG00000278497,RN7SL759P,technical,0.0,Treehouse Tumor Compendium 25.01 PolyA median TPM,treehouse_polya_25_01_median_v1
ENSG00000239908,RN7SL75P,technical,0.0,Treehouse Tumor Compendium 25.01 PolyA median TPM,treehouse_polya_25_01_median_v1
ENSG00000272469,RN7SL760P,technical,0.0,Treehouse Tumor Compendium 25.01 PolyA median TPM,treehouse_polya_25_01_median_v1
ENSG00000243671,RN7SL761P,technical,0.0,Treehouse Tumor Compendium 25.01 PolyA median TPM,treehouse_polya_25_01_median_v1
ENSG00000244308,RN7SL762P,technical,0.0,Treehouse Tumor Compendium 25.01 PolyA median TPM,treehouse_polya_25_01_median_v1
ENSG00000277774,RN7SL763P,technical,0.0,Treehouse Tumor Compendium 25.01 PolyA median TPM,treehouse_polya_25_01_median_v1
ENSG00000240317,RN7SL764P,technical,0.0,Treehouse Tumor Compendium 25.01 PolyA median TPM,treehouse_polya_25_01_median_v1
ENSG00000244197,RN7SL766P,technical,0.0,Treehouse Tumor Compendium 25.01 PolyA median TPM,treehouse_polya_25_01_median_v1
ENSG00000241529,RN7SL767P,technical,0.0,Treehouse Tumor Compendium 25.01 PolyA median TPM,treehouse_polya_25_01_median_v1
ENSG00000276956,RN7SL769P,technical,0.0,Treehouse Tumor Compendium 25.01 PolyA median TPM,treehouse_polya_25_01_median_v1
ENSG00000241959,RN7SL76P,technical,0.0,Treehouse Tumor Compendium 25.01 PolyA median TPM,treehouse_polya_25_01_median_v1
ENSG00000240173,RN7SL771P,technical,0.0,Treehouse Tumor Compendium 25.01 PolyA median TPM,treehouse_polya_25_01_median_v1
ENSG00000263882,RN7SL774P,technical,0.0,Treehouse Tumor Compendium 25.01 PolyA median TPM,treehouse_polya_25_01_median_v1
ENSG00000243370,RN7SL775P,technical,0.0,Treehouse Tumor Compendium 25.01 PolyA median TPM,treehouse_polya_25_01_median_v1
ENSG00000240772,RN7SL776P,technical,0.0,Treehouse Tumor Compendium 25.01 PolyA median TPM,treehouse_polya_25_01_median_v1
ENSG00000272412,RN7SL778P,technical,0.0,Treehouse Tumor Compendium 25.01 PolyA median TPM,treehouse_polya_25_01_median_v1
ENSG00000240837,RN7SL77P,technical,0.0,Treehouse Tumor Compendium 25.01 PolyA median TPM,treehouse_polya_25_01_median_v1
ENSG00000239708,RN7SL782P,technical,0.0,Treehouse Tumor Compendium 25.01 PolyA median TPM,treehouse_polya_25_01_median_v1
ENSG00000265885,RN7SL783P,technical,0.0,Treehouse Tumor Compendium 25.01 PolyA median TPM,treehouse_polya_25_01_median_v1
ENSG00000264113,RN7SL784P,technical,0.0,Treehouse Tumor Compendium 25.01 PolyA median TPM,treehouse_polya_25_01_median_v1
ENSG00000266158,RN7SL785P,technical,0.0,Treehouse Tumor Compendium 25.01 PolyA median TPM,treehouse_polya_25_01_median_v1
ENSG00000263993,RN7SL786P,technical,0.0,Treehouse Tumor Compendium 25.01 PolyA median TPM,treehouse_polya_25_01_median_v1
ENSG00000274098,RN7SL787P,technical,0.0,Treehouse Tumor Compendium 25.01 PolyA median TPM,treehouse_polya_25_01_median_v1
ENSG00000241745,RN7SL788P,technical,0.0,Treehouse Tumor Compendium 25.01 PolyA median TPM,treehouse_polya_25_01_median_v1
ENSG00000242436,RN7SL789P,technical,0.0,Treehouse Tumor Compendium 25.01 PolyA median TPM,treehouse_polya_25_01_median_v1
ENSG00000243782,RN7SL78P,technical,0.0,Treehouse Tumor Compendium 25.01 PolyA median TPM,treehouse_polya_25_01_median_v1
ENSG00000239745,RN7SL790P,technical,0.0,Treehouse Tumor Compendium 25.01 PolyA median TPM,treehouse_polya_25_01_median_v1
ENSG00000241291,RN7SL791P,technical,0.0,Treehouse Tumor Compendium 25.01 PolyA median TPM,treehouse_polya_25_01_median_v1
ENSG00000239888,RN7SL792P,technical,0.0,Treehouse Tumor Compendium 25.01 PolyA median TPM,treehouse_polya_25_01_median_v1
ENSG00000264554,RN7SL793P,technical,0.0,Treehouse Tumor Compendium 25.01 PolyA median TPM,treehouse_polya_25_01_median_v1
ENSG00000240235,RN7SL794P,technical,0.0,Treehouse Tumor Compendium 25.01 PolyA median TPM,treehouse_polya_25_01_median_v1
ENSG00000239748,RN7SL795P,technical,0.0,Treehouse Tumor Compendium 25.01 PolyA median TPM,treehouse_polya_25_01_median_v1
ENSG00000277031,RN7SL796P,technical,0.0,Treehouse Tumor Compendium 25.01 PolyA median TPM,treehouse_polya_25_01_median_v1
ENSG00000242560,RN7SL797P,technical,0.0,Treehouse Tumor Compendium 25.01 PolyA median TPM,treehouse_polya_25_01_median_v1
ENSG00000240905,RN7SL798P,technical,0.0,Treehouse Tumor Compendium 25.01 PolyA median TPM,treehouse_polya_25_01_median_v1
ENSG00000244006,RN7SL799P,technical,0.0,Treehouse Tumor Compendium 25.01 PolyA median TPM,treehouse_polya_25_01_median_v1
ENSG00000239595,RN7SL79P,technical,0.0,Treehouse Tumor Compendium 25.01 PolyA median TPM,treehouse_polya_25_01_median_v1
ENSG00000266794,RN7SL7P,technical,0.0,Treehouse Tumor Compendium 25.01 PolyA median TPM,treehouse_polya_25_01_median_v1
ENSG00000242398,RN7SL800P,technical,0.0,Treehouse Tumor Compendium 25.01 PolyA median TPM,treehouse_polya_25_01_median_v1
ENSG00000241230,RN7SL801P,technical,0.0,Treehouse Tumor Compendium 25.01 PolyA median TPM,treehouse_polya_25_01_median_v1
ENSG00000277506,RN7SL802P,technical,0.0,Treehouse Tumor Compendium 25.01 PolyA median TPM,treehouse_polya_25_01_median_v1
ENSG00000272197,RN7SL803P,technical,0.0,Treehouse Tumor Compendium 25.01 PolyA median TPM,treehouse_polya_25_01_median_v1
ENSG00000266185,RN7SL804P,technical,0.0,Treehouse Tumor Compendium 25.01 PolyA median TPM,treehouse_polya_25_01_median_v1
ENSG00000242719,RN7SL806P,technical,0.0,Treehouse Tumor Compendium 25.01 PolyA median TPM,treehouse_polya_25_01_median_v1
ENSG00000243125,RN7SL807P,technical,0.0,Treehouse Tumor Compendium 25.01 PolyA median TPM,treehouse_polya_25_01_median_v1
ENSG00000240637,RN7SL808P,technical,0.0,Treehouse Tumor Compendium 25.01 PolyA median TPM,treehouse_polya_25_01_median_v1
ENSG00000241217,RN7SL809P,technical,0.240099,Treehouse Tumor Compendium 25.01 PolyA median TPM,treehouse_polya_25_01_median_v1
ENSG00000243035,RN7SL810P,technical,0.0,Treehouse Tumor Compendium 25.01 PolyA median TPM,treehouse_polya_25_01_median_v1
ENSG00000265439,RN7SL811P,technical,0.0,Treehouse Tumor Compendium 25.01 PolyA median TPM,treehouse_polya_25_01_median_v1
ENSG00000242876,RN7SL812P,technical,0.0,Treehouse Tumor Compendium 25.01 PolyA median TPM,treehouse_polya_25_01_median_v1
ENSG00000241074,RN7SL813P,technical,0.0,Treehouse Tumor Compendium 25.01 PolyA median TPM,treehouse_polya_25_01_median_v1
ENSG00000244326,RN7SL814P,technical,0.0,Treehouse Tumor Compendium 25.01 PolyA median TPM,treehouse_polya_25_01_median_v1
ENSG00000243359,RN7SL815P,technical,0.0,Treehouse Tumor Compendium 25.01 PolyA median TPM,treehouse_polya_25_01_median_v1
ENSG00000241791,RN7SL817P,technical,0.0,Treehouse Tumor Compendium 25.01 PolyA median TPM,treehouse_polya_25_01_median_v1
ENSG00000274234,RN7SL818P,technical,0.0,Treehouse Tumor Compendium 25.01 PolyA median TPM,treehouse_polya_25_01_median_v1
ENSG00000264251,RN7SL819P,technical,0.0,Treehouse Tumor Compendium 25.01 PolyA median TPM,treehouse_polya_25_01_median_v1
ENSG00000244218,RN7SL81P,technical,0.270107,Treehouse Tumor Compendium 25.01 PolyA median TPM,treehouse_polya_25_01_median_v1
ENSG00000276200,RN7SL820P,technical,0.0,Treehouse Tumor Compendium 25.01 PolyA median TPM,treehouse_polya_25_01_median_v1
ENSG00000239545,RN7SL822P,technical,0.0,Treehouse Tumor Compendium 25.01 PolyA median TPM,treehouse_polya_25_01_median_v1
ENSG00000263595,RN7SL823P,technical,0.0,Treehouse Tumor Compendium 25.01 PolyA median TPM,treehouse_polya_25_01_median_v1
ENSG00000242764,RN7SL824P,technical,0.0,Treehouse Tumor Compendium 25.01 PolyA median TPM,treehouse_polya_25_01_median_v1
ENSG00000239731,RN7SL825P,technical,0.0,Treehouse Tumor Compendium 25.01 PolyA median TPM,treehouse_polya_25_01_median_v1
ENSG00000240151,RN7SL826P,technical,0.0,Treehouse Tumor Compendium 25.01 PolyA median TPM,treehouse_polya_25_01_median_v1
ENSG00000271986,RN7SL827P,technical,0.0,Treehouse Tumor Compendium 25.01 PolyA median TPM,treehouse_polya_25_01_median_v1
ENSG00000272075,RN7SL828P,technical,0.0,Treehouse Tumor Compendium 25.01 PolyA median TPM,treehouse_polya_25_01_median_v1
ENSG00000278696,RN7SL82P,technical,0.0,Treehouse Tumor Compendium 25.01 PolyA median TPM,treehouse_polya_25_01_median_v1
ENSG00000241992,RN7SL831P,technical,0.0,Treehouse Tumor Compendium 25.01 PolyA median TPM,treehouse_polya_25_01_median_v1
ENSG00000244080,RN7SL833P,technical,0.0,Treehouse Tumor Compendium 25.01 PolyA median TPM,treehouse_polya_25_01_median_v1
ENSG00000243650,RN7SL834P,technical,0.4501,Treehouse Tumor Compendium 25.01 PolyA median TPM,treehouse_polya_25_01_median_v1
ENSG00000264250,RN7SL835P,technical,0.0,Treehouse Tumor Compendium 25.01 PolyA median TPM,treehouse_polya_25_01_median_v1
ENSG00000241226,RN7SL836P,technical,0.0,Treehouse Tumor Compendium 25.01 PolyA median TPM,treehouse_polya_25_01_median_v1
ENSG00000240502,RN7SL837P,technical,0.0,Treehouse Tumor Compendium 25.01 PolyA median TPM,treehouse_polya_25_01_median_v1
ENSG00000243562,RN7SL838P,technical,0.0,Treehouse Tumor Compendium 25.01 PolyA median TPM,treehouse_polya_25_01_median_v1
ENSG00000241756,RN7SL83P,technical,0.0,Treehouse Tumor Compendium 25.01 PolyA median TPM,treehouse_polya_25_01_median_v1
ENSG00000272536,RN7SL840P,technical,0.0,Treehouse Tumor Compendium 25.01 PolyA median TPM,treehouse_polya_25_01_median_v1
ENSG00000239555,RN7SL841P,technical,0.0,Treehouse Tumor Compendium 25.01 PolyA median TPM,treehouse_polya_25_01_median_v1
ENSG00000243066,RN7SL842P,technical,0.0,Treehouse Tumor Compendium 25.01 PolyA median TPM,treehouse_polya_25_01_median_v1
ENSG00000239547,RN7SL843P,technical,0.0,Treehouse Tumor Compendium 25.01 PolyA median TPM,treehouse_polya_25_01_median_v1
ENSG00000244328,RN7SL845P,technical,0.0,Treehouse Tumor Compendium 25.01 PolyA median TPM,treehouse_polya_25_01_median_v1
ENSG00000242818,RN7SL846P,technical,0.0,Treehouse Tumor Compendium 25.01 PolyA median TPM,treehouse_polya_25_01_median_v1
ENSG00000265319,RN7SL847P,technical,0.0,Treehouse Tumor Compendium 25.01 PolyA median TPM,treehouse_polya_25_01_median_v1
ENSG00000243115,RN7SL849P,technical,0.0,Treehouse Tumor Compendium 25.01 PolyA median TPM,treehouse_polya_25_01_median_v1
ENSG00000263955,RN7SL850P,technical,0.0,Treehouse Tumor Compendium 25.01 PolyA median TPM,treehouse_polya_25_01_median_v1
ENSG00000240718,RN7SL851P,technical,0.0,Treehouse Tumor Compendium 25.01 PolyA median TPM,treehouse_polya_25_01_median_v1
ENSG00000274350,RN7SL853P,technical,0.0,Treehouse Tumor Compendium 25.01 PolyA median TPM,treehouse_polya_25_01_median_v1
ENSG00000239319,RN7SL854P,technical,0.0,Treehouse Tumor Compendium 25.01 PolyA median TPM,treehouse_polya_25_01_median_v1
ENSG00000276653,RN7SL856P,technical,0.0,Treehouse Tumor Compendium 25.01 PolyA median TPM,treehouse_polya_25_01_median_v1
ENSG00000240713,RN7SL860P,technical,0.0,Treehouse Tumor Compendium 25.01 PolyA median TPM,treehouse_polya_25_01_median_v1
ENSG00000243173,RN7SL861P,technical,0.0,Treehouse Tumor Compendium 25.01 PolyA median TPM,treehouse_polya_25_01_median_v1
ENSG00000242651,RN7SL862P,technical,0.0,Treehouse Tumor Compendium 25.01 PolyA median TPM,treehouse_polya_25_01_median_v1
ENSG00000244632,RN7SL863P,technical,0.0,Treehouse Tumor Compendium 25.01 PolyA median TPM,treehouse_polya_25_01_median_v1
ENSG00000239923,RN7SL864P,technical,0.0,Treehouse Tumor Compendium 25.01 PolyA median TPM,treehouse_polya_25_01_median_v1
ENSG00000240205,RN7SL865P,technical,0.0,Treehouse Tumor Compendium 25.01 PolyA median TPM,treehouse_polya_25_01_median_v1
ENSG00000242928,RN7SL868P,technical,0.0,Treehouse Tumor Compendium 25.01 PolyA median TPM,treehouse_polya_25_01_median_v1
ENSG00000244392,RN7SL869P,technical,0.0,Treehouse Tumor Compendium 25.01 PolyA median TPM,treehouse_polya_25_01_median_v1
ENSG00000244732,RN7SL870P,technical,0.0,Treehouse Tumor Compendium 25.01 PolyA median TPM,treehouse_polya_25_01_median_v1
ENSG00000239390,RN7SL87P,technical,0.0,Treehouse Tumor Compendium 25.01 PolyA median TPM,treehouse_polya_25_01_median_v1
ENSG00000277062,RN7SL88P,technical,0.0,Treehouse Tumor Compendium 25.01 PolyA median TPM,treehouse_polya_25_01_median_v1
ENSG00000243383,RN7SL89P,technical,0.0,Treehouse Tumor Compendium 25.01 PolyA median TPM,treehouse_polya_25_01_median_v1
ENSG00000243352,RN7SL8P,technical,0.0,Treehouse Tumor Compendium 25.01 PolyA median TPM,treehouse_polya_25_01_median_v1
ENSG00000240439,RN7SL91P,technical,0.0,Treehouse Tumor Compendium 25.01 PolyA median TPM,treehouse_polya_25_01_median_v1
ENSG00000240327,RN7SL93P,technical,0.0,Treehouse Tumor Compendium 25.01 PolyA median TPM,treehouse_polya_25_01_median_v1
ENSG00000265905,RN7SL96P,technical,0.0,Treehouse Tumor Compendium 25.01 PolyA median TPM,treehouse_polya_25_01_median_v1
ENSG00000242216,RN7SL97P,technical,0.0,Treehouse Tumor Compendium 25.01 PolyA median TPM,treehouse_polya_25_01_median_v1
ENSG00000240613,RN7SL98P,technical,0.0,Treehouse Tumor Compendium 25.01 PolyA median TPM,treehouse_polya_25_01_median_v1
ENSG00000226958,RNA28S5,technical,0.0,Treehouse Tumor Compendium 25.01 PolyA median TPM,treehouse_polya_25_01_median_v1
ENSG00000200434,RNA5-8SP2,technical,0.0,Treehouse Tumor Compendium 25.01 PolyA median TPM,treehouse_polya_25_01_median_v1
ENSG00000201227,RNA5-8SP3,technical,0.0,Treehouse Tumor Compendium 25.01 PolyA median TPM,treehouse_polya_25_01_median_v1
ENSG00000201966,RNA5-8SP4,technical,0.0,Treehouse Tumor Compendium 25.01 PolyA median TPM,treehouse_polya_25_01_median_v1
ENSG00000202174,RNA5-8SP5,technical,0.0,Treehouse Tumor Compendium 25.01 PolyA median TPM,treehouse_polya_25_01_median_v1
ENSG00000251705,RNA5-8SP6,technical,0.0,Treehouse Tumor Compendium 25.01 PolyA median TPM,treehouse_polya_25_01_median_v1
ENSG00000200313,RNA5-8SP7,technical,0.0,Treehouse Tumor Compendium 25.01 PolyA median TPM,treehouse_polya_25_01_median_v1
ENSG00000199352,RNA5S1,technical,0.0,Treehouse Tumor Compendium 25.01 PolyA median TPM,treehouse_polya_25_01_median_v1
ENSG00000199910,RNA5S10,technical,0.0,Treehouse Tumor Compendium 25.01 PolyA median TPM,treehouse_polya_25_01_median_v1
ENSG00000199334,RNA5S11,technical,0.0,Treehouse Tumor Compendium 25.01 PolyA median TPM,treehouse_polya_25_01_median_v1
ENSG00000199270,RNA5S12,technical,0.0,Treehouse Tumor Compendium 25.01 PolyA median TPM,treehouse_polya_25_01_median_v1
ENSG00000202526,RNA5S13,technical,0.0,Treehouse Tumor Compendium 25.01 PolyA median TPM,treehouse_polya_25_01_median_v1
ENSG00000201355,RNA5S14,technical,0.0,Treehouse Tumor Compendium 25.01 PolyA median TPM,treehouse_polya_25_01_median_v1
ENSG00000201925,RNA5S15,technical,0.0,Treehouse Tumor Compendium 25.01 PolyA median TPM,treehouse_polya_25_01_median_v1
ENSG00000202257,RNA5S16,technical,0.0,Treehouse Tumor Compendium 25.01 PolyA median TPM,treehouse_polya_25_01_median_v1
ENSG00000200370,RNA5S17,technical,0.0,Treehouse Tumor Compendium 25.01 PolyA median TPM,treehouse_polya_25_01_median_v1
ENSG00000201588,RNA5S2,technical,0.0,Treehouse Tumor Compendium 25.01 PolyA median TPM,treehouse_polya_25_01_median_v1
ENSG00000199337,RNA5S3,technical,0.0,Treehouse Tumor Compendium 25.01 PolyA median TPM,treehouse_polya_25_01_median_v1
ENSG00000200381,RNA5S4,technical,0.0,Treehouse Tumor Compendium 25.01 PolyA median TPM,treehouse_polya_25_01_median_v1
ENSG00000199396,RNA5S5,technical,0.0,Treehouse Tumor Compendium 25.01 PolyA median TPM,treehouse_polya_25_01_median_v1
ENSG00000200624,RNA5S6,technical,0.0,Treehouse Tumor Compendium 25.01 PolyA median TPM,treehouse_polya_25_01_median_v1
ENSG00000202521,RNA5S7,technical,0.0,Treehouse Tumor Compendium 25.01 PolyA median TPM,treehouse_polya_25_01_median_v1
ENSG00000200343,RNA5S8,technical,0.0,Treehouse Tumor Compendium 25.01 PolyA median TPM,treehouse_polya_25_01_median_v1
ENSG00000201321,RNA5S9,technical,0.0,Treehouse Tumor Compendium 25.01 PolyA median TPM,treehouse_polya_25_01_median_v1
ENSG00000222835,RNA5SP100,technical,0.0,Treehouse Tumor Compendium 25.01 PolyA median TPM,treehouse_polya_25_01_median_v1
ENSG00000252845,RNA5SP101,technical,0.0,Treehouse Tumor Compendium 25.01 PolyA median TPM,treehouse_polya_25_01_median_v1
ENSG00000252674,RNA5SP102,technical,0.0,Treehouse Tumor Compendium 25.01 PolyA median TPM,treehouse_polya_25_01_median_v1
ENSG00000238379,RNA5SP103,technical,0.0,Treehouse Tumor Compendium 25.01 PolyA median TPM,treehouse_polya_25_01_median_v1
ENSG00000222921,RNA5SP104,technical,0.0,Treehouse Tumor Compendium 25.01 PolyA median TPM,treehouse_polya_25_01_median_v1
ENSG00000212425,RNA5SP105,technical,0.0,Treehouse Tumor Compendium 25.01 PolyA median TPM,treehouse_polya_25_01_median_v1
ENSG00000253083,RNA5SP106,technical,0.0,Treehouse Tumor Compendium 25.01 PolyA median TPM,treehouse_polya_25_01_median_v1
ENSG00000223290,RNA5SP107,technical,0.0,Treehouse Tumor Compendium 25.01 PolyA median TPM,treehouse_polya_25_01_median_v1
ENSG00000271924,RNA5SP108,technical,0.0,Treehouse Tumor Compendium 25.01 PolyA median TPM,treehouse_polya_25_01_median_v1
ENSG00000212312,RNA5SP109,technical,0.0,Treehouse Tumor Compendium 25.01 PolyA median TPM,treehouse_polya_25_01_median_v1
ENSG00000199508,RNA5SP110,technical,0.0,Treehouse Tumor Compendium 25.01 PolyA median TPM,treehouse_polya_25_01_median_v1
ENSG00000223318,RNA5SP111,technical,0.0,Treehouse Tumor Compendium 25.01 PolyA median TPM,treehouse_polya_25_01_median_v1
ENSG00000251746,RNA5SP112,technical,0.0,Treehouse Tumor Compendium 25.01 PolyA median TPM,treehouse_polya_25_01_median_v1
ENSG00000222418,RNA5SP113,technical,0.0,Treehouse Tumor Compendium 25.01 PolyA median TPM,treehouse_polya_25_01_median_v1
ENSG00000200650,RNA5SP114,technical,0.0,Treehouse Tumor Compendium 25.01 PolyA median TPM,treehouse_polya_25_01_median_v1
ENSG00000223092,RNA5SP115,technical,0.0,Treehouse Tumor Compendium 25.01 PolyA median TPM,treehouse_polya_25_01_median_v1
ENSG00000251941,RNA5SP116,technical,0.0,Treehouse Tumor Compendium 25.01 PolyA median TPM,treehouse_polya_25_01_median_v1
ENSG00000202164,RNA5SP117,technical,0.0,Treehouse Tumor Compendium 25.01 PolyA median TPM,treehouse_polya_25_01_median_v1
ENSG00000222317,RNA5SP118,technical,0.0,Treehouse Tumor Compendium 25.01 PolyA median TPM,treehouse_polya_25_01_median_v1
ENSG00000199585,RNA5SP119,technical,0.0,Treehouse Tumor Compendium 25.01 PolyA median TPM,treehouse_polya_25_01_median_v1
ENSG00000222832,RNA5SP120,technical,0.0,Treehouse Tumor Compendium 25.01 PolyA median TPM,treehouse_polya_25_01_median_v1
ENSG00000252346,RNA5SP121,technical,0.0,Treehouse Tumor Compendium 25.01 PolyA median TPM,treehouse_polya_25_01_median_v1
ENSG00000207186,RNA5SP122,technical,0.0,Treehouse Tumor Compendium 25.01 PolyA median TPM,treehouse_polya_25_01_median_v1
ENSG00000200114,RNA5SP123,technical,0.0,Treehouse Tumor Compendium 25.01 PolyA median TPM,treehouse_polya_25_01_median_v1
ENSG00000199609,RNA5SP124,technical,0.0,Treehouse Tumor Compendium 25.01 PolyA median TPM,treehouse_polya_25_01_median_v1
ENSG00000201713,RNA5SP125,technical,0.0,Treehouse Tumor Compendium 25.01 PolyA median TPM,treehouse_polya_25_01_median_v1
ENSG00000201962,RNA5SP126,technical,0.0,Treehouse Tumor Compendium 25.01 PolyA median TPM,treehouse_polya_25_01_median_v1
ENSG00000222983,RNA5SP127,technical,0.0,Treehouse Tumor Compendium 25.01 PolyA median TPM,treehouse_polya_25_01_median_v1
ENSG00000202175,RNA5SP128,technical,0.0,Treehouse Tumor Compendium 25.01 PolyA median TPM,treehouse_polya_25_01_median_v1
ENSG00000222208,RNA5SP129,technical,0.0,Treehouse Tumor Compendium 25.01 PolyA median TPM,treehouse_polya_25_01_median_v1
ENSG00000201301,RNA5SP130,technical,0.0,Treehouse Tumor Compendium 25.01 PolyA median TPM,treehouse_polya_25_01_median_v1
ENSG00000202322,RNA5SP131,technical,0.0,Treehouse Tumor Compendium 25.01 PolyA median TPM,treehouse_polya_25_01_median_v1
ENSG00000201595,RNA5SP132,technical,0.0,Treehouse Tumor Compendium 25.01 PolyA median TPM,treehouse_polya_25_01_median_v1
ENSG00000200238,RNA5SP133,technical,0.0,Treehouse Tumor Compendium 25.01 PolyA median TPM,treehouse_polya_25_01_median_v1
ENSG00000252301,RNA5SP134,technical,0.0,Treehouse Tumor Compendium 25.01 PolyA median TPM,treehouse_polya_25_01_median_v1
ENSG00000252828,RNA5SP135,technical,0.0,Treehouse Tumor Compendium 25.01 PolyA median TPM,treehouse_polya_25_01_median_v1
ENSG00000222838,RNA5SP136,technical,0.0,Treehouse Tumor Compendium 25.01 PolyA median TPM,treehouse_polya_25_01_median_v1
ENSG00000280775,RNA5SP136,technical,0.0,Treehouse Tumor Compendium 25.01 PolyA median TPM,treehouse_polya_25_01_median_v1
ENSG00000252642,RNA5SP137,technical,0.0,Treehouse Tumor Compendium 25.01 PolyA median TPM,treehouse_polya_25_01_median_v1
ENSG00000201968,RNA5SP138,technical,0.0,Treehouse Tumor Compendium 25.01 PolyA median TPM,treehouse_polya_25_01_median_v1
ENSG00000201210,RNA5SP139,technical,0.0,Treehouse Tumor Compendium 25.01 PolyA median TPM,treehouse_polya_25_01_median_v1
ENSG00000201394,RNA5SP140,technical,0.0,Treehouse Tumor Compendium 25.01 PolyA median TPM,treehouse_polya_25_01_median_v1
ENSG00000201413,RNA5SP141,technical,0.0,Treehouse Tumor Compendium 25.01 PolyA median TPM,treehouse_polya_25_01_median_v1
ENSG00000201325,RNA5SP142,technical,0.0,Treehouse Tumor Compendium 25.01 PolyA median TPM,treehouse_polya_25_01_median_v1
ENSG00000252745,RNA5SP143,technical,0.0,Treehouse Tumor Compendium 25.01 PolyA median TPM,treehouse_polya_25_01_median_v1
ENSG00000222778,RNA5SP144,technical,0.0,Treehouse Tumor Compendium 25.01 PolyA median TPM,treehouse_polya_25_01_median_v1
ENSG00000199994,RNA5SP145,technical,0.0,Treehouse Tumor Compendium 25.01 PolyA median TPM,treehouse_polya_25_01_median_v1
ENSG00000222675,RNA5SP146,technical,0.0,Treehouse Tumor Compendium 25.01 PolyA median TPM,treehouse_polya_25_01_median_v1
ENSG00000252302,RNA5SP147,technical,0.0,Treehouse Tumor Compendium 25.01 PolyA median TPM,treehouse_polya_25_01_median_v1
ENSG00000252336,RNA5SP148,technical,0.0,Treehouse Tumor Compendium 25.01 PolyA median TPM,treehouse_polya_25_01_median_v1
ENSG00000201822,RNA5SP149,technical,0.0,Treehouse Tumor Compendium 25.01 PolyA median TPM,treehouse_polya_25_01_median_v1
ENSG00000199839,RNA5SP150,technical,0.0,Treehouse Tumor Compendium 25.01 PolyA median TPM,treehouse_polya_25_01_median_v1
ENSG00000202502,RNA5SP151,technical,0.0,Treehouse Tumor Compendium 25.01 PolyA median TPM,treehouse_polya_25_01_median_v1
ENSG00000202054,RNA5SP152,technical,0.0,Treehouse Tumor Compendium 25.01 PolyA median TPM,treehouse_polya_25_01_median_v1
ENSG00000252307,RNA5SP153,technical,0.0,Treehouse Tumor Compendium 25.01 PolyA median TPM,treehouse_polya_25_01_median_v1
ENSG00000252002,RNA5SP154,technical,0.0,Treehouse Tumor Compendium 25.01 PolyA median TPM,treehouse_polya_25_01_median_v1
ENSG00000223086,RNA5SP155,technical,0.0,Treehouse Tumor Compendium 25.01 PolyA median TPM,treehouse_polya_25_01_median_v1
ENSG00000222182,RNA5SP156,technical,0.0,Treehouse Tumor Compendium 25.01 PolyA median TPM,treehouse_polya_25_01_median_v1
ENSG00000251816,RNA5SP157,technical,0.0,Treehouse Tumor Compendium 25.01 PolyA median TPM,treehouse_polya_25_01_median_v1
ENSG00000222230,RNA5SP158,technical,0.0,Treehouse Tumor Compendium 25.01 PolyA median TPM,treehouse_polya_25_01_median_v1
ENSG00000252970,RNA5SP159,technical,0.0,Treehouse Tumor Compendium 25.01 PolyA median TPM,treehouse_polya_25_01_median_v1
ENSG00000201736,RNA5SP160,technical,0.0,Treehouse Tumor Compendium 25.01 PolyA median TPM,treehouse_polya_25_01_median_v1
ENSG00000200741,RNA5SP161,technical,0.0,Treehouse Tumor Compendium 25.01 PolyA median TPM,treehouse_polya_25_01_median_v1
ENSG00000251823,RNA5SP162,technical,0.0,Treehouse Tumor Compendium 25.01 PolyA median TPM,treehouse_polya_25_01_median_v1
ENSG00000222236,RNA5SP163,technical,0.0,Treehouse Tumor Compendium 25.01 PolyA median TPM,treehouse_polya_25_01_median_v1
ENSG00000252342,RNA5SP164,technical,0.0,Treehouse Tumor Compendium 25.01 PolyA median TPM,treehouse_polya_25_01_median_v1
ENSG00000252951,RNA5SP165,technical,0.0,Treehouse Tumor Compendium 25.01 PolyA median TPM,treehouse_polya_25_01_median_v1
ENSG00000201846,RNA5SP166,technical,0.0,Treehouse Tumor Compendium 25.01 PolyA median TPM,treehouse_polya_25_01_median_v1
ENSG00000202331,RNA5SP167,technical,0.0,Treehouse Tumor Compendium 25.01 PolyA median TPM,treehouse_polya_25_01_median_v1
ENSG00000252451,RNA5SP168,technical,0.0,Treehouse Tumor Compendium 25.01 PolyA median TPM,treehouse_polya_25_01_median_v1
ENSG00000253077,RNA5SP169,technical,0.0,Treehouse Tumor Compendium 25.01 PolyA median TPM,treehouse_polya_25_01_median_v1
ENSG00000252959,RNA5SP170,technical,0.0,Treehouse Tumor Compendium 25.01 PolyA median TPM,treehouse_polya_25_01_median_v1
ENSG00000212373,RNA5SP171,technical,0.0,Treehouse Tumor Compendium 25.01 PolyA median TPM,treehouse_polya_25_01_median_v1
ENSG00000201931,RNA5SP172,technical,0.0,Treehouse Tumor Compendium 25.01 PolyA median TPM,treehouse_polya_25_01_median_v1
ENSG00000201727,RNA5SP173,technical,0.0,Treehouse Tumor Compendium 25.01 PolyA median TPM,treehouse_polya_25_01_median_v1
ENSG00000199572,RNA5SP174,technical,0.0,Treehouse Tumor Compendium 25.01 PolyA median TPM,treehouse_polya_25_01_median_v1
ENSG00000283308,RNA5SP174,technical,0.0,Treehouse Tumor Compendium 25.01 PolyA median TPM,treehouse_polya_25_01_median_v1
ENSG00000283700,RNA5SP174,technical,0.0,Treehouse Tumor Compendium 25.01 PolyA median TPM,treehouse_polya_25_01_median_v1
ENSG00000201145,RNA5SP175,technical,0.0,Treehouse Tumor Compendium 25.01 PolyA median TPM,treehouse_polya_25_01_median_v1
ENSG00000283282,RNA5SP175,technical,0.0,Treehouse Tumor Compendium 25.01 PolyA median TPM,treehouse_polya_25_01_median_v1
ENSG00000283581,RNA5SP175,technical,0.0,Treehouse Tumor Compendium 25.01 PolyA median TPM,treehouse_polya_25_01_median_v1
ENSG00000212258,RNA5SP176,technical,0.0,Treehouse Tumor Compendium 25.01 PolyA median TPM,treehouse_polya_25_01_median_v1
ENSG00000222054,RNA5SP177,technical,0.0,Treehouse Tumor Compendium 25.01 PolyA median TPM,treehouse_polya_25_01_median_v1
ENSG00000222312,RNA5SP178,technical,0.0,Treehouse Tumor Compendium 25.01 PolyA median TPM,treehouse_polya_25_01_median_v1
ENSG00000253093,RNA5SP179,technical,0.0,Treehouse Tumor Compendium 25.01 PolyA median TPM,treehouse_polya_25_01_median_v1
ENSG00000212237,RNA5SP18,technical,0.0,Treehouse Tumor Compendium 25.01 PolyA median TPM,treehouse_polya_25_01_median_v1
ENSG00000251990,RNA5SP180,technical,0.0,Treehouse Tumor Compendium 25.01 PolyA median TPM,treehouse_polya_25_01_median_v1
ENSG00000222178,RNA5SP181,technical,0.0,Treehouse Tumor Compendium 25.01 PolyA median TPM,treehouse_polya_25_01_median_v1
ENSG00000251873,RNA5SP182,technical,0.0,Treehouse Tumor Compendium 25.01 PolyA median TPM,treehouse_polya_25_01_median_v1
ENSG00000199322,RNA5SP183,technical,0.0,Treehouse Tumor Compendium 25.01 PolyA median TPM,treehouse_polya_25_01_median_v1
ENSG00000223003,RNA5SP184,technical,0.0,Treehouse Tumor Compendium 25.01 PolyA median TPM,treehouse_polya_25_01_median_v1
ENSG00000212265,RNA5SP185,technical,0.0,Treehouse Tumor Compendium 25.01 PolyA median TPM,treehouse_polya_25_01_median_v1
ENSG00000252833,RNA5SP186,technical,0.0,Treehouse Tumor Compendium 25.01 PolyA median TPM,treehouse_polya_25_01_median_v1
ENSG00000207129,RNA5SP187,technical,0.0,Treehouse Tumor Compendium 25.01 PolyA median TPM,treehouse_polya_25_01_median_v1
ENSG00000199786,RNA5SP188,technical,0.0,Treehouse Tumor Compendium 25.01 PolyA median TPM,treehouse_polya_25_01_median_v1
ENSG00000201790,RNA5SP189,technical,0.0,Treehouse Tumor Compendium 25.01 PolyA median TPM,treehouse_polya_25_01_median_v1
ENSG00000202056,RNA5SP19,technical,0.0,Treehouse Tumor Compendium 25.01 PolyA median TPM,treehouse_polya_25_01_median_v1
ENSG00000202092,RNA5SP190,technical,0.0,Treehouse Tumor Compendium 25.01 PolyA median TPM,treehouse_polya_25_01_median_v1
ENSG00000199455,RNA5SP191,technical,0.0,Treehouse Tumor Compendium 25.01 PolyA median TPM,treehouse_polya_25_01_median_v1
ENSG00000201274,RNA5SP192,technical,0.0,Treehouse Tumor Compendium 25.01 PolyA median TPM,treehouse_polya_25_01_median_v1
ENSG00000222285,RNA5SP193,technical,0.0,Treehouse Tumor Compendium 25.01 PolyA median TPM,treehouse_polya_25_01_median_v1
ENSG00000201532,RNA5SP194,technical,0.0,Treehouse Tumor Compendium 25.01 PolyA median TPM,treehouse_polya_25_01_median_v1
ENSG00000199545,RNA5SP195,technical,0.0,Treehouse Tumor Compendium 25.01 PolyA median TPM,treehouse_polya_25_01_median_v1
ENSG00000252793,RNA5SP196,technical,0.0,Treehouse Tumor Compendium 25.01 PolyA median TPM,treehouse_polya_25_01_median_v1
ENSG00000280646,RNA5SP196,technical,0.0,Treehouse Tumor Compendium 25.01 PolyA median TPM,treehouse_polya_25_01_median_v1
ENSG00000200227,RNA5SP197,technical,0.0,Treehouse Tumor Compendium 25.01 PolyA median TPM,treehouse_polya_25_01_median_v1
ENSG00000222308,RNA5SP198,technical,0.0,Treehouse Tumor Compendium 25.01 PolyA median TPM,treehouse_polya_25_01_median_v1
ENSG00000200275,RNA5SP199,technical,0.0,Treehouse Tumor Compendium 25.01 PolyA median TPM,treehouse_polya_25_01_median_v1
ENSG00000251785,RNA5SP20,technical,0.0,Treehouse Tumor Compendium 25.01 PolyA median TPM,treehouse_polya_25_01_median_v1
ENSG00000252169,RNA5SP200,technical,0.0,Treehouse Tumor Compendium 25.01 PolyA median TPM,treehouse_polya_25_01_median_v1
ENSG00000222248,RNA5SP201,technical,0.0,Treehouse Tumor Compendium 25.01 PolyA median TPM,treehouse_polya_25_01_median_v1
ENSG00000201185,RNA5SP202,technical,0.0,Treehouse Tumor Compendium 25.01 PolyA median TPM,treehouse_polya_25_01_median_v1
ENSG00000222383,RNA5SP203,technical,0.0,Treehouse Tumor Compendium 25.01 PolyA median TPM,treehouse_polya_25_01_median_v1
ENSG00000201415,RNA5SP204,technical,0.0,Treehouse Tumor Compendium 25.01 PolyA median TPM,treehouse_polya_25_01_median_v1
ENSG00000201523,RNA5SP205,technical,0.0,Treehouse Tumor Compendium 25.01 PolyA median TPM,treehouse_polya_25_01_median_v1
ENSG00000252512,RNA5SP206,technical,0.0,Treehouse Tumor Compendium 25.01 PolyA median TPM,treehouse_polya_25_01_median_v1
ENSG00000212176,RNA5SP207,technical,0.0,Treehouse Tumor Compendium 25.01 PolyA median TPM,treehouse_polya_25_01_median_v1
ENSG00000251965,RNA5SP208,technical,0.0,Treehouse Tumor Compendium 25.01 PolyA median TPM,treehouse_polya_25_01_median_v1
ENSG00000223169,RNA5SP209,technical,0.0,Treehouse Tumor Compendium 25.01 PolyA median TPM,treehouse_polya_25_01_median_v1
ENSG00000222849,RNA5SP21,technical,0.0,Treehouse Tumor Compendium 25.01 PolyA median TPM,treehouse_polya_25_01_median_v1
ENSG00000212336,RNA5SP210,technical,0.0,Treehouse Tumor Compendium 25.01 PolyA median TPM,treehouse_polya_25_01_median_v1
ENSG00000202386,RNA5SP211,technical,0.0,Treehouse Tumor Compendium 25.01 PolyA median TPM,treehouse_polya_25_01_median_v1
ENSG00000212525,RNA5SP212,technical,0.0,Treehouse Tumor Compendium 25.01 PolyA median TPM,treehouse_polya_25_01_median_v1
ENSG00000212333,RNA5SP213,technical,0.0,Treehouse Tumor Compendium 25.01 PolyA median TPM,treehouse_polya_25_01_median_v1
ENSG00000200248,RNA5SP214,technical,0.0,Treehouse Tumor Compendium 25.01 PolyA median TPM,treehouse_polya_25_01_median_v1
ENSG00000200310,RNA5SP215,technical,0.0,Treehouse Tumor Compendium 25.01 PolyA median TPM,treehouse_polya_25_01_median_v1
ENSG00000251920,RNA5SP216,technical,0.0,Treehouse Tumor Compendium 25.01 PolyA median TPM,treehouse_polya_25_01_median_v1
ENSG00000251768,RNA5SP217,technical,0.0,Treehouse Tumor Compendium 25.01 PolyA median TPM,treehouse_polya_25_01_median_v1
ENSG00000200058,RNA5SP218,technical,0.0,Treehouse Tumor Compendium 25.01 PolyA median TPM,treehouse_polya_25_01_median_v1
ENSG00000212242,RNA5SP219,technical,0.0,Treehouse Tumor Compendium 25.01 PolyA median TPM,treehouse_polya_25_01_median_v1
ENSG00000202263,RNA5SP22,technical,0.0,Treehouse Tumor Compendium 25.01 PolyA median TPM,treehouse_polya_25_01_median_v1
ENSG00000252107,RNA5SP220,technical,0.0,Treehouse Tumor Compendium 25.01 PolyA median TPM,treehouse_polya_25_01_median_v1
ENSG00000223203,RNA5SP221,technical,0.0,Treehouse Tumor Compendium 25.01 PolyA median TPM,treehouse_polya_25_01_median_v1
ENSG00000222971,RNA5SP222,technical,0.0,Treehouse Tumor Compendium 25.01 PolyA median TPM,treehouse_polya_25_01_median_v1
ENSG00000202044,RNA5SP223,technical,0.0,Treehouse Tumor Compendium 25.01 PolyA median TPM,treehouse_polya_25_01_median_v1
ENSG00000201939,RNA5SP224,technical,0.0,Treehouse Tumor Compendium 25.01 PolyA median TPM,treehouse_polya_25_01_median_v1
ENSG00000222806,RNA5SP225,technical,0.0,Treehouse Tumor Compendium 25.01 PolyA median TPM,treehouse_polya_25_01_median_v1
ENSG00000199523,RNA5SP226,technical,0.0,Treehouse Tumor Compendium 25.01 PolyA median TPM,treehouse_polya_25_01_median_v1
ENSG00000251993,RNA5SP227,technical,0.0,Treehouse Tumor Compendium 25.01 PolyA median TPM,treehouse_polya_25_01_median_v1
ENSG00000252041,RNA5SP228,technical,0.0,Treehouse Tumor Compendium 25.01 PolyA median TPM,treehouse_polya_25_01_median_v1
ENSG00000222741,RNA5SP229,technical,0.0,Treehouse Tumor Compendium 25.01 PolyA median TPM,treehouse_polya_25_01_median_v1
ENSG00000212308,RNA5SP23,technical,0.0,Treehouse Tumor Compendium 25.01 PolyA median TPM,treehouse_polya_25_01_median_v1
ENSG00000252848,RNA5SP230,technical,0.0,Treehouse Tumor Compendium 25.01 PolyA median TPM,treehouse_polya_25_01_median_v1
ENSG00000222428,RNA5SP231,technical,0.0,Treehouse Tumor Compendium 25.01 PolyA median TPM,treehouse_polya_25_01_median_v1
ENSG00000201014,RNA5SP232,technical,0.0,Treehouse Tumor Compendium 25.01 PolyA median TPM,treehouse_polya_25_01_median_v1
ENSG00000238391,RNA5SP233,technical,0.0,Treehouse Tumor Compendium 25.01 PolyA median TPM,treehouse_polya_25_01_median_v1
ENSG00000200786,RNA5SP234,technical,0.0,Treehouse Tumor Compendium 25.01 PolyA median TPM,treehouse_polya_25_01_median_v1
ENSG00000202281,RNA5SP235,technical,0.0,Treehouse Tumor Compendium 25.01 PolyA median TPM,treehouse_polya_25_01_median_v1
ENSG00000251978,RNA5SP236,technical,0.0,Treehouse Tumor Compendium 25.01 PolyA median TPM,treehouse_polya_25_01_median_v1
ENSG00000222346,RNA5SP237,technical,0.0,Treehouse Tumor Compendium 25.01 PolyA median TPM,treehouse_polya_25_01_median_v1
ENSG00000202334,RNA5SP238,technical,0.0,Treehouse Tumor Compendium 25.01 PolyA median TPM,treehouse_polya_25_01_median_v1
ENSG00000222150,RNA5SP239,technical,0.0,Treehouse Tumor Compendium 25.01 PolyA median TPM,treehouse_polya_25_01_median_v1
ENSG00000252287,RNA5SP24,technical,0.0,Treehouse Tumor Compendium 25.01 PolyA median TPM,treehouse_polya_25_01_median_v1
ENSG00000202225,RNA5SP240,technical,0.0,Treehouse Tumor Compendium 25.01 PolyA median TPM,treehouse_polya_25_01_median_v1
ENSG00000212628,RNA5SP241,technical,0.0,Treehouse Tumor Compendium 25.01 PolyA median TPM,treehouse_polya_25_01_median_v1
ENSG00000201041,RNA5SP242,technical,0.0,Treehouse Tumor Compendium 25.01 PolyA median TPM,treehouse_polya_25_01_median_v1
ENSG00000252866,RNA5SP243,technical,0.0,Treehouse Tumor Compendium 25.01 PolyA median TPM,treehouse_polya_25_01_median_v1
ENSG00000212238,RNA5SP244,technical,0.0,Treehouse Tumor Compendium 25.01 PolyA median TPM,treehouse_polya_25_01_median_v1
ENSG00000201109,RNA5SP245,technical,0.0,Treehouse Tumor Compendium 25.01 PolyA median TPM,treehouse_polya_25_01_median_v1
ENSG00000239021,RNA5SP246,technical,0.0,Treehouse Tumor Compendium 25.01 PolyA median TPM,treehouse_polya_25_01_median_v1
ENSG00000223113,RNA5SP247,technical,0.0,Treehouse Tumor Compendium 25.01 PolyA median TPM,treehouse_polya_25_01_median_v1
ENSG00000202472,RNA5SP248,technical,0.0,Treehouse Tumor Compendium 25.01 PolyA median TPM,treehouse_polya_25_01_median_v1
ENSG00000251936,RNA5SP249,technical,0.0,Treehouse Tumor Compendium 25.01 PolyA median TPM,treehouse_polya_25_01_median_v1
ENSG00000222747,RNA5SP25,technical,0.0,Treehouse Tumor Compendium 25.01 PolyA median TPM,treehouse_polya_25_01_median_v1
ENSG00000199404,RNA5SP250,technical,0.0,Treehouse Tumor Compendium 25.01 PolyA median TPM,treehouse_polya_25_01_median_v1
ENSG00000222546,RNA5SP251,technical,0.0,Treehouse Tumor Compendium 25.01 PolyA median TPM,treehouse_polya_25_01_median_v1
ENSG00000212433,RNA5SP252,technical,0.0,Treehouse Tumor Compendium 25.01 PolyA median TPM,treehouse_polya_25_01_median_v1
ENSG00000252029,RNA5SP253,technical,0.0,Treehouse Tumor Compendium 25.01 PolyA median TPM,treehouse_polya_25_01_median_v1
ENSG00000252535,RNA5SP254,technical,0.0,Treehouse Tumor Compendium 25.01 PolyA median TPM,treehouse_polya_25_01_median_v1
ENSG00000252179,RNA5SP255,technical,0.0,Treehouse Tumor Compendium 25.01 PolyA median TPM,treehouse_polya_25_01_median_v1
ENSG00000212280,RNA5SP256,technical,0.0,Treehouse Tumor Compendium 25.01 PolyA median TPM,treehouse_polya_25_01_median_v1
ENSG00000274467,RNA5SP257,technical,0.0,Treehouse Tumor Compendium 25.01 PolyA median TPM,treehouse_polya_25_01_median_v1
ENSG00000199620,RNA5SP258,technical,0.0,Treehouse Tumor Compendium 25.01 PolyA median TPM,treehouse_polya_25_01_median_v1
ENSG00000202411,RNA5SP259,technical,0.0,Treehouse Tumor Compendium 25.01 PolyA median TPM,treehouse_polya_25_01_median_v1
ENSG00000199276,RNA5SP26,technical,0.0,Treehouse Tumor Compendium 25.01 PolyA median TPM,treehouse_polya_25_01_median_v1
ENSG00000200719,RNA5SP260,technical,0.0,Treehouse Tumor Compendium 25.01 PolyA median TPM,treehouse_polya_25_01_median_v1
ENSG00000222468,RNA5SP261,technical,0.0,Treehouse Tumor Compendium 25.01 PolyA median TPM,treehouse_polya_25_01_median_v1
ENSG00000252261,RNA5SP262,technical,0.0,Treehouse Tumor Compendium 25.01 PolyA median TPM,treehouse_polya_25_01_median_v1
ENSG00000200246,RNA5SP263,technical,0.0,Treehouse Tumor Compendium 25.01 PolyA median TPM,treehouse_polya_25_01_median_v1
ENSG00000199985,RNA5SP264,technical,0.0,Treehouse Tumor Compendium 25.01 PolyA median TPM,treehouse_polya_25_01_median_v1
ENSG00000222955,RNA5SP265,technical,0.0,Treehouse Tumor Compendium 25.01 PolyA median TPM,treehouse_polya_25_01_median_v1
ENSG00000222205,RNA5SP266,technical,0.0,Treehouse Tumor Compendium 25.01 PolyA median TPM,treehouse_polya_25_01_median_v1
ENSG00000284058,RNA5SP266,technical,0.0,Treehouse Tumor Compendium 25.01 PolyA median TPM,treehouse_polya_25_01_median_v1
ENSG00000201763,RNA5SP267,technical,0.0,Treehouse Tumor Compendium 25.01 PolyA median TPM,treehouse_polya_25_01_median_v1
ENSG00000252637,RNA5SP268,technical,0.0,Treehouse Tumor Compendium 25.01 PolyA median TPM,treehouse_polya_25_01_median_v1
ENSG00000239184,RNA5SP269,technical,0.0,Treehouse Tumor Compendium 25.01 PolyA median TPM,treehouse_polya_25_01_median_v1
ENSG00000200709,RNA5SP27,technical,0.0,Treehouse Tumor Compendium 25.01 PolyA median TPM,treehouse_polya_25_01_median_v1
ENSG00000223293,RNA5SP270,technical,0.0,Treehouse Tumor Compendium 25.01 PolyA median TPM,treehouse_polya_25_01_median_v1
ENSG00000252509,RNA5SP271,technical,0.0,Treehouse Tumor Compendium 25.01 PolyA median TPM,treehouse_polya_25_01_median_v1
ENSG00000251904,RNA5SP272,technical,0.0,Treehouse Tumor Compendium 25.01 PolyA median TPM,treehouse_polya_25_01_median_v1
ENSG00000199354,RNA5SP273,technical,0.0,Treehouse Tumor Compendium 25.01 PolyA median TPM,treehouse_polya_25_01_median_v1
ENSG00000222416,RNA5SP274,technical,0.0,Treehouse Tumor Compendium 25.01 PolyA median TPM,treehouse_polya_25_01_median_v1
ENSG00000200806,RNA5SP275,technical,0.0,Treehouse Tumor Compendium 25.01 PolyA median TPM,treehouse_polya_25_01_median_v1
ENSG00000199450,RNA5SP276,technical,0.0,Treehouse Tumor Compendium 25.01 PolyA median TPM,treehouse_polya_25_01_median_v1
ENSG00000202356,RNA5SP277,technical,0.0,Treehouse Tumor Compendium 25.01 PolyA median TPM,treehouse_polya_25_01_median_v1
ENSG00000252864,RNA5SP278,technical,0.0,Treehouse Tumor Compendium 25.01 PolyA median TPM,treehouse_polya_25_01_median_v1
ENSG00000202383,RNA5SP279,technical,0.0,Treehouse Tumor Compendium 25.01 PolyA median TPM,treehouse_polya_25_01_median_v1
ENSG00000200711,RNA5SP28,technical,0.0,Treehouse Tumor Compendium 25.01 PolyA median TPM,treehouse_polya_25_01_median_v1
ENSG00000223162,RNA5SP280,technical,0.0,Treehouse Tumor Compendium 25.01 PolyA median TPM,treehouse_polya_25_01_median_v1
ENSG00000252313,RNA5SP281,technical,0.0,Treehouse Tumor Compendium 25.01 PolyA median TPM,treehouse_polya_25_01_median_v1
ENSG00000252164,RNA5SP282,technical,0.0,Treehouse Tumor Compendium 25.01 PolyA median TPM,treehouse_polya_25_01_median_v1
ENSG00000202474,RNA5SP283,technical,0.0,Treehouse Tumor Compendium 25.01 PolyA median TPM,treehouse_polya_25_01_median_v1
ENSG00000207277,RNA5SP284,technical,0.0,Treehouse Tumor Compendium 25.01 PolyA median TPM,treehouse_polya_25_01_median_v1
ENSG00000252428,RNA5SP285,technical,0.0,Treehouse Tumor Compendium 25.01 PolyA median TPM,treehouse_polya_25_01_median_v1
ENSG00000212454,RNA5SP286,technical,0.0,Treehouse Tumor Compendium 25.01 PolyA median TPM,treehouse_polya_25_01_median_v1
ENSG00000252167,RNA5SP287,technical,0.0,Treehouse Tumor Compendium 25.01 PolyA median TPM,treehouse_polya_25_01_median_v1
ENSG00000251884,RNA5SP288,technical,0.0,Treehouse Tumor Compendium 25.01 PolyA median TPM,treehouse_polya_25_01_median_v1
ENSG00000199202,RNA5SP289,technical,0.0,Treehouse Tumor Compendium 25.01 PolyA median TPM,treehouse_polya_25_01_median_v1
ENSG00000222920,RNA5SP29,technical,0.0,Treehouse Tumor Compendium 25.01 PolyA median TPM,treehouse_polya_25_01_median_v1
ENSG00000252942,RNA5SP290,technical,0.0,Treehouse Tumor Compendium 25.01 PolyA median TPM,treehouse_polya_25_01_median_v1
ENSG00000253031,RNA5SP291,technical,0.0,Treehouse Tumor Compendium 25.01 PolyA median TPM,treehouse_polya_25_01_median_v1
ENSG00000212276,RNA5SP292,technical,0.0,Treehouse Tumor Compendium 25.01 PolyA median TPM,treehouse_polya_25_01_median_v1
ENSG00000222459,RNA5SP293,technical,0.0,Treehouse Tumor Compendium 25.01 PolyA median TPM,treehouse_polya_25_01_median_v1
ENSG00000223238,RNA5SP294,technical,0.0,Treehouse Tumor Compendium 25.01 PolyA median TPM,treehouse_polya_25_01_median_v1
ENSG00000199525,RNA5SP295,technical,0.0,Treehouse Tumor Compendium 25.01 PolyA median TPM,treehouse_polya_25_01_median_v1
ENSG00000222455,RNA5SP296,technical,0.0,Treehouse Tumor Compendium 25.01 PolyA median TPM,treehouse_polya_25_01_median_v1
ENSG00000212331,RNA5SP297,technical,0.0,Treehouse Tumor Compendium 25.01 PolyA median TPM,treehouse_polya_25_01_median_v1
ENSG00000201861,RNA5SP298,technical,0.0,Treehouse Tumor Compendium 25.01 PolyA median TPM,treehouse_polya_25_01_median_v1
ENSG00000212505,RNA5SP299,technical,0.0,Treehouse Tumor Compendium 25.01 PolyA median TPM,treehouse_polya_25_01_median_v1
ENSG00000202422,RNA5SP30,technical,0.0,Treehouse Tumor Compendium 25.01 PolyA median TPM,treehouse_polya_25_01_median_v1
ENSG00000212499,RNA5SP300,technical,0.0,Treehouse Tumor Compendium 25.01 PolyA median TPM,treehouse_polya_25_01_median_v1
ENSG00000199407,RNA5SP301,technical,0.0,Treehouse Tumor Compendium 25.01 PolyA median TPM,treehouse_polya_25_01_median_v1
ENSG00000201766,RNA5SP302,technical,0.0,Treehouse Tumor Compendium 25.01 PolyA median TPM,treehouse_polya_25_01_median_v1
ENSG00000252001,RNA5SP303,technical,0.0,Treehouse Tumor Compendium 25.01 PolyA median TPM,treehouse_polya_25_01_median_v1
ENSG00000223131,RNA5SP304,technical,0.0,Treehouse Tumor Compendium 25.01 PolyA median TPM,treehouse_polya_25_01_median_v1
ENSG00000199535,RNA5SP305,technical,0.0,Treehouse Tumor Compendium 25.01 PolyA median TPM,treehouse_polya_25_01_median_v1
ENSG00000223019,RNA5SP306,technical,0.0,Treehouse Tumor Compendium 25.01 PolyA median TPM,treehouse_polya_25_01_median_v1
ENSG00000199733,RNA5SP307,technical,0.0,Treehouse Tumor Compendium 25.01 PolyA median TPM,treehouse_polya_25_01_median_v1
ENSG00000199402,RNA5SP308,technical,0.0,Treehouse Tumor Compendium 25.01 PolyA median TPM,treehouse_polya_25_01_median_v1
ENSG00000252479,RNA5SP309,technical,0.0,Treehouse Tumor Compendium 25.01 PolyA median TPM,treehouse_polya_25_01_median_v1
ENSG00000223076,RNA5SP31,technical,0.0,Treehouse Tumor Compendium 25.01 PolyA median TPM,treehouse_polya_25_01_median_v1
ENSG00000239152,RNA5SP310,technical,0.0,Treehouse Tumor Compendium 25.01 PolyA median TPM,treehouse_polya_25_01_median_v1
ENSG00000238405,RNA5SP311,technical,0.0,Treehouse Tumor Compendium 25.01 PolyA median TPM,treehouse_polya_25_01_median_v1
ENSG00000252877,RNA5SP312,technical,0.0,Treehouse Tumor Compendium 25.01 PolyA median TPM,treehouse_polya_25_01_median_v1
ENSG00000252149,RNA5SP315,technical,0.0,Treehouse Tumor Compendium 25.01 PolyA median TPM,treehouse_polya_25_01_median_v1
ENSG00000222108,RNA5SP317,technical,0.0,Treehouse Tumor Compendium 25.01 PolyA median TPM,treehouse_polya_25_01_median_v1
ENSG00000252161,RNA5SP318,technical,0.0,Treehouse Tumor Compendium 25.01 PolyA median TPM,treehouse_polya_25_01_median_v1
ENSG00000199638,RNA5SP319,technical,0.0,Treehouse Tumor Compendium 25.01 PolyA median TPM,treehouse_polya_25_01_median_v1
ENSG00000200037,RNA5SP32,technical,0.0,Treehouse Tumor Compendium 25.01 PolyA median TPM,treehouse_polya_25_01_median_v1
ENSG00000252072,RNA5SP320,technical,0.0,Treehouse Tumor Compendium 25.01 PolyA median TPM,treehouse_polya_25_01_median_v1
ENSG00000199592,RNA5SP321,technical,0.0,Treehouse Tumor Compendium 25.01 PolyA median TPM,treehouse_polya_25_01_median_v1
ENSG00000200487,RNA5SP322,technical,0.0,Treehouse Tumor Compendium 25.01 PolyA median TPM,treehouse_polya_25_01_median_v1
ENSG00000212396,RNA5SP323,technical,0.0,Treehouse Tumor Compendium 25.01 PolyA median TPM,treehouse_polya_25_01_median_v1
ENSG00000202047,RNA5SP324,technical,0.0,Treehouse Tumor Compendium 25.01 PolyA median TPM,treehouse_polya_25_01_median_v1
ENSG00000200626,RNA5SP325,technical,0.0,Treehouse Tumor Compendium 25.01 PolyA median TPM,treehouse_polya_25_01_median_v1
ENSG00000200079,RNA5SP326,technical,0.0,Treehouse Tumor Compendium 25.01 PolyA median TPM,treehouse_polya_25_01_median_v1
ENSG00000199364,RNA5SP327,technical,0.0,Treehouse Tumor Compendium 25.01 PolyA median TPM,treehouse_polya_25_01_median_v1
ENSG00000222740,RNA5SP328,technical,0.0,Treehouse Tumor Compendium 25.01 PolyA median TPM,treehouse_polya_25_01_median_v1
ENSG00000202147,RNA5SP329,technical,0.0,Treehouse Tumor Compendium 25.01 PolyA median TPM,treehouse_polya_25_01_median_v1
ENSG00000252496,RNA5SP33,technical,0.0,Treehouse Tumor Compendium 25.01 PolyA median TPM,treehouse_polya_25_01_median_v1
ENSG00000252905,RNA5SP330,technical,0.0,Treehouse Tumor Compendium 25.01 PolyA median TPM,treehouse_polya_25_01_median_v1
ENSG00000201856,RNA5SP331,technical,0.0,Treehouse Tumor Compendium 25.01 PolyA median TPM,treehouse_polya_25_01_median_v1
ENSG00000212365,RNA5SP332,technical,0.0,Treehouse Tumor Compendium 25.01 PolyA median TPM,treehouse_polya_25_01_median_v1
ENSG00000200336,RNA5SP333,technical,0.0,Treehouse Tumor Compendium 25.01 PolyA median TPM,treehouse_polya_25_01_median_v1
ENSG00000201695,RNA5SP334,technical,0.0,Treehouse Tumor Compendium 25.01 PolyA median TPM,treehouse_polya_25_01_median_v1
ENSG00000200687,RNA5SP335,technical,0.0,Treehouse Tumor Compendium 25.01 PolyA median TPM,treehouse_polya_25_01_median_v1
ENSG00000201059,RNA5SP336,technical,0.0,Treehouse Tumor Compendium 25.01 PolyA median TPM,treehouse_polya_25_01_median_v1
ENSG00000252816,RNA5SP337,technical,0.0,Treehouse Tumor Compendium 25.01 PolyA median TPM,treehouse_polya_25_01_median_v1
ENSG00000222427,RNA5SP338,technical,0.0,Treehouse Tumor Compendium 25.01 PolyA median TPM,treehouse_polya_25_01_median_v1
ENSG00000212289,RNA5SP339,technical,0.0,Treehouse Tumor Compendium 25.01 PolyA median TPM,treehouse_polya_25_01_median_v1
ENSG00000252696,RNA5SP34,technical,0.0,Treehouse Tumor Compendium 25.01 PolyA median TPM,treehouse_polya_25_01_median_v1
ENSG00000252941,RNA5SP340,technical,0.0,Treehouse Tumor Compendium 25.01 PolyA median TPM,treehouse_polya_25_01_median_v1
ENSG00000252070,RNA5SP341,technical,0.0,Treehouse Tumor Compendium 25.01 PolyA median TPM,treehouse_polya_25_01_median_v1
ENSG00000252902,RNA5SP342,technical,0.0,Treehouse Tumor Compendium 25.01 PolyA median TPM,treehouse_polya_25_01_median_v1
ENSG00000200649,RNA5SP343,technical,0.0,Treehouse Tumor Compendium 25.01 PolyA median TPM,treehouse_polya_25_01_median_v1
ENSG00000284736,RNA5SP343,technical,0.0,Treehouse Tumor Compendium 25.01 PolyA median TPM,treehouse_polya_25_01_median_v1
ENSG00000223013,RNA5SP344,technical,0.0,Treehouse Tumor Compendium 25.01 PolyA median TPM,treehouse_polya_25_01_median_v1
ENSG00000222578,RNA5SP345,technical,0.0,Treehouse Tumor Compendium 25.01 PolyA median TPM,treehouse_polya_25_01_median_v1
ENSG00000200411,RNA5SP346,technical,0.0,Treehouse Tumor Compendium 25.01 PolyA median TPM,treehouse_polya_25_01_median_v1
ENSG00000199315,RNA5SP347,technical,0.0,Treehouse Tumor Compendium 25.01 PolyA median TPM,treehouse_polya_25_01_median_v1
ENSG00000200613,RNA5SP349,technical,0.0,Treehouse Tumor Compendium 25.01 PolyA median TPM,treehouse_polya_25_01_median_v1
ENSG00000212559,RNA5SP35,technical,0.0,Treehouse Tumor Compendium 25.01 PolyA median TPM,treehouse_polya_25_01_median_v1
ENSG00000200168,RNA5SP350,technical,0.0,Treehouse Tumor Compendium 25.01 PolyA median TPM,treehouse_polya_25_01_median_v1
ENSG00000238965,RNA5SP351,technical,0.0,Treehouse Tumor Compendium 25.01 PolyA median TPM,treehouse_polya_25_01_median_v1
ENSG00000200278,RNA5SP352,technical,0.0,Treehouse Tumor Compendium 25.01 PolyA median TPM,treehouse_polya_25_01_median_v1
ENSG00000201476,RNA5SP353,technical,0.0,Treehouse Tumor Compendium 25.01 PolyA median TPM,treehouse_polya_25_01_median_v1
ENSG00000212549,RNA5SP354,technical,0.0,Treehouse Tumor Compendium 25.01 PolyA median TPM,treehouse_polya_25_01_median_v1
ENSG00000202187,RNA5SP355,technical,0.0,Treehouse Tumor Compendium 25.01 PolyA median TPM,treehouse_polya_25_01_median_v1
ENSG00000251781,RNA5SP356,technical,0.0,Treehouse Tumor Compendium 25.01 PolyA median TPM,treehouse_polya_25_01_median_v1
ENSG00000272435,RNA5SP357,technical,0.0,Treehouse Tumor Compendium 25.01 PolyA median TPM,treehouse_polya_25_01_median_v1
ENSG00000199843,RNA5SP358,technical,0.0,Treehouse Tumor Compendium 25.01 PolyA median TPM,treehouse_polya_25_01_median_v1
ENSG00000201708,RNA5SP359,technical,0.0,Treehouse Tumor Compendium 25.01 PolyA median TPM,treehouse_polya_25_01_median_v1
ENSG00000222129,RNA5SP36,technical,0.0,Treehouse Tumor Compendium 25.01 PolyA median TPM,treehouse_polya_25_01_median_v1
ENSG00000252364,RNA5SP360,technical,0.0,Treehouse Tumor Compendium 25.01 PolyA median TPM,treehouse_polya_25_01_median_v1
ENSG00000199556,RNA5SP361,technical,0.0,Treehouse Tumor Compendium 25.01 PolyA median TPM,treehouse_polya_25_01_median_v1
ENSG00000251857,RNA5SP362,technical,0.0,Treehouse Tumor Compendium 25.01 PolyA median TPM,treehouse_polya_25_01_median_v1
ENSG00000201942,RNA5SP363,technical,0.0,Treehouse Tumor Compendium 25.01 PolyA median TPM,treehouse_polya_25_01_median_v1
ENSG00000252747,RNA5SP364,technical,0.0,Treehouse Tumor Compendium 25.01 PolyA median TPM,treehouse_polya_25_01_median_v1
ENSG00000252207,RNA5SP365,technical,0.0,Treehouse Tumor Compendium 25.01 PolyA median TPM,treehouse_polya_25_01_median_v1
ENSG00000202324,RNA5SP366,technical,0.0,Treehouse Tumor Compendium 25.01 PolyA median TPM,treehouse_polya_25_01_median_v1
ENSG00000252366,RNA5SP367,technical,0.0,Treehouse Tumor Compendium 25.01 PolyA median TPM,treehouse_polya_25_01_median_v1
ENSG00000201168,RNA5SP368,technical,0.0,Treehouse Tumor Compendium 25.01 PolyA median TPM,treehouse_polya_25_01_median_v1
ENSG00000223046,RNA5SP369,technical,0.0,Treehouse Tumor Compendium 25.01 PolyA median TPM,treehouse_polya_25_01_median_v1
ENSG00000202290,RNA5SP37,technical,0.0,Treehouse Tumor Compendium 25.01 PolyA median TPM,treehouse_polya_25_01_median_v1
ENSG00000199415,RNA5SP370,technical,0.0,Treehouse Tumor Compendium 25.01 PolyA median TPM,treehouse_polya_25_01_median_v1
ENSG00000222302,RNA5SP371,technical,0.0,Treehouse Tumor Compendium 25.01 PolyA median TPM,treehouse_polya_25_01_median_v1
ENSG00000212138,RNA5SP372,technical,0.0,Treehouse Tumor Compendium 25.01 PolyA median TPM,treehouse_polya_25_01_median_v1
ENSG00000253080,RNA5SP373,technical,0.0,Treehouse Tumor Compendium 25.01 PolyA median TPM,treehouse_polya_25_01_median_v1
ENSG00000199809,RNA5SP374,technical,0.0,Treehouse Tumor Compendium 25.01 PolyA median TPM,treehouse_polya_25_01_median_v1
ENSG00000199845,RNA5SP375,technical,0.0,Treehouse Tumor Compendium 25.01 PolyA median TPM,treehouse_polya_25_01_median_v1
ENSG00000212251,RNA5SP376,technical,0.0,Treehouse Tumor Compendium 25.01 PolyA median TPM,treehouse_polya_25_01_median_v1
ENSG00000212154,RNA5SP377,technical,0.0,Treehouse Tumor Compendium 25.01 PolyA median TPM,treehouse_polya_25_01_median_v1
ENSG00000200516,RNA5SP378,technical,0.0,Treehouse Tumor Compendium 25.01 PolyA median TPM,treehouse_polya_25_01_median_v1
ENSG00000201469,RNA5SP379,technical,0.0,Treehouse Tumor Compendium 25.01 PolyA median TPM,treehouse_polya_25_01_median_v1
ENSG00000222682,RNA5SP38,technical,0.0,Treehouse Tumor Compendium 25.01 PolyA median TPM,treehouse_polya_25_01_median_v1
ENSG00000252999,RNA5SP380,technical,0.0,Treehouse Tumor Compendium 25.01 PolyA median TPM,treehouse_polya_25_01_median_v1
ENSG00000200225,RNA5SP382,technical,0.0,Treehouse Tumor Compendium 25.01 PolyA median TPM,treehouse_polya_25_01_median_v1
ENSG00000199804,RNA5SP383,technical,0.0,Treehouse Tumor Compendium 25.01 PolyA median TPM,treehouse_polya_25_01_median_v1
ENSG00000252424,RNA5SP384,technical,0.0,Treehouse Tumor Compendium 25.01 PolyA median TPM,treehouse_polya_25_01_median_v1
ENSG00000251756,RNA5SP385,technical,0.0,Treehouse Tumor Compendium 25.01 PolyA median TPM,treehouse_polya_25_01_median_v1
ENSG00000272253,RNA5SP386,technical,0.0,Treehouse Tumor Compendium 25.01 PolyA median TPM,treehouse_polya_25_01_median_v1
ENSG00000201096,RNA5SP387,technical,0.0,Treehouse Tumor Compendium 25.01 PolyA median TPM,treehouse_polya_25_01_median_v1
ENSG00000199454,RNA5SP388,technical,0.0,Treehouse Tumor Compendium 25.01 PolyA median TPM,treehouse_polya_25_01_median_v1
ENSG00000199480,RNA5SP389,technical,0.0,Treehouse Tumor Compendium 25.01 PolyA median TPM,treehouse_polya_25_01_median_v1
ENSG00000223177,RNA5SP39,technical,0.0,Treehouse Tumor Compendium 25.01 PolyA median TPM,treehouse_polya_25_01_median_v1
ENSG00000222123,RNA5SP390,technical,0.0,Treehouse Tumor Compendium 25.01 PolyA median TPM,treehouse_polya_25_01_median_v1
ENSG00000200326,RNA5SP391,technical,0.0,Treehouse Tumor Compendium 25.01 PolyA median TPM,treehouse_polya_25_01_median_v1
ENSG00000252714,RNA5SP392,technical,0.0,Treehouse Tumor Compendium 25.01 PolyA median TPM,treehouse_polya_25_01_median_v1
ENSG00000200293,RNA5SP393,technical,0.0,Treehouse Tumor Compendium 25.01 PolyA median TPM,treehouse_polya_25_01_median_v1
ENSG00000201086,RNA5SP394,technical,0.0,Treehouse Tumor Compendium 25.01 PolyA median TPM,treehouse_polya_25_01_median_v1
ENSG00000252376,RNA5SP395,technical,0.0,Treehouse Tumor Compendium 25.01 PolyA median TPM,treehouse_polya_25_01_median_v1
ENSG00000201704,RNA5SP396,technical,0.0,Treehouse Tumor Compendium 25.01 PolyA median TPM,treehouse_polya_25_01_median_v1
ENSG00000212625,RNA5SP397,technical,0.0,Treehouse Tumor Compendium 25.01 PolyA median TPM,treehouse_polya_25_01_median_v1
ENSG00000252972,RNA5SP398,technical,0.0,Treehouse Tumor Compendium 25.01 PolyA median TPM,treehouse_polya_25_01_median_v1
ENSG00000200873,RNA5SP399,technical,0.0,Treehouse Tumor Compendium 25.01 PolyA median TPM,treehouse_polya_25_01_median_v1
ENSG00000252956,RNA5SP40,technical,0.0,Treehouse Tumor Compendium 25.01 PolyA median TPM,treehouse_polya_25_01_median_v1
ENSG00000252964,RNA5SP400,technical,0.0,Treehouse Tumor Compendium 25.01 PolyA median TPM,treehouse_polya_25_01_median_v1
ENSG00000251729,RNA5SP401,technical,0.0,Treehouse Tumor Compendium 25.01 PolyA median TPM,treehouse_polya_25_01_median_v1
ENSG00000252957,RNA5SP402,technical,0.0,Treehouse Tumor Compendium 25.01 PolyA median TPM,treehouse_polya_25_01_median_v1
ENSG00000200468,RNA5SP403,technical,0.0,Treehouse Tumor Compendium 25.01 PolyA median TPM,treehouse_polya_25_01_median_v1
ENSG00000252927,RNA5SP404,technical,0.0,Treehouse Tumor Compendium 25.01 PolyA median TPM,treehouse_polya_25_01_median_v1
ENSG00000199929,RNA5SP405,technical,0.0,Treehouse Tumor Compendium 25.01 PolyA median TPM,treehouse_polya_25_01_median_v1
ENSG00000251915,RNA5SP406,technical,0.0,Treehouse Tumor Compendium 25.01 PolyA median TPM,treehouse_polya_25_01_median_v1
ENSG00000222207,RNA5SP407,technical,0.0,Treehouse Tumor Compendium 25.01 PolyA median TPM,treehouse_polya_25_01_median_v1
ENSG00000251924,RNA5SP408,technical,0.0,Treehouse Tumor Compendium 25.01 PolyA median TPM,treehouse_polya_25_01_median_v1
ENSG00000252624,RNA5SP409,technical,0.0,Treehouse Tumor Compendium 25.01 PolyA median TPM,treehouse_polya_25_01_median_v1
ENSG00000222952,RNA5SP41,technical,0.0,Treehouse Tumor Compendium 25.01 PolyA median TPM,treehouse_polya_25_01_median_v1
ENSG00000252094,RNA5SP410,technical,0.0,Treehouse Tumor Compendium 25.01 PolyA median TPM,treehouse_polya_25_01_median_v1
ENSG00000276599,RNA5SP411,technical,0.0,Treehouse Tumor Compendium 25.01 PolyA median TPM,treehouse_polya_25_01_median_v1
ENSG00000277004,RNA5SP412,technical,0.0,Treehouse Tumor Compendium 25.01 PolyA median TPM,treehouse_polya_25_01_median_v1
ENSG00000252182,RNA5SP413,technical,0.0,Treehouse Tumor Compendium 25.01 PolyA median TPM,treehouse_polya_25_01_median_v1
ENSG00000274228,RNA5SP414,technical,0.0,Treehouse Tumor Compendium 25.01 PolyA median TPM,treehouse_polya_25_01_median_v1
ENSG00000253055,RNA5SP415,technical,0.0,Treehouse Tumor Compendium 25.01 PolyA median TPM,treehouse_polya_25_01_median_v1
ENSG00000252647,RNA5SP416,technical,0.0,Treehouse Tumor Compendium 25.01 PolyA median TPM,treehouse_polya_25_01_median_v1
ENSG00000252268,RNA5SP417,technical,0.0,Treehouse Tumor Compendium 25.01 PolyA median TPM,treehouse_polya_25_01_median_v1
ENSG00000251760,RNA5SP418,technical,0.0,Treehouse Tumor Compendium 25.01 PolyA median TPM,treehouse_polya_25_01_median_v1
ENSG00000251717,RNA5SP419,technical,0.0,Treehouse Tumor Compendium 25.01 PolyA median TPM,treehouse_polya_25_01_median_v1
ENSG00000201148,RNA5SP42,technical,0.0,Treehouse Tumor Compendium 25.01 PolyA median TPM,treehouse_polya_25_01_median_v1
ENSG00000252806,RNA5SP420,technical,0.0,Treehouse Tumor Compendium 25.01 PolyA median TPM,treehouse_polya_25_01_median_v1
ENSG00000252673,RNA5SP421,technical,0.0,Treehouse Tumor Compendium 25.01 PolyA median TPM,treehouse_polya_25_01_median_v1
ENSG00000252587,RNA5SP422,technical,0.0,Treehouse Tumor Compendium 25.01 PolyA median TPM,treehouse_polya_25_01_median_v1
ENSG00000252936,RNA5SP423,technical,0.0,Treehouse Tumor Compendium 25.01 PolyA median TPM,treehouse_polya_25_01_median_v1
ENSG00000212290,RNA5SP424,technical,0.0,Treehouse Tumor Compendium 25.01 PolyA median TPM,treehouse_polya_25_01_median_v1
ENSG00000222268,RNA5SP425,technical,0.0,Treehouse Tumor Compendium 25.01 PolyA median TPM,treehouse_polya_25_01_median_v1
ENSG00000199771,RNA5SP426,technical,0.0,Treehouse Tumor Compendium 25.01 PolyA median TPM,treehouse_polya_25_01_median_v1
ENSG00000202193,RNA5SP427,technical,0.0,Treehouse Tumor Compendium 25.01 PolyA median TPM,treehouse_polya_25_01_median_v1
ENSG00000201999,RNA5SP428,technical,0.0,Treehouse Tumor Compendium 25.01 PolyA median TPM,treehouse_polya_25_01_median_v1
ENSG00000200558,RNA5SP429,technical,0.0,Treehouse Tumor Compendium 25.01 PolyA median TPM,treehouse_polya_25_01_median_v1
ENSG00000252368,RNA5SP43,technical,0.0,Treehouse Tumor Compendium 25.01 PolyA median TPM,treehouse_polya_25_01_median_v1
ENSG00000199299,RNA5SP430,technical,0.0,Treehouse Tumor Compendium 25.01 PolyA median TPM,treehouse_polya_25_01_median_v1
ENSG00000222244,RNA5SP431,technical,0.0,Treehouse Tumor Compendium 25.01 PolyA median TPM,treehouse_polya_25_01_median_v1
ENSG00000199350,RNA5SP432,technical,0.0,Treehouse Tumor Compendium 25.01 PolyA median TPM,treehouse_polya_25_01_median_v1
ENSG00000201361,RNA5SP433,technical,0.0,Treehouse Tumor Compendium 25.01 PolyA median TPM,treehouse_polya_25_01_median_v1
ENSG00000252456,RNA5SP434,technical,0.0,Treehouse Tumor Compendium 25.01 PolyA median TPM,treehouse_polya_25_01_median_v1
ENSG00000200914,RNA5SP435,technical,0.0,Treehouse Tumor Compendium 25.01 PolyA median TPM,treehouse_polya_25_01_median_v1
ENSG00000251829,RNA5SP436,technical,0.0,Treehouse Tumor Compendium 25.01 PolyA median TPM,treehouse_polya_25_01_median_v1
ENSG00000253058,RNA5SP437,technical,0.0,Treehouse Tumor Compendium 25.01 PolyA median TPM,treehouse_polya_25_01_median_v1
ENSG00000252370,RNA5SP438,technical,0.0,Treehouse Tumor Compendium 25.01 PolyA median TPM,treehouse_polya_25_01_median_v1
ENSG00000274164,RNA5SP439,technical,0.0,Treehouse Tumor Compendium 25.01 PolyA median TPM,treehouse_polya_25_01_median_v1
ENSG00000222378,RNA5SP44,technical,0.0,Treehouse Tumor Compendium 25.01 PolyA median TPM,treehouse_polya_25_01_median_v1
ENSG00000276036,RNA5SP440,technical,0.0,Treehouse Tumor Compendium 25.01 PolyA median TPM,treehouse_polya_25_01_median_v1
ENSG00000252618,RNA5SP441,technical,0.0,Treehouse Tumor Compendium 25.01 PolyA median TPM,treehouse_polya_25_01_median_v1
ENSG00000201920,RNA5SP442,technical,0.0,Treehouse Tumor Compendium 25.01 PolyA median TPM,treehouse_polya_25_01_median_v1
ENSG00000199953,RNA5SP443,technical,0.0,Treehouse Tumor Compendium 25.01 PolyA median TPM,treehouse_polya_25_01_median_v1
ENSG00000275780,RNA5SP443,technical,0.0,Treehouse Tumor Compendium 25.01 PolyA median TPM,treehouse_polya_25_01_median_v1
ENSG00000283454,RNA5SP443,technical,0.0,Treehouse Tumor Compendium 25.01 PolyA median TPM,treehouse_polya_25_01_median_v1
ENSG00000252653,RNA5SP444,technical,0.0,Treehouse Tumor Compendium 25.01 PolyA median TPM,treehouse_polya_25_01_median_v1
ENSG00000251698,RNA5SP445,technical,0.0,Treehouse Tumor Compendium 25.01 PolyA median TPM,treehouse_polya_25_01_median_v1
ENSG00000251764,RNA5SP446,technical,0.0,Treehouse Tumor Compendium 25.01 PolyA median TPM,treehouse_polya_25_01_median_v1
ENSG00000200619,RNA5SP447,technical,0.0,Treehouse Tumor Compendium 25.01 PolyA median TPM,treehouse_polya_25_01_median_v1
ENSG00000200021,RNA5SP448,technical,0.0,Treehouse Tumor Compendium 25.01 PolyA median TPM,treehouse_polya_25_01_median_v1
ENSG00000252680,RNA5SP449,technical,0.0,Treehouse Tumor Compendium 25.01 PolyA median TPM,treehouse_polya_25_01_median_v1
ENSG00000252563,RNA5SP45,technical,0.0,Treehouse Tumor Compendium 25.01 PolyA median TPM,treehouse_polya_25_01_median_v1
ENSG00000223138,RNA5SP450,technical,0.0,Treehouse Tumor Compendium 25.01 PolyA median TPM,treehouse_polya_25_01_median_v1
ENSG00000222520,RNA5SP451,technical,0.0,Treehouse Tumor Compendium 25.01 PolyA median TPM,treehouse_polya_25_01_median_v1
ENSG00000199874,RNA5SP452,technical,0.0,Treehouse Tumor Compendium 25.01 PolyA median TPM,treehouse_polya_25_01_median_v1
ENSG00000199373,RNA5SP453,technical,0.0,Treehouse Tumor Compendium 25.01 PolyA median TPM,treehouse_polya_25_01_median_v1
ENSG00000253040,RNA5SP454,technical,0.0,Treehouse Tumor Compendium 25.01 PolyA median TPM,treehouse_polya_25_01_median_v1
ENSG00000202060,RNA5SP455,technical,0.0,Treehouse Tumor Compendium 25.01 PolyA median TPM,treehouse_polya_25_01_median_v1
ENSG00000200872,RNA5SP456,technical,0.0,Treehouse Tumor Compendium 25.01 PolyA median TPM,treehouse_polya_25_01_median_v1
ENSG00000200527,RNA5SP457,technical,0.0,Treehouse Tumor Compendium 25.01 PolyA median TPM,treehouse_polya_25_01_median_v1
ENSG00000251997,RNA5SP458,technical,0.0,Treehouse Tumor Compendium 25.01 PolyA median TPM,treehouse_polya_25_01_median_v1
ENSG00000262132,RNA5SP458,technical,0.0,Treehouse Tumor Compendium 25.01 PolyA median TPM,treehouse_polya_25_01_median_v1
ENSG00000252437,RNA5SP459,technical,0.0,Treehouse Tumor Compendium 25.01 PolyA median TPM,treehouse_polya_25_01_median_v1
ENSG00000199240,RNA5SP46,technical,0.0,Treehouse Tumor Compendium 25.01 PolyA median TPM,treehouse_polya_25_01_median_v1
ENSG00000252598,RNA5SP460,technical,0.0,Treehouse Tumor Compendium 25.01 PolyA median TPM,treehouse_polya_25_01_median_v1
ENSG00000252260,RNA5SP461,technical,0.0,Treehouse Tumor Compendium 25.01 PolyA median TPM,treehouse_polya_25_01_median_v1
ENSG00000252539,RNA5SP462,technical,0.0,Treehouse Tumor Compendium 25.01 PolyA median TPM,treehouse_polya_25_01_median_v1
ENSG00000199900,RNA5SP463,technical,0.0,Treehouse Tumor Compendium 25.01 PolyA median TPM,treehouse_polya_25_01_median_v1
ENSG00000252060,RNA5SP464,technical,0.0,Treehouse Tumor Compendium 25.01 PolyA median TPM,treehouse_polya_25_01_median_v1
ENSG00000212497,RNA5SP465,technical,0.0,Treehouse Tumor Compendium 25.01 PolyA median TPM,treehouse_polya_25_01_median_v1
ENSG00000252546,RNA5SP466,technical,0.0,Treehouse Tumor Compendium 25.01 PolyA median TPM,treehouse_polya_25_01_median_v1
ENSG00000212576,RNA5SP467,technical,0.0,Treehouse Tumor Compendium 25.01 PolyA median TPM,treehouse_polya_25_01_median_v1
ENSG00000252591,RNA5SP468,technical,0.0,Treehouse Tumor Compendium 25.01 PolyA median TPM,treehouse_polya_25_01_median_v1
ENSG00000201035,RNA5SP469,technical,0.0,Treehouse Tumor Compendium 25.01 PolyA median TPM,treehouse_polya_25_01_median_v1
ENSG00000253039,RNA5SP47,technical,0.0,Treehouse Tumor Compendium 25.01 PolyA median TPM,treehouse_polya_25_01_median_v1
ENSG00000252272,RNA5SP470,technical,0.0,Treehouse Tumor Compendium 25.01 PolyA median TPM,treehouse_polya_25_01_median_v1
ENSG00000252780,RNA5SP471,technical,0.0,Treehouse Tumor Compendium 25.01 PolyA median TPM,treehouse_polya_25_01_median_v1
ENSG00000200738,RNA5SP472,technical,0.0,Treehouse Tumor Compendium 25.01 PolyA median TPM,treehouse_polya_25_01_median_v1
ENSG00000252211,RNA5SP473,technical,0.0,Treehouse Tumor Compendium 25.01 PolyA median TPM,treehouse_polya_25_01_median_v1
ENSG00000212536,RNA5SP474,technical,0.0,Treehouse Tumor Compendium 25.01 PolyA median TPM,treehouse_polya_25_01_median_v1
ENSG00000222500,RNA5SP475,technical,0.0,Treehouse Tumor Compendium 25.01 PolyA median TPM,treehouse_polya_25_01_median_v1
ENSG00000252422,RNA5SP476,technical,0.0,Treehouse Tumor Compendium 25.01 PolyA median TPM,treehouse_polya_25_01_median_v1
ENSG00000199509,RNA5SP477,technical,0.0,Treehouse Tumor Compendium 25.01 PolyA median TPM,treehouse_polya_25_01_median_v1
ENSG00000201527,RNA5SP478,technical,0.0,Treehouse Tumor Compendium 25.01 PolyA median TPM,treehouse_polya_25_01_median_v1
ENSG00000201728,RNA5SP479,technical,0.0,Treehouse Tumor Compendium 25.01 PolyA median TPM,treehouse_polya_25_01_median_v1
ENSG00000200839,RNA5SP48,technical,0.0,Treehouse Tumor Compendium 25.01 PolyA median TPM,treehouse_polya_25_01_median_v1
ENSG00000252649,RNA5SP480,technical,0.0,Treehouse Tumor Compendium 25.01 PolyA median TPM,treehouse_polya_25_01_median_v1
ENSG00000252623,RNA5SP481,technical,0.0,Treehouse Tumor Compendium 25.01 PolyA median TPM,treehouse_polya_25_01_median_v1
ENSG00000212571,RNA5SP482,technical,0.0,Treehouse Tumor Compendium 25.01 PolyA median TPM,treehouse_polya_25_01_median_v1
ENSG00000200301,RNA5SP483,technical,0.0,Treehouse Tumor Compendium 25.01 PolyA median TPM,treehouse_polya_25_01_median_v1
ENSG00000238908,RNA5SP484,technical,0.0,Treehouse Tumor Compendium 25.01 PolyA median TPM,treehouse_polya_25_01_median_v1
ENSG00000201923,RNA5SP485,technical,0.0,Treehouse Tumor Compendium 25.01 PolyA median TPM,treehouse_polya_25_01_median_v1
ENSG00000251770,RNA5SP486,technical,0.0,Treehouse Tumor Compendium 25.01 PolyA median TPM,treehouse_polya_25_01_median_v1
ENSG00000222118,RNA5SP487,technical,0.0,Treehouse Tumor Compendium 25.01 PolyA median TPM,treehouse_polya_25_01_median_v1
ENSG00000201812,RNA5SP488,technical,0.0,Treehouse Tumor Compendium 25.01 PolyA median TPM,treehouse_polya_25_01_median_v1
ENSG00000238627,RNA5SP489,technical,0.0,Treehouse Tumor Compendium 25.01 PolyA median TPM,treehouse_polya_25_01_median_v1
ENSG00000252259,RNA5SP49,technical,0.0,Treehouse Tumor Compendium 25.01 PolyA median TPM,treehouse_polya_25_01_median_v1
ENSG00000252950,RNA5SP490,technical,0.0,Treehouse Tumor Compendium 25.01 PolyA median TPM,treehouse_polya_25_01_median_v1
ENSG00000199806,RNA5SP491,technical,0.0,Treehouse Tumor Compendium 25.01 PolyA median TPM,treehouse_polya_25_01_median_v1
ENSG00000223262,RNA5SP492,technical,0.0,Treehouse Tumor Compendium 25.01 PolyA median TPM,treehouse_polya_25_01_median_v1
ENSG00000200985,RNA5SP493,technical,0.0,Treehouse Tumor Compendium 25.01 PolyA median TPM,treehouse_polya_25_01_median_v1
ENSG00000222585,RNA5SP494,technical,0.0,Treehouse Tumor Compendium 25.01 PolyA median TPM,treehouse_polya_25_01_median_v1
ENSG00000252267,RNA5SP495,technical,0.0,Treehouse Tumor Compendium 25.01 PolyA median TPM,treehouse_polya_25_01_median_v1
ENSG00000212542,RNA5SP496,technical,0.0,Treehouse Tumor Compendium 25.01 PolyA median TPM,treehouse_polya_25_01_median_v1
ENSG00000251890,RNA5SP497,technical,0.0,Treehouse Tumor Compendium 25.01 PolyA median TPM,treehouse_polya_25_01_median_v1
ENSG00000223274,RNA5SP498,technical,0.0,Treehouse Tumor Compendium 25.01 PolyA median TPM,treehouse_polya_25_01_median_v1
ENSG00000292356,RNA5SP498,technical,0.0,Treehouse Tumor Compendium 25.01 PolyA median TPM,treehouse_polya_25_01_median_v1
ENSG00000200852,RNA5SP499,technical,0.0,Treehouse Tumor Compendium 25.01 PolyA median TPM,treehouse_polya_25_01_median_v1
ENSG00000200601,RNA5SP50,technical,0.0,Treehouse Tumor Compendium 25.01 PolyA median TPM,treehouse_polya_25_01_median_v1
ENSG00000201356,RNA5SP500,technical,0.0,Treehouse Tumor Compendium 25.01 PolyA median TPM,treehouse_polya_25_01_median_v1
ENSG00000222922,RNA5SP501,technical,0.0,Treehouse Tumor Compendium 25.01 PolyA median TPM,treehouse_polya_25_01_median_v1
ENSG00000199564,RNA5SP502,technical,0.0,Treehouse Tumor Compendium 25.01 PolyA median TPM,treehouse_polya_25_01_median_v1
ENSG00000252856,RNA5SP503,technical,0.0,Treehouse Tumor Compendium 25.01 PolyA median TPM,treehouse_polya_25_01_median_v1
ENSG00000222608,RNA5SP504,technical,0.0,Treehouse Tumor Compendium 25.01 PolyA median TPM,treehouse_polya_25_01_median_v1
ENSG00000201618,RNA5SP505,technical,0.0,Treehouse Tumor Compendium 25.01 PolyA median TPM,treehouse_polya_25_01_median_v1
ENSG00000272351,RNA5SP506,technical,0.0,Treehouse Tumor Compendium 25.01 PolyA median TPM,treehouse_polya_25_01_median_v1
ENSG00000200473,RNA5SP507,technical,0.0,Treehouse Tumor Compendium 25.01 PolyA median TPM,treehouse_polya_25_01_median_v1
ENSG00000223259,RNA5SP508,technical,0.0,Treehouse Tumor Compendium 25.01 PolyA median TPM,treehouse_polya_25_01_median_v1
ENSG00000201447,RNA5SP509,technical,0.0,Treehouse Tumor Compendium 25.01 PolyA median TPM,treehouse_polya_25_01_median_v1
ENSG00000201620,RNA5SP51,technical,0.0,Treehouse Tumor Compendium 25.01 PolyA median TPM,treehouse_polya_25_01_median_v1
ENSG00000201567,RNA5SP510,technical,0.0,Treehouse Tumor Compendium 25.01 PolyA median TPM,treehouse_polya_25_01_median_v1
ENSG00000222419,RNA5SP511,technical,0.0,Treehouse Tumor Compendium 25.01 PolyA median TPM,treehouse_polya_25_01_median_v1
ENSG00000201420,RNA5SP512,technical,0.0,Treehouse Tumor Compendium 25.01 PolyA median TPM,treehouse_polya_25_01_median_v1
ENSG00000201518,RNA5SP513,technical,0.0,Treehouse Tumor Compendium 25.01 PolyA median TPM,treehouse_polya_25_01_median_v1
ENSG00000200587,RNA5SP514,technical,0.0,Treehouse Tumor Compendium 25.01 PolyA median TPM,treehouse_polya_25_01_median_v1
ENSG00000201440,RNA5SP515,technical,0.0,Treehouse Tumor Compendium 25.01 PolyA median TPM,treehouse_polya_25_01_median_v1
ENSG00000201000,RNA5SP516,technical,0.0,Treehouse Tumor Compendium 25.01 PolyA median TPM,treehouse_polya_25_01_median_v1
ENSG00000201594,RNA5SP517,technical,0.0,Treehouse Tumor Compendium 25.01 PolyA median TPM,treehouse_polya_25_01_median_v1
ENSG00000251766,RNA5SP518,technical,0.0,Treehouse Tumor Compendium 25.01 PolyA median TPM,treehouse_polya_25_01_median_v1
ENSG00000252289,RNA5SP519,technical,0.0,Treehouse Tumor Compendium 25.01 PolyA median TPM,treehouse_polya_25_01_median_v1
ENSG00000199318,RNA5SP52,technical,0.0,Treehouse Tumor Compendium 25.01 PolyA median TPM,treehouse_polya_25_01_median_v1
ENSG00000252315,RNA5SP520,technical,0.0,Treehouse Tumor Compendium 25.01 PolyA median TPM,treehouse_polya_25_01_median_v1
ENSG00000252012,RNA5SP521,technical,0.0,Treehouse Tumor Compendium 25.01 PolyA median TPM,treehouse_polya_25_01_median_v1
ENSG00000251953,RNA5SP522,technical,0.0,Treehouse Tumor Compendium 25.01 PolyA median TPM,treehouse_polya_25_01_median_v1
ENSG00000252667,RNA5SP523,technical,0.0,Treehouse Tumor Compendium 25.01 PolyA median TPM,treehouse_polya_25_01_median_v1
ENSG00000201285,RNA5SP524,technical,0.0,Treehouse Tumor Compendium 25.01 PolyA median TPM,treehouse_polya_25_01_median_v1
ENSG00000212595,RNA5SP525,technical,0.0,Treehouse Tumor Compendium 25.01 PolyA median TPM,treehouse_polya_25_01_median_v1
ENSG00000274663,RNA5SP526,technical,0.0,Treehouse Tumor Compendium 25.01 PolyA median TPM,treehouse_polya_25_01_median_v1
ENSG00000274759,RNA5SP527,technical,0.0,Treehouse Tumor Compendium 25.01 PolyA median TPM,treehouse_polya_25_01_median_v1
ENSG00000275305,RNA5SP528,technical,0.0,Treehouse Tumor Compendium 25.01 PolyA median TPM,treehouse_polya_25_01_median_v1
ENSG00000276442,RNA5SP529,technical,0.0,Treehouse Tumor Compendium 25.01 PolyA median TPM,treehouse_polya_25_01_median_v1
ENSG00000212601,RNA5SP53,technical,0.0,Treehouse Tumor Compendium 25.01 PolyA median TPM,treehouse_polya_25_01_median_v1
ENSG00000277049,RNA5SP530,technical,0.0,Treehouse Tumor Compendium 25.01 PolyA median TPM,treehouse_polya_25_01_median_v1
ENSG00000277418,RNA5SP531,technical,0.0,Treehouse Tumor Compendium 25.01 PolyA median TPM,treehouse_polya_25_01_median_v1
ENSG00000283433,RNA5SP532,technical,0.0,Treehouse Tumor Compendium 25.01 PolyA median TPM,treehouse_polya_25_01_median_v1
ENSG00000252830,RNA5SP533,technical,0.0,Treehouse Tumor Compendium 25.01 PolyA median TPM,treehouse_polya_25_01_median_v1
ENSG00000274059,RNA5SP534,technical,0.0,Treehouse Tumor Compendium 25.01 PolyA median TPM,treehouse_polya_25_01_median_v1
ENSG00000274097,RNA5SP535,technical,0.0,Treehouse Tumor Compendium 25.01 PolyA median TPM,treehouse_polya_25_01_median_v1
ENSG00000274408,RNA5SP536,technical,0.0,Treehouse Tumor Compendium 25.01 PolyA median TPM,treehouse_polya_25_01_median_v1
ENSG00000252760,RNA5SP54,technical,0.0,Treehouse Tumor Compendium 25.01 PolyA median TPM,treehouse_polya_25_01_median_v1
ENSG00000252510,RNA5SP55,technical,0.0,Treehouse Tumor Compendium 25.01 PolyA median TPM,treehouse_polya_25_01_median_v1
ENSG00000222209,RNA5SP56,technical,0.0,Treehouse Tumor Compendium 25.01 PolyA median TPM,treehouse_polya_25_01_median_v1
ENSG00000238765,RNA5SP57,technical,0.0,Treehouse Tumor Compendium 25.01 PolyA median TPM,treehouse_polya_25_01_median_v1
ENSG00000222854,RNA5SP59,technical,0.0,Treehouse Tumor Compendium 25.01 PolyA median TPM,treehouse_polya_25_01_median_v1
ENSG00000222552,RNA5SP60,technical,0.0,Treehouse Tumor Compendium 25.01 PolyA median TPM,treehouse_polya_25_01_median_v1
ENSG00000252262,RNA5SP61,technical,0.0,Treehouse Tumor Compendium 25.01 PolyA median TPM,treehouse_polya_25_01_median_v1
ENSG00000200327,RNA5SP62,technical,0.0,Treehouse Tumor Compendium 25.01 PolyA median TPM,treehouse_polya_25_01_median_v1
ENSG00000212527,RNA5SP63,technical,0.0,Treehouse Tumor Compendium 25.01 PolyA median TPM,treehouse_polya_25_01_median_v1
ENSG00000207341,RNA5SP64,technical,0.0,Treehouse Tumor Compendium 25.01 PolyA median TPM,treehouse_polya_25_01_median_v1
ENSG00000200036,RNA5SP65,technical,0.0,Treehouse Tumor Compendium 25.01 PolyA median TPM,treehouse_polya_25_01_median_v1
ENSG00000252987,RNA5SP66,technical,0.0,Treehouse Tumor Compendium 25.01 PolyA median TPM,treehouse_polya_25_01_median_v1
ENSG00000252231,RNA5SP67,technical,0.0,Treehouse Tumor Compendium 25.01 PolyA median TPM,treehouse_polya_25_01_median_v1
ENSG00000200755,RNA5SP68,technical,0.0,Treehouse Tumor Compendium 25.01 PolyA median TPM,treehouse_polya_25_01_median_v1
ENSG00000201347,RNA5SP69,technical,0.0,Treehouse Tumor Compendium 25.01 PolyA median TPM,treehouse_polya_25_01_median_v1
ENSG00000252977,RNA5SP70,technical,0.0,Treehouse Tumor Compendium 25.01 PolyA median TPM,treehouse_polya_25_01_median_v1
ENSG00000199837,RNA5SP71,technical,0.0,Treehouse Tumor Compendium 25.01 PolyA median TPM,treehouse_polya_25_01_median_v1
ENSG00000201312,RNA5SP72,technical,0.0,Treehouse Tumor Compendium 25.01 PolyA median TPM,treehouse_polya_25_01_median_v1
ENSG00000252553,RNA5SP73,technical,0.0,Treehouse Tumor Compendium 25.01 PolyA median TPM,treehouse_polya_25_01_median_v1
ENSG00000200408,RNA5SP74,technical,0.0,Treehouse Tumor Compendium 25.01 PolyA median TPM,treehouse_polya_25_01_median_v1
ENSG00000252650,RNA5SP75,technical,0.0,Treehouse Tumor Compendium 25.01 PolyA median TPM,treehouse_polya_25_01_median_v1
ENSG00000252086,RNA5SP76,technical,0.0,Treehouse Tumor Compendium 25.01 PolyA median TPM,treehouse_polya_25_01_median_v1
ENSG00000202264,RNA5SP77,technical,0.0,Treehouse Tumor Compendium 25.01 PolyA median TPM,treehouse_polya_25_01_median_v1
ENSG00000201492,RNA5SP78,technical,0.0,Treehouse Tumor Compendium 25.01 PolyA median TPM,treehouse_polya_25_01_median_v1
ENSG00000202063,RNA5SP79,technical,0.0,Treehouse Tumor Compendium 25.01 PolyA median TPM,treehouse_polya_25_01_median_v1
ENSG00000222407,RNA5SP80,technical,0.0,Treehouse Tumor Compendium 25.01 PolyA median TPM,treehouse_polya_25_01_median_v1
ENSG00000222120,RNA5SP81,technical,0.0,Treehouse Tumor Compendium 25.01 PolyA median TPM,treehouse_polya_25_01_median_v1
ENSG00000252516,RNA5SP82,technical,0.0,Treehouse Tumor Compendium 25.01 PolyA median TPM,treehouse_polya_25_01_median_v1
ENSG00000201610,RNA5SP84,technical,0.0,Treehouse Tumor Compendium 25.01 PolyA median TPM,treehouse_polya_25_01_median_v1
ENSG00000202248,RNA5SP85,technical,0.0,Treehouse Tumor Compendium 25.01 PolyA median TPM,treehouse_polya_25_01_median_v1
ENSG00000212171,RNA5SP86,technical,0.0,Treehouse Tumor Compendium 25.01 PolyA median TPM,treehouse_polya_25_01_median_v1
ENSG00000206882,RNA5SP87,technical,0.0,Treehouse Tumor Compendium 25.01 PolyA median TPM,treehouse_polya_25_01_median_v1
ENSG00000202430,RNA5SP88,technical,0.0,Treehouse Tumor Compendium 25.01 PolyA median TPM,treehouse_polya_25_01_median_v1
ENSG00000222232,RNA5SP89,technical,0.0,Treehouse Tumor Compendium 25.01 PolyA median TPM,treehouse_polya_25_01_median_v1
ENSG00000201671,RNA5SP90,technical,0.0,Treehouse Tumor Compendium 25.01 PolyA median TPM,treehouse_polya_25_01_median_v1
ENSG00000212204,RNA5SP91,technical,0.0,Treehouse Tumor Compendium 25.01 PolyA median TPM,treehouse_polya_25_01_median_v1
ENSG00000252246,RNA5SP92,technical,0.0,Treehouse Tumor Compendium 25.01 PolyA median TPM,treehouse_polya_25_01_median_v1
ENSG00000199395,RNA5SP93,technical,0.0,Treehouse Tumor Compendium 25.01 PolyA median TPM,treehouse_polya_25_01_median_v1
ENSG00000252726,RNA5SP94,technical,0.0,Treehouse Tumor Compendium 25.01 PolyA median TPM,treehouse_polya_25_01_median_v1
ENSG00000222251,RNA5SP95,technical,0.0,Treehouse Tumor Compendium 25.01 PolyA median TPM,treehouse_polya_25_01_median_v1
ENSG00000251850,RNA5SP96,technical,0.0,Treehouse Tumor Compendium 25.01 PolyA median TPM,treehouse_polya_25_01_median_v1
ENSG00000201876,RNA5SP97,technical,0.0,Treehouse Tumor Compendium 25.01 PolyA median TPM,treehouse_polya_25_01_median_v1
ENSG00000200028,RNA5SP98,technical,0.0,Treehouse Tumor Compendium 25.01 PolyA median TPM,treehouse_polya_25_01_median_v1
ENSG00000200890,RNA5SP99,technical,0.0,Treehouse Tumor Compendium 25.01 PolyA median TPM,treehouse_polya_25_01_median_v1
ENSG00000206652,RNU1-1,technical,11.659944,Treehouse Tumor Compendium 25.01 PolyA median TPM,treehouse_polya_25_01_median_v1
ENSG00000202125,RNU1-100P,technical,0.0,Treehouse Tumor Compendium 25.01 PolyA median TPM,treehouse_polya_25_01_median_v1
ENSG00000212473,RNU1-101P,technical,0.0,Treehouse Tumor Compendium 25.01 PolyA median TPM,treehouse_polya_25_01_median_v1
ENSG00000252311,RNU1-103P,technical,0.0,Treehouse Tumor Compendium 25.01 PolyA median TPM,treehouse_polya_25_01_median_v1
ENSG00000253089,RNU1-104P,technical,0.0,Treehouse Tumor Compendium 25.01 PolyA median TPM,treehouse_polya_25_01_median_v1
ENSG00000200340,RNU1-105P,technical,0.0,Treehouse Tumor Compendium 25.01 PolyA median TPM,treehouse_polya_25_01_median_v1
ENSG00000252426,RNU1-107P,technical,0.0,Treehouse Tumor Compendium 25.01 PolyA median TPM,treehouse_polya_25_01_median_v1
ENSG00000199426,RNU1-108P,technical,0.0,Treehouse Tumor Compendium 25.01 PolyA median TPM,treehouse_polya_25_01_median_v1
ENSG00000206687,RNU1-109P,technical,0.0,Treehouse Tumor Compendium 25.01 PolyA median TPM,treehouse_polya_25_01_median_v1
ENSG00000201271,RNU1-112P,technical,0.0,Treehouse Tumor Compendium 25.01 PolyA median TPM,treehouse_polya_25_01_median_v1
ENSG00000202167,RNU1-114P,technical,0.0,Treehouse Tumor Compendium 25.01 PolyA median TPM,treehouse_polya_25_01_median_v1
ENSG00000202199,RNU1-115P,technical,0.0,Treehouse Tumor Compendium 25.01 PolyA median TPM,treehouse_polya_25_01_median_v1
ENSG00000252850,RNU1-117P,technical,0.0,Treehouse Tumor Compendium 25.01 PolyA median TPM,treehouse_polya_25_01_median_v1
ENSG00000212424,RNU1-119P,technical,0.0,Treehouse Tumor Compendium 25.01 PolyA median TPM,treehouse_polya_25_01_median_v1
ENSG00000206702,RNU1-11P,technical,0.0,Treehouse Tumor Compendium 25.01 PolyA median TPM,treehouse_polya_25_01_median_v1
ENSG00000239194,RNU1-123P,technical,0.0,Treehouse Tumor Compendium 25.01 PolyA median TPM,treehouse_polya_25_01_median_v1
ENSG00000200731,RNU1-124P,technical,0.0,Treehouse Tumor Compendium 25.01 PolyA median TPM,treehouse_polya_25_01_median_v1
ENSG00000252561,RNU1-125P,technical,0.0,Treehouse Tumor Compendium 25.01 PolyA median TPM,treehouse_polya_25_01_median_v1
ENSG00000252513,RNU1-128P,technical,0.0,Treehouse Tumor Compendium 25.01 PolyA median TPM,treehouse_polya_25_01_median_v1
ENSG00000206791,RNU1-129P,technical,0.0,Treehouse Tumor Compendium 25.01 PolyA median TPM,treehouse_polya_25_01_median_v1
ENSG00000200800,RNU1-130P,technical,0.0,Treehouse Tumor Compendium 25.01 PolyA median TPM,treehouse_polya_25_01_median_v1
ENSG00000238833,RNU1-131P,technical,0.0,Treehouse Tumor Compendium 25.01 PolyA median TPM,treehouse_polya_25_01_median_v1
ENSG00000201170,RNU1-132P,technical,0.0,Treehouse Tumor Compendium 25.01 PolyA median TPM,treehouse_polya_25_01_median_v1
ENSG00000201737,RNU1-133P,technical,0.0,Treehouse Tumor Compendium 25.01 PolyA median TPM,treehouse_polya_25_01_median_v1
ENSG00000199805,RNU1-134P,technical,0.0,Treehouse Tumor Compendium 25.01 PolyA median TPM,treehouse_polya_25_01_median_v1
ENSG00000206908,RNU1-136P,technical,0.0,Treehouse Tumor Compendium 25.01 PolyA median TPM,treehouse_polya_25_01_median_v1
ENSG00000206820,RNU1-138P,technical,0.0,Treehouse Tumor Compendium 25.01 PolyA median TPM,treehouse_polya_25_01_median_v1
ENSG00000212609,RNU1-139P,technical,0.0,Treehouse Tumor Compendium 25.01 PolyA median TPM,treehouse_polya_25_01_median_v1
ENSG00000201910,RNU1-140P,technical,0.0,Treehouse Tumor Compendium 25.01 PolyA median TPM,treehouse_polya_25_01_median_v1
ENSG00000201493,RNU1-141P,technical,0.0,Treehouse Tumor Compendium 25.01 PolyA median TPM,treehouse_polya_25_01_median_v1
ENSG00000252491,RNU1-142P,technical,0.0,Treehouse Tumor Compendium 25.01 PolyA median TPM,treehouse_polya_25_01_median_v1
ENSG00000252105,RNU1-143P,technical,0.0,Treehouse Tumor Compendium 25.01 PolyA median TPM,treehouse_polya_25_01_median_v1
ENSG00000200885,RNU1-146P,technical,0.0,Treehouse Tumor Compendium 25.01 PolyA median TPM,treehouse_polya_25_01_median_v1
ENSG00000207201,RNU1-148P,technical,0.0,Treehouse Tumor Compendium 25.01 PolyA median TPM,treehouse_polya_25_01_median_v1
ENSG00000212172,RNU1-149P,technical,0.0,Treehouse Tumor Compendium 25.01 PolyA median TPM,treehouse_polya_25_01_median_v1
ENSG00000199629,RNU1-14P,technical,0.0,Treehouse Tumor Compendium 25.01 PolyA median TPM,treehouse_polya_25_01_median_v1
ENSG00000199361,RNU1-150P,technical,0.0,Treehouse Tumor Compendium 25.01 PolyA median TPM,treehouse_polya_25_01_median_v1
ENSG00000201142,RNU1-151P,technical,0.0,Treehouse Tumor Compendium 25.01 PolyA median TPM,treehouse_polya_25_01_median_v1
ENSG00000277678,RNU1-153P,technical,0.0,Treehouse Tumor Compendium 25.01 PolyA median TPM,treehouse_polya_25_01_median_v1
ENSG00000270384,RNU1-154P,technical,0.0,Treehouse Tumor Compendium 25.01 PolyA median TPM,treehouse_polya_25_01_median_v1
ENSG00000252135,RNU1-155P,technical,0.0,Treehouse Tumor Compendium 25.01 PolyA median TPM,treehouse_polya_25_01_median_v1
ENSG00000195024,RNU1-15P,technical,0.0,Treehouse Tumor Compendium 25.01 PolyA median TPM,treehouse_polya_25_01_median_v1
ENSG00000202347,RNU1-16P,technical,0.0,Treehouse Tumor Compendium 25.01 PolyA median TPM,treehouse_polya_25_01_median_v1
ENSG00000199892,RNU1-17P,technical,0.0,Treehouse Tumor Compendium 25.01 PolyA median TPM,treehouse_polya_25_01_median_v1
ENSG00000199932,RNU1-18P,technical,0.0,Treehouse Tumor Compendium 25.01 PolyA median TPM,treehouse_polya_25_01_median_v1
ENSG00000200176,RNU1-19P,technical,0.0,Treehouse Tumor Compendium 25.01 PolyA median TPM,treehouse_polya_25_01_median_v1
ENSG00000207005,RNU1-2,technical,12.770103,Treehouse Tumor Compendium 25.01 PolyA median TPM,treehouse_polya_25_01_median_v1
ENSG00000200184,RNU1-20P,technical,0.0,Treehouse Tumor Compendium 25.01 PolyA median TPM,treehouse_polya_25_01_median_v1
ENSG00000200197,RNU1-21P,technical,0.0,Treehouse Tumor Compendium 25.01 PolyA median TPM,treehouse_polya_25_01_median_v1
ENSG00000200204,RNU1-22P,technical,0.0,Treehouse Tumor Compendium 25.01 PolyA median TPM,treehouse_polya_25_01_median_v1
ENSG00000200231,RNU1-23P,technical,0.0,Treehouse Tumor Compendium 25.01 PolyA median TPM,treehouse_polya_25_01_median_v1
ENSG00000201155,RNU1-24P,technical,0.0,Treehouse Tumor Compendium 25.01 PolyA median TPM,treehouse_polya_25_01_median_v1
ENSG00000206596,RNU1-27P,technical,12.770103,Treehouse Tumor Compendium 25.01 PolyA median TPM,treehouse_polya_25_01_median_v1
ENSG00000206588,RNU1-28P,technical,11.659944,Treehouse Tumor Compendium 25.01 PolyA median TPM,treehouse_polya_25_01_median_v1
ENSG00000271739,RNU1-29P,technical,0.0,Treehouse Tumor Compendium 25.01 PolyA median TPM,treehouse_polya_25_01_median_v1
ENSG00000207513,RNU1-3,technical,11.659944,Treehouse Tumor Compendium 25.01 PolyA median TPM,treehouse_polya_25_01_median_v1
ENSG00000272020,RNU1-30P,technical,0.0,Treehouse Tumor Compendium 25.01 PolyA median TPM,treehouse_polya_25_01_median_v1
ENSG00000200745,RNU1-31P,technical,0.0,Treehouse Tumor Compendium 25.01 PolyA median TPM,treehouse_polya_25_01_median_v1
ENSG00000200807,RNU1-32P,technical,0.0,Treehouse Tumor Compendium 25.01 PolyA median TPM,treehouse_polya_25_01_median_v1
ENSG00000201119,RNU1-33P,technical,0.0,Treehouse Tumor Compendium 25.01 PolyA median TPM,treehouse_polya_25_01_median_v1
ENSG00000201291,RNU1-34P,technical,0.0,Treehouse Tumor Compendium 25.01 PolyA median TPM,treehouse_polya_25_01_median_v1
ENSG00000199652,RNU1-35P,technical,0.0,Treehouse Tumor Compendium 25.01 PolyA median TPM,treehouse_polya_25_01_median_v1
ENSG00000202000,RNU1-36P,technical,0.0,Treehouse Tumor Compendium 25.01 PolyA median TPM,treehouse_polya_25_01_median_v1
ENSG00000199687,RNU1-38P,technical,0.0,Treehouse Tumor Compendium 25.01 PolyA median TPM,treehouse_polya_25_01_median_v1
ENSG00000206624,RNU1-39P,technical,0.0,Treehouse Tumor Compendium 25.01 PolyA median TPM,treehouse_polya_25_01_median_v1
ENSG00000207389,RNU1-4,technical,12.770103,Treehouse Tumor Compendium 25.01 PolyA median TPM,treehouse_polya_25_01_median_v1
ENSG00000252625,RNU1-40P,technical,0.0,Treehouse Tumor Compendium 25.01 PolyA median TPM,treehouse_polya_25_01_median_v1
ENSG00000251970,RNU1-41P,technical,0.0,Treehouse Tumor Compendium 25.01 PolyA median TPM,treehouse_polya_25_01_median_v1
ENSG00000200903,RNU1-42P,technical,0.0,Treehouse Tumor Compendium 25.01 PolyA median TPM,treehouse_polya_25_01_median_v1
ENSG00000201922,RNU1-43P,technical,0.0,Treehouse Tumor Compendium 25.01 PolyA median TPM,treehouse_polya_25_01_median_v1
ENSG00000207182,RNU1-44P,technical,0.0,Treehouse Tumor Compendium 25.01 PolyA median TPM,treehouse_polya_25_01_median_v1
ENSG00000253000,RNU1-45P,technical,0.0,Treehouse Tumor Compendium 25.01 PolyA median TPM,treehouse_polya_25_01_median_v1
ENSG00000207154,RNU1-46P,technical,0.0,Treehouse Tumor Compendium 25.01 PolyA median TPM,treehouse_polya_25_01_median_v1
ENSG00000199836,RNU1-47P,technical,0.0,Treehouse Tumor Compendium 25.01 PolyA median TPM,treehouse_polya_25_01_median_v1
ENSG00000252209,RNU1-48P,technical,0.0,Treehouse Tumor Compendium 25.01 PolyA median TPM,treehouse_polya_25_01_median_v1
ENSG00000200338,RNU1-49P,technical,0.0,Treehouse Tumor Compendium 25.01 PolyA median TPM,treehouse_polya_25_01_median_v1
ENSG00000202215,RNU1-51P,technical,0.0,Treehouse Tumor Compendium 25.01 PolyA median TPM,treehouse_polya_25_01_median_v1
ENSG00000206917,RNU1-52P,technical,0.0,Treehouse Tumor Compendium 25.01 PolyA median TPM,treehouse_polya_25_01_median_v1
ENSG00000252990,RNU1-54P,technical,0.0,Treehouse Tumor Compendium 25.01 PolyA median TPM,treehouse_polya_25_01_median_v1
ENSG00000202380,RNU1-55P,technical,0.0,Treehouse Tumor Compendium 25.01 PolyA median TPM,treehouse_polya_25_01_median_v1
ENSG00000212605,RNU1-56P,technical,0.0,Treehouse Tumor Compendium 25.01 PolyA median TPM,treehouse_polya_25_01_median_v1
ENSG00000207220,RNU1-57P,technical,0.0,Treehouse Tumor Compendium 25.01 PolyA median TPM,treehouse_polya_25_01_median_v1
ENSG00000199283,RNU1-58P,technical,0.0,Treehouse Tumor Compendium 25.01 PolyA median TPM,treehouse_polya_25_01_median_v1
ENSG00000277234,RNU1-5P,technical,0.0,Treehouse Tumor Compendium 25.01 PolyA median TPM,treehouse_polya_25_01_median_v1
ENSG00000251916,RNU1-61P,technical,0.0,Treehouse Tumor Compendium 25.01 PolyA median TPM,treehouse_polya_25_01_median_v1
ENSG00000199469,RNU1-62P,technical,0.0,Treehouse Tumor Compendium 25.01 PolyA median TPM,treehouse_polya_25_01_median_v1
ENSG00000206629,RNU1-63P,technical,0.0,Treehouse Tumor Compendium 25.01 PolyA median TPM,treehouse_polya_25_01_median_v1
ENSG00000202313,RNU1-64P,technical,0.0,Treehouse Tumor Compendium 25.01 PolyA median TPM,treehouse_polya_25_01_median_v1
ENSG00000200789,RNU1-65P,technical,0.0,Treehouse Tumor Compendium 25.01 PolyA median TPM,treehouse_polya_25_01_median_v1
ENSG00000207175,RNU1-67P,technical,0.0,Treehouse Tumor Compendium 25.01 PolyA median TPM,treehouse_polya_25_01_median_v1
ENSG00000275229,RNU1-68P,technical,0.0,Treehouse Tumor Compendium 25.01 PolyA median TPM,treehouse_polya_25_01_median_v1
ENSG00000277344,RNU1-6P,technical,0.0,Treehouse Tumor Compendium 25.01 PolyA median TPM,treehouse_polya_25_01_median_v1
ENSG00000199488,RNU1-70P,technical,0.0,Treehouse Tumor Compendium 25.01 PolyA median TPM,treehouse_polya_25_01_median_v1
ENSG00000199846,RNU1-72P,technical,0.0,Treehouse Tumor Compendium 25.01 PolyA median TPM,treehouse_polya_25_01_median_v1
ENSG00000206698,RNU1-73P,technical,0.0,Treehouse Tumor Compendium 25.01 PolyA median TPM,treehouse_polya_25_01_median_v1
ENSG00000206835,RNU1-74P,technical,0.0,Treehouse Tumor Compendium 25.01 PolyA median TPM,treehouse_polya_25_01_median_v1
ENSG00000194297,RNU1-75P,technical,0.0,Treehouse Tumor Compendium 25.01 PolyA median TPM,treehouse_polya_25_01_median_v1
ENSG00000199773,RNU1-76P,technical,0.0,Treehouse Tumor Compendium 25.01 PolyA median TPM,treehouse_polya_25_01_median_v1
ENSG00000212170,RNU1-77P,technical,0.0,Treehouse Tumor Compendium 25.01 PolyA median TPM,treehouse_polya_25_01_median_v1
ENSG00000212550,RNU1-78P,technical,0.0,Treehouse Tumor Compendium 25.01 PolyA median TPM,treehouse_polya_25_01_median_v1
ENSG00000200975,RNU1-7P,technical,0.0,Treehouse Tumor Compendium 25.01 PolyA median TPM,treehouse_polya_25_01_median_v1
ENSG00000238898,RNU1-80P,technical,0.0,Treehouse Tumor Compendium 25.01 PolyA median TPM,treehouse_polya_25_01_median_v1
ENSG00000212153,RNU1-82P,technical,0.0,Treehouse Tumor Compendium 25.01 PolyA median TPM,treehouse_polya_25_01_median_v1
ENSG00000200296,RNU1-83P,technical,0.0,Treehouse Tumor Compendium 25.01 PolyA median TPM,treehouse_polya_25_01_median_v1
ENSG00000202317,RNU1-84P,technical,0.0,Treehouse Tumor Compendium 25.01 PolyA median TPM,treehouse_polya_25_01_median_v1
ENSG00000251917,RNU1-86P,technical,0.0,Treehouse Tumor Compendium 25.01 PolyA median TPM,treehouse_polya_25_01_median_v1
ENSG00000238554,RNU1-88P,technical,0.0,Treehouse Tumor Compendium 25.01 PolyA median TPM,treehouse_polya_25_01_median_v1
ENSG00000207322,RNU1-89P,technical,0.0,Treehouse Tumor Compendium 25.01 PolyA median TPM,treehouse_polya_25_01_median_v1
ENSG00000207056,RNU1-8P,technical,0.0,Treehouse Tumor Compendium 25.01 PolyA median TPM,treehouse_polya_25_01_median_v1
ENSG00000201616,RNU1-91P,technical,0.0,Treehouse Tumor Compendium 25.01 PolyA median TPM,treehouse_polya_25_01_median_v1
ENSG00000201574,RNU1-93P,technical,0.0,Treehouse Tumor Compendium 25.01 PolyA median TPM,treehouse_polya_25_01_median_v1
ENSG00000199497,RNU1-94P,technical,0.0,Treehouse Tumor Compendium 25.01 PolyA median TPM,treehouse_polya_25_01_median_v1
ENSG00000252166,RNU1-95P,technical,0.0,Treehouse Tumor Compendium 25.01 PolyA median TPM,treehouse_polya_25_01_median_v1
ENSG00000201033,RNU1-96P,technical,0.0,Treehouse Tumor Compendium 25.01 PolyA median TPM,treehouse_polya_25_01_median_v1
ENSG00000252681,RNU1-97P,technical,0.0,Treehouse Tumor Compendium 25.01 PolyA median TPM,treehouse_polya_25_01_median_v1
ENSG00000239023,RNU1-98P,technical,0.0,Treehouse Tumor Compendium 25.01 PolyA median TPM,treehouse_polya_25_01_median_v1
ENSG00000201348,RNU105B,technical,0.0,Treehouse Tumor Compendium 25.01 PolyA median TPM,treehouse_polya_25_01_median_v1
ENSG00000199212,RNU105C,technical,0.0,Treehouse Tumor Compendium 25.01 PolyA median TPM,treehouse_polya_25_01_median_v1
ENSG00000274978,RNU11,technical,0.0,Treehouse Tumor Compendium 25.01 PolyA median TPM,treehouse_polya_25_01_median_v1
ENSG00000252707,RNU11-2P,technical,0.0,Treehouse Tumor Compendium 25.01 PolyA median TPM,treehouse_polya_25_01_median_v1
ENSG00000212413,RNU11-3P,technical,0.0,Treehouse Tumor Compendium 25.01 PolyA median TPM,treehouse_polya_25_01_median_v1
ENSG00000212451,RNU11-4P,technical,0.0,Treehouse Tumor Compendium 25.01 PolyA median TPM,treehouse_polya_25_01_median_v1
ENSG00000212518,RNU11-5P,technical,0.0,Treehouse Tumor Compendium 25.01 PolyA median TPM,treehouse_polya_25_01_median_v1
ENSG00000212429,RNU11-6P,technical,0.0,Treehouse Tumor Compendium 25.01 PolyA median TPM,treehouse_polya_25_01_median_v1
ENSG00000276027,RNU12,technical,0.090099,Treehouse Tumor Compendium 25.01 PolyA median TPM,treehouse_polya_25_01_median_v1
ENSG00000201659,RNU12-2P,technical,0.0,Treehouse Tumor Compendium 25.01 PolyA median TPM,treehouse_polya_25_01_median_v1
ENSG00000274585,RNU2-1,technical,0.0,Treehouse Tumor Compendium 25.01 PolyA median TPM,treehouse_polya_25_01_median_v1
ENSG00000252184,RNU2-10P,technical,0.0,Treehouse Tumor Compendium 25.01 PolyA median TPM,treehouse_polya_25_01_median_v1
ENSG00000239122,RNU2-11P,technical,0.0,Treehouse Tumor Compendium 25.01 PolyA median TPM,treehouse_polya_25_01_median_v1
ENSG00000253025,RNU2-12P,technical,0.0,Treehouse Tumor Compendium 25.01 PolyA median TPM,treehouse_polya_25_01_median_v1
ENSG00000251718,RNU2-13P,technical,0.0,Treehouse Tumor Compendium 25.01 PolyA median TPM,treehouse_polya_25_01_median_v1
ENSG00000222985,RNU2-14P,technical,0.0,Treehouse Tumor Compendium 25.01 PolyA median TPM,treehouse_polya_25_01_median_v1
ENSG00000222624,RNU2-15P,technical,0.0,Treehouse Tumor Compendium 25.01 PolyA median TPM,treehouse_polya_25_01_median_v1
ENSG00000222644,RNU2-16P,technical,0.0,Treehouse Tumor Compendium 25.01 PolyA median TPM,treehouse_polya_25_01_median_v1
ENSG00000222222,RNU2-17P,technical,0.0,Treehouse Tumor Compendium 25.01 PolyA median TPM,treehouse_polya_25_01_median_v1
ENSG00000223156,RNU2-18P,technical,0.0,Treehouse Tumor Compendium 25.01 PolyA median TPM,treehouse_polya_25_01_median_v1
ENSG00000253097,RNU2-19P,technical,0.0,Treehouse Tumor Compendium 25.01 PolyA median TPM,treehouse_polya_25_01_median_v1
ENSG00000222328,RNU2-2,technical,0.0,Treehouse Tumor Compendium 25.01 PolyA median TPM,treehouse_polya_25_01_median_v1
ENSG00000222357,RNU2-20P,technical,0.0,Treehouse Tumor Compendium 25.01 PolyA median TPM,treehouse_polya_25_01_median_v1
ENSG00000222300,RNU2-21P,technical,0.0,Treehouse Tumor Compendium 25.01 PolyA median TPM,treehouse_polya_25_01_median_v1
ENSG00000223198,RNU2-22P,technical,0.0,Treehouse Tumor Compendium 25.01 PolyA median TPM,treehouse_polya_25_01_median_v1
ENSG00000222477,RNU2-23P,technical,0.0,Treehouse Tumor Compendium 25.01 PolyA median TPM,treehouse_polya_25_01_median_v1
ENSG00000252639,RNU2-24P,technical,0.0,Treehouse Tumor Compendium 25.01 PolyA median TPM,treehouse_polya_25_01_median_v1
ENSG00000222973,RNU2-25P,technical,0.0,Treehouse Tumor Compendium 25.01 PolyA median TPM,treehouse_polya_25_01_median_v1
ENSG00000222440,RNU2-26P,technical,0.0,Treehouse Tumor Compendium 25.01 PolyA median TPM,treehouse_polya_25_01_median_v1
ENSG00000251994,RNU2-27P,technical,0.0,Treehouse Tumor Compendium 25.01 PolyA median TPM,treehouse_polya_25_01_median_v1
ENSG00000222389,RNU2-28P,technical,0.0,Treehouse Tumor Compendium 25.01 PolyA median TPM,treehouse_polya_25_01_median_v1
ENSG00000222355,RNU2-29P,technical,0.0,Treehouse Tumor Compendium 25.01 PolyA median TPM,treehouse_polya_25_01_median_v1
ENSG00000252018,RNU2-30P,technical,0.0,Treehouse Tumor Compendium 25.01 PolyA median TPM,treehouse_polya_25_01_median_v1
ENSG00000252763,RNU2-31P,technical,0.0,Treehouse Tumor Compendium 25.01 PolyA median TPM,treehouse_polya_25_01_median_v1
ENSG00000223125,RNU2-32P,technical,0.0,Treehouse Tumor Compendium 25.01 PolyA median TPM,treehouse_polya_25_01_median_v1
ENSG00000222276,RNU2-33P,technical,0.0,Treehouse Tumor Compendium 25.01 PolyA median TPM,treehouse_polya_25_01_median_v1
ENSG00000252343,RNU2-34P,technical,0.0,Treehouse Tumor Compendium 25.01 PolyA median TPM,treehouse_polya_25_01_median_v1
ENSG00000252255,RNU2-35P,technical,0.0,Treehouse Tumor Compendium 25.01 PolyA median TPM,treehouse_polya_25_01_median_v1
ENSG00000222293,RNU2-36P,technical,0.0,Treehouse Tumor Compendium 25.01 PolyA median TPM,treehouse_polya_25_01_median_v1
ENSG00000222627,RNU2-37P,technical,0.0,Treehouse Tumor Compendium 25.01 PolyA median TPM,treehouse_polya_25_01_median_v1
ENSG00000222788,RNU2-38P,technical,0.0,Treehouse Tumor Compendium 25.01 PolyA median TPM,treehouse_polya_25_01_median_v1
ENSG00000222536,RNU2-39P,technical,0.0,Treehouse Tumor Compendium 25.01 PolyA median TPM,treehouse_polya_25_01_median_v1
ENSG00000222076,RNU2-3P,technical,0.0,Treehouse Tumor Compendium 25.01 PolyA median TPM,treehouse_polya_25_01_median_v1
ENSG00000222765,RNU2-40P,technical,0.0,Treehouse Tumor Compendium 25.01 PolyA median TPM,treehouse_polya_25_01_median_v1
ENSG00000222923,RNU2-41P,technical,0.0,Treehouse Tumor Compendium 25.01 PolyA median TPM,treehouse_polya_25_01_median_v1
ENSG00000222629,RNU2-42P,technical,0.0,Treehouse Tumor Compendium 25.01 PolyA median TPM,treehouse_polya_25_01_median_v1
ENSG00000222238,RNU2-43P,technical,0.0,Treehouse Tumor Compendium 25.01 PolyA median TPM,treehouse_polya_25_01_median_v1
ENSG00000252604,RNU2-44P,technical,0.0,Treehouse Tumor Compendium 25.01 PolyA median TPM,treehouse_polya_25_01_median_v1
ENSG00000251877,RNU2-45P,technical,0.0,Treehouse Tumor Compendium 25.01 PolyA median TPM,treehouse_polya_25_01_median_v1
ENSG00000252847,RNU2-46P,technical,0.0,Treehouse Tumor Compendium 25.01 PolyA median TPM,treehouse_polya_25_01_median_v1
ENSG00000222581,RNU2-47P,technical,0.0,Treehouse Tumor Compendium 25.01 PolyA median TPM,treehouse_polya_25_01_median_v1
ENSG00000222626,RNU2-48P,technical,0.0,Treehouse Tumor Compendium 25.01 PolyA median TPM,treehouse_polya_25_01_median_v1
ENSG00000222598,RNU2-49P,technical,0.0,Treehouse Tumor Compendium 25.01 PolyA median TPM,treehouse_polya_25_01_median_v1
ENSG00000277084,RNU2-4P,technical,0.0,Treehouse Tumor Compendium 25.01 PolyA median TPM,treehouse_polya_25_01_median_v1
ENSG00000222426,RNU2-50P,technical,0.0,Treehouse Tumor Compendium 25.01 PolyA median TPM,treehouse_polya_25_01_median_v1
ENSG00000222640,RNU2-51P,technical,0.0,Treehouse Tumor Compendium 25.01 PolyA median TPM,treehouse_polya_25_01_median_v1
ENSG00000222612,RNU2-52P,technical,0.0,Treehouse Tumor Compendium 25.01 PolyA median TPM,treehouse_polya_25_01_median_v1
ENSG00000252066,RNU2-53P,technical,0.0,Treehouse Tumor Compendium 25.01 PolyA median TPM,treehouse_polya_25_01_median_v1
ENSG00000222231,RNU2-54P,technical,0.0,Treehouse Tumor Compendium 25.01 PolyA median TPM,treehouse_polya_25_01_median_v1
ENSG00000223078,RNU2-55P,technical,0.0,Treehouse Tumor Compendium 25.01 PolyA median TPM,treehouse_polya_25_01_median_v1
ENSG00000252635,RNU2-56P,technical,0.0,Treehouse Tumor Compendium 25.01 PolyA median TPM,treehouse_polya_25_01_median_v1
ENSG00000252468,RNU2-57P,technical,0.0,Treehouse Tumor Compendium 25.01 PolyA median TPM,treehouse_polya_25_01_median_v1
ENSG00000252212,RNU2-58P,technical,0.0,Treehouse Tumor Compendium 25.01 PolyA median TPM,treehouse_polya_25_01_median_v1
ENSG00000222414,RNU2-59P,technical,0.0,Treehouse Tumor Compendium 25.01 PolyA median TPM,treehouse_polya_25_01_median_v1
ENSG00000222465,RNU2-5P,technical,0.0,Treehouse Tumor Compendium 25.01 PolyA median TPM,treehouse_polya_25_01_median_v1
ENSG00000253099,RNU2-60P,technical,0.0,Treehouse Tumor Compendium 25.01 PolyA median TPM,treehouse_polya_25_01_median_v1
ENSG00000223001,RNU2-61P,technical,0.0,Treehouse Tumor Compendium 25.01 PolyA median TPM,treehouse_polya_25_01_median_v1
ENSG00000222800,RNU2-62P,technical,0.0,Treehouse Tumor Compendium 25.01 PolyA median TPM,treehouse_polya_25_01_median_v1
ENSG00000222724,RNU2-63P,technical,0.0,Treehouse Tumor Compendium 25.01 PolyA median TPM,treehouse_polya_25_01_median_v1
ENSG00000223247,RNU2-64P,technical,0.0,Treehouse Tumor Compendium 25.01 PolyA median TPM,treehouse_polya_25_01_median_v1
ENSG00000222094,RNU2-65P,technical,0.0,Treehouse Tumor Compendium 25.01 PolyA median TPM,treehouse_polya_25_01_median_v1
ENSG00000222582,RNU2-66P,technical,0.0,Treehouse Tumor Compendium 25.01 PolyA median TPM,treehouse_polya_25_01_median_v1
ENSG00000222810,RNU2-68P,technical,0.0,Treehouse Tumor Compendium 25.01 PolyA median TPM,treehouse_polya_25_01_median_v1
ENSG00000251870,RNU2-69P,technical,0.0,Treehouse Tumor Compendium 25.01 PolyA median TPM,treehouse_polya_25_01_median_v1
ENSG00000223336,RNU2-6P,technical,0.0,Treehouse Tumor Compendium 25.01 PolyA median TPM,treehouse_polya_25_01_median_v1
ENSG00000222650,RNU2-70P,technical,0.0,Treehouse Tumor Compendium 25.01 PolyA median TPM,treehouse_polya_25_01_median_v1
ENSG00000223327,RNU2-71P,technical,0.0,Treehouse Tumor Compendium 25.01 PolyA median TPM,treehouse_polya_25_01_median_v1
ENSG00000223107,RNU2-72P,technical,0.0,Treehouse Tumor Compendium 25.01 PolyA median TPM,treehouse_polya_25_01_median_v1
ENSG00000222726,RNU2-7P,technical,0.0,Treehouse Tumor Compendium 25.01 PolyA median TPM,treehouse_polya_25_01_median_v1
ENSG00000222659,RNU2-8P,technical,0.0,Treehouse Tumor Compendium 25.01 PolyA median TPM,treehouse_polya_25_01_median_v1
ENSG00000222126,RNU2-9P,technical,0.0,Treehouse Tumor Compendium 25.01 PolyA median TPM,treehouse_polya_25_01_median_v1
ENSG00000200795,RNU4-1,technical,5.760023,Treehouse Tumor Compendium 25.01 PolyA median TPM,treehouse_polya_25_01_median_v1
ENSG00000201253,RNU4-10P,technical,0.0,Treehouse Tumor Compendium 25.01 PolyA median TPM,treehouse_polya_25_01_median_v1
ENSG00000202157,RNU4-11P,technical,0.0,Treehouse Tumor Compendium 25.01 PolyA median TPM,treehouse_polya_25_01_median_v1
ENSG00000202103,RNU4-12P,technical,0.0,Treehouse Tumor Compendium 25.01 PolyA median TPM,treehouse_polya_25_01_median_v1
ENSG00000200889,RNU4-13P,technical,0.0,Treehouse Tumor Compendium 25.01 PolyA median TPM,treehouse_polya_25_01_median_v1
ENSG00000222790,RNU4-14P,technical,0.0,Treehouse Tumor Compendium 25.01 PolyA median TPM,treehouse_polya_25_01_median_v1
ENSG00000199483,RNU4-15P,technical,0.0,Treehouse Tumor Compendium 25.01 PolyA median TPM,treehouse_polya_25_01_median_v1
ENSG00000201607,RNU4-16P,technical,0.0,Treehouse Tumor Compendium 25.01 PolyA median TPM,treehouse_polya_25_01_median_v1
ENSG00000202468,RNU4-17P,technical,0.0,Treehouse Tumor Compendium 25.01 PolyA median TPM,treehouse_polya_25_01_median_v1
ENSG00000252560,RNU4-18P,technical,0.0,Treehouse Tumor Compendium 25.01 PolyA median TPM,treehouse_polya_25_01_median_v1
ENSG00000202538,RNU4-2,technical,25.560593,Treehouse Tumor Compendium 25.01 PolyA median TPM,treehouse_polya_25_01_median_v1
ENSG00000202471,RNU4-20P,technical,0.0,Treehouse Tumor Compendium 25.01 PolyA median TPM,treehouse_polya_25_01_median_v1
ENSG00000199672,RNU4-21P,technical,0.0,Treehouse Tumor Compendium 25.01 PolyA median TPM,treehouse_polya_25_01_median_v1
ENSG00000222990,RNU4-22P,technical,0.0,Treehouse Tumor Compendium 25.01 PolyA median TPM,treehouse_polya_25_01_median_v1
ENSG00000199709,RNU4-23P,technical,0.0,Treehouse Tumor Compendium 25.01 PolyA median TPM,treehouse_polya_25_01_median_v1
ENSG00000201435,RNU4-24P,technical,0.0,Treehouse Tumor Compendium 25.01 PolyA median TPM,treehouse_polya_25_01_median_v1
ENSG00000222501,RNU4-25P,technical,0.0,Treehouse Tumor Compendium 25.01 PolyA median TPM,treehouse_polya_25_01_median_v1
ENSG00000222202,RNU4-26P,technical,0.0,Treehouse Tumor Compendium 25.01 PolyA median TPM,treehouse_polya_25_01_median_v1
ENSG00000222821,RNU4-27P,technical,0.0,Treehouse Tumor Compendium 25.01 PolyA median TPM,treehouse_polya_25_01_median_v1
ENSG00000201609,RNU4-28P,technical,0.0,Treehouse Tumor Compendium 25.01 PolyA median TPM,treehouse_polya_25_01_median_v1
ENSG00000251752,RNU4-29P,technical,0.0,Treehouse Tumor Compendium 25.01 PolyA median TPM,treehouse_polya_25_01_median_v1
ENSG00000222177,RNU4-30P,technical,0.0,Treehouse Tumor Compendium 25.01 PolyA median TPM,treehouse_polya_25_01_median_v1
ENSG00000206938,RNU4-31P,technical,0.0,Treehouse Tumor Compendium 25.01 PolyA median TPM,treehouse_polya_25_01_median_v1
ENSG00000200274,RNU4-32P,technical,0.0,Treehouse Tumor Compendium 25.01 PolyA median TPM,treehouse_polya_25_01_median_v1
ENSG00000201186,RNU4-33P,technical,0.0,Treehouse Tumor Compendium 25.01 PolyA median TPM,treehouse_polya_25_01_median_v1
ENSG00000222363,RNU4-34P,technical,0.0,Treehouse Tumor Compendium 25.01 PolyA median TPM,treehouse_polya_25_01_median_v1
ENSG00000199458,RNU4-35P,technical,0.0,Treehouse Tumor Compendium 25.01 PolyA median TPM,treehouse_polya_25_01_median_v1
ENSG00000201164,RNU4-36P,technical,0.0,Treehouse Tumor Compendium 25.01 PolyA median TPM,treehouse_polya_25_01_median_v1
ENSG00000222146,RNU4-37P,technical,0.0,Treehouse Tumor Compendium 25.01 PolyA median TPM,treehouse_polya_25_01_median_v1
ENSG00000201342,RNU4-38P,technical,0.0,Treehouse Tumor Compendium 25.01 PolyA median TPM,treehouse_polya_25_01_median_v1
ENSG00000199325,RNU4-39P,technical,0.0,Treehouse Tumor Compendium 25.01 PolyA median TPM,treehouse_polya_25_01_median_v1
ENSG00000201221,RNU4-40P,technical,0.0,Treehouse Tumor Compendium 25.01 PolyA median TPM,treehouse_polya_25_01_median_v1
ENSG00000201296,RNU4-41P,technical,0.0,Treehouse Tumor Compendium 25.01 PolyA median TPM,treehouse_polya_25_01_median_v1
ENSG00000201608,RNU4-42P,technical,0.0,Treehouse Tumor Compendium 25.01 PolyA median TPM,treehouse_polya_25_01_median_v1
ENSG00000222560,RNU4-43P,technical,0.0,Treehouse Tumor Compendium 25.01 PolyA median TPM,treehouse_polya_25_01_median_v1
ENSG00000199920,RNU4-44P,technical,0.0,Treehouse Tumor Compendium 25.01 PolyA median TPM,treehouse_polya_25_01_median_v1
ENSG00000202339,RNU4-45P,technical,0.0,Treehouse Tumor Compendium 25.01 PolyA median TPM,treehouse_polya_25_01_median_v1
ENSG00000222750,RNU4-46P,technical,0.0,Treehouse Tumor Compendium 25.01 PolyA median TPM,treehouse_polya_25_01_median_v1
ENSG00000222808,RNU4-47P,technical,0.0,Treehouse Tumor Compendium 25.01 PolyA median TPM,treehouse_polya_25_01_median_v1
ENSG00000202429,RNU4-48P,technical,0.0,Treehouse Tumor Compendium 25.01 PolyA median TPM,treehouse_polya_25_01_median_v1
ENSG00000251889,RNU4-49P,technical,0.0,Treehouse Tumor Compendium 25.01 PolyA median TPM,treehouse_polya_25_01_median_v1
ENSG00000201458,RNU4-4P,technical,0.0,Treehouse Tumor Compendium 25.01 PolyA median TPM,treehouse_polya_25_01_median_v1
ENSG00000201231,RNU4-50P,technical,0.0,Treehouse Tumor Compendium 25.01 PolyA median TPM,treehouse_polya_25_01_median_v1
ENSG00000201076,RNU4-51P,technical,0.0,Treehouse Tumor Compendium 25.01 PolyA median TPM,treehouse_polya_25_01_median_v1
ENSG00000206936,RNU4-52P,technical,0.0,Treehouse Tumor Compendium 25.01 PolyA median TPM,treehouse_polya_25_01_median_v1
ENSG00000222760,RNU4-53P,technical,0.0,Treehouse Tumor Compendium 25.01 PolyA median TPM,treehouse_polya_25_01_median_v1
ENSG00000252237,RNU4-54P,technical,0.0,Treehouse Tumor Compendium 25.01 PolyA median TPM,treehouse_polya_25_01_median_v1
ENSG00000222663,RNU4-55P,technical,0.0,Treehouse Tumor Compendium 25.01 PolyA median TPM,treehouse_polya_25_01_median_v1
ENSG00000201570,RNU4-56P,technical,0.0,Treehouse Tumor Compendium 25.01 PolyA median TPM,treehouse_polya_25_01_median_v1
ENSG00000251789,RNU4-57P,technical,0.0,Treehouse Tumor Compendium 25.01 PolyA median TPM,treehouse_polya_25_01_median_v1
ENSG00000200062,RNU4-58P,technical,0.0,Treehouse Tumor Compendium 25.01 PolyA median TPM,treehouse_polya_25_01_median_v1
ENSG00000201317,RNU4-59P,technical,0.0,Treehouse Tumor Compendium 25.01 PolyA median TPM,treehouse_polya_25_01_median_v1
ENSG00000272160,RNU4-5P,technical,0.0,Treehouse Tumor Compendium 25.01 PolyA median TPM,treehouse_polya_25_01_median_v1
ENSG00000253048,RNU4-60P,technical,0.0,Treehouse Tumor Compendium 25.01 PolyA median TPM,treehouse_polya_25_01_median_v1
ENSG00000223175,RNU4-61P,technical,0.0,Treehouse Tumor Compendium 25.01 PolyA median TPM,treehouse_polya_25_01_median_v1
ENSG00000222057,RNU4-62P,technical,0.0,Treehouse Tumor Compendium 25.01 PolyA median TPM,treehouse_polya_25_01_median_v1
ENSG00000223245,RNU4-63P,technical,0.0,Treehouse Tumor Compendium 25.01 PolyA median TPM,treehouse_polya_25_01_median_v1
ENSG00000222727,RNU4-64P,technical,0.0,Treehouse Tumor Compendium 25.01 PolyA median TPM,treehouse_polya_25_01_median_v1
ENSG00000222405,RNU4-65P,technical,0.0,Treehouse Tumor Compendium 25.01 PolyA median TPM,treehouse_polya_25_01_median_v1
ENSG00000202069,RNU4-66P,technical,0.0,Treehouse Tumor Compendium 25.01 PolyA median TPM,treehouse_polya_25_01_median_v1
ENSG00000201439,RNU4-67P,technical,0.0,Treehouse Tumor Compendium 25.01 PolyA median TPM,treehouse_polya_25_01_median_v1
ENSG00000201184,RNU4-68P,technical,0.0,Treehouse Tumor Compendium 25.01 PolyA median TPM,treehouse_polya_25_01_median_v1
ENSG00000222609,RNU4-69P,technical,0.0,Treehouse Tumor Compendium 25.01 PolyA median TPM,treehouse_polya_25_01_median_v1
ENSG00000222736,RNU4-6P,technical,0.0,Treehouse Tumor Compendium 25.01 PolyA median TPM,treehouse_polya_25_01_median_v1
ENSG00000207309,RNU4-70P,technical,0.0,Treehouse Tumor Compendium 25.01 PolyA median TPM,treehouse_polya_25_01_median_v1
ENSG00000252067,RNU4-71P,technical,0.0,Treehouse Tumor Compendium 25.01 PolyA median TPM,treehouse_polya_25_01_median_v1
ENSG00000222686,RNU4-72P,technical,0.0,Treehouse Tumor Compendium 25.01 PolyA median TPM,treehouse_polya_25_01_median_v1
ENSG00000200034,RNU4-73P,technical,0.0,Treehouse Tumor Compendium 25.01 PolyA median TPM,treehouse_polya_25_01_median_v1
ENSG00000223212,RNU4-74P,technical,0.0,Treehouse Tumor Compendium 25.01 PolyA median TPM,treehouse_polya_25_01_median_v1
ENSG00000201491,RNU4-75P,technical,0.0,Treehouse Tumor Compendium 25.01 PolyA median TPM,treehouse_polya_25_01_median_v1
ENSG00000201379,RNU4-76P,technical,0.0,Treehouse Tumor Compendium 25.01 PolyA median TPM,treehouse_polya_25_01_median_v1
ENSG00000252501,RNU4-77P,technical,0.0,Treehouse Tumor Compendium 25.01 PolyA median TPM,treehouse_polya_25_01_median_v1
ENSG00000222872,RNU4-78P,technical,0.0,Treehouse Tumor Compendium 25.01 PolyA median TPM,treehouse_polya_25_01_median_v1
ENSG00000199634,RNU4-79P,technical,0.0,Treehouse Tumor Compendium 25.01 PolyA median TPM,treehouse_polya_25_01_median_v1
ENSG00000201628,RNU4-7P,technical,0.0,Treehouse Tumor Compendium 25.01 PolyA median TPM,treehouse_polya_25_01_median_v1
ENSG00000200070,RNU4-80P,technical,0.0,Treehouse Tumor Compendium 25.01 PolyA median TPM,treehouse_polya_25_01_median_v1
ENSG00000200431,RNU4-81P,technical,0.0,Treehouse Tumor Compendium 25.01 PolyA median TPM,treehouse_polya_25_01_median_v1
ENSG00000199313,RNU4-82P,technical,0.0,Treehouse Tumor Compendium 25.01 PolyA median TPM,treehouse_polya_25_01_median_v1
ENSG00000222795,RNU4-83P,technical,0.0,Treehouse Tumor Compendium 25.01 PolyA median TPM,treehouse_polya_25_01_median_v1
ENSG00000201070,RNU4-84P,technical,0.0,Treehouse Tumor Compendium 25.01 PolyA median TPM,treehouse_polya_25_01_median_v1
ENSG00000201545,RNU4-85P,technical,0.0,Treehouse Tumor Compendium 25.01 PolyA median TPM,treehouse_polya_25_01_median_v1
ENSG00000222067,RNU4-86P,technical,0.0,Treehouse Tumor Compendium 25.01 PolyA median TPM,treehouse_polya_25_01_median_v1
ENSG00000200974,RNU4-87P,technical,0.0,Treehouse Tumor Compendium 25.01 PolyA median TPM,treehouse_polya_25_01_median_v1
ENSG00000223152,RNU4-88P,technical,0.0,Treehouse Tumor Compendium 25.01 PolyA median TPM,treehouse_polya_25_01_median_v1
ENSG00000272359,RNU4-89P,technical,0.0,Treehouse Tumor Compendium 25.01 PolyA median TPM,treehouse_polya_25_01_median_v1
ENSG00000201806,RNU4-8P,technical,0.0,Treehouse Tumor Compendium 25.01 PolyA median TPM,treehouse_polya_25_01_median_v1
ENSG00000199643,RNU4-90P,technical,0.0,Treehouse Tumor Compendium 25.01 PolyA median TPM,treehouse_polya_25_01_median_v1
ENSG00000201648,RNU4-91P,technical,0.0,Treehouse Tumor Compendium 25.01 PolyA median TPM,treehouse_polya_25_01_median_v1
ENSG00000200653,RNU4-92P,technical,0.0,Treehouse Tumor Compendium 25.01 PolyA median TPM,treehouse_polya_25_01_median_v1
ENSG00000201821,RNU4-9P,technical,0.0,Treehouse Tumor Compendium 25.01 PolyA median TPM,treehouse_polya_25_01_median_v1
ENSG00000264229,RNU4ATAC,technical,0.0,Treehouse Tumor Compendium 25.01 PolyA median TPM,treehouse_polya_25_01_median_v1
ENSG00000252776,RNU4ATAC10P,technical,0.0,Treehouse Tumor Compendium 25.01 PolyA median TPM,treehouse_polya_25_01_median_v1
ENSG00000251748,RNU4ATAC11P,technical,0.0,Treehouse Tumor Compendium 25.01 PolyA median TPM,treehouse_polya_25_01_median_v1
ENSG00000252269,RNU4ATAC12P,technical,0.0,Treehouse Tumor Compendium 25.01 PolyA median TPM,treehouse_polya_25_01_median_v1
ENSG00000251741,RNU4ATAC13P,technical,0.0,Treehouse Tumor Compendium 25.01 PolyA median TPM,treehouse_polya_25_01_median_v1
ENSG00000252013,RNU4ATAC14P,technical,0.0,Treehouse Tumor Compendium 25.01 PolyA median TPM,treehouse_polya_25_01_median_v1
ENSG00000252224,RNU4ATAC15P,technical,0.0,Treehouse Tumor Compendium 25.01 PolyA median TPM,treehouse_polya_25_01_median_v1
ENSG00000221439,RNU4ATAC16P,technical,0.0,Treehouse Tumor Compendium 25.01 PolyA median TPM,treehouse_polya_25_01_median_v1
ENSG00000253081,RNU4ATAC17P,technical,0.0,Treehouse Tumor Compendium 25.01 PolyA median TPM,treehouse_polya_25_01_median_v1
ENSG00000251988,RNU4ATAC18P,technical,0.0,Treehouse Tumor Compendium 25.01 PolyA median TPM,treehouse_polya_25_01_median_v1
ENSG00000221601,RNU4ATAC2P,technical,0.0,Treehouse Tumor Compendium 25.01 PolyA median TPM,treehouse_polya_25_01_median_v1
ENSG00000252508,RNU4ATAC3P,technical,0.0,Treehouse Tumor Compendium 25.01 PolyA median TPM,treehouse_polya_25_01_median_v1
ENSG00000252116,RNU4ATAC4P,technical,0.0,Treehouse Tumor Compendium 25.01 PolyA median TPM,treehouse_polya_25_01_median_v1
ENSG00000253035,RNU4ATAC5P,technical,0.0,Treehouse Tumor Compendium 25.01 PolyA median TPM,treehouse_polya_25_01_median_v1
ENSG00000252401,RNU4ATAC6P,technical,0.0,Treehouse Tumor Compendium 25.01 PolyA median TPM,treehouse_polya_25_01_median_v1
ENSG00000252089,RNU4ATAC7P,technical,0.0,Treehouse Tumor Compendium 25.01 PolyA median TPM,treehouse_polya_25_01_median_v1
ENSG00000252005,RNU4ATAC8P,technical,0.0,Treehouse Tumor Compendium 25.01 PolyA median TPM,treehouse_polya_25_01_median_v1
ENSG00000252955,RNU4ATAC9P,technical,0.0,Treehouse Tumor Compendium 25.01 PolyA median TPM,treehouse_polya_25_01_median_v1
ENSG00000199568,RNU5A-1,technical,0.0,Treehouse Tumor Compendium 25.01 PolyA median TPM,treehouse_polya_25_01_median_v1
ENSG00000207065,RNU5A-2P,technical,0.0,Treehouse Tumor Compendium 25.01 PolyA median TPM,treehouse_polya_25_01_median_v1
ENSG00000254172,RNU5A-3P,technical,0.0,Treehouse Tumor Compendium 25.01 PolyA median TPM,treehouse_polya_25_01_median_v1
ENSG00000252397,RNU5A-4P,technical,0.0,Treehouse Tumor Compendium 25.01 PolyA median TPM,treehouse_polya_25_01_median_v1
ENSG00000222986,RNU5A-5P,technical,0.0,Treehouse Tumor Compendium 25.01 PolyA median TPM,treehouse_polya_25_01_median_v1
ENSG00000206863,RNU5A-6P,technical,0.0,Treehouse Tumor Compendium 25.01 PolyA median TPM,treehouse_polya_25_01_median_v1
ENSG00000251788,RNU5A-7P,technical,0.0,Treehouse Tumor Compendium 25.01 PolyA median TPM,treehouse_polya_25_01_median_v1
ENSG00000200972,RNU5A-8P,technical,0.0,Treehouse Tumor Compendium 25.01 PolyA median TPM,treehouse_polya_25_01_median_v1
ENSG00000200156,RNU5B-1,technical,0.0,Treehouse Tumor Compendium 25.01 PolyA median TPM,treehouse_polya_25_01_median_v1
ENSG00000199906,RNU5B-2P,technical,0.0,Treehouse Tumor Compendium 25.01 PolyA median TPM,treehouse_polya_25_01_median_v1
ENSG00000252410,RNU5B-3P,technical,0.0,Treehouse Tumor Compendium 25.01 PolyA median TPM,treehouse_polya_25_01_median_v1
ENSG00000200378,RNU5B-4P,technical,0.0,Treehouse Tumor Compendium 25.01 PolyA median TPM,treehouse_polya_25_01_median_v1
ENSG00000252574,RNU5B-6P,technical,0.0,Treehouse Tumor Compendium 25.01 PolyA median TPM,treehouse_polya_25_01_median_v1
ENSG00000200169,RNU5D-1,technical,0.0,Treehouse Tumor Compendium 25.01 PolyA median TPM,treehouse_polya_25_01_median_v1
ENSG00000252521,RNU5D-2P,technical,0.0,Treehouse Tumor Compendium 25.01 PolyA median TPM,treehouse_polya_25_01_median_v1
ENSG00000199347,RNU5E-1,technical,0.0,Treehouse Tumor Compendium 25.01 PolyA median TPM,treehouse_polya_25_01_median_v1
ENSG00000200376,RNU5E-10P,technical,0.0,Treehouse Tumor Compendium 25.01 PolyA median TPM,treehouse_polya_25_01_median_v1
ENSG00000251722,RNU5E-3P,technical,0.0,Treehouse Tumor Compendium 25.01 PolyA median TPM,treehouse_polya_25_01_median_v1
ENSG00000201801,RNU5E-4P,technical,0.0,Treehouse Tumor Compendium 25.01 PolyA median TPM,treehouse_polya_25_01_median_v1
ENSG00000202249,RNU5E-5P,technical,0.0,Treehouse Tumor Compendium 25.01 PolyA median TPM,treehouse_polya_25_01_median_v1
ENSG00000202444,RNU5E-6P,technical,0.0,Treehouse Tumor Compendium 25.01 PolyA median TPM,treehouse_polya_25_01_median_v1
ENSG00000202160,RNU5E-7P,technical,0.0,Treehouse Tumor Compendium 25.01 PolyA median TPM,treehouse_polya_25_01_median_v1
ENSG00000200372,RNU5E-8P,technical,0.0,Treehouse Tumor Compendium 25.01 PolyA median TPM,treehouse_polya_25_01_median_v1
ENSG00000223096,RNU5E-9P,technical,0.0,Treehouse Tumor Compendium 25.01 PolyA median TPM,treehouse_polya_25_01_median_v1
ENSG00000199377,RNU5F-1,technical,0.0,Treehouse Tumor Compendium 25.01 PolyA median TPM,treehouse_polya_25_01_median_v1
ENSG00000251875,RNU5F-2P,technical,0.0,Treehouse Tumor Compendium 25.01 PolyA median TPM,treehouse_polya_25_01_median_v1
ENSG00000200637,RNU5F-3P,technical,0.0,Treehouse Tumor Compendium 25.01 PolyA median TPM,treehouse_polya_25_01_median_v1
ENSG00000252390,RNU5F-4P,technical,0.0,Treehouse Tumor Compendium 25.01 PolyA median TPM,treehouse_polya_25_01_median_v1
ENSG00000199849,RNU5F-6P,technical,0.0,Treehouse Tumor Compendium 25.01 PolyA median TPM,treehouse_polya_25_01_median_v1
ENSG00000200566,RNU5F-7P,technical,0.0,Treehouse Tumor Compendium 25.01 PolyA median TPM,treehouse_polya_25_01_median_v1
ENSG00000251750,RNU5F-8P,technical,0.0,Treehouse Tumor Compendium 25.01 PolyA median TPM,treehouse_polya_25_01_median_v1
ENSG00000206625,RNU6-1,technical,0.0,Treehouse Tumor Compendium 25.01 PolyA median TPM,treehouse_polya_25_01_median_v1
ENSG00000212368,RNU6-1000P,technical,0.0,Treehouse Tumor Compendium 25.01 PolyA median TPM,treehouse_polya_25_01_median_v1
ENSG00000223197,RNU6-1001P,technical,0.0,Treehouse Tumor Compendium 25.01 PolyA median TPM,treehouse_polya_25_01_median_v1
ENSG00000252908,RNU6-1003P,technical,0.0,Treehouse Tumor Compendium 25.01 PolyA median TPM,treehouse_polya_25_01_median_v1
ENSG00000252393,RNU6-1004P,technical,0.0,Treehouse Tumor Compendium 25.01 PolyA median TPM,treehouse_polya_25_01_median_v1
ENSG00000207248,RNU6-1005P,technical,0.0,Treehouse Tumor Compendium 25.01 PolyA median TPM,treehouse_polya_25_01_median_v1
ENSG00000252807,RNU6-1006P,technical,0.0,Treehouse Tumor Compendium 25.01 PolyA median TPM,treehouse_polya_25_01_median_v1
ENSG00000252395,RNU6-1007P,technical,0.0,Treehouse Tumor Compendium 25.01 PolyA median TPM,treehouse_polya_25_01_median_v1
ENSG00000206887,RNU6-1008P,technical,0.0,Treehouse Tumor Compendium 25.01 PolyA median TPM,treehouse_polya_25_01_median_v1
ENSG00000212298,RNU6-1009P,technical,0.0,Treehouse Tumor Compendium 25.01 PolyA median TPM,treehouse_polya_25_01_median_v1
ENSG00000252414,RNU6-100P,technical,0.0,Treehouse Tumor Compendium 25.01 PolyA median TPM,treehouse_polya_25_01_median_v1
ENSG00000199627,RNU6-1010P,technical,0.0,Treehouse Tumor Compendium 25.01 PolyA median TPM,treehouse_polya_25_01_median_v1
ENSG00000207399,RNU6-1011P,technical,0.0,Treehouse Tumor Compendium 25.01 PolyA median TPM,treehouse_polya_25_01_median_v1
ENSG00000252415,RNU6-1012P,technical,0.0,Treehouse Tumor Compendium 25.01 PolyA median TPM,treehouse_polya_25_01_median_v1
ENSG00000206907,RNU6-1013P,technical,0.0,Treehouse Tumor Compendium 25.01 PolyA median TPM,treehouse_polya_25_01_median_v1
ENSG00000238456,RNU6-1014P,technical,0.0,Treehouse Tumor Compendium 25.01 PolyA median TPM,treehouse_polya_25_01_median_v1
ENSG00000252930,RNU6-1015P,technical,0.0,Treehouse Tumor Compendium 25.01 PolyA median TPM,treehouse_polya_25_01_median_v1
ENSG00000252498,RNU6-1016P,technical,0.0,Treehouse Tumor Compendium 25.01 PolyA median TPM,treehouse_polya_25_01_median_v1
ENSG00000200483,RNU6-1017P,technical,0.0,Treehouse Tumor Compendium 25.01 PolyA median TPM,treehouse_polya_25_01_median_v1
ENSG00000252386,RNU6-1018P,technical,0.0,Treehouse Tumor Compendium 25.01 PolyA median TPM,treehouse_polya_25_01_median_v1
ENSG00000201294,RNU6-1019P,technical,0.0,Treehouse Tumor Compendium 25.01 PolyA median TPM,treehouse_polya_25_01_median_v1
ENSG00000222255,RNU6-101P,technical,0.0,Treehouse Tumor Compendium 25.01 PolyA median TPM,treehouse_polya_25_01_median_v1
ENSG00000200554,RNU6-1020P,technical,0.0,Treehouse Tumor Compendium 25.01 PolyA median TPM,treehouse_polya_25_01_median_v1
ENSG00000200132,RNU6-1021P,technical,0.0,Treehouse Tumor Compendium 25.01 PolyA median TPM,treehouse_polya_25_01_median_v1
ENSG00000201919,RNU6-1022P,technical,0.0,Treehouse Tumor Compendium 25.01 PolyA median TPM,treehouse_polya_25_01_median_v1
ENSG00000251946,RNU6-1023P,technical,0.0,Treehouse Tumor Compendium 25.01 PolyA median TPM,treehouse_polya_25_01_median_v1
ENSG00000206926,RNU6-1024P,technical,0.0,Treehouse Tumor Compendium 25.01 PolyA median TPM,treehouse_polya_25_01_median_v1
ENSG00000222561,RNU6-1025P,technical,0.0,Treehouse Tumor Compendium 25.01 PolyA median TPM,treehouse_polya_25_01_median_v1
ENSG00000207194,RNU6-1026P,technical,0.0,Treehouse Tumor Compendium 25.01 PolyA median TPM,treehouse_polya_25_01_median_v1
ENSG00000206725,RNU6-1027P,technical,0.0,Treehouse Tumor Compendium 25.01 PolyA median TPM,treehouse_polya_25_01_median_v1
ENSG00000252973,RNU6-1028P,technical,0.0,Treehouse Tumor Compendium 25.01 PolyA median TPM,treehouse_polya_25_01_median_v1
ENSG00000206836,RNU6-1029P,technical,0.0,Treehouse Tumor Compendium 25.01 PolyA median TPM,treehouse_polya_25_01_median_v1
ENSG00000207214,RNU6-102P,technical,0.0,Treehouse Tumor Compendium 25.01 PolyA median TPM,treehouse_polya_25_01_median_v1
ENSG00000207504,RNU6-1031P,technical,0.0,Treehouse Tumor Compendium 25.01 PolyA median TPM,treehouse_polya_25_01_median_v1
ENSG00000206827,RNU6-1032P,technical,0.0,Treehouse Tumor Compendium 25.01 PolyA median TPM,treehouse_polya_25_01_median_v1
ENSG00000202205,RNU6-1034P,technical,0.0,Treehouse Tumor Compendium 25.01 PolyA median TPM,treehouse_polya_25_01_median_v1
ENSG00000207206,RNU6-1035P,technical,0.0,Treehouse Tumor Compendium 25.01 PolyA median TPM,treehouse_polya_25_01_median_v1
ENSG00000206686,RNU6-1036P,technical,0.0,Treehouse Tumor Compendium 25.01 PolyA median TPM,treehouse_polya_25_01_median_v1
ENSG00000238680,RNU6-1037P,technical,0.0,Treehouse Tumor Compendium 25.01 PolyA median TPM,treehouse_polya_25_01_median_v1
ENSG00000252325,RNU6-1038P,technical,0.0,Treehouse Tumor Compendium 25.01 PolyA median TPM,treehouse_polya_25_01_median_v1
ENSG00000206658,RNU6-1039P,technical,0.0,Treehouse Tumor Compendium 25.01 PolyA median TPM,treehouse_polya_25_01_median_v1
ENSG00000200556,RNU6-103P,technical,0.0,Treehouse Tumor Compendium 25.01 PolyA median TPM,treehouse_polya_25_01_median_v1
ENSG00000206701,RNU6-1040P,technical,0.0,Treehouse Tumor Compendium 25.01 PolyA median TPM,treehouse_polya_25_01_median_v1
ENSG00000252063,RNU6-1041P,technical,0.0,Treehouse Tumor Compendium 25.01 PolyA median TPM,treehouse_polya_25_01_median_v1
ENSG00000206931,RNU6-1042P,technical,0.0,Treehouse Tumor Compendium 25.01 PolyA median TPM,treehouse_polya_25_01_median_v1
ENSG00000222287,RNU6-1043P,technical,0.0,Treehouse Tumor Compendium 25.01 PolyA median TPM,treehouse_polya_25_01_median_v1
ENSG00000207486,RNU6-1044P,technical,0.0,Treehouse Tumor Compendium 25.01 PolyA median TPM,treehouse_polya_25_01_median_v1
ENSG00000252130,RNU6-1045P,technical,0.0,Treehouse Tumor Compendium 25.01 PolyA median TPM,treehouse_polya_25_01_median_v1
ENSG00000252347,RNU6-1046P,technical,0.0,Treehouse Tumor Compendium 25.01 PolyA median TPM,treehouse_polya_25_01_median_v1
ENSG00000201288,RNU6-1047P,technical,0.0,Treehouse Tumor Compendium 25.01 PolyA median TPM,treehouse_polya_25_01_median_v1
ENSG00000200924,RNU6-1048P,technical,0.0,Treehouse Tumor Compendium 25.01 PolyA median TPM,treehouse_polya_25_01_median_v1
ENSG00000252223,RNU6-1049P,technical,0.0,Treehouse Tumor Compendium 25.01 PolyA median TPM,treehouse_polya_25_01_median_v1
ENSG00000238509,RNU6-104P,technical,0.0,Treehouse Tumor Compendium 25.01 PolyA median TPM,treehouse_polya_25_01_median_v1
ENSG00000222320,RNU6-1050P,technical,0.0,Treehouse Tumor Compendium 25.01 PolyA median TPM,treehouse_polya_25_01_median_v1
ENSG00000202341,RNU6-1051P,technical,0.0,Treehouse Tumor Compendium 25.01 PolyA median TPM,treehouse_polya_25_01_median_v1
ENSG00000223330,RNU6-1052P,technical,0.0,Treehouse Tumor Compendium 25.01 PolyA median TPM,treehouse_polya_25_01_median_v1
ENSG00000251739,RNU6-1053P,technical,0.0,Treehouse Tumor Compendium 25.01 PolyA median TPM,treehouse_polya_25_01_median_v1
ENSG00000223225,RNU6-1054P,technical,0.0,Treehouse Tumor Compendium 25.01 PolyA median TPM,treehouse_polya_25_01_median_v1
ENSG00000212387,RNU6-1055P,technical,0.0,Treehouse Tumor Compendium 25.01 PolyA median TPM,treehouse_polya_25_01_median_v1
ENSG00000206723,RNU6-1056P,technical,0.0,Treehouse Tumor Compendium 25.01 PolyA median TPM,treehouse_polya_25_01_median_v1
ENSG00000252971,RNU6-1057P,technical,0.0,Treehouse Tumor Compendium 25.01 PolyA median TPM,treehouse_polya_25_01_median_v1
ENSG00000200622,RNU6-1059P,technical,0.0,Treehouse Tumor Compendium 25.01 PolyA median TPM,treehouse_polya_25_01_median_v1
ENSG00000200779,RNU6-105P,technical,0.0,Treehouse Tumor Compendium 25.01 PolyA median TPM,treehouse_polya_25_01_median_v1
ENSG00000207394,RNU6-1060P,technical,0.0,Treehouse Tumor Compendium 25.01 PolyA median TPM,treehouse_polya_25_01_median_v1
ENSG00000252339,RNU6-1061P,technical,0.0,Treehouse Tumor Compendium 25.01 PolyA median TPM,treehouse_polya_25_01_median_v1
ENSG00000206635,RNU6-1062P,technical,0.0,Treehouse Tumor Compendium 25.01 PolyA median TPM,treehouse_polya_25_01_median_v1
ENSG00000222558,RNU6-1064P,technical,0.0,Treehouse Tumor Compendium 25.01 PolyA median TPM,treehouse_polya_25_01_median_v1
ENSG00000207242,RNU6-1065P,technical,0.0,Treehouse Tumor Compendium 25.01 PolyA median TPM,treehouse_polya_25_01_median_v1
ENSG00000200443,RNU6-1066P,technical,0.0,Treehouse Tumor Compendium 25.01 PolyA median TPM,treehouse_polya_25_01_median_v1
ENSG00000207483,RNU6-1067P,technical,0.0,Treehouse Tumor Compendium 25.01 PolyA median TPM,treehouse_polya_25_01_median_v1
ENSG00000222890,RNU6-1068P,technical,0.0,Treehouse Tumor Compendium 25.01 PolyA median TPM,treehouse_polya_25_01_median_v1
ENSG00000252421,RNU6-1069P,technical,0.0,Treehouse Tumor Compendium 25.01 PolyA median TPM,treehouse_polya_25_01_median_v1
ENSG00000207134,RNU6-106P,technical,0.0,Treehouse Tumor Compendium 25.01 PolyA median TPM,treehouse_polya_25_01_median_v1
ENSG00000201789,RNU6-1071P,technical,0.0,Treehouse Tumor Compendium 25.01 PolyA median TPM,treehouse_polya_25_01_median_v1
ENSG00000207434,RNU6-1072P,technical,0.0,Treehouse Tumor Compendium 25.01 PolyA median TPM,treehouse_polya_25_01_median_v1
ENSG00000252991,RNU6-1073P,technical,0.0,Treehouse Tumor Compendium 25.01 PolyA median TPM,treehouse_polya_25_01_median_v1
ENSG00000206722,RNU6-1074P,technical,0.0,Treehouse Tumor Compendium 25.01 PolyA median TPM,treehouse_polya_25_01_median_v1
ENSG00000201260,RNU6-1075P,technical,0.0,Treehouse Tumor Compendium 25.01 PolyA median TPM,treehouse_polya_25_01_median_v1
ENSG00000222329,RNU6-1076P,technical,0.0,Treehouse Tumor Compendium 25.01 PolyA median TPM,treehouse_polya_25_01_median_v1
ENSG00000222438,RNU6-1077P,technical,0.0,Treehouse Tumor Compendium 25.01 PolyA median TPM,treehouse_polya_25_01_median_v1
ENSG00000201392,RNU6-1078P,technical,0.0,Treehouse Tumor Compendium 25.01 PolyA median TPM,treehouse_polya_25_01_median_v1
ENSG00000199731,RNU6-1079P,technical,0.0,Treehouse Tumor Compendium 25.01 PolyA median TPM,treehouse_polya_25_01_median_v1
ENSG00000252452,RNU6-107P,technical,0.0,Treehouse Tumor Compendium 25.01 PolyA median TPM,treehouse_polya_25_01_median_v1
ENSG00000206709,RNU6-1080P,technical,0.0,Treehouse Tumor Compendium 25.01 PolyA median TPM,treehouse_polya_25_01_median_v1
ENSG00000207267,RNU6-1081P,technical,0.0,Treehouse Tumor Compendium 25.01 PolyA median TPM,treehouse_polya_25_01_median_v1
ENSG00000201444,RNU6-1082P,technical,0.0,Treehouse Tumor Compendium 25.01 PolyA median TPM,treehouse_polya_25_01_median_v1
ENSG00000206749,RNU6-1083P,technical,0.0,Treehouse Tumor Compendium 25.01 PolyA median TPM,treehouse_polya_25_01_median_v1
ENSG00000199368,RNU6-1084P,technical,0.0,Treehouse Tumor Compendium 25.01 PolyA median TPM,treehouse_polya_25_01_median_v1
ENSG00000200446,RNU6-1085P,technical,0.0,Treehouse Tumor Compendium 25.01 PolyA median TPM,treehouse_polya_25_01_median_v1
ENSG00000222862,RNU6-1086P,technical,0.0,Treehouse Tumor Compendium 25.01 PolyA median TPM,treehouse_polya_25_01_median_v1
ENSG00000252411,RNU6-1087P,technical,0.0,Treehouse Tumor Compendium 25.01 PolyA median TPM,treehouse_polya_25_01_median_v1
ENSG00000252659,RNU6-1088P,technical,0.0,Treehouse Tumor Compendium 25.01 PolyA median TPM,treehouse_polya_25_01_median_v1
ENSG00000252282,RNU6-1089P,technical,0.0,Treehouse Tumor Compendium 25.01 PolyA median TPM,treehouse_polya_25_01_median_v1
ENSG00000202428,RNU6-108P,technical,0.0,Treehouse Tumor Compendium 25.01 PolyA median TPM,treehouse_polya_25_01_median_v1
ENSG00000200935,RNU6-1090P,technical,0.0,Treehouse Tumor Compendium 25.01 PolyA median TPM,treehouse_polya_25_01_median_v1
ENSG00000200815,RNU6-1091P,technical,0.0,Treehouse Tumor Compendium 25.01 PolyA median TPM,treehouse_polya_25_01_median_v1
ENSG00000252764,RNU6-1092P,technical,0.0,Treehouse Tumor Compendium 25.01 PolyA median TPM,treehouse_polya_25_01_median_v1
ENSG00000212496,RNU6-1093P,technical,0.0,Treehouse Tumor Compendium 25.01 PolyA median TPM,treehouse_polya_25_01_median_v1
ENSG00000199286,RNU6-1094P,technical,0.0,Treehouse Tumor Compendium 25.01 PolyA median TPM,treehouse_polya_25_01_median_v1
ENSG00000251957,RNU6-1095P,technical,0.0,Treehouse Tumor Compendium 25.01 PolyA median TPM,treehouse_polya_25_01_median_v1
ENSG00000252898,RNU6-1096P,technical,0.0,Treehouse Tumor Compendium 25.01 PolyA median TPM,treehouse_polya_25_01_median_v1
ENSG00000200456,RNU6-1097P,technical,0.0,Treehouse Tumor Compendium 25.01 PolyA median TPM,treehouse_polya_25_01_median_v1
ENSG00000252581,RNU6-1098P,technical,0.0,Treehouse Tumor Compendium 25.01 PolyA median TPM,treehouse_polya_25_01_median_v1
ENSG00000200403,RNU6-1099P,technical,0.0,Treehouse Tumor Compendium 25.01 PolyA median TPM,treehouse_polya_25_01_median_v1
ENSG00000252173,RNU6-109P,technical,0.0,Treehouse Tumor Compendium 25.01 PolyA median TPM,treehouse_polya_25_01_median_v1
ENSG00000206763,RNU6-10P,technical,0.0,Treehouse Tumor Compendium 25.01 PolyA median TPM,treehouse_polya_25_01_median_v1
ENSG00000222623,RNU6-1100P,technical,0.0,Treehouse Tumor Compendium 25.01 PolyA median TPM,treehouse_polya_25_01_median_v1
ENSG00000252053,RNU6-1101P,technical,0.0,Treehouse Tumor Compendium 25.01 PolyA median TPM,treehouse_polya_25_01_median_v1
ENSG00000251958,RNU6-1102P,technical,0.0,Treehouse Tumor Compendium 25.01 PolyA median TPM,treehouse_polya_25_01_median_v1
ENSG00000206877,RNU6-1103P,technical,0.0,Treehouse Tumor Compendium 25.01 PolyA median TPM,treehouse_polya_25_01_median_v1
ENSG00000207454,RNU6-1104P,technical,0.0,Treehouse Tumor Compendium 25.01 PolyA median TPM,treehouse_polya_25_01_median_v1
ENSG00000207505,RNU6-1105P,technical,0.0,Treehouse Tumor Compendium 25.01 PolyA median TPM,treehouse_polya_25_01_median_v1
ENSG00000212147,RNU6-1106P,technical,0.0,Treehouse Tumor Compendium 25.01 PolyA median TPM,treehouse_polya_25_01_median_v1
ENSG00000201687,RNU6-1107P,technical,0.0,Treehouse Tumor Compendium 25.01 PolyA median TPM,treehouse_polya_25_01_median_v1
ENSG00000252117,RNU6-1108P,technical,0.0,Treehouse Tumor Compendium 25.01 PolyA median TPM,treehouse_polya_25_01_median_v1
ENSG00000212489,RNU6-1109P,technical,0.0,Treehouse Tumor Compendium 25.01 PolyA median TPM,treehouse_polya_25_01_median_v1
ENSG00000207237,RNU6-110P,technical,0.0,Treehouse Tumor Compendium 25.01 PolyA median TPM,treehouse_polya_25_01_median_v1
ENSG00000252271,RNU6-1110P,technical,0.0,Treehouse Tumor Compendium 25.01 PolyA median TPM,treehouse_polya_25_01_median_v1
ENSG00000212420,RNU6-1111P,technical,0.0,Treehouse Tumor Compendium 25.01 PolyA median TPM,treehouse_polya_25_01_median_v1
ENSG00000200455,RNU6-1112P,technical,0.0,Treehouse Tumor Compendium 25.01 PolyA median TPM,treehouse_polya_25_01_median_v1
ENSG00000207076,RNU6-1113P,technical,0.0,Treehouse Tumor Compendium 25.01 PolyA median TPM,treehouse_polya_25_01_median_v1
ENSG00000251831,RNU6-1114P,technical,0.0,Treehouse Tumor Compendium 25.01 PolyA median TPM,treehouse_polya_25_01_median_v1
ENSG00000199360,RNU6-1115P,technical,0.0,Treehouse Tumor Compendium 25.01 PolyA median TPM,treehouse_polya_25_01_median_v1
ENSG00000253078,RNU6-1116P,technical,0.0,Treehouse Tumor Compendium 25.01 PolyA median TPM,treehouse_polya_25_01_median_v1
ENSG00000207255,RNU6-1117P,technical,0.0,Treehouse Tumor Compendium 25.01 PolyA median TPM,treehouse_polya_25_01_median_v1
ENSG00000222314,RNU6-1118P,technical,0.0,Treehouse Tumor Compendium 25.01 PolyA median TPM,treehouse_polya_25_01_median_v1
ENSG00000207077,RNU6-1119P,technical,0.0,Treehouse Tumor Compendium 25.01 PolyA median TPM,treehouse_polya_25_01_median_v1
ENSG00000252988,RNU6-111P,technical,0.0,Treehouse Tumor Compendium 25.01 PolyA median TPM,treehouse_polya_25_01_median_v1
ENSG00000199858,RNU6-1120P,technical,0.0,Treehouse Tumor Compendium 25.01 PolyA median TPM,treehouse_polya_25_01_median_v1
ENSG00000252611,RNU6-1121P,technical,0.0,Treehouse Tumor Compendium 25.01 PolyA median TPM,treehouse_polya_25_01_median_v1
ENSG00000207178,RNU6-1122P,technical,0.0,Treehouse Tumor Compendium 25.01 PolyA median TPM,treehouse_polya_25_01_median_v1
ENSG00000199217,RNU6-1123P,technical,0.0,Treehouse Tumor Compendium 25.01 PolyA median TPM,treehouse_polya_25_01_median_v1
ENSG00000206896,RNU6-1124P,technical,0.0,Treehouse Tumor Compendium 25.01 PolyA median TPM,treehouse_polya_25_01_median_v1
ENSG00000200471,RNU6-1125P,technical,0.0,Treehouse Tumor Compendium 25.01 PolyA median TPM,treehouse_polya_25_01_median_v1
ENSG00000206729,RNU6-1126P,technical,0.0,Treehouse Tumor Compendium 25.01 PolyA median TPM,treehouse_polya_25_01_median_v1
ENSG00000207310,RNU6-1127P,technical,0.0,Treehouse Tumor Compendium 25.01 PolyA median TPM,treehouse_polya_25_01_median_v1
ENSG00000199695,RNU6-1128P,technical,0.0,Treehouse Tumor Compendium 25.01 PolyA median TPM,treehouse_polya_25_01_median_v1
ENSG00000251773,RNU6-1129P,technical,0.0,Treehouse Tumor Compendium 25.01 PolyA median TPM,treehouse_polya_25_01_median_v1
ENSG00000200469,RNU6-112P,technical,0.0,Treehouse Tumor Compendium 25.01 PolyA median TPM,treehouse_polya_25_01_median_v1
ENSG00000202304,RNU6-1130P,technical,0.0,Treehouse Tumor Compendium 25.01 PolyA median TPM,treehouse_polya_25_01_median_v1
ENSG00000201825,RNU6-1131P,technical,0.0,Treehouse Tumor Compendium 25.01 PolyA median TPM,treehouse_polya_25_01_median_v1
ENSG00000239108,RNU6-1132P,technical,0.0,Treehouse Tumor Compendium 25.01 PolyA median TPM,treehouse_polya_25_01_median_v1
ENSG00000222895,RNU6-1133P,technical,0.0,Treehouse Tumor Compendium 25.01 PolyA median TPM,treehouse_polya_25_01_median_v1
ENSG00000202026,RNU6-1134P,technical,0.0,Treehouse Tumor Compendium 25.01 PolyA median TPM,treehouse_polya_25_01_median_v1
ENSG00000223015,RNU6-1135P,technical,0.0,Treehouse Tumor Compendium 25.01 PolyA median TPM,treehouse_polya_25_01_median_v1
ENSG00000252643,RNU6-1136P,technical,0.0,Treehouse Tumor Compendium 25.01 PolyA median TPM,treehouse_polya_25_01_median_v1
ENSG00000252882,RNU6-1137P,technical,0.0,Treehouse Tumor Compendium 25.01 PolyA median TPM,treehouse_polya_25_01_median_v1
ENSG00000202229,RNU6-1138P,technical,0.0,Treehouse Tumor Compendium 25.01 PolyA median TPM,treehouse_polya_25_01_median_v1
ENSG00000252462,RNU6-113P,technical,0.0,Treehouse Tumor Compendium 25.01 PolyA median TPM,treehouse_polya_25_01_median_v1
ENSG00000222449,RNU6-1140P,technical,0.0,Treehouse Tumor Compendium 25.01 PolyA median TPM,treehouse_polya_25_01_median_v1
ENSG00000201390,RNU6-1141P,technical,0.0,Treehouse Tumor Compendium 25.01 PolyA median TPM,treehouse_polya_25_01_median_v1
ENSG00000251934,RNU6-1143P,technical,0.0,Treehouse Tumor Compendium 25.01 PolyA median TPM,treehouse_polya_25_01_median_v1
ENSG00000206974,RNU6-1144P,technical,0.0,Treehouse Tumor Compendium 25.01 PolyA median TPM,treehouse_polya_25_01_median_v1
ENSG00000206973,RNU6-1145P,technical,0.0,Treehouse Tumor Compendium 25.01 PolyA median TPM,treehouse_polya_25_01_median_v1
ENSG00000252091,RNU6-1146P,technical,0.0,Treehouse Tumor Compendium 25.01 PolyA median TPM,treehouse_polya_25_01_median_v1
ENSG00000200250,RNU6-1147P,technical,0.0,Treehouse Tumor Compendium 25.01 PolyA median TPM,treehouse_polya_25_01_median_v1
ENSG00000222924,RNU6-1148P,technical,0.0,Treehouse Tumor Compendium 25.01 PolyA median TPM,treehouse_polya_25_01_median_v1
ENSG00000252619,RNU6-1149P,technical,0.0,Treehouse Tumor Compendium 25.01 PolyA median TPM,treehouse_polya_25_01_median_v1
ENSG00000207435,RNU6-114P,technical,0.0,Treehouse Tumor Compendium 25.01 PolyA median TPM,treehouse_polya_25_01_median_v1
ENSG00000252606,RNU6-1150P,technical,0.0,Treehouse Tumor Compendium 25.01 PolyA median TPM,treehouse_polya_25_01_median_v1
ENSG00000207415,RNU6-1151P,technical,0.0,Treehouse Tumor Compendium 25.01 PolyA median TPM,treehouse_polya_25_01_median_v1
ENSG00000207306,RNU6-1152P,technical,0.0,Treehouse Tumor Compendium 25.01 PolyA median TPM,treehouse_polya_25_01_median_v1
ENSG00000252569,RNU6-1153P,technical,0.0,Treehouse Tumor Compendium 25.01 PolyA median TPM,treehouse_polya_25_01_median_v1
ENSG00000212303,RNU6-1154P,technical,0.0,Treehouse Tumor Compendium 25.01 PolyA median TPM,treehouse_polya_25_01_median_v1
ENSG00000200424,RNU6-1155P,technical,0.0,Treehouse Tumor Compendium 25.01 PolyA median TPM,treehouse_polya_25_01_median_v1
ENSG00000222297,RNU6-1156P,technical,0.0,Treehouse Tumor Compendium 25.01 PolyA median TPM,treehouse_polya_25_01_median_v1
ENSG00000207185,RNU6-1157P,technical,0.0,Treehouse Tumor Compendium 25.01 PolyA median TPM,treehouse_polya_25_01_median_v1
ENSG00000212469,RNU6-1158P,technical,0.0,Treehouse Tumor Compendium 25.01 PolyA median TPM,treehouse_polya_25_01_median_v1
ENSG00000199803,RNU6-1159P,technical,0.0,Treehouse Tumor Compendium 25.01 PolyA median TPM,treehouse_polya_25_01_median_v1
ENSG00000201180,RNU6-115P,technical,0.0,Treehouse Tumor Compendium 25.01 PolyA median TPM,treehouse_polya_25_01_median_v1
ENSG00000207276,RNU6-1160P,technical,0.0,Treehouse Tumor Compendium 25.01 PolyA median TPM,treehouse_polya_25_01_median_v1
ENSG00000251985,RNU6-1161P,technical,0.0,Treehouse Tumor Compendium 25.01 PolyA median TPM,treehouse_polya_25_01_median_v1
ENSG00000207172,RNU6-1162P,technical,0.0,Treehouse Tumor Compendium 25.01 PolyA median TPM,treehouse_polya_25_01_median_v1
ENSG00000201386,RNU6-1163P,technical,0.0,Treehouse Tumor Compendium 25.01 PolyA median TPM,treehouse_polya_25_01_median_v1
ENSG00000201298,RNU6-1164P,technical,0.0,Treehouse Tumor Compendium 25.01 PolyA median TPM,treehouse_polya_25_01_median_v1
ENSG00000222051,RNU6-1165P,technical,0.0,Treehouse Tumor Compendium 25.01 PolyA median TPM,treehouse_polya_25_01_median_v1
ENSG00000200097,RNU6-1167P,technical,0.0,Treehouse Tumor Compendium 25.01 PolyA median TPM,treehouse_polya_25_01_median_v1
ENSG00000212133,RNU6-1168P,technical,0.0,Treehouse Tumor Compendium 25.01 PolyA median TPM,treehouse_polya_25_01_median_v1
ENSG00000200407,RNU6-1169P,technical,0.0,Treehouse Tumor Compendium 25.01 PolyA median TPM,treehouse_polya_25_01_median_v1
ENSG00000206769,RNU6-116P,technical,0.0,Treehouse Tumor Compendium 25.01 PolyA median TPM,treehouse_polya_25_01_median_v1
ENSG00000251783,RNU6-1170P,technical,0.0,Treehouse Tumor Compendium 25.01 PolyA median TPM,treehouse_polya_25_01_median_v1
ENSG00000252515,RNU6-1171P,technical,0.0,Treehouse Tumor Compendium 25.01 PolyA median TPM,treehouse_polya_25_01_median_v1
ENSG00000202095,RNU6-1172P,technical,0.0,Treehouse Tumor Compendium 25.01 PolyA median TPM,treehouse_polya_25_01_median_v1
ENSG00000253087,RNU6-1174P,technical,0.0,Treehouse Tumor Compendium 25.01 PolyA median TPM,treehouse_polya_25_01_median_v1
ENSG00000202070,RNU6-1175P,technical,0.0,Treehouse Tumor Compendium 25.01 PolyA median TPM,treehouse_polya_25_01_median_v1
ENSG00000212257,RNU6-1176P,technical,0.0,Treehouse Tumor Compendium 25.01 PolyA median TPM,treehouse_polya_25_01_median_v1
ENSG00000212360,RNU6-1177P,technical,0.0,Treehouse Tumor Compendium 25.01 PolyA median TPM,treehouse_polya_25_01_median_v1
ENSG00000252483,RNU6-1178P,technical,0.0,Treehouse Tumor Compendium 25.01 PolyA median TPM,treehouse_polya_25_01_median_v1
ENSG00000207397,RNU6-1179P,technical,0.0,Treehouse Tumor Compendium 25.01 PolyA median TPM,treehouse_polya_25_01_median_v1
ENSG00000202285,RNU6-117P,technical,0.0,Treehouse Tumor Compendium 25.01 PolyA median TPM,treehouse_polya_25_01_median_v1
ENSG00000201805,RNU6-1180P,technical,0.0,Treehouse Tumor Compendium 25.01 PolyA median TPM,treehouse_polya_25_01_median_v1
ENSG00000206918,RNU6-1181P,technical,0.0,Treehouse Tumor Compendium 25.01 PolyA median TPM,treehouse_polya_25_01_median_v1
ENSG00000252863,RNU6-1183P,technical,0.0,Treehouse Tumor Compendium 25.01 PolyA median TPM,treehouse_polya_25_01_median_v1
ENSG00000207318,RNU6-1184P,technical,0.0,Treehouse Tumor Compendium 25.01 PolyA median TPM,treehouse_polya_25_01_median_v1
ENSG00000222361,RNU6-1186P,technical,0.0,Treehouse Tumor Compendium 25.01 PolyA median TPM,treehouse_polya_25_01_median_v1
ENSG00000201641,RNU6-1187P,technical,0.0,Treehouse Tumor Compendium 25.01 PolyA median TPM,treehouse_polya_25_01_median_v1
ENSG00000200665,RNU6-1188P,technical,0.0,Treehouse Tumor Compendium 25.01 PolyA median TPM,treehouse_polya_25_01_median_v1
ENSG00000206685,RNU6-1189P,technical,0.0,Treehouse Tumor Compendium 25.01 PolyA median TPM,treehouse_polya_25_01_median_v1
ENSG00000252361,RNU6-118P,technical,0.0,Treehouse Tumor Compendium 25.01 PolyA median TPM,treehouse_polya_25_01_median_v1
ENSG00000222743,RNU6-1190P,technical,0.0,Treehouse Tumor Compendium 25.01 PolyA median TPM,treehouse_polya_25_01_median_v1
ENSG00000252608,RNU6-1191P,technical,0.0,Treehouse Tumor Compendium 25.01 PolyA median TPM,treehouse_polya_25_01_median_v1
ENSG00000277029,RNU6-1192P,technical,0.0,Treehouse Tumor Compendium 25.01 PolyA median TPM,treehouse_polya_25_01_median_v1
ENSG00000238551,RNU6-1193P,technical,0.0,Treehouse Tumor Compendium 25.01 PolyA median TPM,treehouse_polya_25_01_median_v1
ENSG00000252017,RNU6-1194P,technical,0.0,Treehouse Tumor Compendium 25.01 PolyA median TPM,treehouse_polya_25_01_median_v1
ENSG00000207198,RNU6-1195P,technical,0.0,Treehouse Tumor Compendium 25.01 PolyA median TPM,treehouse_polya_25_01_median_v1
ENSG00000252030,RNU6-1196P,technical,0.0,Treehouse Tumor Compendium 25.01 PolyA median TPM,treehouse_polya_25_01_median_v1
ENSG00000212485,RNU6-1197P,technical,0.0,Treehouse Tumor Compendium 25.01 PolyA median TPM,treehouse_polya_25_01_median_v1
ENSG00000252713,RNU6-1198P,technical,0.0,Treehouse Tumor Compendium 25.01 PolyA median TPM,treehouse_polya_25_01_median_v1
ENSG00000223181,RNU6-1199P,technical,0.0,Treehouse Tumor Compendium 25.01 PolyA median TPM,treehouse_polya_25_01_median_v1
ENSG00000201752,RNU6-119P,technical,0.0,Treehouse Tumor Compendium 25.01 PolyA median TPM,treehouse_polya_25_01_median_v1
ENSG00000201104,RNU6-11P,technical,0.0,Treehouse Tumor Compendium 25.01 PolyA median TPM,treehouse_polya_25_01_median_v1
ENSG00000206889,RNU6-1200P,technical,0.0,Treehouse Tumor Compendium 25.01 PolyA median TPM,treehouse_polya_25_01_median_v1
ENSG00000206954,RNU6-1201P,technical,0.0,Treehouse Tumor Compendium 25.01 PolyA median TPM,treehouse_polya_25_01_median_v1
ENSG00000222635,RNU6-1203P,technical,0.0,Treehouse Tumor Compendium 25.01 PolyA median TPM,treehouse_polya_25_01_median_v1
ENSG00000200818,RNU6-1204P,technical,0.0,Treehouse Tumor Compendium 25.01 PolyA median TPM,treehouse_polya_25_01_median_v1
ENSG00000200495,RNU6-1205P,technical,0.0,Treehouse Tumor Compendium 25.01 PolyA median TPM,treehouse_polya_25_01_median_v1
ENSG00000252148,RNU6-1206P,technical,0.0,Treehouse Tumor Compendium 25.01 PolyA median TPM,treehouse_polya_25_01_median_v1
ENSG00000207071,RNU6-1207P,technical,0.0,Treehouse Tumor Compendium 25.01 PolyA median TPM,treehouse_polya_25_01_median_v1
ENSG00000238482,RNU6-1208P,technical,0.0,Treehouse Tumor Compendium 25.01 PolyA median TPM,treehouse_polya_25_01_median_v1
ENSG00000200525,RNU6-1209P,technical,0.0,Treehouse Tumor Compendium 25.01 PolyA median TPM,treehouse_polya_25_01_median_v1
ENSG00000251886,RNU6-120P,technical,0.0,Treehouse Tumor Compendium 25.01 PolyA median TPM,treehouse_polya_25_01_median_v1
ENSG00000200645,RNU6-1210P,technical,0.0,Treehouse Tumor Compendium 25.01 PolyA median TPM,treehouse_polya_25_01_median_v1
ENSG00000238382,RNU6-1211P,technical,0.0,Treehouse Tumor Compendium 25.01 PolyA median TPM,treehouse_polya_25_01_median_v1
ENSG00000252832,RNU6-1212P,technical,0.0,Treehouse Tumor Compendium 25.01 PolyA median TPM,treehouse_polya_25_01_median_v1
ENSG00000252884,RNU6-1213P,technical,0.0,Treehouse Tumor Compendium 25.01 PolyA median TPM,treehouse_polya_25_01_median_v1
ENSG00000200520,RNU6-1214P,technical,0.0,Treehouse Tumor Compendium 25.01 PolyA median TPM,treehouse_polya_25_01_median_v1
ENSG00000207170,RNU6-1215P,technical,0.0,Treehouse Tumor Compendium 25.01 PolyA median TPM,treehouse_polya_25_01_median_v1
ENSG00000199460,RNU6-1216P,technical,0.0,Treehouse Tumor Compendium 25.01 PolyA median TPM,treehouse_polya_25_01_median_v1
ENSG00000223208,RNU6-1217P,technical,0.0,Treehouse Tumor Compendium 25.01 PolyA median TPM,treehouse_polya_25_01_median_v1
ENSG00000239175,RNU6-1218P,technical,0.0,Treehouse Tumor Compendium 25.01 PolyA median TPM,treehouse_polya_25_01_median_v1
ENSG00000251952,RNU6-1219P,technical,0.0,Treehouse Tumor Compendium 25.01 PolyA median TPM,treehouse_polya_25_01_median_v1
ENSG00000222457,RNU6-121P,technical,0.0,Treehouse Tumor Compendium 25.01 PolyA median TPM,treehouse_polya_25_01_median_v1
ENSG00000252935,RNU6-1220P,technical,0.0,Treehouse Tumor Compendium 25.01 PolyA median TPM,treehouse_polya_25_01_median_v1
ENSG00000207345,RNU6-1222P,technical,0.0,Treehouse Tumor Compendium 25.01 PolyA median TPM,treehouse_polya_25_01_median_v1
ENSG00000252933,RNU6-1223P,technical,0.0,Treehouse Tumor Compendium 25.01 PolyA median TPM,treehouse_polya_25_01_median_v1
ENSG00000252593,RNU6-1224P,technical,0.0,Treehouse Tumor Compendium 25.01 PolyA median TPM,treehouse_polya_25_01_median_v1
ENSG00000252145,RNU6-1225P,technical,0.0,Treehouse Tumor Compendium 25.01 PolyA median TPM,treehouse_polya_25_01_median_v1
ENSG00000207044,RNU6-1226P,technical,0.0,Treehouse Tumor Compendium 25.01 PolyA median TPM,treehouse_polya_25_01_median_v1
ENSG00000206708,RNU6-1227P,technical,0.0,Treehouse Tumor Compendium 25.01 PolyA median TPM,treehouse_polya_25_01_median_v1
ENSG00000212316,RNU6-1228P,technical,0.0,Treehouse Tumor Compendium 25.01 PolyA median TPM,treehouse_polya_25_01_median_v1
ENSG00000201165,RNU6-1229P,technical,0.0,Treehouse Tumor Compendium 25.01 PolyA median TPM,treehouse_polya_25_01_median_v1
ENSG00000252627,RNU6-122P,technical,0.0,Treehouse Tumor Compendium 25.01 PolyA median TPM,treehouse_polya_25_01_median_v1
ENSG00000207121,RNU6-1230P,technical,0.0,Treehouse Tumor Compendium 25.01 PolyA median TPM,treehouse_polya_25_01_median_v1
ENSG00000252994,RNU6-1231P,technical,0.0,Treehouse Tumor Compendium 25.01 PolyA median TPM,treehouse_polya_25_01_median_v1
ENSG00000252108,RNU6-1232P,technical,0.0,Treehouse Tumor Compendium 25.01 PolyA median TPM,treehouse_polya_25_01_median_v1
ENSG00000199792,RNU6-1233P,technical,0.0,Treehouse Tumor Compendium 25.01 PolyA median TPM,treehouse_polya_25_01_median_v1
ENSG00000252686,RNU6-1234P,technical,0.0,Treehouse Tumor Compendium 25.01 PolyA median TPM,treehouse_polya_25_01_median_v1
ENSG00000207289,RNU6-1235P,technical,0.0,Treehouse Tumor Compendium 25.01 PolyA median TPM,treehouse_polya_25_01_median_v1
ENSG00000252889,RNU6-1236P,technical,0.0,Treehouse Tumor Compendium 25.01 PolyA median TPM,treehouse_polya_25_01_median_v1
ENSG00000207508,RNU6-1237P,technical,0.0,Treehouse Tumor Compendium 25.01 PolyA median TPM,treehouse_polya_25_01_median_v1
ENSG00000253024,RNU6-1238P,technical,0.0,Treehouse Tumor Compendium 25.01 PolyA median TPM,treehouse_polya_25_01_median_v1
ENSG00000212612,RNU6-1239P,technical,0.0,Treehouse Tumor Compendium 25.01 PolyA median TPM,treehouse_polya_25_01_median_v1
ENSG00000251972,RNU6-123P,technical,0.0,Treehouse Tumor Compendium 25.01 PolyA median TPM,treehouse_polya_25_01_median_v1
ENSG00000202025,RNU6-1240P,technical,0.0,Treehouse Tumor Compendium 25.01 PolyA median TPM,treehouse_polya_25_01_median_v1
ENSG00000207266,RNU6-1241P,technical,0.0,Treehouse Tumor Compendium 25.01 PolyA median TPM,treehouse_polya_25_01_median_v1
ENSG00000212354,RNU6-1242P,technical,0.0,Treehouse Tumor Compendium 25.01 PolyA median TPM,treehouse_polya_25_01_median_v1
ENSG00000200898,RNU6-1243P,technical,0.0,Treehouse Tumor Compendium 25.01 PolyA median TPM,treehouse_polya_25_01_median_v1
ENSG00000200484,RNU6-1244P,technical,0.0,Treehouse Tumor Compendium 25.01 PolyA median TPM,treehouse_polya_25_01_median_v1
ENSG00000223062,RNU6-1245P,technical,0.0,Treehouse Tumor Compendium 25.01 PolyA median TPM,treehouse_polya_25_01_median_v1
ENSG00000212366,RNU6-1246P,technical,0.0,Treehouse Tumor Compendium 25.01 PolyA median TPM,treehouse_polya_25_01_median_v1
ENSG00000252431,RNU6-1247P,technical,0.0,Treehouse Tumor Compendium 25.01 PolyA median TPM,treehouse_polya_25_01_median_v1
ENSG00000212398,RNU6-1248P,technical,0.0,Treehouse Tumor Compendium 25.01 PolyA median TPM,treehouse_polya_25_01_median_v1
ENSG00000200107,RNU6-1249P,technical,0.0,Treehouse Tumor Compendium 25.01 PolyA median TPM,treehouse_polya_25_01_median_v1
ENSG00000212520,RNU6-1250P,technical,0.0,Treehouse Tumor Compendium 25.01 PolyA median TPM,treehouse_polya_25_01_median_v1
ENSG00000201372,RNU6-1251P,technical,0.0,Treehouse Tumor Compendium 25.01 PolyA median TPM,treehouse_polya_25_01_median_v1
ENSG00000199924,RNU6-1252P,technical,0.0,Treehouse Tumor Compendium 25.01 PolyA median TPM,treehouse_polya_25_01_median_v1
ENSG00000212568,RNU6-1254P,technical,0.0,Treehouse Tumor Compendium 25.01 PolyA median TPM,treehouse_polya_25_01_median_v1
ENSG00000200304,RNU6-1255P,technical,0.0,Treehouse Tumor Compendium 25.01 PolyA median TPM,treehouse_polya_25_01_median_v1
ENSG00000252348,RNU6-1256P,technical,0.0,Treehouse Tumor Compendium 25.01 PolyA median TPM,treehouse_polya_25_01_median_v1
ENSG00000207355,RNU6-1257P,technical,0.0,Treehouse Tumor Compendium 25.01 PolyA median TPM,treehouse_polya_25_01_median_v1
ENSG00000252720,RNU6-1258P,technical,0.0,Treehouse Tumor Compendium 25.01 PolyA median TPM,treehouse_polya_25_01_median_v1
ENSG00000207234,RNU6-125P,technical,0.0,Treehouse Tumor Compendium 25.01 PolyA median TPM,treehouse_polya_25_01_median_v1
ENSG00000199814,RNU6-1260P,technical,0.0,Treehouse Tumor Compendium 25.01 PolyA median TPM,treehouse_polya_25_01_median_v1
ENSG00000253003,RNU6-1261P,technical,0.0,Treehouse Tumor Compendium 25.01 PolyA median TPM,treehouse_polya_25_01_median_v1
ENSG00000252026,RNU6-1262P,technical,0.0,Treehouse Tumor Compendium 25.01 PolyA median TPM,treehouse_polya_25_01_median_v1
ENSG00000207331,RNU6-1263P,technical,0.0,Treehouse Tumor Compendium 25.01 PolyA median TPM,treehouse_polya_25_01_median_v1
ENSG00000206618,RNU6-1264P,technical,0.0,Treehouse Tumor Compendium 25.01 PolyA median TPM,treehouse_polya_25_01_median_v1
ENSG00000252151,RNU6-1265P,technical,0.0,Treehouse Tumor Compendium 25.01 PolyA median TPM,treehouse_polya_25_01_median_v1
ENSG00000199664,RNU6-1266P,technical,0.0,Treehouse Tumor Compendium 25.01 PolyA median TPM,treehouse_polya_25_01_median_v1
ENSG00000222679,RNU6-1267P,technical,0.0,Treehouse Tumor Compendium 25.01 PolyA median TPM,treehouse_polya_25_01_median_v1
ENSG00000212516,RNU6-1268P,technical,0.0,Treehouse Tumor Compendium 25.01 PolyA median TPM,treehouse_polya_25_01_median_v1
ENSG00000212441,RNU6-1269P,technical,0.0,Treehouse Tumor Compendium 25.01 PolyA median TPM,treehouse_polya_25_01_median_v1
ENSG00000252494,RNU6-126P,technical,0.0,Treehouse Tumor Compendium 25.01 PolyA median TPM,treehouse_polya_25_01_median_v1
ENSG00000252937,RNU6-1270P,technical,0.0,Treehouse Tumor Compendium 25.01 PolyA median TPM,treehouse_polya_25_01_median_v1
ENSG00000252858,RNU6-1271P,technical,0.0,Treehouse Tumor Compendium 25.01 PolyA median TPM,treehouse_polya_25_01_median_v1
ENSG00000199646,RNU6-1272P,technical,0.0,Treehouse Tumor Compendium 25.01 PolyA median TPM,treehouse_polya_25_01_median_v1
ENSG00000199903,RNU6-1273P,technical,0.0,Treehouse Tumor Compendium 25.01 PolyA median TPM,treehouse_polya_25_01_median_v1
ENSG00000207287,RNU6-1274P,technical,0.0,Treehouse Tumor Compendium 25.01 PolyA median TPM,treehouse_polya_25_01_median_v1
ENSG00000212389,RNU6-1275P,technical,0.0,Treehouse Tumor Compendium 25.01 PolyA median TPM,treehouse_polya_25_01_median_v1
ENSG00000202242,RNU6-1276P,technical,0.0,Treehouse Tumor Compendium 25.01 PolyA median TPM,treehouse_polya_25_01_median_v1
ENSG00000201431,RNU6-1277P,technical,0.0,Treehouse Tumor Compendium 25.01 PolyA median TPM,treehouse_polya_25_01_median_v1
ENSG00000251939,RNU6-1278P,technical,0.0,Treehouse Tumor Compendium 25.01 PolyA median TPM,treehouse_polya_25_01_median_v1
ENSG00000206644,RNU6-1279P,technical,0.0,Treehouse Tumor Compendium 25.01 PolyA median TPM,treehouse_polya_25_01_median_v1
ENSG00000212199,RNU6-127P,technical,0.0,Treehouse Tumor Compendium 25.01 PolyA median TPM,treehouse_polya_25_01_median_v1
ENSG00000202081,RNU6-1280P,technical,0.0,Treehouse Tumor Compendium 25.01 PolyA median TPM,treehouse_polya_25_01_median_v1
ENSG00000252032,RNU6-1281P,technical,0.0,Treehouse Tumor Compendium 25.01 PolyA median TPM,treehouse_polya_25_01_median_v1
ENSG00000252544,RNU6-1282P,technical,0.0,Treehouse Tumor Compendium 25.01 PolyA median TPM,treehouse_polya_25_01_median_v1
ENSG00000202184,RNU6-1283P,technical,0.0,Treehouse Tumor Compendium 25.01 PolyA median TPM,treehouse_polya_25_01_median_v1
ENSG00000200571,RNU6-1284P,technical,0.0,Treehouse Tumor Compendium 25.01 PolyA median TPM,treehouse_polya_25_01_median_v1
ENSG00000200350,RNU6-1285P,technical,0.0,Treehouse Tumor Compendium 25.01 PolyA median TPM,treehouse_polya_25_01_median_v1
ENSG00000206598,RNU6-1286P,technical,0.0,Treehouse Tumor Compendium 25.01 PolyA median TPM,treehouse_polya_25_01_median_v1
ENSG00000199784,RNU6-1287P,technical,0.0,Treehouse Tumor Compendium 25.01 PolyA median TPM,treehouse_polya_25_01_median_v1
ENSG00000251859,RNU6-1288P,technical,0.0,Treehouse Tumor Compendium 25.01 PolyA median TPM,treehouse_polya_25_01_median_v1
ENSG00000207160,RNU6-1289P,technical,0.0,Treehouse Tumor Compendium 25.01 PolyA median TPM,treehouse_polya_25_01_median_v1
ENSG00000206703,RNU6-128P,technical,0.0,Treehouse Tumor Compendium 25.01 PolyA median TPM,treehouse_polya_25_01_median_v1
ENSG00000199827,RNU6-1290P,technical,0.0,Treehouse Tumor Compendium 25.01 PolyA median TPM,treehouse_polya_25_01_median_v1
ENSG00000252400,RNU6-1291P,technical,0.0,Treehouse Tumor Compendium 25.01 PolyA median TPM,treehouse_polya_25_01_median_v1
ENSG00000206583,RNU6-1292P,technical,0.0,Treehouse Tumor Compendium 25.01 PolyA median TPM,treehouse_polya_25_01_median_v1
ENSG00000206804,RNU6-1293P,technical,0.0,Treehouse Tumor Compendium 25.01 PolyA median TPM,treehouse_polya_25_01_median_v1
ENSG00000251804,RNU6-1294P,technical,0.0,Treehouse Tumor Compendium 25.01 PolyA median TPM,treehouse_polya_25_01_median_v1
ENSG00000206606,RNU6-1296P,technical,0.0,Treehouse Tumor Compendium 25.01 PolyA median TPM,treehouse_polya_25_01_median_v1
ENSG00000207144,RNU6-1297P,technical,0.0,Treehouse Tumor Compendium 25.01 PolyA median TPM,treehouse_polya_25_01_median_v1
ENSG00000199326,RNU6-1298P,technical,0.0,Treehouse Tumor Compendium 25.01 PolyA median TPM,treehouse_polya_25_01_median_v1
ENSG00000252125,RNU6-1299P,technical,0.0,Treehouse Tumor Compendium 25.01 PolyA median TPM,treehouse_polya_25_01_median_v1
ENSG00000212324,RNU6-129P,technical,0.0,Treehouse Tumor Compendium 25.01 PolyA median TPM,treehouse_polya_25_01_median_v1
ENSG00000207334,RNU6-12P,technical,0.0,Treehouse Tumor Compendium 25.01 PolyA median TPM,treehouse_polya_25_01_median_v1
ENSG00000212348,RNU6-1300P,technical,0.0,Treehouse Tumor Compendium 25.01 PolyA median TPM,treehouse_polya_25_01_median_v1
ENSG00000199594,RNU6-1301P,technical,0.0,Treehouse Tumor Compendium 25.01 PolyA median TPM,treehouse_polya_25_01_median_v1
ENSG00000201711,RNU6-1303P,technical,0.0,Treehouse Tumor Compendium 25.01 PolyA median TPM,treehouse_polya_25_01_median_v1
ENSG00000223306,RNU6-1304P,technical,0.0,Treehouse Tumor Compendium 25.01 PolyA median TPM,treehouse_polya_25_01_median_v1
ENSG00000201223,RNU6-1305P,technical,0.0,Treehouse Tumor Compendium 25.01 PolyA median TPM,treehouse_polya_25_01_median_v1
ENSG00000202089,RNU6-1306P,technical,0.0,Treehouse Tumor Compendium 25.01 PolyA median TPM,treehouse_polya_25_01_median_v1
ENSG00000212314,RNU6-1307P,technical,0.0,Treehouse Tumor Compendium 25.01 PolyA median TPM,treehouse_polya_25_01_median_v1
ENSG00000252626,RNU6-1308P,technical,0.0,Treehouse Tumor Compendium 25.01 PolyA median TPM,treehouse_polya_25_01_median_v1
ENSG00000200175,RNU6-1309P,technical,0.0,Treehouse Tumor Compendium 25.01 PolyA median TPM,treehouse_polya_25_01_median_v1
ENSG00000223044,RNU6-130P,technical,0.0,Treehouse Tumor Compendium 25.01 PolyA median TPM,treehouse_polya_25_01_median_v1
ENSG00000206880,RNU6-1310P,technical,0.0,Treehouse Tumor Compendium 25.01 PolyA median TPM,treehouse_polya_25_01_median_v1
ENSG00000207459,RNU6-1311P,technical,0.0,Treehouse Tumor Compendium 25.01 PolyA median TPM,treehouse_polya_25_01_median_v1
ENSG00000199295,RNU6-1312P,technical,0.0,Treehouse Tumor Compendium 25.01 PolyA median TPM,treehouse_polya_25_01_median_v1
ENSG00000199492,RNU6-1313P,technical,0.0,Treehouse Tumor Compendium 25.01 PolyA median TPM,treehouse_polya_25_01_median_v1
ENSG00000252948,RNU6-1314P,technical,0.0,Treehouse Tumor Compendium 25.01 PolyA median TPM,treehouse_polya_25_01_median_v1
ENSG00000252996,RNU6-1315P,technical,0.0,Treehouse Tumor Compendium 25.01 PolyA median TPM,treehouse_polya_25_01_median_v1
ENSG00000206969,RNU6-1316P,technical,0.0,Treehouse Tumor Compendium 25.01 PolyA median TPM,treehouse_polya_25_01_median_v1
ENSG00000201452,RNU6-1317P,technical,0.0,Treehouse Tumor Compendium 25.01 PolyA median TPM,treehouse_polya_25_01_median_v1
ENSG00000202259,RNU6-1318P,technical,0.0,Treehouse Tumor Compendium 25.01 PolyA median TPM,treehouse_polya_25_01_median_v1
ENSG00000212157,RNU6-1319P,technical,0.0,Treehouse Tumor Compendium 25.01 PolyA median TPM,treehouse_polya_25_01_median_v1
ENSG00000212446,RNU6-131P,technical,0.0,Treehouse Tumor Compendium 25.01 PolyA median TPM,treehouse_polya_25_01_median_v1
ENSG00000212140,RNU6-1320P,technical,0.0,Treehouse Tumor Compendium 25.01 PolyA median TPM,treehouse_polya_25_01_median_v1
ENSG00000212207,RNU6-1321P,technical,0.0,Treehouse Tumor Compendium 25.01 PolyA median TPM,treehouse_polya_25_01_median_v1
ENSG00000201179,RNU6-1322P,technical,0.0,Treehouse Tumor Compendium 25.01 PolyA median TPM,treehouse_polya_25_01_median_v1
ENSG00000206752,RNU6-1323P,technical,0.0,Treehouse Tumor Compendium 25.01 PolyA median TPM,treehouse_polya_25_01_median_v1
ENSG00000206949,RNU6-1324P,technical,0.0,Treehouse Tumor Compendium 25.01 PolyA median TPM,treehouse_polya_25_01_median_v1
ENSG00000201775,RNU6-1325P,technical,0.0,Treehouse Tumor Compendium 25.01 PolyA median TPM,treehouse_polya_25_01_median_v1
ENSG00000212564,RNU6-1326P,technical,0.0,Treehouse Tumor Compendium 25.01 PolyA median TPM,treehouse_polya_25_01_median_v1
ENSG00000202172,RNU6-1327P,technical,0.0,Treehouse Tumor Compendium 25.01 PolyA median TPM,treehouse_polya_25_01_median_v1
ENSG00000222870,RNU6-1328P,technical,0.0,Treehouse Tumor Compendium 25.01 PolyA median TPM,treehouse_polya_25_01_median_v1
ENSG00000202534,RNU6-1329P,technical,0.0,Treehouse Tumor Compendium 25.01 PolyA median TPM,treehouse_polya_25_01_median_v1
ENSG00000206590,RNU6-132P,technical,0.0,Treehouse Tumor Compendium 25.01 PolyA median TPM,treehouse_polya_25_01_median_v1
ENSG00000199645,RNU6-1330P,technical,0.0,Treehouse Tumor Compendium 25.01 PolyA median TPM,treehouse_polya_25_01_median_v1
ENSG00000200528,RNU6-1331P,technical,0.0,Treehouse Tumor Compendium 25.01 PolyA median TPM,treehouse_polya_25_01_median_v1
ENSG00000252475,RNU6-1332P,technical,0.0,Treehouse Tumor Compendium 25.01 PolyA median TPM,treehouse_polya_25_01_median_v1
ENSG00000251971,RNU6-1333P,technical,0.0,Treehouse Tumor Compendium 25.01 PolyA median TPM,treehouse_polya_25_01_median_v1
ENSG00000251841,RNU6-1334P,technical,0.0,Treehouse Tumor Compendium 25.01 PolyA median TPM,treehouse_polya_25_01_median_v1
ENSG00000202296,RNU6-1335P,technical,0.0,Treehouse Tumor Compendium 25.01 PolyA median TPM,treehouse_polya_25_01_median_v1
ENSG00000206613,RNU6-1336P,technical,0.0,Treehouse Tumor Compendium 25.01 PolyA median TPM,treehouse_polya_25_01_median_v1
ENSG00000252334,RNU6-1337P,technical,0.0,Treehouse Tumor Compendium 25.01 PolyA median TPM,treehouse_polya_25_01_median_v1
ENSG00000252137,RNU6-1338P,technical,0.0,Treehouse Tumor Compendium 25.01 PolyA median TPM,treehouse_polya_25_01_median_v1
ENSG00000200444,RNU6-1339P,technical,0.0,Treehouse Tumor Compendium 25.01 PolyA median TPM,treehouse_polya_25_01_median_v1
ENSG00000206716,RNU6-133P,technical,0.0,Treehouse Tumor Compendium 25.01 PolyA median TPM,treehouse_polya_25_01_median_v1
ENSG00000207167,RNU6-1340P,technical,0.0,Treehouse Tumor Compendium 25.01 PolyA median TPM,treehouse_polya_25_01_median_v1
ENSG00000252578,RNU6-135P,technical,0.0,Treehouse Tumor Compendium 25.01 PolyA median TPM,treehouse_polya_25_01_median_v1
ENSG00000207393,RNU6-136P,technical,0.0,Treehouse Tumor Compendium 25.01 PolyA median TPM,treehouse_polya_25_01_median_v1
ENSG00000200550,RNU6-137P,technical,0.0,Treehouse Tumor Compendium 25.01 PolyA median TPM,treehouse_polya_25_01_median_v1
ENSG00000251761,RNU6-138P,technical,0.0,Treehouse Tumor Compendium 25.01 PolyA median TPM,treehouse_polya_25_01_median_v1
ENSG00000252449,RNU6-139P,technical,0.0,Treehouse Tumor Compendium 25.01 PolyA median TPM,treehouse_polya_25_01_median_v1
ENSG00000206975,RNU6-13P,technical,0.0,Treehouse Tumor Compendium 25.01 PolyA median TPM,treehouse_polya_25_01_median_v1
ENSG00000207296,RNU6-140P,technical,0.0,Treehouse Tumor Compendium 25.01 PolyA median TPM,treehouse_polya_25_01_median_v1
ENSG00000222431,RNU6-141P,technical,0.0,Treehouse Tumor Compendium 25.01 PolyA median TPM,treehouse_polya_25_01_median_v1
ENSG00000206746,RNU6-142P,technical,0.0,Treehouse Tumor Compendium 25.01 PolyA median TPM,treehouse_polya_25_01_median_v1
ENSG00000252751,RNU6-143P,technical,0.0,Treehouse Tumor Compendium 25.01 PolyA median TPM,treehouse_polya_25_01_median_v1
ENSG00000206678,RNU6-144P,technical,0.0,Treehouse Tumor Compendium 25.01 PolyA median TPM,treehouse_polya_25_01_median_v1
ENSG00000207307,RNU6-145P,technical,0.0,Treehouse Tumor Compendium 25.01 PolyA median TPM,treehouse_polya_25_01_median_v1
ENSG00000207332,RNU6-146P,technical,0.0,Treehouse Tumor Compendium 25.01 PolyA median TPM,treehouse_polya_25_01_median_v1
ENSG00000206710,RNU6-147P,technical,0.0,Treehouse Tumor Compendium 25.01 PolyA median TPM,treehouse_polya_25_01_median_v1
ENSG00000252823,RNU6-148P,technical,0.0,Treehouse Tumor Compendium 25.01 PolyA median TPM,treehouse_polya_25_01_median_v1
ENSG00000207360,RNU6-14P,technical,0.0,Treehouse Tumor Compendium 25.01 PolyA median TPM,treehouse_polya_25_01_median_v1
ENSG00000252046,RNU6-150P,technical,0.0,Treehouse Tumor Compendium 25.01 PolyA median TPM,treehouse_polya_25_01_median_v1
ENSG00000201028,RNU6-151P,technical,0.0,Treehouse Tumor Compendium 25.01 PolyA median TPM,treehouse_polya_25_01_median_v1
ENSG00000206764,RNU6-152P,technical,0.0,Treehouse Tumor Compendium 25.01 PolyA median TPM,treehouse_polya_25_01_median_v1
ENSG00000201292,RNU6-153P,technical,0.0,Treehouse Tumor Compendium 25.01 PolyA median TPM,treehouse_polya_25_01_median_v1
ENSG00000207033,RNU6-154P,technical,0.0,Treehouse Tumor Compendium 25.01 PolyA median TPM,treehouse_polya_25_01_median_v1
ENSG00000252156,RNU6-155P,technical,0.0,Treehouse Tumor Compendium 25.01 PolyA median TPM,treehouse_polya_25_01_median_v1
ENSG00000278331,RNU6-156P,technical,0.0,Treehouse Tumor Compendium 25.01 PolyA median TPM,treehouse_polya_25_01_median_v1
ENSG00000206684,RNU6-157P,technical,0.0,Treehouse Tumor Compendium 25.01 PolyA median TPM,treehouse_polya_25_01_median_v1
ENSG00000252913,RNU6-158P,technical,0.0,Treehouse Tumor Compendium 25.01 PolyA median TPM,treehouse_polya_25_01_median_v1
ENSG00000212382,RNU6-159P,technical,0.0,Treehouse Tumor Compendium 25.01 PolyA median TPM,treehouse_polya_25_01_median_v1
ENSG00000207264,RNU6-15P,technical,0.0,Treehouse Tumor Compendium 25.01 PolyA median TPM,treehouse_polya_25_01_median_v1
ENSG00000207321,RNU6-160P,technical,0.0,Treehouse Tumor Compendium 25.01 PolyA median TPM,treehouse_polya_25_01_median_v1
ENSG00000199921,RNU6-161P,technical,0.0,Treehouse Tumor Compendium 25.01 PolyA median TPM,treehouse_polya_25_01_median_v1
ENSG00000252037,RNU6-162P,technical,0.0,Treehouse Tumor Compendium 25.01 PolyA median TPM,treehouse_polya_25_01_median_v1
ENSG00000207124,RNU6-163P,technical,0.0,Treehouse Tumor Compendium 25.01 PolyA median TPM,treehouse_polya_25_01_median_v1
ENSG00000201474,RNU6-164P,technical,0.0,Treehouse Tumor Compendium 25.01 PolyA median TPM,treehouse_polya_25_01_median_v1
ENSG00000252979,RNU6-165P,technical,0.0,Treehouse Tumor Compendium 25.01 PolyA median TPM,treehouse_polya_25_01_median_v1
ENSG00000207099,RNU6-166P,technical,0.0,Treehouse Tumor Compendium 25.01 PolyA median TPM,treehouse_polya_25_01_median_v1
ENSG00000207019,RNU6-167P,technical,0.0,Treehouse Tumor Compendium 25.01 PolyA median TPM,treehouse_polya_25_01_median_v1
ENSG00000251998,RNU6-168P,technical,0.0,Treehouse Tumor Compendium 25.01 PolyA median TPM,treehouse_polya_25_01_median_v1
ENSG00000202206,RNU6-169P,technical,0.0,Treehouse Tumor Compendium 25.01 PolyA median TPM,treehouse_polya_25_01_median_v1
ENSG00000207113,RNU6-16P,technical,0.0,Treehouse Tumor Compendium 25.01 PolyA median TPM,treehouse_polya_25_01_median_v1
ENSG00000199702,RNU6-170P,technical,0.0,Treehouse Tumor Compendium 25.01 PolyA median TPM,treehouse_polya_25_01_median_v1
ENSG00000207082,RNU6-171P,technical,0.0,Treehouse Tumor Compendium 25.01 PolyA median TPM,treehouse_polya_25_01_median_v1
ENSG00000222932,RNU6-172P,technical,0.0,Treehouse Tumor Compendium 25.01 PolyA median TPM,treehouse_polya_25_01_median_v1
ENSG00000201085,RNU6-173P,technical,0.0,Treehouse Tumor Compendium 25.01 PolyA median TPM,treehouse_polya_25_01_median_v1
ENSG00000222338,RNU6-174P,technical,0.0,Treehouse Tumor Compendium 25.01 PolyA median TPM,treehouse_polya_25_01_median_v1
ENSG00000252705,RNU6-175P,technical,0.0,Treehouse Tumor Compendium 25.01 PolyA median TPM,treehouse_polya_25_01_median_v1
ENSG00000253005,RNU6-176P,technical,0.0,Treehouse Tumor Compendium 25.01 PolyA median TPM,treehouse_polya_25_01_median_v1
ENSG00000223189,RNU6-177P,technical,0.0,Treehouse Tumor Compendium 25.01 PolyA median TPM,treehouse_polya_25_01_median_v1
ENSG00000207361,RNU6-178P,technical,0.0,Treehouse Tumor Compendium 25.01 PolyA median TPM,treehouse_polya_25_01_median_v1
ENSG00000200220,RNU6-179P,technical,0.0,Treehouse Tumor Compendium 25.01 PolyA median TPM,treehouse_polya_25_01_median_v1
ENSG00000206972,RNU6-17P,technical,0.0,Treehouse Tumor Compendium 25.01 PolyA median TPM,treehouse_polya_25_01_median_v1
ENSG00000252506,RNU6-180P,technical,0.0,Treehouse Tumor Compendium 25.01 PolyA median TPM,treehouse_polya_25_01_median_v1
ENSG00000200095,RNU6-181P,technical,0.0,Treehouse Tumor Compendium 25.01 PolyA median TPM,treehouse_polya_25_01_median_v1
ENSG00000252779,RNU6-182P,technical,0.0,Treehouse Tumor Compendium 25.01 PolyA median TPM,treehouse_polya_25_01_median_v1
ENSG00000200331,RNU6-183P,technical,0.0,Treehouse Tumor Compendium 25.01 PolyA median TPM,treehouse_polya_25_01_median_v1
ENSG00000252323,RNU6-184P,technical,0.0,Treehouse Tumor Compendium 25.01 PolyA median TPM,treehouse_polya_25_01_median_v1
ENSG00000207150,RNU6-185P,technical,0.0,Treehouse Tumor Compendium 25.01 PolyA median TPM,treehouse_polya_25_01_median_v1
ENSG00000206866,RNU6-187P,technical,0.0,Treehouse Tumor Compendium 25.01 PolyA median TPM,treehouse_polya_25_01_median_v1
ENSG00000201077,RNU6-188P,technical,0.0,Treehouse Tumor Compendium 25.01 PolyA median TPM,treehouse_polya_25_01_median_v1
ENSG00000251929,RNU6-189P,technical,0.0,Treehouse Tumor Compendium 25.01 PolyA median TPM,treehouse_polya_25_01_median_v1
ENSG00000207257,RNU6-18P,technical,0.0,Treehouse Tumor Compendium 25.01 PolyA median TPM,treehouse_polya_25_01_median_v1
ENSG00000206881,RNU6-190P,technical,0.0,Treehouse Tumor Compendium 25.01 PolyA median TPM,treehouse_polya_25_01_median_v1
ENSG00000252104,RNU6-191P,technical,0.0,Treehouse Tumor Compendium 25.01 PolyA median TPM,treehouse_polya_25_01_median_v1
ENSG00000212555,RNU6-192P,technical,0.0,Treehouse Tumor Compendium 25.01 PolyA median TPM,treehouse_polya_25_01_median_v1
ENSG00000222909,RNU6-193P,technical,0.0,Treehouse Tumor Compendium 25.01 PolyA median TPM,treehouse_polya_25_01_median_v1
ENSG00000200732,RNU6-194P,technical,0.0,Treehouse Tumor Compendium 25.01 PolyA median TPM,treehouse_polya_25_01_median_v1
ENSG00000223284,RNU6-195P,technical,0.0,Treehouse Tumor Compendium 25.01 PolyA median TPM,treehouse_polya_25_01_median_v1
ENSG00000207042,RNU6-196P,technical,0.0,Treehouse Tumor Compendium 25.01 PolyA median TPM,treehouse_polya_25_01_median_v1
ENSG00000252489,RNU6-197P,technical,0.0,Treehouse Tumor Compendium 25.01 PolyA median TPM,treehouse_polya_25_01_median_v1
ENSG00000206985,RNU6-198P,technical,0.0,Treehouse Tumor Compendium 25.01 PolyA median TPM,treehouse_polya_25_01_median_v1
ENSG00000199824,RNU6-199P,technical,0.0,Treehouse Tumor Compendium 25.01 PolyA median TPM,treehouse_polya_25_01_median_v1
ENSG00000207449,RNU6-19P,technical,0.0,Treehouse Tumor Compendium 25.01 PolyA median TPM,treehouse_polya_25_01_median_v1
ENSG00000207357,RNU6-2,technical,0.0,Treehouse Tumor Compendium 25.01 PolyA median TPM,treehouse_polya_25_01_median_v1
ENSG00000201613,RNU6-200P,technical,0.0,Treehouse Tumor Compendium 25.01 PolyA median TPM,treehouse_polya_25_01_median_v1
ENSG00000252909,RNU6-201P,technical,0.0,Treehouse Tumor Compendium 25.01 PolyA median TPM,treehouse_polya_25_01_median_v1
ENSG00000251807,RNU6-202P,technical,0.0,Treehouse Tumor Compendium 25.01 PolyA median TPM,treehouse_polya_25_01_median_v1
ENSG00000206765,RNU6-203P,technical,0.0,Treehouse Tumor Compendium 25.01 PolyA median TPM,treehouse_polya_25_01_median_v1
ENSG00000199335,RNU6-204P,technical,0.0,Treehouse Tumor Compendium 25.01 PolyA median TPM,treehouse_polya_25_01_median_v1
ENSG00000212160,RNU6-205P,technical,0.0,Treehouse Tumor Compendium 25.01 PolyA median TPM,treehouse_polya_25_01_median_v1
ENSG00000206843,RNU6-206P,technical,0.0,Treehouse Tumor Compendium 25.01 PolyA median TPM,treehouse_polya_25_01_median_v1
ENSG00000206864,RNU6-207P,technical,0.0,Treehouse Tumor Compendium 25.01 PolyA median TPM,treehouse_polya_25_01_median_v1
ENSG00000199301,RNU6-208P,technical,0.0,Treehouse Tumor Compendium 25.01 PolyA median TPM,treehouse_polya_25_01_median_v1
ENSG00000206845,RNU6-209P,technical,0.0,Treehouse Tumor Compendium 25.01 PolyA median TPM,treehouse_polya_25_01_median_v1
ENSG00000206833,RNU6-20P,technical,0.0,Treehouse Tumor Compendium 25.01 PolyA median TPM,treehouse_polya_25_01_median_v1
ENSG00000252752,RNU6-210P,technical,0.0,Treehouse Tumor Compendium 25.01 PolyA median TPM,treehouse_polya_25_01_median_v1
ENSG00000206774,RNU6-211P,technical,0.0,Treehouse Tumor Compendium 25.01 PolyA median TPM,treehouse_polya_25_01_median_v1
ENSG00000199512,RNU6-212P,technical,0.0,Treehouse Tumor Compendium 25.01 PolyA median TPM,treehouse_polya_25_01_median_v1
ENSG00000206778,RNU6-213P,technical,0.0,Treehouse Tumor Compendium 25.01 PolyA median TPM,treehouse_polya_25_01_median_v1
ENSG00000206857,RNU6-214P,technical,0.0,Treehouse Tumor Compendium 25.01 PolyA median TPM,treehouse_polya_25_01_median_v1
ENSG00000202039,RNU6-215P,technical,0.0,Treehouse Tumor Compendium 25.01 PolyA median TPM,treehouse_polya_25_01_median_v1
ENSG00000200152,RNU6-216P,technical,0.0,Treehouse Tumor Compendium 25.01 PolyA median TPM,treehouse_polya_25_01_median_v1
ENSG00000206891,RNU6-217P,technical,0.0,Treehouse Tumor Compendium 25.01 PolyA median TPM,treehouse_polya_25_01_median_v1
ENSG00000252929,RNU6-218P,technical,0.0,Treehouse Tumor Compendium 25.01 PolyA median TPM,treehouse_polya_25_01_median_v1
ENSG00000201598,RNU6-219P,technical,0.0,Treehouse Tumor Compendium 25.01 PolyA median TPM,treehouse_polya_25_01_median_v1
ENSG00000207441,RNU6-21P,technical,0.0,Treehouse Tumor Compendium 25.01 PolyA median TPM,treehouse_polya_25_01_median_v1
ENSG00000212221,RNU6-220P,technical,0.0,Treehouse Tumor Compendium 25.01 PolyA median TPM,treehouse_polya_25_01_median_v1
ENSG00000238493,RNU6-221P,technical,0.0,Treehouse Tumor Compendium 25.01 PolyA median TPM,treehouse_polya_25_01_median_v1
ENSG00000199308,RNU6-222P,technical,0.0,Treehouse Tumor Compendium 25.01 PolyA median TPM,treehouse_polya_25_01_median_v1
ENSG00000199700,RNU6-223P,technical,0.0,Treehouse Tumor Compendium 25.01 PolyA median TPM,treehouse_polya_25_01_median_v1
ENSG00000206782,RNU6-224P,technical,0.0,Treehouse Tumor Compendium 25.01 PolyA median TPM,treehouse_polya_25_01_median_v1
ENSG00000207343,RNU6-225P,technical,0.0,Treehouse Tumor Compendium 25.01 PolyA median TPM,treehouse_polya_25_01_median_v1
ENSG00000200648,RNU6-226P,technical,0.0,Treehouse Tumor Compendium 25.01 PolyA median TPM,treehouse_polya_25_01_median_v1
ENSG00000199735,RNU6-227P,technical,0.0,Treehouse Tumor Compendium 25.01 PolyA median TPM,treehouse_polya_25_01_median_v1
ENSG00000199570,RNU6-228P,technical,0.0,Treehouse Tumor Compendium 25.01 PolyA median TPM,treehouse_polya_25_01_median_v1
ENSG00000252423,RNU6-229P,technical,0.0,Treehouse Tumor Compendium 25.01 PolyA median TPM,treehouse_polya_25_01_median_v1
ENSG00000207083,RNU6-22P,technical,0.0,Treehouse Tumor Compendium 25.01 PolyA median TPM,treehouse_polya_25_01_median_v1
ENSG00000199327,RNU6-230P,technical,0.0,Treehouse Tumor Compendium 25.01 PolyA median TPM,treehouse_polya_25_01_median_v1
ENSG00000252931,RNU6-231P,technical,0.0,Treehouse Tumor Compendium 25.01 PolyA median TPM,treehouse_polya_25_01_median_v1
ENSG00000252953,RNU6-232P,technical,0.0,Treehouse Tumor Compendium 25.01 PolyA median TPM,treehouse_polya_25_01_median_v1
ENSG00000222777,RNU6-233P,technical,0.0,Treehouse Tumor Compendium 25.01 PolyA median TPM,treehouse_polya_25_01_median_v1
ENSG00000202099,RNU6-234P,technical,0.0,Treehouse Tumor Compendium 25.01 PolyA median TPM,treehouse_polya_25_01_median_v1
ENSG00000199514,RNU6-235P,technical,0.0,Treehouse Tumor Compendium 25.01 PolyA median TPM,treehouse_polya_25_01_median_v1
ENSG00000200756,RNU6-236P,technical,0.0,Treehouse Tumor Compendium 25.01 PolyA median TPM,treehouse_polya_25_01_median_v1
ENSG00000251794,RNU6-237P,technical,0.0,Treehouse Tumor Compendium 25.01 PolyA median TPM,treehouse_polya_25_01_median_v1
ENSG00000200183,RNU6-238P,technical,0.0,Treehouse Tumor Compendium 25.01 PolyA median TPM,treehouse_polya_25_01_median_v1
ENSG00000212292,RNU6-239P,technical,0.0,Treehouse Tumor Compendium 25.01 PolyA median TPM,treehouse_polya_25_01_median_v1
ENSG00000200153,RNU6-23P,technical,0.0,Treehouse Tumor Compendium 25.01 PolyA median TPM,treehouse_polya_25_01_median_v1
ENSG00000251907,RNU6-240P,technical,0.0,Treehouse Tumor Compendium 25.01 PolyA median TPM,treehouse_polya_25_01_median_v1
ENSG00000212450,RNU6-241P,technical,0.0,Treehouse Tumor Compendium 25.01 PolyA median TPM,treehouse_polya_25_01_median_v1
ENSG00000207087,RNU6-242P,technical,0.0,Treehouse Tumor Compendium 25.01 PolyA median TPM,treehouse_polya_25_01_median_v1
ENSG00000212442,RNU6-243P,technical,0.0,Treehouse Tumor Compendium 25.01 PolyA median TPM,treehouse_polya_25_01_median_v1
ENSG00000212330,RNU6-244P,technical,0.0,Treehouse Tumor Compendium 25.01 PolyA median TPM,treehouse_polya_25_01_median_v1
ENSG00000206747,RNU6-245P,technical,0.0,Treehouse Tumor Compendium 25.01 PolyA median TPM,treehouse_polya_25_01_median_v1
ENSG00000207433,RNU6-246P,technical,0.0,Treehouse Tumor Compendium 25.01 PolyA median TPM,treehouse_polya_25_01_median_v1
ENSG00000199506,RNU6-247P,technical,0.0,Treehouse Tumor Compendium 25.01 PolyA median TPM,treehouse_polya_25_01_median_v1
ENSG00000222652,RNU6-248P,technical,0.0,Treehouse Tumor Compendium 25.01 PolyA median TPM,treehouse_polya_25_01_median_v1
ENSG00000199886,RNU6-249P,technical,0.0,Treehouse Tumor Compendium 25.01 PolyA median TPM,treehouse_polya_25_01_median_v1
ENSG00000207169,RNU6-24P,technical,0.0,Treehouse Tumor Compendium 25.01 PolyA median TPM,treehouse_polya_25_01_median_v1
ENSG00000252767,RNU6-250P,technical,0.0,Treehouse Tumor Compendium 25.01 PolyA median TPM,treehouse_polya_25_01_median_v1
ENSG00000200105,RNU6-251P,technical,0.0,Treehouse Tumor Compendium 25.01 PolyA median TPM,treehouse_polya_25_01_median_v1
ENSG00000200102,RNU6-252P,technical,0.0,Treehouse Tumor Compendium 25.01 PolyA median TPM,treehouse_polya_25_01_median_v1
ENSG00000207461,RNU6-253P,technical,0.0,Treehouse Tumor Compendium 25.01 PolyA median TPM,treehouse_polya_25_01_median_v1
ENSG00000200247,RNU6-254P,technical,0.0,Treehouse Tumor Compendium 25.01 PolyA median TPM,treehouse_polya_25_01_median_v1
ENSG00000252766,RNU6-255P,technical,0.0,Treehouse Tumor Compendium 25.01 PolyA median TPM,treehouse_polya_25_01_median_v1
ENSG00000252556,RNU6-256P,technical,0.0,Treehouse Tumor Compendium 25.01 PolyA median TPM,treehouse_polya_25_01_median_v1
ENSG00000222170,RNU6-257P,technical,0.0,Treehouse Tumor Compendium 25.01 PolyA median TPM,treehouse_polya_25_01_median_v1
ENSG00000212186,RNU6-258P,technical,0.0,Treehouse Tumor Compendium 25.01 PolyA median TPM,treehouse_polya_25_01_median_v1
ENSG00000206726,RNU6-259P,technical,0.0,Treehouse Tumor Compendium 25.01 PolyA median TPM,treehouse_polya_25_01_median_v1
ENSG00000206600,RNU6-25P,technical,0.0,Treehouse Tumor Compendium 25.01 PolyA median TPM,treehouse_polya_25_01_median_v1
ENSG00000206819,RNU6-260P,technical,0.0,Treehouse Tumor Compendium 25.01 PolyA median TPM,treehouse_polya_25_01_median_v1
ENSG00000238697,RNU6-261P,technical,0.0,Treehouse Tumor Compendium 25.01 PolyA median TPM,treehouse_polya_25_01_median_v1
ENSG00000222249,RNU6-262P,technical,0.0,Treehouse Tumor Compendium 25.01 PolyA median TPM,treehouse_polya_25_01_median_v1
ENSG00000200681,RNU6-263P,technical,0.0,Treehouse Tumor Compendium 25.01 PolyA median TPM,treehouse_polya_25_01_median_v1
ENSG00000252943,RNU6-264P,technical,0.0,Treehouse Tumor Compendium 25.01 PolyA median TPM,treehouse_polya_25_01_median_v1
ENSG00000201095,RNU6-266P,technical,0.0,Treehouse Tumor Compendium 25.01 PolyA median TPM,treehouse_polya_25_01_median_v1
ENSG00000252523,RNU6-267P,technical,0.0,Treehouse Tumor Compendium 25.01 PolyA median TPM,treehouse_polya_25_01_median_v1
ENSG00000201044,RNU6-268P,technical,0.0,Treehouse Tumor Compendium 25.01 PolyA median TPM,treehouse_polya_25_01_median_v1
ENSG00000212379,RNU6-269P,technical,0.0,Treehouse Tumor Compendium 25.01 PolyA median TPM,treehouse_polya_25_01_median_v1
ENSG00000206712,RNU6-26P,technical,0.0,Treehouse Tumor Compendium 25.01 PolyA median TPM,treehouse_polya_25_01_median_v1
ENSG00000201001,RNU6-270P,technical,0.0,Treehouse Tumor Compendium 25.01 PolyA median TPM,treehouse_polya_25_01_median_v1
ENSG00000200728,RNU6-271P,technical,0.0,Treehouse Tumor Compendium 25.01 PolyA median TPM,treehouse_polya_25_01_median_v1
ENSG00000222960,RNU6-272P,technical,0.0,Treehouse Tumor Compendium 25.01 PolyA median TPM,treehouse_polya_25_01_median_v1
ENSG00000252746,RNU6-273P,technical,0.0,Treehouse Tumor Compendium 25.01 PolyA median TPM,treehouse_polya_25_01_median_v1
ENSG00000239075,RNU6-274P,technical,0.0,Treehouse Tumor Compendium 25.01 PolyA median TPM,treehouse_polya_25_01_median_v1
ENSG00000201780,RNU6-275P,technical,0.0,Treehouse Tumor Compendium 25.01 PolyA median TPM,treehouse_polya_25_01_median_v1
ENSG00000251923,RNU6-276P,technical,0.0,Treehouse Tumor Compendium 25.01 PolyA median TPM,treehouse_polya_25_01_median_v1
ENSG00000252081,RNU6-277P,technical,0.0,Treehouse Tumor Compendium 25.01 PolyA median TPM,treehouse_polya_25_01_median_v1
ENSG00000212247,RNU6-278P,technical,0.0,Treehouse Tumor Compendium 25.01 PolyA median TPM,treehouse_polya_25_01_median_v1
ENSG00000212599,RNU6-279P,technical,0.0,Treehouse Tumor Compendium 25.01 PolyA median TPM,treehouse_polya_25_01_median_v1
ENSG00000251955,RNU6-27P,technical,0.0,Treehouse Tumor Compendium 25.01 PolyA median TPM,treehouse_polya_25_01_median_v1
ENSG00000201015,RNU6-280P,technical,0.0,Treehouse Tumor Compendium 25.01 PolyA median TPM,treehouse_polya_25_01_median_v1
ENSG00000206939,RNU6-281P,technical,0.0,Treehouse Tumor Compendium 25.01 PolyA median TPM,treehouse_polya_25_01_median_v1
ENSG00000202227,RNU6-282P,technical,0.0,Treehouse Tumor Compendium 25.01 PolyA median TPM,treehouse_polya_25_01_median_v1
ENSG00000201658,RNU6-283P,technical,0.0,Treehouse Tumor Compendium 25.01 PolyA median TPM,treehouse_polya_25_01_median_v1
ENSG00000223037,RNU6-284P,technical,0.0,Treehouse Tumor Compendium 25.01 PolyA median TPM,treehouse_polya_25_01_median_v1
ENSG00000222488,RNU6-285P,technical,0.0,Treehouse Tumor Compendium 25.01 PolyA median TPM,treehouse_polya_25_01_median_v1
ENSG00000207476,RNU6-286P,technical,0.0,Treehouse Tumor Compendium 25.01 PolyA median TPM,treehouse_polya_25_01_median_v1
ENSG00000252039,RNU6-287P,technical,0.0,Treehouse Tumor Compendium 25.01 PolyA median TPM,treehouse_polya_25_01_median_v1
ENSG00000200560,RNU6-288P,technical,0.0,Treehouse Tumor Compendium 25.01 PolyA median TPM,treehouse_polya_25_01_median_v1
ENSG00000200963,RNU6-289P,technical,0.0,Treehouse Tumor Compendium 25.01 PolyA median TPM,treehouse_polya_25_01_median_v1
ENSG00000199248,RNU6-28P,technical,0.0,Treehouse Tumor Compendium 25.01 PolyA median TPM,treehouse_polya_25_01_median_v1
ENSG00000202082,RNU6-290P,technical,0.0,Treehouse Tumor Compendium 25.01 PolyA median TPM,treehouse_polya_25_01_median_v1
ENSG00000207451,RNU6-291P,technical,0.0,Treehouse Tumor Compendium 25.01 PolyA median TPM,treehouse_polya_25_01_median_v1
ENSG00000223191,RNU6-293P,technical,0.0,Treehouse Tumor Compendium 25.01 PolyA median TPM,treehouse_polya_25_01_median_v1
ENSG00000201869,RNU6-294P,technical,0.0,Treehouse Tumor Compendium 25.01 PolyA median TPM,treehouse_polya_25_01_median_v1
ENSG00000252710,RNU6-295P,technical,0.0,Treehouse Tumor Compendium 25.01 PolyA median TPM,treehouse_polya_25_01_median_v1
ENSG00000207338,RNU6-296P,technical,0.0,Treehouse Tumor Compendium 25.01 PolyA median TPM,treehouse_polya_25_01_median_v1
ENSG00000207366,RNU6-297P,technical,0.0,Treehouse Tumor Compendium 25.01 PolyA median TPM,treehouse_polya_25_01_median_v1
ENSG00000212190,RNU6-298P,technical,0.0,Treehouse Tumor Compendium 25.01 PolyA median TPM,treehouse_polya_25_01_median_v1
ENSG00000253032,RNU6-299P,technical,0.0,Treehouse Tumor Compendium 25.01 PolyA median TPM,treehouse_polya_25_01_median_v1
ENSG00000207367,RNU6-29P,technical,0.0,Treehouse Tumor Compendium 25.01 PolyA median TPM,treehouse_polya_25_01_median_v1
ENSG00000238616,RNU6-300P,technical,0.0,Treehouse Tumor Compendium 25.01 PolyA median TPM,treehouse_polya_25_01_median_v1
ENSG00000207004,RNU6-301P,technical,0.0,Treehouse Tumor Compendium 25.01 PolyA median TPM,treehouse_polya_25_01_median_v1
ENSG00000202119,RNU6-302P,technical,0.0,Treehouse Tumor Compendium 25.01 PolyA median TPM,treehouse_polya_25_01_median_v1
ENSG00000252900,RNU6-303P,technical,0.0,Treehouse Tumor Compendium 25.01 PolyA median TPM,treehouse_polya_25_01_median_v1
ENSG00000201725,RNU6-304P,technical,0.0,Treehouse Tumor Compendium 25.01 PolyA median TPM,treehouse_polya_25_01_median_v1
ENSG00000207347,RNU6-306P,technical,0.0,Treehouse Tumor Compendium 25.01 PolyA median TPM,treehouse_polya_25_01_median_v1
ENSG00000252552,RNU6-307P,technical,0.0,Treehouse Tumor Compendium 25.01 PolyA median TPM,treehouse_polya_25_01_median_v1
ENSG00000212259,RNU6-308P,technical,0.0,Treehouse Tumor Compendium 25.01 PolyA median TPM,treehouse_polya_25_01_median_v1
ENSG00000201443,RNU6-309P,technical,0.0,Treehouse Tumor Compendium 25.01 PolyA median TPM,treehouse_polya_25_01_median_v1
ENSG00000207291,RNU6-30P,technical,0.0,Treehouse Tumor Compendium 25.01 PolyA median TPM,treehouse_polya_25_01_median_v1
ENSG00000207385,RNU6-310P,technical,0.0,Treehouse Tumor Compendium 25.01 PolyA median TPM,treehouse_polya_25_01_median_v1
ENSG00000252033,RNU6-311P,technical,0.0,Treehouse Tumor Compendium 25.01 PolyA median TPM,treehouse_polya_25_01_median_v1
ENSG00000201499,RNU6-312P,technical,0.0,Treehouse Tumor Compendium 25.01 PolyA median TPM,treehouse_polya_25_01_median_v1
ENSG00000252126,RNU6-313P,technical,0.0,Treehouse Tumor Compendium 25.01 PolyA median TPM,treehouse_polya_25_01_median_v1
ENSG00000252383,RNU6-314P,technical,0.0,Treehouse Tumor Compendium 25.01 PolyA median TPM,treehouse_polya_25_01_median_v1
ENSG00000199536,RNU6-315P,technical,0.0,Treehouse Tumor Compendium 25.01 PolyA median TPM,treehouse_polya_25_01_median_v1
ENSG00000212329,RNU6-316P,technical,0.0,Treehouse Tumor Compendium 25.01 PolyA median TPM,treehouse_polya_25_01_median_v1
ENSG00000206758,RNU6-317P,technical,0.0,Treehouse Tumor Compendium 25.01 PolyA median TPM,treehouse_polya_25_01_median_v1
ENSG00000207010,RNU6-318P,technical,0.0,Treehouse Tumor Compendium 25.01 PolyA median TPM,treehouse_polya_25_01_median_v1
ENSG00000251834,RNU6-319P,technical,0.0,Treehouse Tumor Compendium 25.01 PolyA median TPM,treehouse_polya_25_01_median_v1
ENSG00000207116,RNU6-31P,technical,0.0,Treehouse Tumor Compendium 25.01 PolyA median TPM,treehouse_polya_25_01_median_v1
ENSG00000252320,RNU6-320P,technical,0.0,Treehouse Tumor Compendium 25.01 PolyA median TPM,treehouse_polya_25_01_median_v1
ENSG00000222844,RNU6-321P,technical,0.0,Treehouse Tumor Compendium 25.01 PolyA median TPM,treehouse_polya_25_01_median_v1
ENSG00000251819,RNU6-322P,technical,0.0,Treehouse Tumor Compendium 25.01 PolyA median TPM,treehouse_polya_25_01_median_v1
ENSG00000253739,RNU6-323P,technical,0.0,Treehouse Tumor Compendium 25.01 PolyA median TPM,treehouse_polya_25_01_median_v1
ENSG00000200827,RNU6-324P,technical,0.0,Treehouse Tumor Compendium 25.01 PolyA median TPM,treehouse_polya_25_01_median_v1
ENSG00000223064,RNU6-325P,technical,0.0,Treehouse Tumor Compendium 25.01 PolyA median TPM,treehouse_polya_25_01_median_v1
ENSG00000202350,RNU6-326P,technical,0.0,Treehouse Tumor Compendium 25.01 PolyA median TPM,treehouse_polya_25_01_median_v1
ENSG00000252079,RNU6-327P,technical,0.0,Treehouse Tumor Compendium 25.01 PolyA median TPM,treehouse_polya_25_01_median_v1
ENSG00000212189,RNU6-328P,technical,0.0,Treehouse Tumor Compendium 25.01 PolyA median TPM,treehouse_polya_25_01_median_v1
ENSG00000238882,RNU6-329P,technical,0.0,Treehouse Tumor Compendium 25.01 PolyA median TPM,treehouse_polya_25_01_median_v1
ENSG00000206675,RNU6-32P,technical,0.0,Treehouse Tumor Compendium 25.01 PolyA median TPM,treehouse_polya_25_01_median_v1
ENSG00000199885,RNU6-330P,technical,0.0,Treehouse Tumor Compendium 25.01 PolyA median TPM,treehouse_polya_25_01_median_v1
ENSG00000207455,RNU6-331P,technical,0.0,Treehouse Tumor Compendium 25.01 PolyA median TPM,treehouse_polya_25_01_median_v1
ENSG00000212495,RNU6-332P,technical,0.0,Treehouse Tumor Compendium 25.01 PolyA median TPM,treehouse_polya_25_01_median_v1
ENSG00000238669,RNU6-333P,technical,0.0,Treehouse Tumor Compendium 25.01 PolyA median TPM,treehouse_polya_25_01_median_v1
ENSG00000252881,RNU6-334P,technical,0.0,Treehouse Tumor Compendium 25.01 PolyA median TPM,treehouse_polya_25_01_median_v1
ENSG00000201433,RNU6-335P,technical,0.0,Treehouse Tumor Compendium 25.01 PolyA median TPM,treehouse_polya_25_01_median_v1
ENSG00000201761,RNU6-336P,technical,0.0,Treehouse Tumor Compendium 25.01 PolyA median TPM,treehouse_polya_25_01_median_v1
ENSG00000212545,RNU6-337P,technical,0.0,Treehouse Tumor Compendium 25.01 PolyA median TPM,treehouse_polya_25_01_median_v1
ENSG00000206615,RNU6-338P,technical,0.0,Treehouse Tumor Compendium 25.01 PolyA median TPM,treehouse_polya_25_01_median_v1
ENSG00000207037,RNU6-339P,technical,0.0,Treehouse Tumor Compendium 25.01 PolyA median TPM,treehouse_polya_25_01_median_v1
ENSG00000207524,RNU6-33P,technical,0.0,Treehouse Tumor Compendium 25.01 PolyA median TPM,treehouse_polya_25_01_median_v1
ENSG00000200875,RNU6-340P,technical,0.0,Treehouse Tumor Compendium 25.01 PolyA median TPM,treehouse_polya_25_01_median_v1
ENSG00000252782,RNU6-341P,technical,0.0,Treehouse Tumor Compendium 25.01 PolyA median TPM,treehouse_polya_25_01_median_v1
ENSG00000207251,RNU6-342P,technical,0.0,Treehouse Tumor Compendium 25.01 PolyA median TPM,treehouse_polya_25_01_median_v1
ENSG00000201579,RNU6-343P,technical,0.0,Treehouse Tumor Compendium 25.01 PolyA median TPM,treehouse_polya_25_01_median_v1
ENSG00000252444,RNU6-344P,technical,0.0,Treehouse Tumor Compendium 25.01 PolyA median TPM,treehouse_polya_25_01_median_v1
ENSG00000252810,RNU6-345P,technical,0.0,Treehouse Tumor Compendium 25.01 PolyA median TPM,treehouse_polya_25_01_median_v1
ENSG00000252097,RNU6-346P,technical,0.0,Treehouse Tumor Compendium 25.01 PolyA median TPM,treehouse_polya_25_01_median_v1
ENSG00000252467,RNU6-347P,technical,0.0,Treehouse Tumor Compendium 25.01 PolyA median TPM,treehouse_polya_25_01_median_v1
ENSG00000207114,RNU6-348P,technical,0.0,Treehouse Tumor Compendium 25.01 PolyA median TPM,treehouse_polya_25_01_median_v1
ENSG00000199272,RNU6-349P,technical,0.0,Treehouse Tumor Compendium 25.01 PolyA median TPM,treehouse_polya_25_01_median_v1
ENSG00000201744,RNU6-34P,technical,0.0,Treehouse Tumor Compendium 25.01 PolyA median TPM,treehouse_polya_25_01_median_v1
ENSG00000251906,RNU6-351P,technical,0.0,Treehouse Tumor Compendium 25.01 PolyA median TPM,treehouse_polya_25_01_median_v1
ENSG00000252717,RNU6-352P,technical,0.0,Treehouse Tumor Compendium 25.01 PolyA median TPM,treehouse_polya_25_01_median_v1
ENSG00000201136,RNU6-353P,technical,0.0,Treehouse Tumor Compendium 25.01 PolyA median TPM,treehouse_polya_25_01_median_v1
ENSG00000206589,RNU6-354P,technical,0.0,Treehouse Tumor Compendium 25.01 PolyA median TPM,treehouse_polya_25_01_median_v1
ENSG00000222359,RNU6-355P,technical,0.0,Treehouse Tumor Compendium 25.01 PolyA median TPM,treehouse_polya_25_01_median_v1
ENSG00000206867,RNU6-356P,technical,0.0,Treehouse Tumor Compendium 25.01 PolyA median TPM,treehouse_polya_25_01_median_v1
ENSG00000252373,RNU6-358P,technical,0.0,Treehouse Tumor Compendium 25.01 PolyA median TPM,treehouse_polya_25_01_median_v1
ENSG00000202336,RNU6-359P,technical,0.0,Treehouse Tumor Compendium 25.01 PolyA median TPM,treehouse_polya_25_01_median_v1
ENSG00000207260,RNU6-35P,technical,0.0,Treehouse Tumor Compendium 25.01 PolyA median TPM,treehouse_polya_25_01_median_v1
ENSG00000212246,RNU6-360P,technical,0.0,Treehouse Tumor Compendium 25.01 PolyA median TPM,treehouse_polya_25_01_median_v1
ENSG00000201324,RNU6-361P,technical,0.0,Treehouse Tumor Compendium 25.01 PolyA median TPM,treehouse_polya_25_01_median_v1
ENSG00000252545,RNU6-362P,technical,0.0,Treehouse Tumor Compendium 25.01 PolyA median TPM,treehouse_polya_25_01_median_v1
ENSG00000199765,RNU6-363P,technical,0.0,Treehouse Tumor Compendium 25.01 PolyA median TPM,treehouse_polya_25_01_median_v1
ENSG00000207115,RNU6-364P,technical,0.0,Treehouse Tumor Compendium 25.01 PolyA median TPM,treehouse_polya_25_01_median_v1
ENSG00000252922,RNU6-365P,technical,0.0,Treehouse Tumor Compendium 25.01 PolyA median TPM,treehouse_polya_25_01_median_v1
ENSG00000201097,RNU6-366P,technical,0.0,Treehouse Tumor Compendium 25.01 PolyA median TPM,treehouse_polya_25_01_median_v1
ENSG00000252980,RNU6-367P,technical,0.0,Treehouse Tumor Compendium 25.01 PolyA median TPM,treehouse_polya_25_01_median_v1
ENSG00000278551,RNU6-368P,technical,0.0,Treehouse Tumor Compendium 25.01 PolyA median TPM,treehouse_polya_25_01_median_v1
ENSG00000199385,RNU6-369P,technical,0.0,Treehouse Tumor Compendium 25.01 PolyA median TPM,treehouse_polya_25_01_median_v1
ENSG00000206899,RNU6-36P,technical,0.0,Treehouse Tumor Compendium 25.01 PolyA median TPM,treehouse_polya_25_01_median_v1
ENSG00000222940,RNU6-370P,technical,0.0,Treehouse Tumor Compendium 25.01 PolyA median TPM,treehouse_polya_25_01_median_v1
ENSG00000201153,RNU6-371P,technical,0.0,Treehouse Tumor Compendium 25.01 PolyA median TPM,treehouse_polya_25_01_median_v1
ENSG00000223179,RNU6-373P,technical,0.0,Treehouse Tumor Compendium 25.01 PolyA median TPM,treehouse_polya_25_01_median_v1
ENSG00000201016,RNU6-374P,technical,0.0,Treehouse Tumor Compendium 25.01 PolyA median TPM,treehouse_polya_25_01_median_v1
ENSG00000252859,RNU6-375P,technical,0.0,Treehouse Tumor Compendium 25.01 PolyA median TPM,treehouse_polya_25_01_median_v1
ENSG00000207462,RNU6-376P,technical,0.0,Treehouse Tumor Compendium 25.01 PolyA median TPM,treehouse_polya_25_01_median_v1
ENSG00000251774,RNU6-377P,technical,0.0,Treehouse Tumor Compendium 25.01 PolyA median TPM,treehouse_polya_25_01_median_v1
ENSG00000207052,RNU6-378P,technical,0.0,Treehouse Tumor Compendium 25.01 PolyA median TPM,treehouse_polya_25_01_median_v1
ENSG00000200683,RNU6-379P,technical,0.0,Treehouse Tumor Compendium 25.01 PolyA median TPM,treehouse_polya_25_01_median_v1
ENSG00000199562,RNU6-37P,technical,0.0,Treehouse Tumor Compendium 25.01 PolyA median TPM,treehouse_polya_25_01_median_v1
ENSG00000222139,RNU6-380P,technical,0.0,Treehouse Tumor Compendium 25.01 PolyA median TPM,treehouse_polya_25_01_median_v1
ENSG00000212561,RNU6-381P,technical,0.0,Treehouse Tumor Compendium 25.01 PolyA median TPM,treehouse_polya_25_01_median_v1
ENSG00000202051,RNU6-382P,technical,0.0,Treehouse Tumor Compendium 25.01 PolyA median TPM,treehouse_polya_25_01_median_v1
ENSG00000222796,RNU6-383P,technical,0.0,Treehouse Tumor Compendium 25.01 PolyA median TPM,treehouse_polya_25_01_median_v1
ENSG00000201770,RNU6-384P,technical,0.0,Treehouse Tumor Compendium 25.01 PolyA median TPM,treehouse_polya_25_01_median_v1
ENSG00000199520,RNU6-386P,technical,0.0,Treehouse Tumor Compendium 25.01 PolyA median TPM,treehouse_polya_25_01_median_v1
ENSG00000223263,RNU6-387P,technical,0.0,Treehouse Tumor Compendium 25.01 PolyA median TPM,treehouse_polya_25_01_median_v1
ENSG00000252821,RNU6-388P,technical,0.0,Treehouse Tumor Compendium 25.01 PolyA median TPM,treehouse_polya_25_01_median_v1
ENSG00000252857,RNU6-389P,technical,0.0,Treehouse Tumor Compendium 25.01 PolyA median TPM,treehouse_polya_25_01_median_v1
ENSG00000206812,RNU6-38P,technical,0.0,Treehouse Tumor Compendium 25.01 PolyA median TPM,treehouse_polya_25_01_median_v1
ENSG00000252068,RNU6-390P,technical,0.0,Treehouse Tumor Compendium 25.01 PolyA median TPM,treehouse_polya_25_01_median_v1
ENSG00000202050,RNU6-391P,technical,0.0,Treehouse Tumor Compendium 25.01 PolyA median TPM,treehouse_polya_25_01_median_v1
ENSG00000201796,RNU6-392P,technical,0.0,Treehouse Tumor Compendium 25.01 PolyA median TPM,treehouse_polya_25_01_median_v1
ENSG00000207204,RNU6-393P,technical,0.0,Treehouse Tumor Compendium 25.01 PolyA median TPM,treehouse_polya_25_01_median_v1
ENSG00000222667,RNU6-394P,technical,0.0,Treehouse Tumor Compendium 25.01 PolyA median TPM,treehouse_polya_25_01_median_v1
ENSG00000202532,RNU6-395P,technical,0.0,Treehouse Tumor Compendium 25.01 PolyA median TPM,treehouse_polya_25_01_median_v1
ENSG00000202239,RNU6-396P,technical,0.0,Treehouse Tumor Compendium 25.01 PolyA median TPM,treehouse_polya_25_01_median_v1
ENSG00000252035,RNU6-397P,technical,0.0,Treehouse Tumor Compendium 25.01 PolyA median TPM,treehouse_polya_25_01_median_v1
ENSG00000206870,RNU6-398P,technical,0.0,Treehouse Tumor Compendium 25.01 PolyA median TPM,treehouse_polya_25_01_median_v1
ENSG00000202034,RNU6-399P,technical,0.0,Treehouse Tumor Compendium 25.01 PolyA median TPM,treehouse_polya_25_01_median_v1
ENSG00000207072,RNU6-39P,technical,0.0,Treehouse Tumor Compendium 25.01 PolyA median TPM,treehouse_polya_25_01_median_v1
ENSG00000207041,RNU6-3P,technical,0.0,Treehouse Tumor Compendium 25.01 PolyA median TPM,treehouse_polya_25_01_median_v1
ENSG00000212475,RNU6-400P,technical,0.0,Treehouse Tumor Compendium 25.01 PolyA median TPM,treehouse_polya_25_01_median_v1
ENSG00000212374,RNU6-401P,technical,0.0,Treehouse Tumor Compendium 25.01 PolyA median TPM,treehouse_polya_25_01_median_v1
ENSG00000222610,RNU6-402P,technical,0.0,Treehouse Tumor Compendium 25.01 PolyA median TPM,treehouse_polya_25_01_median_v1
ENSG00000200033,RNU6-403P,technical,0.0,Treehouse Tumor Compendium 25.01 PolyA median TPM,treehouse_polya_25_01_median_v1
ENSG00000252446,RNU6-405P,technical,0.0,Treehouse Tumor Compendium 25.01 PolyA median TPM,treehouse_polya_25_01_median_v1
ENSG00000252279,RNU6-406P,technical,0.0,Treehouse Tumor Compendium 25.01 PolyA median TPM,treehouse_polya_25_01_median_v1
ENSG00000202150,RNU6-407P,technical,0.0,Treehouse Tumor Compendium 25.01 PolyA median TPM,treehouse_polya_25_01_median_v1
ENSG00000251719,RNU6-408P,technical,0.0,Treehouse Tumor Compendium 25.01 PolyA median TPM,treehouse_polya_25_01_median_v1
ENSG00000206841,RNU6-409P,technical,0.0,Treehouse Tumor Compendium 25.01 PolyA median TPM,treehouse_polya_25_01_median_v1
ENSG00000206981,RNU6-40P,technical,0.0,Treehouse Tumor Compendium 25.01 PolyA median TPM,treehouse_polya_25_01_median_v1
ENSG00000252815,RNU6-410P,technical,0.0,Treehouse Tumor Compendium 25.01 PolyA median TPM,treehouse_polya_25_01_median_v1
ENSG00000207180,RNU6-411P,technical,0.0,Treehouse Tumor Compendium 25.01 PolyA median TPM,treehouse_polya_25_01_median_v1
ENSG00000252243,RNU6-412P,technical,0.0,Treehouse Tumor Compendium 25.01 PolyA median TPM,treehouse_polya_25_01_median_v1
ENSG00000206842,RNU6-413P,technical,0.0,Treehouse Tumor Compendium 25.01 PolyA median TPM,treehouse_polya_25_01_median_v1
ENSG00000200575,RNU6-414P,technical,0.0,Treehouse Tumor Compendium 25.01 PolyA median TPM,treehouse_polya_25_01_median_v1
ENSG00000252061,RNU6-415P,technical,0.0,Treehouse Tumor Compendium 25.01 PolyA median TPM,treehouse_polya_25_01_median_v1
ENSG00000252074,RNU6-416P,technical,0.0,Treehouse Tumor Compendium 25.01 PolyA median TPM,treehouse_polya_25_01_median_v1
ENSG00000207443,RNU6-417P,technical,0.0,Treehouse Tumor Compendium 25.01 PolyA median TPM,treehouse_polya_25_01_median_v1
ENSG00000206762,RNU6-418P,technical,0.0,Treehouse Tumor Compendium 25.01 PolyA median TPM,treehouse_polya_25_01_median_v1
ENSG00000252839,RNU6-419P,technical,0.0,Treehouse Tumor Compendium 25.01 PolyA median TPM,treehouse_polya_25_01_median_v1
ENSG00000207472,RNU6-41P,technical,0.0,Treehouse Tumor Compendium 25.01 PolyA median TPM,treehouse_polya_25_01_median_v1
ENSG00000239001,RNU6-420P,technical,0.0,Treehouse Tumor Compendium 25.01 PolyA median TPM,treehouse_polya_25_01_median_v1
ENSG00000201341,RNU6-421P,technical,0.0,Treehouse Tumor Compendium 25.01 PolyA median TPM,treehouse_polya_25_01_median_v1
ENSG00000207362,RNU6-422P,technical,0.0,Treehouse Tumor Compendium 25.01 PolyA median TPM,treehouse_polya_25_01_median_v1
ENSG00000207095,RNU6-424P,technical,0.0,Treehouse Tumor Compendium 25.01 PolyA median TPM,treehouse_polya_25_01_median_v1
ENSG00000206604,RNU6-425P,technical,0.0,Treehouse Tumor Compendium 25.01 PolyA median TPM,treehouse_polya_25_01_median_v1
ENSG00000252273,RNU6-426P,technical,0.0,Treehouse Tumor Compendium 25.01 PolyA median TPM,treehouse_polya_25_01_median_v1
ENSG00000199812,RNU6-428P,technical,0.0,Treehouse Tumor Compendium 25.01 PolyA median TPM,treehouse_polya_25_01_median_v1
ENSG00000207312,RNU6-429P,technical,0.0,Treehouse Tumor Compendium 25.01 PolyA median TPM,treehouse_polya_25_01_median_v1
ENSG00000206892,RNU6-42P,technical,0.0,Treehouse Tumor Compendium 25.01 PolyA median TPM,treehouse_polya_25_01_median_v1
ENSG00000252887,RNU6-430P,technical,0.0,Treehouse Tumor Compendium 25.01 PolyA median TPM,treehouse_polya_25_01_median_v1
ENSG00000206601,RNU6-431P,technical,0.0,Treehouse Tumor Compendium 25.01 PolyA median TPM,treehouse_polya_25_01_median_v1
ENSG00000206923,RNU6-432P,technical,0.0,Treehouse Tumor Compendium 25.01 PolyA median TPM,treehouse_polya_25_01_median_v1
ENSG00000200086,RNU6-433P,technical,0.0,Treehouse Tumor Compendium 25.01 PolyA median TPM,treehouse_polya_25_01_median_v1
ENSG00000207104,RNU6-434P,technical,0.0,Treehouse Tumor Compendium 25.01 PolyA median TPM,treehouse_polya_25_01_median_v1
ENSG00000206766,RNU6-435P,technical,0.0,Treehouse Tumor Compendium 25.01 PolyA median TPM,treehouse_polya_25_01_median_v1
ENSG00000251980,RNU6-436P,technical,0.0,Treehouse Tumor Compendium 25.01 PolyA median TPM,treehouse_polya_25_01_median_v1
ENSG00000238420,RNU6-437P,technical,0.0,Treehouse Tumor Compendium 25.01 PolyA median TPM,treehouse_polya_25_01_median_v1
ENSG00000202431,RNU6-438P,technical,0.0,Treehouse Tumor Compendium 25.01 PolyA median TPM,treehouse_polya_25_01_median_v1
ENSG00000206915,RNU6-439P,technical,0.0,Treehouse Tumor Compendium 25.01 PolyA median TPM,treehouse_polya_25_01_median_v1
ENSG00000207029,RNU6-43P,technical,0.0,Treehouse Tumor Compendium 25.01 PolyA median TPM,treehouse_polya_25_01_median_v1
ENSG00000212184,RNU6-440P,technical,0.0,Treehouse Tumor Compendium 25.01 PolyA median TPM,treehouse_polya_25_01_median_v1
ENSG00000207275,RNU6-441P,technical,0.0,Treehouse Tumor Compendium 25.01 PolyA median TPM,treehouse_polya_25_01_median_v1
ENSG00000206695,RNU6-442P,technical,0.0,Treehouse Tumor Compendium 25.01 PolyA median TPM,treehouse_polya_25_01_median_v1
ENSG00000206715,RNU6-444P,technical,0.0,Treehouse Tumor Compendium 25.01 PolyA median TPM,treehouse_polya_25_01_median_v1
ENSG00000252758,RNU6-445P,technical,0.0,Treehouse Tumor Compendium 25.01 PolyA median TPM,treehouse_polya_25_01_median_v1
ENSG00000199697,RNU6-446P,technical,0.0,Treehouse Tumor Compendium 25.01 PolyA median TPM,treehouse_polya_25_01_median_v1
ENSG00000222225,RNU6-447P,technical,0.0,Treehouse Tumor Compendium 25.01 PolyA median TPM,treehouse_polya_25_01_median_v1
ENSG00000252861,RNU6-448P,technical,0.0,Treehouse Tumor Compendium 25.01 PolyA median TPM,treehouse_polya_25_01_median_v1
ENSG00000206641,RNU6-449P,technical,0.0,Treehouse Tumor Compendium 25.01 PolyA median TPM,treehouse_polya_25_01_median_v1
ENSG00000206772,RNU6-44P,technical,0.0,Treehouse Tumor Compendium 25.01 PolyA median TPM,treehouse_polya_25_01_median_v1
ENSG00000201524,RNU6-450P,technical,0.0,Treehouse Tumor Compendium 25.01 PolyA median TPM,treehouse_polya_25_01_median_v1
ENSG00000199791,RNU6-451P,technical,0.0,Treehouse Tumor Compendium 25.01 PolyA median TPM,treehouse_polya_25_01_median_v1
ENSG00000207135,RNU6-452P,technical,0.0,Treehouse Tumor Compendium 25.01 PolyA median TPM,treehouse_polya_25_01_median_v1
ENSG00000252628,RNU6-453P,technical,0.0,Treehouse Tumor Compendium 25.01 PolyA median TPM,treehouse_polya_25_01_median_v1
ENSG00000201162,RNU6-454P,technical,0.0,Treehouse Tumor Compendium 25.01 PolyA median TPM,treehouse_polya_25_01_median_v1
ENSG00000207412,RNU6-455P,technical,0.0,Treehouse Tumor Compendium 25.01 PolyA median TPM,treehouse_polya_25_01_median_v1
ENSG00000207222,RNU6-456P,technical,0.0,Treehouse Tumor Compendium 25.01 PolyA median TPM,treehouse_polya_25_01_median_v1
ENSG00000200869,RNU6-457P,technical,0.0,Treehouse Tumor Compendium 25.01 PolyA median TPM,treehouse_polya_25_01_median_v1
ENSG00000206906,RNU6-458P,technical,0.0,Treehouse Tumor Compendium 25.01 PolyA median TPM,treehouse_polya_25_01_median_v1
ENSG00000207200,RNU6-45P,technical,0.0,Treehouse Tumor Compendium 25.01 PolyA median TPM,treehouse_polya_25_01_median_v1
ENSG00000212460,RNU6-460P,technical,0.0,Treehouse Tumor Compendium 25.01 PolyA median TPM,treehouse_polya_25_01_median_v1
ENSG00000201065,RNU6-461P,technical,0.0,Treehouse Tumor Compendium 25.01 PolyA median TPM,treehouse_polya_25_01_median_v1
ENSG00000199529,RNU6-462P,technical,0.0,Treehouse Tumor Compendium 25.01 PolyA median TPM,treehouse_polya_25_01_median_v1
ENSG00000207068,RNU6-463P,technical,0.0,Treehouse Tumor Compendium 25.01 PolyA median TPM,treehouse_polya_25_01_median_v1
ENSG00000253026,RNU6-464P,technical,0.0,Treehouse Tumor Compendium 25.01 PolyA median TPM,treehouse_polya_25_01_median_v1
ENSG00000207149,RNU6-465P,technical,0.0,Treehouse Tumor Compendium 25.01 PolyA median TPM,treehouse_polya_25_01_median_v1
ENSG00000212526,RNU6-466P,technical,0.0,Treehouse Tumor Compendium 25.01 PolyA median TPM,treehouse_polya_25_01_median_v1
ENSG00000276577,RNU6-467P,technical,0.0,Treehouse Tumor Compendium 25.01 PolyA median TPM,treehouse_polya_25_01_median_v1
ENSG00000206730,RNU6-468P,technical,0.0,Treehouse Tumor Compendium 25.01 PolyA median TPM,treehouse_polya_25_01_median_v1
ENSG00000252062,RNU6-469P,technical,0.0,Treehouse Tumor Compendium 25.01 PolyA median TPM,treehouse_polya_25_01_median_v1
ENSG00000206587,RNU6-46P,technical,0.0,Treehouse Tumor Compendium 25.01 PolyA median TPM,treehouse_polya_25_01_median_v1
ENSG00000251763,RNU6-470P,technical,0.0,Treehouse Tumor Compendium 25.01 PolyA median TPM,treehouse_polya_25_01_median_v1
ENSG00000206671,RNU6-471P,technical,0.0,Treehouse Tumor Compendium 25.01 PolyA median TPM,treehouse_polya_25_01_median_v1
ENSG00000207026,RNU6-472P,technical,0.0,Treehouse Tumor Compendium 25.01 PolyA median TPM,treehouse_polya_25_01_median_v1
ENSG00000251973,RNU6-473P,technical,0.0,Treehouse Tumor Compendium 25.01 PolyA median TPM,treehouse_polya_25_01_median_v1
ENSG00000206970,RNU6-474P,technical,0.0,Treehouse Tumor Compendium 25.01 PolyA median TPM,treehouse_polya_25_01_median_v1
ENSG00000251882,RNU6-475P,technical,0.0,Treehouse Tumor Compendium 25.01 PolyA median TPM,treehouse_polya_25_01_median_v1
ENSG00000207457,RNU6-476P,technical,0.0,Treehouse Tumor Compendium 25.01 PolyA median TPM,treehouse_polya_25_01_median_v1
ENSG00000206614,RNU6-477P,technical,0.0,Treehouse Tumor Compendium 25.01 PolyA median TPM,treehouse_polya_25_01_median_v1
ENSG00000200774,RNU6-478P,technical,0.0,Treehouse Tumor Compendium 25.01 PolyA median TPM,treehouse_polya_25_01_median_v1
ENSG00000252157,RNU6-479P,technical,0.0,Treehouse Tumor Compendium 25.01 PolyA median TPM,treehouse_polya_25_01_median_v1
ENSG00000206593,RNU6-47P,technical,0.0,Treehouse Tumor Compendium 25.01 PolyA median TPM,treehouse_polya_25_01_median_v1
ENSG00000207060,RNU6-480P,technical,0.0,Treehouse Tumor Compendium 25.01 PolyA median TPM,treehouse_polya_25_01_median_v1
ENSG00000206921,RNU6-481P,technical,0.0,Treehouse Tumor Compendium 25.01 PolyA median TPM,treehouse_polya_25_01_median_v1
ENSG00000212370,RNU6-482P,technical,0.0,Treehouse Tumor Compendium 25.01 PolyA median TPM,treehouse_polya_25_01_median_v1
ENSG00000206815,RNU6-483P,technical,0.0,Treehouse Tumor Compendium 25.01 PolyA median TPM,treehouse_polya_25_01_median_v1
ENSG00000206743,RNU6-484P,technical,0.0,Treehouse Tumor Compendium 25.01 PolyA median TPM,treehouse_polya_25_01_median_v1
ENSG00000200345,RNU6-485P,technical,0.0,Treehouse Tumor Compendium 25.01 PolyA median TPM,treehouse_polya_25_01_median_v1
ENSG00000199986,RNU6-486P,technical,0.0,Treehouse Tumor Compendium 25.01 PolyA median TPM,treehouse_polya_25_01_median_v1
ENSG00000202300,RNU6-487P,technical,0.0,Treehouse Tumor Compendium 25.01 PolyA median TPM,treehouse_polya_25_01_median_v1
ENSG00000251727,RNU6-488P,technical,0.0,Treehouse Tumor Compendium 25.01 PolyA median TPM,treehouse_polya_25_01_median_v1
ENSG00000277341,RNU6-489P,technical,0.0,Treehouse Tumor Compendium 25.01 PolyA median TPM,treehouse_polya_25_01_median_v1
ENSG00000206888,RNU6-48P,technical,0.0,Treehouse Tumor Compendium 25.01 PolyA median TPM,treehouse_polya_25_01_median_v1
ENSG00000199855,RNU6-490P,technical,0.0,Treehouse Tumor Compendium 25.01 PolyA median TPM,treehouse_polya_25_01_median_v1
ENSG00000251908,RNU6-491P,technical,0.0,Treehouse Tumor Compendium 25.01 PolyA median TPM,treehouse_polya_25_01_median_v1
ENSG00000199905,RNU6-492P,technical,0.0,Treehouse Tumor Compendium 25.01 PolyA median TPM,treehouse_polya_25_01_median_v1
ENSG00000212623,RNU6-493P,technical,0.0,Treehouse Tumor Compendium 25.01 PolyA median TPM,treehouse_polya_25_01_median_v1
ENSG00000253063,RNU6-494P,technical,0.0,Treehouse Tumor Compendium 25.01 PolyA median TPM,treehouse_polya_25_01_median_v1
ENSG00000199865,RNU6-495P,technical,0.0,Treehouse Tumor Compendium 25.01 PolyA median TPM,treehouse_polya_25_01_median_v1
ENSG00000251954,RNU6-496P,technical,0.0,Treehouse Tumor Compendium 25.01 PolyA median TPM,treehouse_polya_25_01_median_v1
ENSG00000202186,RNU6-497P,technical,0.0,Treehouse Tumor Compendium 25.01 PolyA median TPM,treehouse_polya_25_01_median_v1
ENSG00000238478,RNU6-498P,technical,0.0,Treehouse Tumor Compendium 25.01 PolyA median TPM,treehouse_polya_25_01_median_v1
ENSG00000202485,RNU6-499P,technical,0.0,Treehouse Tumor Compendium 25.01 PolyA median TPM,treehouse_polya_25_01_median_v1
ENSG00000206983,RNU6-49P,technical,0.0,Treehouse Tumor Compendium 25.01 PolyA median TPM,treehouse_polya_25_01_median_v1
ENSG00000206932,RNU6-4P,technical,0.0,Treehouse Tumor Compendium 25.01 PolyA median TPM,treehouse_polya_25_01_median_v1
ENSG00000199219,RNU6-500P,technical,0.0,Treehouse Tumor Compendium 25.01 PolyA median TPM,treehouse_polya_25_01_median_v1
ENSG00000200942,RNU6-501P,technical,0.0,Treehouse Tumor Compendium 25.01 PolyA median TPM,treehouse_polya_25_01_median_v1
ENSG00000199289,RNU6-502P,technical,0.0,Treehouse Tumor Compendium 25.01 PolyA median TPM,treehouse_polya_25_01_median_v1
ENSG00000252338,RNU6-503P,technical,0.0,Treehouse Tumor Compendium 25.01 PolyA median TPM,treehouse_polya_25_01_median_v1
ENSG00000252377,RNU6-504P,technical,0.0,Treehouse Tumor Compendium 25.01 PolyA median TPM,treehouse_polya_25_01_median_v1
ENSG00000207156,RNU6-505P,technical,0.0,Treehouse Tumor Compendium 25.01 PolyA median TPM,treehouse_polya_25_01_median_v1
ENSG00000252362,RNU6-506P,technical,0.0,Treehouse Tumor Compendium 25.01 PolyA median TPM,treehouse_polya_25_01_median_v1
ENSG00000251854,RNU6-507P,technical,0.0,Treehouse Tumor Compendium 25.01 PolyA median TPM,treehouse_polya_25_01_median_v1
ENSG00000200101,RNU6-508P,technical,0.0,Treehouse Tumor Compendium 25.01 PolyA median TPM,treehouse_polya_25_01_median_v1
ENSG00000200389,RNU6-509P,technical,0.0,Treehouse Tumor Compendium 25.01 PolyA median TPM,treehouse_polya_25_01_median_v1
ENSG00000199226,RNU6-50P,technical,0.0,Treehouse Tumor Compendium 25.01 PolyA median TPM,treehouse_polya_25_01_median_v1
ENSG00000212541,RNU6-510P,technical,0.0,Treehouse Tumor Compendium 25.01 PolyA median TPM,treehouse_polya_25_01_median_v1
ENSG00000200366,RNU6-511P,technical,0.0,Treehouse Tumor Compendium 25.01 PolyA median TPM,treehouse_polya_25_01_median_v1
ENSG00000201308,RNU6-512P,technical,0.0,Treehouse Tumor Compendium 25.01 PolyA median TPM,treehouse_polya_25_01_median_v1
ENSG00000251913,RNU6-513P,technical,0.0,Treehouse Tumor Compendium 25.01 PolyA median TPM,treehouse_polya_25_01_median_v1
ENSG00000206935,RNU6-514P,technical,0.0,Treehouse Tumor Compendium 25.01 PolyA median TPM,treehouse_polya_25_01_median_v1
ENSG00000223313,RNU6-516P,technical,0.0,Treehouse Tumor Compendium 25.01 PolyA median TPM,treehouse_polya_25_01_median_v1
ENSG00000207090,RNU6-517P,technical,0.0,Treehouse Tumor Compendium 25.01 PolyA median TPM,treehouse_polya_25_01_median_v1
ENSG00000251865,RNU6-518P,technical,0.0,Treehouse Tumor Compendium 25.01 PolyA median TPM,treehouse_polya_25_01_median_v1
ENSG00000222522,RNU6-519P,technical,0.0,Treehouse Tumor Compendium 25.01 PolyA median TPM,treehouse_polya_25_01_median_v1
ENSG00000207448,RNU6-520P,technical,0.0,Treehouse Tumor Compendium 25.01 PolyA median TPM,treehouse_polya_25_01_median_v1
ENSG00000252472,RNU6-521P,technical,0.0,Treehouse Tumor Compendium 25.01 PolyA median TPM,treehouse_polya_25_01_median_v1
ENSG00000201367,RNU6-522P,technical,0.0,Treehouse Tumor Compendium 25.01 PolyA median TPM,treehouse_polya_25_01_median_v1
ENSG00000252113,RNU6-523P,technical,0.0,Treehouse Tumor Compendium 25.01 PolyA median TPM,treehouse_polya_25_01_median_v1
ENSG00000206997,RNU6-524P,technical,0.0,Treehouse Tumor Compendium 25.01 PolyA median TPM,treehouse_polya_25_01_median_v1
ENSG00000200555,RNU6-525P,technical,0.0,Treehouse Tumor Compendium 25.01 PolyA median TPM,treehouse_polya_25_01_median_v1
ENSG00000201815,RNU6-526P,technical,0.0,Treehouse Tumor Compendium 25.01 PolyA median TPM,treehouse_polya_25_01_median_v1
ENSG00000200295,RNU6-527P,technical,0.0,Treehouse Tumor Compendium 25.01 PolyA median TPM,treehouse_polya_25_01_median_v1
ENSG00000252735,RNU6-528P,technical,0.0,Treehouse Tumor Compendium 25.01 PolyA median TPM,treehouse_polya_25_01_median_v1
ENSG00000200253,RNU6-529P,technical,0.0,Treehouse Tumor Compendium 25.01 PolyA median TPM,treehouse_polya_25_01_median_v1
ENSG00000212482,RNU6-530P,technical,0.0,Treehouse Tumor Compendium 25.01 PolyA median TPM,treehouse_polya_25_01_median_v1
ENSG00000252503,RNU6-531P,technical,0.0,Treehouse Tumor Compendium 25.01 PolyA median TPM,treehouse_polya_25_01_median_v1
ENSG00000207045,RNU6-532P,technical,0.0,Treehouse Tumor Compendium 25.01 PolyA median TPM,treehouse_polya_25_01_median_v1
ENSG00000206871,RNU6-533P,technical,0.0,Treehouse Tumor Compendium 25.01 PolyA median TPM,treehouse_polya_25_01_median_v1
ENSG00000201747,RNU6-534P,technical,0.0,Treehouse Tumor Compendium 25.01 PolyA median TPM,treehouse_polya_25_01_median_v1
ENSG00000207453,RNU6-535P,technical,0.0,Treehouse Tumor Compendium 25.01 PolyA median TPM,treehouse_polya_25_01_median_v1
ENSG00000200254,RNU6-536P,technical,0.0,Treehouse Tumor Compendium 25.01 PolyA median TPM,treehouse_polya_25_01_median_v1
ENSG00000253086,RNU6-537P,technical,0.0,Treehouse Tumor Compendium 25.01 PolyA median TPM,treehouse_polya_25_01_median_v1
ENSG00000275030,RNU6-538P,technical,0.0,Treehouse Tumor Compendium 25.01 PolyA median TPM,treehouse_polya_25_01_median_v1
ENSG00000252474,RNU6-539P,technical,0.0,Treehouse Tumor Compendium 25.01 PolyA median TPM,treehouse_polya_25_01_median_v1
ENSG00000202237,RNU6-53P,technical,0.0,Treehouse Tumor Compendium 25.01 PolyA median TPM,treehouse_polya_25_01_median_v1
ENSG00000207352,RNU6-540P,technical,0.0,Treehouse Tumor Compendium 25.01 PolyA median TPM,treehouse_polya_25_01_median_v1
ENSG00000207440,RNU6-541P,technical,0.0,Treehouse Tumor Compendium 25.01 PolyA median TPM,treehouse_polya_25_01_median_v1
ENSG00000252214,RNU6-542P,technical,0.0,Treehouse Tumor Compendium 25.01 PolyA median TPM,treehouse_polya_25_01_median_v1
ENSG00000199446,RNU6-543P,technical,0.0,Treehouse Tumor Compendium 25.01 PolyA median TPM,treehouse_polya_25_01_median_v1
ENSG00000200146,RNU6-544P,technical,0.0,Treehouse Tumor Compendium 25.01 PolyA median TPM,treehouse_polya_25_01_median_v1
ENSG00000199551,RNU6-545P,technical,0.0,Treehouse Tumor Compendium 25.01 PolyA median TPM,treehouse_polya_25_01_median_v1
ENSG00000206718,RNU6-546P,technical,0.0,Treehouse Tumor Compendium 25.01 PolyA median TPM,treehouse_polya_25_01_median_v1
ENSG00000252082,RNU6-547P,technical,0.0,Treehouse Tumor Compendium 25.01 PolyA median TPM,treehouse_polya_25_01_median_v1
ENSG00000252892,RNU6-548P,technical,0.0,Treehouse Tumor Compendium 25.01 PolyA median TPM,treehouse_polya_25_01_median_v1
ENSG00000207162,RNU6-549P,technical,0.0,Treehouse Tumor Compendium 25.01 PolyA median TPM,treehouse_polya_25_01_median_v1
ENSG00000202433,RNU6-54P,technical,0.0,Treehouse Tumor Compendium 25.01 PolyA median TPM,treehouse_polya_25_01_median_v1
ENSG00000212359,RNU6-550P,technical,0.0,Treehouse Tumor Compendium 25.01 PolyA median TPM,treehouse_polya_25_01_median_v1
ENSG00000252470,RNU6-551P,technical,0.0,Treehouse Tumor Compendium 25.01 PolyA median TPM,treehouse_polya_25_01_median_v1
ENSG00000199739,RNU6-552P,technical,0.0,Treehouse Tumor Compendium 25.01 PolyA median TPM,treehouse_polya_25_01_median_v1
ENSG00000200917,RNU6-553P,technical,0.0,Treehouse Tumor Compendium 25.01 PolyA median TPM,treehouse_polya_25_01_median_v1
ENSG00000222398,RNU6-554P,technical,0.0,Treehouse Tumor Compendium 25.01 PolyA median TPM,treehouse_polya_25_01_median_v1
ENSG00000207515,RNU6-555P,technical,0.0,Treehouse Tumor Compendium 25.01 PolyA median TPM,treehouse_polya_25_01_median_v1
ENSG00000199468,RNU6-556P,technical,0.0,Treehouse Tumor Compendium 25.01 PolyA median TPM,treehouse_polya_25_01_median_v1
ENSG00000252651,RNU6-557P,technical,0.0,Treehouse Tumor Compendium 25.01 PolyA median TPM,treehouse_polya_25_01_median_v1
ENSG00000201382,RNU6-558P,technical,0.0,Treehouse Tumor Compendium 25.01 PolyA median TPM,treehouse_polya_25_01_median_v1
ENSG00000251960,RNU6-559P,technical,0.0,Treehouse Tumor Compendium 25.01 PolyA median TPM,treehouse_polya_25_01_median_v1
ENSG00000223024,RNU6-55P,technical,0.0,Treehouse Tumor Compendium 25.01 PolyA median TPM,treehouse_polya_25_01_median_v1
ENSG00000200877,RNU6-560P,technical,0.0,Treehouse Tumor Compendium 25.01 PolyA median TPM,treehouse_polya_25_01_median_v1
ENSG00000252031,RNU6-561P,technical,0.0,Treehouse Tumor Compendium 25.01 PolyA median TPM,treehouse_polya_25_01_median_v1
ENSG00000199601,RNU6-562P,technical,0.0,Treehouse Tumor Compendium 25.01 PolyA median TPM,treehouse_polya_25_01_median_v1
ENSG00000201742,RNU6-563P,technical,0.0,Treehouse Tumor Compendium 25.01 PolyA median TPM,treehouse_polya_25_01_median_v1
ENSG00000222915,RNU6-564P,technical,0.0,Treehouse Tumor Compendium 25.01 PolyA median TPM,treehouse_polya_25_01_median_v1
ENSG00000222869,RNU6-565P,technical,0.0,Treehouse Tumor Compendium 25.01 PolyA median TPM,treehouse_polya_25_01_median_v1
ENSG00000252599,RNU6-566P,technical,0.0,Treehouse Tumor Compendium 25.01 PolyA median TPM,treehouse_polya_25_01_median_v1
ENSG00000252555,RNU6-567P,technical,0.0,Treehouse Tumor Compendium 25.01 PolyA median TPM,treehouse_polya_25_01_median_v1
ENSG00000252795,RNU6-56P,technical,0.0,Treehouse Tumor Compendium 25.01 PolyA median TPM,treehouse_polya_25_01_median_v1
ENSG00000252860,RNU6-570P,technical,0.0,Treehouse Tumor Compendium 25.01 PolyA median TPM,treehouse_polya_25_01_median_v1
ENSG00000206855,RNU6-571P,technical,0.0,Treehouse Tumor Compendium 25.01 PolyA median TPM,treehouse_polya_25_01_median_v1
ENSG00000252533,RNU6-572P,technical,0.0,Treehouse Tumor Compendium 25.01 PolyA median TPM,treehouse_polya_25_01_median_v1
ENSG00000206665,RNU6-573P,technical,0.0,Treehouse Tumor Compendium 25.01 PolyA median TPM,treehouse_polya_25_01_median_v1
ENSG00000206992,RNU6-574P,technical,0.0,Treehouse Tumor Compendium 25.01 PolyA median TPM,treehouse_polya_25_01_median_v1
ENSG00000223258,RNU6-575P,technical,0.0,Treehouse Tumor Compendium 25.01 PolyA median TPM,treehouse_polya_25_01_median_v1
ENSG00000212156,RNU6-576P,technical,0.0,Treehouse Tumor Compendium 25.01 PolyA median TPM,treehouse_polya_25_01_median_v1
ENSG00000252756,RNU6-577P,technical,0.0,Treehouse Tumor Compendium 25.01 PolyA median TPM,treehouse_polya_25_01_median_v1
ENSG00000212282,RNU6-578P,technical,0.0,Treehouse Tumor Compendium 25.01 PolyA median TPM,treehouse_polya_25_01_median_v1
ENSG00000252688,RNU6-579P,technical,0.0,Treehouse Tumor Compendium 25.01 PolyA median TPM,treehouse_polya_25_01_median_v1
ENSG00000223280,RNU6-57P,technical,0.0,Treehouse Tumor Compendium 25.01 PolyA median TPM,treehouse_polya_25_01_median_v1
ENSG00000202029,RNU6-580P,technical,0.0,Treehouse Tumor Compendium 25.01 PolyA median TPM,treehouse_polya_25_01_median_v1
ENSG00000252023,RNU6-581P,technical,0.0,Treehouse Tumor Compendium 25.01 PolyA median TPM,treehouse_polya_25_01_median_v1
ENSG00000199859,RNU6-582P,technical,0.0,Treehouse Tumor Compendium 25.01 PolyA median TPM,treehouse_polya_25_01_median_v1
ENSG00000251821,RNU6-583P,technical,0.0,Treehouse Tumor Compendium 25.01 PolyA median TPM,treehouse_polya_25_01_median_v1
ENSG00000222282,RNU6-584P,technical,0.0,Treehouse Tumor Compendium 25.01 PolyA median TPM,treehouse_polya_25_01_median_v1
ENSG00000253074,RNU6-586P,technical,0.0,Treehouse Tumor Compendium 25.01 PolyA median TPM,treehouse_polya_25_01_median_v1
ENSG00000212584,RNU6-587P,technical,0.0,Treehouse Tumor Compendium 25.01 PolyA median TPM,treehouse_polya_25_01_median_v1
ENSG00000222213,RNU6-588P,technical,0.0,Treehouse Tumor Compendium 25.01 PolyA median TPM,treehouse_polya_25_01_median_v1
ENSG00000252294,RNU6-589P,technical,0.0,Treehouse Tumor Compendium 25.01 PolyA median TPM,treehouse_polya_25_01_median_v1
ENSG00000252952,RNU6-58P,technical,0.0,Treehouse Tumor Compendium 25.01 PolyA median TPM,treehouse_polya_25_01_median_v1
ENSG00000201909,RNU6-590P,technical,0.0,Treehouse Tumor Compendium 25.01 PolyA median TPM,treehouse_polya_25_01_median_v1
ENSG00000207122,RNU6-591P,technical,0.0,Treehouse Tumor Compendium 25.01 PolyA median TPM,treehouse_polya_25_01_median_v1
ENSG00000223265,RNU6-592P,technical,0.0,Treehouse Tumor Compendium 25.01 PolyA median TPM,treehouse_polya_25_01_median_v1
ENSG00000201586,RNU6-593P,technical,0.0,Treehouse Tumor Compendium 25.01 PolyA median TPM,treehouse_polya_25_01_median_v1
ENSG00000200814,RNU6-595P,technical,0.0,Treehouse Tumor Compendium 25.01 PolyA median TPM,treehouse_polya_25_01_median_v1
ENSG00000202265,RNU6-596P,technical,0.0,Treehouse Tumor Compendium 25.01 PolyA median TPM,treehouse_polya_25_01_median_v1
ENSG00000202490,RNU6-597P,technical,0.0,Treehouse Tumor Compendium 25.01 PolyA median TPM,treehouse_polya_25_01_median_v1
ENSG00000200887,RNU6-598P,technical,0.0,Treehouse Tumor Compendium 25.01 PolyA median TPM,treehouse_polya_25_01_median_v1
ENSG00000238529,RNU6-599P,technical,0.0,Treehouse Tumor Compendium 25.01 PolyA median TPM,treehouse_polya_25_01_median_v1
ENSG00000207518,RNU6-59P,technical,0.0,Treehouse Tumor Compendium 25.01 PolyA median TPM,treehouse_polya_25_01_median_v1
ENSG00000206965,RNU6-5P,technical,0.0,Treehouse Tumor Compendium 25.01 PolyA median TPM,treehouse_polya_25_01_median_v1
ENSG00000199394,RNU6-600P,technical,0.0,Treehouse Tumor Compendium 25.01 PolyA median TPM,treehouse_polya_25_01_median_v1
ENSG00000207270,RNU6-601P,technical,0.0,Treehouse Tumor Compendium 25.01 PolyA median TPM,treehouse_polya_25_01_median_v1
ENSG00000223087,RNU6-602P,technical,0.0,Treehouse Tumor Compendium 25.01 PolyA median TPM,treehouse_polya_25_01_median_v1
ENSG00000223335,RNU6-603P,technical,0.0,Treehouse Tumor Compendium 25.01 PolyA median TPM,treehouse_polya_25_01_median_v1
ENSG00000212219,RNU6-604P,technical,0.0,Treehouse Tumor Compendium 25.01 PolyA median TPM,treehouse_polya_25_01_median_v1
ENSG00000199963,RNU6-605P,technical,0.0,Treehouse Tumor Compendium 25.01 PolyA median TPM,treehouse_polya_25_01_median_v1
ENSG00000207452,RNU6-606P,technical,0.0,Treehouse Tumor Compendium 25.01 PolyA median TPM,treehouse_polya_25_01_median_v1
ENSG00000223215,RNU6-607P,technical,0.0,Treehouse Tumor Compendium 25.01 PolyA median TPM,treehouse_polya_25_01_median_v1
ENSG00000206654,RNU6-608P,technical,0.0,Treehouse Tumor Compendium 25.01 PolyA median TPM,treehouse_polya_25_01_median_v1
ENSG00000202329,RNU6-609P,technical,0.0,Treehouse Tumor Compendium 25.01 PolyA median TPM,treehouse_polya_25_01_median_v1
ENSG00000201662,RNU6-60P,technical,0.0,Treehouse Tumor Compendium 25.01 PolyA median TPM,treehouse_polya_25_01_median_v1
ENSG00000206991,RNU6-610P,technical,0.0,Treehouse Tumor Compendium 25.01 PolyA median TPM,treehouse_polya_25_01_median_v1
ENSG00000207003,RNU6-611P,technical,0.0,Treehouse Tumor Compendium 25.01 PolyA median TPM,treehouse_polya_25_01_median_v1
ENSG00000252718,RNU6-612P,technical,0.0,Treehouse Tumor Compendium 25.01 PolyA median TPM,treehouse_polya_25_01_median_v1
ENSG00000222344,RNU6-613P,technical,0.0,Treehouse Tumor Compendium 25.01 PolyA median TPM,treehouse_polya_25_01_median_v1
ENSG00000207097,RNU6-614P,technical,0.0,Treehouse Tumor Compendium 25.01 PolyA median TPM,treehouse_polya_25_01_median_v1
ENSG00000251874,RNU6-615P,technical,0.0,Treehouse Tumor Compendium 25.01 PolyA median TPM,treehouse_polya_25_01_median_v1
ENSG00000207081,RNU6-616P,technical,0.0,Treehouse Tumor Compendium 25.01 PolyA median TPM,treehouse_polya_25_01_median_v1
ENSG00000251956,RNU6-617P,technical,0.0,Treehouse Tumor Compendium 25.01 PolyA median TPM,treehouse_polya_25_01_median_v1
ENSG00000200388,RNU6-618P,technical,0.0,Treehouse Tumor Compendium 25.01 PolyA median TPM,treehouse_polya_25_01_median_v1
ENSG00000202016,RNU6-619P,technical,0.0,Treehouse Tumor Compendium 25.01 PolyA median TPM,treehouse_polya_25_01_median_v1
ENSG00000202398,RNU6-61P,technical,0.0,Treehouse Tumor Compendium 25.01 PolyA median TPM,treehouse_polya_25_01_median_v1
ENSG00000206744,RNU6-620P,technical,0.0,Treehouse Tumor Compendium 25.01 PolyA median TPM,treehouse_polya_25_01_median_v1
ENSG00000201622,RNU6-621P,technical,0.0,Treehouse Tumor Compendium 25.01 PolyA median TPM,treehouse_polya_25_01_median_v1
ENSG00000206999,RNU6-622P,technical,0.0,Treehouse Tumor Compendium 25.01 PolyA median TPM,treehouse_polya_25_01_median_v1
ENSG00000200013,RNU6-623P,technical,0.0,Treehouse Tumor Compendium 25.01 PolyA median TPM,treehouse_polya_25_01_median_v1
ENSG00000200281,RNU6-624P,technical,0.0,Treehouse Tumor Compendium 25.01 PolyA median TPM,treehouse_polya_25_01_median_v1
ENSG00000238658,RNU6-625P,technical,0.0,Treehouse Tumor Compendium 25.01 PolyA median TPM,treehouse_polya_25_01_median_v1
ENSG00000200224,RNU6-626P,technical,0.0,Treehouse Tumor Compendium 25.01 PolyA median TPM,treehouse_polya_25_01_median_v1
ENSG00000200902,RNU6-627P,technical,0.0,Treehouse Tumor Compendium 25.01 PolyA median TPM,treehouse_polya_25_01_median_v1
ENSG00000222607,RNU6-628P,technical,0.0,Treehouse Tumor Compendium 25.01 PolyA median TPM,treehouse_polya_25_01_median_v1
ENSG00000206788,RNU6-629P,technical,0.0,Treehouse Tumor Compendium 25.01 PolyA median TPM,treehouse_polya_25_01_median_v1
ENSG00000252335,RNU6-62P,technical,0.0,Treehouse Tumor Compendium 25.01 PolyA median TPM,treehouse_polya_25_01_median_v1
ENSG00000212560,RNU6-630P,technical,0.0,Treehouse Tumor Compendium 25.01 PolyA median TPM,treehouse_polya_25_01_median_v1
ENSG00000200790,RNU6-631P,technical,0.0,Treehouse Tumor Compendium 25.01 PolyA median TPM,treehouse_polya_25_01_median_v1
ENSG00000251711,RNU6-632P,technical,0.0,Treehouse Tumor Compendium 25.01 PolyA median TPM,treehouse_polya_25_01_median_v1
ENSG00000199482,RNU6-633P,technical,0.0,Treehouse Tumor Compendium 25.01 PolyA median TPM,treehouse_polya_25_01_median_v1
ENSG00000239189,RNU6-634P,technical,0.0,Treehouse Tumor Compendium 25.01 PolyA median TPM,treehouse_polya_25_01_median_v1
ENSG00000252460,RNU6-635P,technical,0.0,Treehouse Tumor Compendium 25.01 PolyA median TPM,treehouse_polya_25_01_median_v1
ENSG00000207328,RNU6-636P,technical,0.0,Treehouse Tumor Compendium 25.01 PolyA median TPM,treehouse_polya_25_01_median_v1
ENSG00000206777,RNU6-637P,technical,0.0,Treehouse Tumor Compendium 25.01 PolyA median TPM,treehouse_polya_25_01_median_v1
ENSG00000252391,RNU6-638P,technical,0.0,Treehouse Tumor Compendium 25.01 PolyA median TPM,treehouse_polya_25_01_median_v1
ENSG00000206801,RNU6-639P,technical,0.0,Treehouse Tumor Compendium 25.01 PolyA median TPM,treehouse_polya_25_01_median_v1
ENSG00000252499,RNU6-63P,technical,0.0,Treehouse Tumor Compendium 25.01 PolyA median TPM,treehouse_polya_25_01_median_v1
ENSG00000200563,RNU6-640P,technical,0.0,Treehouse Tumor Compendium 25.01 PolyA median TPM,treehouse_polya_25_01_median_v1
ENSG00000206733,RNU6-641P,technical,0.0,Treehouse Tumor Compendium 25.01 PolyA median TPM,treehouse_polya_25_01_median_v1
ENSG00000200029,RNU6-642P,technical,0.0,Treehouse Tumor Compendium 25.01 PolyA median TPM,treehouse_polya_25_01_median_v1
ENSG00000206745,RNU6-643P,technical,0.0,Treehouse Tumor Compendium 25.01 PolyA median TPM,treehouse_polya_25_01_median_v1
ENSG00000212457,RNU6-644P,technical,0.0,Treehouse Tumor Compendium 25.01 PolyA median TPM,treehouse_polya_25_01_median_v1
ENSG00000201519,RNU6-645P,technical,0.0,Treehouse Tumor Compendium 25.01 PolyA median TPM,treehouse_polya_25_01_median_v1
ENSG00000201441,RNU6-646P,technical,0.0,Treehouse Tumor Compendium 25.01 PolyA median TPM,treehouse_polya_25_01_median_v1
ENSG00000201113,RNU6-647P,technical,0.0,Treehouse Tumor Compendium 25.01 PolyA median TPM,treehouse_polya_25_01_median_v1
ENSG00000222122,RNU6-648P,technical,0.0,Treehouse Tumor Compendium 25.01 PolyA median TPM,treehouse_polya_25_01_median_v1
ENSG00000207192,RNU6-649P,technical,0.0,Treehouse Tumor Compendium 25.01 PolyA median TPM,treehouse_polya_25_01_median_v1
ENSG00000252928,RNU6-64P,technical,0.0,Treehouse Tumor Compendium 25.01 PolyA median TPM,treehouse_polya_25_01_median_v1
ENSG00000202528,RNU6-650P,technical,0.0,Treehouse Tumor Compendium 25.01 PolyA median TPM,treehouse_polya_25_01_median_v1
ENSG00000222972,RNU6-651P,technical,0.0,Treehouse Tumor Compendium 25.01 PolyA median TPM,treehouse_polya_25_01_median_v1
ENSG00000202358,RNU6-652P,technical,0.0,Treehouse Tumor Compendium 25.01 PolyA median TPM,treehouse_polya_25_01_median_v1
ENSG00000199944,RNU6-653P,technical,0.0,Treehouse Tumor Compendium 25.01 PolyA median TPM,treehouse_polya_25_01_median_v1
ENSG00000201243,RNU6-654P,technical,0.0,Treehouse Tumor Compendium 25.01 PolyA median TPM,treehouse_polya_25_01_median_v1
ENSG00000199728,RNU6-655P,technical,0.0,Treehouse Tumor Compendium 25.01 PolyA median TPM,treehouse_polya_25_01_median_v1
ENSG00000252594,RNU6-656P,technical,0.0,Treehouse Tumor Compendium 25.01 PolyA median TPM,treehouse_polya_25_01_median_v1
ENSG00000206631,RNU6-657P,technical,0.0,Treehouse Tumor Compendium 25.01 PolyA median TPM,treehouse_polya_25_01_median_v1
ENSG00000207336,RNU6-658P,technical,0.0,Treehouse Tumor Compendium 25.01 PolyA median TPM,treehouse_polya_25_01_median_v1
ENSG00000252263,RNU6-659P,technical,0.0,Treehouse Tumor Compendium 25.01 PolyA median TPM,treehouse_polya_25_01_median_v1
ENSG00000252141,RNU6-65P,technical,0.0,Treehouse Tumor Compendium 25.01 PolyA median TPM,treehouse_polya_25_01_median_v1
ENSG00000201436,RNU6-660P,technical,0.0,Treehouse Tumor Compendium 25.01 PolyA median TPM,treehouse_polya_25_01_median_v1
ENSG00000199279,RNU6-661P,technical,0.0,Treehouse Tumor Compendium 25.01 PolyA median TPM,treehouse_polya_25_01_median_v1
ENSG00000206980,RNU6-662P,technical,0.0,Treehouse Tumor Compendium 25.01 PolyA median TPM,treehouse_polya_25_01_median_v1
ENSG00000212407,RNU6-663P,technical,0.0,Treehouse Tumor Compendium 25.01 PolyA median TPM,treehouse_polya_25_01_median_v1
ENSG00000199251,RNU6-664P,technical,0.0,Treehouse Tumor Compendium 25.01 PolyA median TPM,treehouse_polya_25_01_median_v1
ENSG00000207369,RNU6-665P,technical,0.0,Treehouse Tumor Compendium 25.01 PolyA median TPM,treehouse_polya_25_01_median_v1
ENSG00000200369,RNU6-666P,technical,0.0,Treehouse Tumor Compendium 25.01 PolyA median TPM,treehouse_polya_25_01_median_v1
ENSG00000252995,RNU6-667P,technical,0.0,Treehouse Tumor Compendium 25.01 PolyA median TPM,treehouse_polya_25_01_median_v1
ENSG00000201050,RNU6-668P,technical,0.0,Treehouse Tumor Compendium 25.01 PolyA median TPM,treehouse_polya_25_01_median_v1
ENSG00000202445,RNU6-669P,technical,0.0,Treehouse Tumor Compendium 25.01 PolyA median TPM,treehouse_polya_25_01_median_v1
ENSG00000200267,RNU6-66P,technical,0.0,Treehouse Tumor Compendium 25.01 PolyA median TPM,treehouse_polya_25_01_median_v1
ENSG00000201182,RNU6-670P,technical,0.0,Treehouse Tumor Compendium 25.01 PolyA median TPM,treehouse_polya_25_01_median_v1
ENSG00000206638,RNU6-672P,technical,0.0,Treehouse Tumor Compendium 25.01 PolyA median TPM,treehouse_polya_25_01_median_v1
ENSG00000201954,RNU6-673P,technical,0.0,Treehouse Tumor Compendium 25.01 PolyA median TPM,treehouse_polya_25_01_median_v1
ENSG00000200701,RNU6-674P,technical,0.0,Treehouse Tumor Compendium 25.01 PolyA median TPM,treehouse_polya_25_01_median_v1
ENSG00000206963,RNU6-675P,technical,0.0,Treehouse Tumor Compendium 25.01 PolyA median TPM,treehouse_polya_25_01_median_v1
ENSG00000252723,RNU6-677P,technical,0.0,Treehouse Tumor Compendium 25.01 PolyA median TPM,treehouse_polya_25_01_median_v1
ENSG00000252641,RNU6-678P,technical,0.0,Treehouse Tumor Compendium 25.01 PolyA median TPM,treehouse_polya_25_01_median_v1
ENSG00000212305,RNU6-679P,technical,0.0,Treehouse Tumor Compendium 25.01 PolyA median TPM,treehouse_polya_25_01_median_v1
ENSG00000222791,RNU6-67P,technical,0.0,Treehouse Tumor Compendium 25.01 PolyA median TPM,treehouse_polya_25_01_median_v1
ENSG00000207333,RNU6-680P,technical,0.0,Treehouse Tumor Compendium 25.01 PolyA median TPM,treehouse_polya_25_01_median_v1
ENSG00000200882,RNU6-681P,technical,0.0,Treehouse Tumor Compendium 25.01 PolyA median TPM,treehouse_polya_25_01_median_v1
ENSG00000200713,RNU6-682P,technical,0.0,Treehouse Tumor Compendium 25.01 PolyA median TPM,treehouse_polya_25_01_median_v1
ENSG00000222761,RNU6-684P,technical,0.0,Treehouse Tumor Compendium 25.01 PolyA median TPM,treehouse_polya_25_01_median_v1
ENSG00000252897,RNU6-685P,technical,0.0,Treehouse Tumor Compendium 25.01 PolyA median TPM,treehouse_polya_25_01_median_v1
ENSG00000201709,RNU6-686P,technical,0.0,Treehouse Tumor Compendium 25.01 PolyA median TPM,treehouse_polya_25_01_median_v1
ENSG00000252252,RNU6-687P,technical,0.0,Treehouse Tumor Compendium 25.01 PolyA median TPM,treehouse_polya_25_01_median_v1
ENSG00000206924,RNU6-689P,technical,0.0,Treehouse Tumor Compendium 25.01 PolyA median TPM,treehouse_polya_25_01_median_v1
ENSG00000252385,RNU6-68P,technical,0.0,Treehouse Tumor Compendium 25.01 PolyA median TPM,treehouse_polya_25_01_median_v1
ENSG00000202112,RNU6-690P,technical,0.0,Treehouse Tumor Compendium 25.01 PolyA median TPM,treehouse_polya_25_01_median_v1
ENSG00000207225,RNU6-692P,technical,0.0,Treehouse Tumor Compendium 25.01 PolyA median TPM,treehouse_polya_25_01_median_v1
ENSG00000251943,RNU6-693P,technical,0.0,Treehouse Tumor Compendium 25.01 PolyA median TPM,treehouse_polya_25_01_median_v1
ENSG00000200941,RNU6-694P,technical,0.0,Treehouse Tumor Compendium 25.01 PolyA median TPM,treehouse_polya_25_01_median_v1
ENSG00000212459,RNU6-695P,technical,0.0,Treehouse Tumor Compendium 25.01 PolyA median TPM,treehouse_polya_25_01_median_v1
ENSG00000212136,RNU6-696P,technical,0.0,Treehouse Tumor Compendium 25.01 PolyA median TPM,treehouse_polya_25_01_median_v1
ENSG00000200218,RNU6-697P,technical,0.0,Treehouse Tumor Compendium 25.01 PolyA median TPM,treehouse_polya_25_01_median_v1
ENSG00000200393,RNU6-698P,technical,0.0,Treehouse Tumor Compendium 25.01 PolyA median TPM,treehouse_polya_25_01_median_v1
ENSG00000252890,RNU6-699P,technical,0.0,Treehouse Tumor Compendium 25.01 PolyA median TPM,treehouse_polya_25_01_median_v1
ENSG00000272055,RNU6-6P,technical,0.0,Treehouse Tumor Compendium 25.01 PolyA median TPM,treehouse_polya_25_01_median_v1
ENSG00000201654,RNU6-7,technical,0.0,Treehouse Tumor Compendium 25.01 PolyA median TPM,treehouse_polya_25_01_median_v1
ENSG00000212345,RNU6-700P,technical,0.0,Treehouse Tumor Compendium 25.01 PolyA median TPM,treehouse_polya_25_01_median_v1
ENSG00000206786,RNU6-701P,technical,0.0,Treehouse Tumor Compendium 25.01 PolyA median TPM,treehouse_polya_25_01_median_v1
ENSG00000201852,RNU6-702P,technical,0.0,Treehouse Tumor Compendium 25.01 PolyA median TPM,treehouse_polya_25_01_median_v1
ENSG00000252755,RNU6-703P,technical,0.0,Treehouse Tumor Compendium 25.01 PolyA median TPM,treehouse_polya_25_01_median_v1
ENSG00000201032,RNU6-704P,technical,0.0,Treehouse Tumor Compendium 25.01 PolyA median TPM,treehouse_polya_25_01_median_v1
ENSG00000222533,RNU6-705P,technical,0.0,Treehouse Tumor Compendium 25.01 PolyA median TPM,treehouse_polya_25_01_median_v1
ENSG00000253038,RNU6-706P,technical,0.0,Treehouse Tumor Compendium 25.01 PolyA median TPM,treehouse_polya_25_01_median_v1
ENSG00000201517,RNU6-707P,technical,0.0,Treehouse Tumor Compendium 25.01 PolyA median TPM,treehouse_polya_25_01_median_v1
ENSG00000206944,RNU6-708P,technical,0.0,Treehouse Tumor Compendium 25.01 PolyA median TPM,treehouse_polya_25_01_median_v1
ENSG00000253066,RNU6-709P,technical,0.0,Treehouse Tumor Compendium 25.01 PolyA median TPM,treehouse_polya_25_01_median_v1
ENSG00000252247,RNU6-70P,technical,0.0,Treehouse Tumor Compendium 25.01 PolyA median TPM,treehouse_polya_25_01_median_v1
ENSG00000222356,RNU6-710P,technical,0.0,Treehouse Tumor Compendium 25.01 PolyA median TPM,treehouse_polya_25_01_median_v1
ENSG00000253064,RNU6-711P,technical,0.0,Treehouse Tumor Compendium 25.01 PolyA median TPM,treehouse_polya_25_01_median_v1
ENSG00000222490,RNU6-712P,technical,0.0,Treehouse Tumor Compendium 25.01 PolyA median TPM,treehouse_polya_25_01_median_v1
ENSG00000207492,RNU6-713P,technical,0.0,Treehouse Tumor Compendium 25.01 PolyA median TPM,treehouse_polya_25_01_median_v1
ENSG00000252772,RNU6-714P,technical,0.0,Treehouse Tumor Compendium 25.01 PolyA median TPM,treehouse_polya_25_01_median_v1
ENSG00000202074,RNU6-715P,technical,0.0,Treehouse Tumor Compendium 25.01 PolyA median TPM,treehouse_polya_25_01_median_v1
ENSG00000202491,RNU6-716P,technical,0.0,Treehouse Tumor Compendium 25.01 PolyA median TPM,treehouse_polya_25_01_median_v1
ENSG00000239190,RNU6-717P,technical,0.0,Treehouse Tumor Compendium 25.01 PolyA median TPM,treehouse_polya_25_01_median_v1
ENSG00000251975,RNU6-718P,technical,0.0,Treehouse Tumor Compendium 25.01 PolyA median TPM,treehouse_polya_25_01_median_v1
ENSG00000252480,RNU6-719P,technical,0.0,Treehouse Tumor Compendium 25.01 PolyA median TPM,treehouse_polya_25_01_median_v1
ENSG00000207203,RNU6-71P,technical,0.0,Treehouse Tumor Compendium 25.01 PolyA median TPM,treehouse_polya_25_01_median_v1
ENSG00000252172,RNU6-720P,technical,0.0,Treehouse Tumor Compendium 25.01 PolyA median TPM,treehouse_polya_25_01_median_v1
ENSG00000222087,RNU6-721P,technical,0.0,Treehouse Tumor Compendium 25.01 PolyA median TPM,treehouse_polya_25_01_median_v1
ENSG00000223309,RNU6-722P,technical,0.0,Treehouse Tumor Compendium 25.01 PolyA median TPM,treehouse_polya_25_01_median_v1
ENSG00000206700,RNU6-723P,technical,0.0,Treehouse Tumor Compendium 25.01 PolyA median TPM,treehouse_polya_25_01_median_v1
ENSG00000212260,RNU6-724P,technical,0.0,Treehouse Tumor Compendium 25.01 PolyA median TPM,treehouse_polya_25_01_median_v1
ENSG00000252371,RNU6-725P,technical,0.0,Treehouse Tumor Compendium 25.01 PolyA median TPM,treehouse_polya_25_01_median_v1
ENSG00000201550,RNU6-726P,technical,0.0,Treehouse Tumor Compendium 25.01 PolyA median TPM,treehouse_polya_25_01_median_v1
ENSG00000200462,RNU6-727P,technical,0.0,Treehouse Tumor Compendium 25.01 PolyA median TPM,treehouse_polya_25_01_median_v1
ENSG00000202245,RNU6-728P,technical,0.0,Treehouse Tumor Compendium 25.01 PolyA median TPM,treehouse_polya_25_01_median_v1
ENSG00000207128,RNU6-729P,technical,0.0,Treehouse Tumor Compendium 25.01 PolyA median TPM,treehouse_polya_25_01_median_v1
ENSG00000207012,RNU6-72P,technical,0.0,Treehouse Tumor Compendium 25.01 PolyA median TPM,treehouse_polya_25_01_median_v1
ENSG00000206681,RNU6-730P,technical,0.0,Treehouse Tumor Compendium 25.01 PolyA median TPM,treehouse_polya_25_01_median_v1
ENSG00000253022,RNU6-731P,technical,0.0,Treehouse Tumor Compendium 25.01 PolyA median TPM,treehouse_polya_25_01_median_v1
ENSG00000251842,RNU6-732P,technical,0.0,Treehouse Tumor Compendium 25.01 PolyA median TPM,treehouse_polya_25_01_median_v1
ENSG00000222691,RNU6-733P,technical,0.0,Treehouse Tumor Compendium 25.01 PolyA median TPM,treehouse_polya_25_01_median_v1
ENSG00000222544,RNU6-735P,technical,0.0,Treehouse Tumor Compendium 25.01 PolyA median TPM,treehouse_polya_25_01_median_v1
ENSG00000202240,RNU6-737P,technical,0.0,Treehouse Tumor Compendium 25.01 PolyA median TPM,treehouse_polya_25_01_median_v1
ENSG00000207261,RNU6-738P,technical,0.0,Treehouse Tumor Compendium 25.01 PolyA median TPM,treehouse_polya_25_01_median_v1
ENSG00000212340,RNU6-739P,technical,0.0,Treehouse Tumor Compendium 25.01 PolyA median TPM,treehouse_polya_25_01_median_v1
ENSG00000207330,RNU6-73P,technical,0.0,Treehouse Tumor Compendium 25.01 PolyA median TPM,treehouse_polya_25_01_median_v1
ENSG00000201604,RNU6-740P,technical,0.0,Treehouse Tumor Compendium 25.01 PolyA median TPM,treehouse_polya_25_01_median_v1
ENSG00000206616,RNU6-741P,technical,0.0,Treehouse Tumor Compendium 25.01 PolyA median TPM,treehouse_polya_25_01_median_v1
ENSG00000202159,RNU6-742P,technical,0.0,Treehouse Tumor Compendium 25.01 PolyA median TPM,treehouse_polya_25_01_median_v1
ENSG00000201021,RNU6-743P,technical,0.0,Treehouse Tumor Compendium 25.01 PolyA median TPM,treehouse_polya_25_01_median_v1
ENSG00000202427,RNU6-744P,technical,0.0,Treehouse Tumor Compendium 25.01 PolyA median TPM,treehouse_polya_25_01_median_v1
ENSG00000200216,RNU6-745P,technical,0.0,Treehouse Tumor Compendium 25.01 PolyA median TPM,treehouse_polya_25_01_median_v1
ENSG00000206839,RNU6-746P,technical,0.0,Treehouse Tumor Compendium 25.01 PolyA median TPM,treehouse_polya_25_01_median_v1
ENSG00000212230,RNU6-747P,technical,0.0,Treehouse Tumor Compendium 25.01 PolyA median TPM,treehouse_polya_25_01_median_v1
ENSG00000207378,RNU6-748P,technical,0.0,Treehouse Tumor Compendium 25.01 PolyA median TPM,treehouse_polya_25_01_median_v1
ENSG00000238489,RNU6-749P,technical,0.0,Treehouse Tumor Compendium 25.01 PolyA median TPM,treehouse_polya_25_01_median_v1
ENSG00000206962,RNU6-74P,technical,0.0,Treehouse Tumor Compendium 25.01 PolyA median TPM,treehouse_polya_25_01_median_v1
ENSG00000212248,RNU6-750P,technical,0.0,Treehouse Tumor Compendium 25.01 PolyA median TPM,treehouse_polya_25_01_median_v1
ENSG00000252191,RNU6-751P,technical,0.0,Treehouse Tumor Compendium 25.01 PolyA median TPM,treehouse_polya_25_01_median_v1
ENSG00000252185,RNU6-752P,technical,0.0,Treehouse Tumor Compendium 25.01 PolyA median TPM,treehouse_polya_25_01_median_v1
ENSG00000200796,RNU6-753P,technical,0.0,Treehouse Tumor Compendium 25.01 PolyA median TPM,treehouse_polya_25_01_median_v1
ENSG00000212468,RNU6-754P,technical,0.0,Treehouse Tumor Compendium 25.01 PolyA median TPM,treehouse_polya_25_01_median_v1
ENSG00000201270,RNU6-755P,technical,0.0,Treehouse Tumor Compendium 25.01 PolyA median TPM,treehouse_polya_25_01_median_v1
ENSG00000206724,RNU6-756P,technical,0.0,Treehouse Tumor Compendium 25.01 PolyA median TPM,treehouse_polya_25_01_median_v1
ENSG00000222266,RNU6-757P,technical,0.0,Treehouse Tumor Compendium 25.01 PolyA median TPM,treehouse_polya_25_01_median_v1
ENSG00000252101,RNU6-758P,technical,0.0,Treehouse Tumor Compendium 25.01 PolyA median TPM,treehouse_polya_25_01_median_v1
ENSG00000252549,RNU6-759P,technical,0.0,Treehouse Tumor Compendium 25.01 PolyA median TPM,treehouse_polya_25_01_median_v1
ENSG00000251753,RNU6-75P,technical,0.0,Treehouse Tumor Compendium 25.01 PolyA median TPM,treehouse_polya_25_01_median_v1
ENSG00000251887,RNU6-760P,technical,0.0,Treehouse Tumor Compendium 25.01 PolyA median TPM,treehouse_polya_25_01_median_v1
ENSG00000206875,RNU6-761P,technical,0.0,Treehouse Tumor Compendium 25.01 PolyA median TPM,treehouse_polya_25_01_median_v1
ENSG00000252916,RNU6-762P,technical,0.0,Treehouse Tumor Compendium 25.01 PolyA median TPM,treehouse_polya_25_01_median_v1
ENSG00000212167,RNU6-763P,technical,0.0,Treehouse Tumor Compendium 25.01 PolyA median TPM,treehouse_polya_25_01_median_v1
ENSG00000252205,RNU6-764P,technical,0.0,Treehouse Tumor Compendium 25.01 PolyA median TPM,treehouse_polya_25_01_median_v1
ENSG00000252725,RNU6-765P,technical,0.0,Treehouse Tumor Compendium 25.01 PolyA median TPM,treehouse_polya_25_01_median_v1
ENSG00000199348,RNU6-766P,technical,0.0,Treehouse Tumor Compendium 25.01 PolyA median TPM,treehouse_polya_25_01_median_v1
ENSG00000206859,RNU6-767P,technical,0.0,Treehouse Tumor Compendium 25.01 PolyA median TPM,treehouse_polya_25_01_median_v1
ENSG00000207414,RNU6-768P,technical,0.0,Treehouse Tumor Compendium 25.01 PolyA median TPM,treehouse_polya_25_01_median_v1
ENSG00000207136,RNU6-769P,technical,0.0,Treehouse Tumor Compendium 25.01 PolyA median TPM,treehouse_polya_25_01_median_v1
ENSG00000206787,RNU6-76P,technical,0.0,Treehouse Tumor Compendium 25.01 PolyA median TPM,treehouse_polya_25_01_median_v1
ENSG00000200799,RNU6-770P,technical,0.0,Treehouse Tumor Compendium 25.01 PolyA median TPM,treehouse_polya_25_01_median_v1
ENSG00000207511,RNU6-771P,technical,0.0,Treehouse Tumor Compendium 25.01 PolyA median TPM,treehouse_polya_25_01_median_v1
ENSG00000251851,RNU6-772P,technical,0.0,Treehouse Tumor Compendium 25.01 PolyA median TPM,treehouse_polya_25_01_median_v1
ENSG00000200108,RNU6-774P,technical,0.0,Treehouse Tumor Compendium 25.01 PolyA median TPM,treehouse_polya_25_01_median_v1
ENSG00000238619,RNU6-775P,technical,0.0,Treehouse Tumor Compendium 25.01 PolyA median TPM,treehouse_polya_25_01_median_v1
ENSG00000201273,RNU6-776P,technical,0.0,Treehouse Tumor Compendium 25.01 PolyA median TPM,treehouse_polya_25_01_median_v1
ENSG00000201135,RNU6-777P,technical,0.0,Treehouse Tumor Compendium 25.01 PolyA median TPM,treehouse_polya_25_01_median_v1
ENSG00000200139,RNU6-778P,technical,0.0,Treehouse Tumor Compendium 25.01 PolyA median TPM,treehouse_polya_25_01_median_v1
ENSG00000222486,RNU6-77P,technical,0.0,Treehouse Tumor Compendium 25.01 PolyA median TPM,treehouse_polya_25_01_median_v1
ENSG00000212332,RNU6-780P,technical,0.0,Treehouse Tumor Compendium 25.01 PolyA median TPM,treehouse_polya_25_01_median_v1
ENSG00000252186,RNU6-781P,technical,0.0,Treehouse Tumor Compendium 25.01 PolyA median TPM,treehouse_polya_25_01_median_v1
ENSG00000252661,RNU6-782P,technical,0.0,Treehouse Tumor Compendium 25.01 PolyA median TPM,treehouse_polya_25_01_median_v1
ENSG00000252519,RNU6-783P,technical,0.0,Treehouse Tumor Compendium 25.01 PolyA median TPM,treehouse_polya_25_01_median_v1
ENSG00000207058,RNU6-784P,technical,0.0,Treehouse Tumor Compendium 25.01 PolyA median TPM,treehouse_polya_25_01_median_v1
ENSG00000223256,RNU6-785P,technical,0.0,Treehouse Tumor Compendium 25.01 PolyA median TPM,treehouse_polya_25_01_median_v1
ENSG00000252658,RNU6-786P,technical,0.0,Treehouse Tumor Compendium 25.01 PolyA median TPM,treehouse_polya_25_01_median_v1
ENSG00000206759,RNU6-787P,technical,0.0,Treehouse Tumor Compendium 25.01 PolyA median TPM,treehouse_polya_25_01_median_v1
ENSG00000212269,RNU6-788P,technical,0.0,Treehouse Tumor Compendium 25.01 PolyA median TPM,treehouse_polya_25_01_median_v1
ENSG00000252914,RNU6-789P,technical,0.0,Treehouse Tumor Compendium 25.01 PolyA median TPM,treehouse_polya_25_01_median_v1
ENSG00000199767,RNU6-78P,technical,0.0,Treehouse Tumor Compendium 25.01 PolyA median TPM,treehouse_polya_25_01_median_v1
ENSG00000207208,RNU6-790P,technical,0.0,Treehouse Tumor Compendium 25.01 PolyA median TPM,treehouse_polya_25_01_median_v1
ENSG00000222399,RNU6-791P,technical,0.0,Treehouse Tumor Compendium 25.01 PolyA median TPM,treehouse_polya_25_01_median_v1
ENSG00000200360,RNU6-792P,technical,0.0,Treehouse Tumor Compendium 25.01 PolyA median TPM,treehouse_polya_25_01_median_v1
ENSG00000206960,RNU6-793P,technical,0.0,Treehouse Tumor Compendium 25.01 PolyA median TPM,treehouse_polya_25_01_median_v1
ENSG00000253070,RNU6-794P,technical,0.0,Treehouse Tumor Compendium 25.01 PolyA median TPM,treehouse_polya_25_01_median_v1
ENSG00000252132,RNU6-795P,technical,0.0,Treehouse Tumor Compendium 25.01 PolyA median TPM,treehouse_polya_25_01_median_v1
ENSG00000212388,RNU6-796P,technical,0.0,Treehouse Tumor Compendium 25.01 PolyA median TPM,treehouse_polya_25_01_median_v1
ENSG00000199971,RNU6-797P,technical,0.0,Treehouse Tumor Compendium 25.01 PolyA median TPM,treehouse_polya_25_01_median_v1
ENSG00000252721,RNU6-798P,technical,0.0,Treehouse Tumor Compendium 25.01 PolyA median TPM,treehouse_polya_25_01_median_v1
ENSG00000200437,RNU6-799P,technical,0.0,Treehouse Tumor Compendium 25.01 PolyA median TPM,treehouse_polya_25_01_median_v1
ENSG00000199381,RNU6-79P,technical,0.0,Treehouse Tumor Compendium 25.01 PolyA median TPM,treehouse_polya_25_01_median_v1
ENSG00000202337,RNU6-8,technical,0.0,Treehouse Tumor Compendium 25.01 PolyA median TPM,treehouse_polya_25_01_median_v1
ENSG00000207202,RNU6-800P,technical,0.0,Treehouse Tumor Compendium 25.01 PolyA median TPM,treehouse_polya_25_01_median_v1
ENSG00000200957,RNU6-801P,technical,0.0,Treehouse Tumor Compendium 25.01 PolyA median TPM,treehouse_polya_25_01_median_v1
ENSG00000251843,RNU6-803P,technical,0.0,Treehouse Tumor Compendium 25.01 PolyA median TPM,treehouse_polya_25_01_median_v1
ENSG00000207013,RNU6-804P,technical,0.0,Treehouse Tumor Compendium 25.01 PolyA median TPM,treehouse_polya_25_01_median_v1
ENSG00000202513,RNU6-805P,technical,0.0,Treehouse Tumor Compendium 25.01 PolyA median TPM,treehouse_polya_25_01_median_v1
ENSG00000202017,RNU6-806P,technical,0.0,Treehouse Tumor Compendium 25.01 PolyA median TPM,treehouse_polya_25_01_median_v1
ENSG00000252614,RNU6-807P,technical,0.0,Treehouse Tumor Compendium 25.01 PolyA median TPM,treehouse_polya_25_01_median_v1
ENSG00000212535,RNU6-808P,technical,0.0,Treehouse Tumor Compendium 25.01 PolyA median TPM,treehouse_polya_25_01_median_v1
ENSG00000207190,RNU6-809P,technical,0.0,Treehouse Tumor Compendium 25.01 PolyA median TPM,treehouse_polya_25_01_median_v1
ENSG00000206922,RNU6-80P,technical,0.0,Treehouse Tumor Compendium 25.01 PolyA median TPM,treehouse_polya_25_01_median_v1
ENSG00000200871,RNU6-810P,technical,0.0,Treehouse Tumor Compendium 25.01 PolyA median TPM,treehouse_polya_25_01_median_v1
ENSG00000206796,RNU6-811P,technical,0.0,Treehouse Tumor Compendium 25.01 PolyA median TPM,treehouse_polya_25_01_median_v1
ENSG00000200048,RNU6-812P,technical,0.0,Treehouse Tumor Compendium 25.01 PolyA median TPM,treehouse_polya_25_01_median_v1
ENSG00000207422,RNU6-813P,technical,0.0,Treehouse Tumor Compendium 25.01 PolyA median TPM,treehouse_polya_25_01_median_v1
ENSG00000206807,RNU6-815P,technical,0.0,Treehouse Tumor Compendium 25.01 PolyA median TPM,treehouse_polya_25_01_median_v1
ENSG00000212216,RNU6-816P,technical,0.0,Treehouse Tumor Compendium 25.01 PolyA median TPM,treehouse_polya_25_01_median_v1
ENSG00000212385,RNU6-817P,technical,0.0,Treehouse Tumor Compendium 25.01 PolyA median TPM,treehouse_polya_25_01_median_v1
ENSG00000201707,RNU6-818P,technical,0.0,Treehouse Tumor Compendium 25.01 PolyA median TPM,treehouse_polya_25_01_median_v1
ENSG00000200986,RNU6-819P,technical,0.0,Treehouse Tumor Compendium 25.01 PolyA median TPM,treehouse_polya_25_01_median_v1
ENSG00000202478,RNU6-81P,technical,0.0,Treehouse Tumor Compendium 25.01 PolyA median TPM,treehouse_polya_25_01_median_v1
ENSG00000207000,RNU6-820P,technical,0.0,Treehouse Tumor Compendium 25.01 PolyA median TPM,treehouse_polya_25_01_median_v1
ENSG00000212297,RNU6-821P,technical,0.0,Treehouse Tumor Compendium 25.01 PolyA median TPM,treehouse_polya_25_01_median_v1
ENSG00000199577,RNU6-822P,technical,0.0,Treehouse Tumor Compendium 25.01 PolyA median TPM,treehouse_polya_25_01_median_v1
ENSG00000212344,RNU6-823P,technical,0.0,Treehouse Tumor Compendium 25.01 PolyA median TPM,treehouse_polya_25_01_median_v1
ENSG00000200594,RNU6-824P,technical,0.0,Treehouse Tumor Compendium 25.01 PolyA median TPM,treehouse_polya_25_01_median_v1
ENSG00000252636,RNU6-826P,technical,0.0,Treehouse Tumor Compendium 25.01 PolyA median TPM,treehouse_polya_25_01_median_v1
ENSG00000202423,RNU6-827P,technical,0.0,Treehouse Tumor Compendium 25.01 PolyA median TPM,treehouse_polya_25_01_median_v1
ENSG00000201746,RNU6-828P,technical,0.0,Treehouse Tumor Compendium 25.01 PolyA median TPM,treehouse_polya_25_01_median_v1
ENSG00000200570,RNU6-829P,technical,0.0,Treehouse Tumor Compendium 25.01 PolyA median TPM,treehouse_polya_25_01_median_v1
ENSG00000200840,RNU6-82P,technical,0.0,Treehouse Tumor Compendium 25.01 PolyA median TPM,treehouse_polya_25_01_median_v1
ENSG00000252162,RNU6-830P,technical,0.0,Treehouse Tumor Compendium 25.01 PolyA median TPM,treehouse_polya_25_01_median_v1
ENSG00000207278,RNU6-831P,technical,0.0,Treehouse Tumor Compendium 25.01 PolyA median TPM,treehouse_polya_25_01_median_v1
ENSG00000200189,RNU6-832P,technical,0.0,Treehouse Tumor Compendium 25.01 PolyA median TPM,treehouse_polya_25_01_median_v1
ENSG00000200356,RNU6-833P,technical,0.0,Treehouse Tumor Compendium 25.01 PolyA median TPM,treehouse_polya_25_01_median_v1
ENSG00000199237,RNU6-834P,technical,0.0,Treehouse Tumor Compendium 25.01 PolyA median TPM,treehouse_polya_25_01_median_v1
ENSG00000252783,RNU6-835P,technical,0.0,Treehouse Tumor Compendium 25.01 PolyA median TPM,treehouse_polya_25_01_median_v1
ENSG00000199790,RNU6-836P,technical,0.0,Treehouse Tumor Compendium 25.01 PolyA median TPM,treehouse_polya_25_01_median_v1
ENSG00000212358,RNU6-837P,technical,0.0,Treehouse Tumor Compendium 25.01 PolyA median TPM,treehouse_polya_25_01_median_v1
ENSG00000200269,RNU6-838P,technical,0.0,Treehouse Tumor Compendium 25.01 PolyA median TPM,treehouse_polya_25_01_median_v1
ENSG00000200217,RNU6-839P,technical,0.0,Treehouse Tumor Compendium 25.01 PolyA median TPM,treehouse_polya_25_01_median_v1
ENSG00000207298,RNU6-83P,technical,0.0,Treehouse Tumor Compendium 25.01 PolyA median TPM,treehouse_polya_25_01_median_v1
ENSG00000253084,RNU6-840P,technical,0.0,Treehouse Tumor Compendium 25.01 PolyA median TPM,treehouse_polya_25_01_median_v1
ENSG00000206599,RNU6-841P,technical,0.0,Treehouse Tumor Compendium 25.01 PolyA median TPM,treehouse_polya_25_01_median_v1
ENSG00000206996,RNU6-842P,technical,0.0,Treehouse Tumor Compendium 25.01 PolyA median TPM,treehouse_polya_25_01_median_v1
ENSG00000207183,RNU6-843P,technical,0.0,Treehouse Tumor Compendium 25.01 PolyA median TPM,treehouse_polya_25_01_median_v1
ENSG00000252984,RNU6-844P,technical,0.0,Treehouse Tumor Compendium 25.01 PolyA median TPM,treehouse_polya_25_01_median_v1
ENSG00000199448,RNU6-845P,technical,0.0,Treehouse Tumor Compendium 25.01 PolyA median TPM,treehouse_polya_25_01_median_v1
ENSG00000223047,RNU6-847P,technical,0.0,Treehouse Tumor Compendium 25.01 PolyA median TPM,treehouse_polya_25_01_median_v1
ENSG00000251757,RNU6-848P,technical,0.0,Treehouse Tumor Compendium 25.01 PolyA median TPM,treehouse_polya_25_01_median_v1
ENSG00000206818,RNU6-849P,technical,0.0,Treehouse Tumor Compendium 25.01 PolyA median TPM,treehouse_polya_25_01_median_v1
ENSG00000272445,RNU6-84P,technical,0.0,Treehouse Tumor Compendium 25.01 PolyA median TPM,treehouse_polya_25_01_median_v1
ENSG00000252743,RNU6-850P,technical,0.0,Treehouse Tumor Compendium 25.01 PolyA median TPM,treehouse_polya_25_01_median_v1
ENSG00000207295,RNU6-851P,technical,0.0,Treehouse Tumor Compendium 25.01 PolyA median TPM,treehouse_polya_25_01_median_v1
ENSG00000201176,RNU6-853P,technical,0.0,Treehouse Tumor Compendium 25.01 PolyA median TPM,treehouse_polya_25_01_median_v1
ENSG00000200906,RNU6-854P,technical,0.0,Treehouse Tumor Compendium 25.01 PolyA median TPM,treehouse_polya_25_01_median_v1
ENSG00000222327,RNU6-855P,technical,0.0,Treehouse Tumor Compendium 25.01 PolyA median TPM,treehouse_polya_25_01_median_v1
ENSG00000252768,RNU6-856P,technical,0.0,Treehouse Tumor Compendium 25.01 PolyA median TPM,treehouse_polya_25_01_median_v1
ENSG00000251702,RNU6-857P,technical,0.0,Treehouse Tumor Compendium 25.01 PolyA median TPM,treehouse_polya_25_01_median_v1
ENSG00000199306,RNU6-858P,technical,0.0,Treehouse Tumor Compendium 25.01 PolyA median TPM,treehouse_polya_25_01_median_v1
ENSG00000199598,RNU6-859P,technical,0.0,Treehouse Tumor Compendium 25.01 PolyA median TPM,treehouse_polya_25_01_median_v1
ENSG00000271932,RNU6-85P,technical,0.0,Treehouse Tumor Compendium 25.01 PolyA median TPM,treehouse_polya_25_01_median_v1
ENSG00000222792,RNU6-860P,technical,0.0,Treehouse Tumor Compendium 25.01 PolyA median TPM,treehouse_polya_25_01_median_v1
ENSG00000252554,RNU6-861P,technical,0.0,Treehouse Tumor Compendium 25.01 PolyA median TPM,treehouse_polya_25_01_median_v1
ENSG00000199674,RNU6-862P,technical,0.0,Treehouse Tumor Compendium 25.01 PolyA median TPM,treehouse_polya_25_01_median_v1
ENSG00000251798,RNU6-863P,technical,0.0,Treehouse Tumor Compendium 25.01 PolyA median TPM,treehouse_polya_25_01_median_v1
ENSG00000252065,RNU6-864P,technical,0.0,Treehouse Tumor Compendium 25.01 PolyA median TPM,treehouse_polya_25_01_median_v1
ENSG00000201642,RNU6-865P,technical,0.0,Treehouse Tumor Compendium 25.01 PolyA median TPM,treehouse_polya_25_01_median_v1
ENSG00000274607,RNU6-866P,technical,0.0,Treehouse Tumor Compendium 25.01 PolyA median TPM,treehouse_polya_25_01_median_v1
ENSG00000201826,RNU6-867P,technical,0.0,Treehouse Tumor Compendium 25.01 PolyA median TPM,treehouse_polya_25_01_median_v1
ENSG00000207138,RNU6-869P,technical,0.0,Treehouse Tumor Compendium 25.01 PolyA median TPM,treehouse_polya_25_01_median_v1
ENSG00000271923,RNU6-86P,technical,0.0,Treehouse Tumor Compendium 25.01 PolyA median TPM,treehouse_polya_25_01_median_v1
ENSG00000251931,RNU6-871P,technical,0.0,Treehouse Tumor Compendium 25.01 PolyA median TPM,treehouse_polya_25_01_median_v1
ENSG00000200703,RNU6-873P,technical,0.0,Treehouse Tumor Compendium 25.01 PolyA median TPM,treehouse_polya_25_01_median_v1
ENSG00000199260,RNU6-874P,technical,0.0,Treehouse Tumor Compendium 25.01 PolyA median TPM,treehouse_polya_25_01_median_v1
ENSG00000252297,RNU6-875P,technical,0.0,Treehouse Tumor Compendium 25.01 PolyA median TPM,treehouse_polya_25_01_median_v1
ENSG00000212597,RNU6-876P,technical,0.0,Treehouse Tumor Compendium 25.01 PolyA median TPM,treehouse_polya_25_01_median_v1
ENSG00000206595,RNU6-877P,technical,0.0,Treehouse Tumor Compendium 25.01 PolyA median TPM,treehouse_polya_25_01_median_v1
ENSG00000207308,RNU6-878P,technical,0.0,Treehouse Tumor Compendium 25.01 PolyA median TPM,treehouse_polya_25_01_median_v1
ENSG00000201198,RNU6-879P,technical,0.0,Treehouse Tumor Compendium 25.01 PolyA median TPM,treehouse_polya_25_01_median_v1
ENSG00000272028,RNU6-87P,technical,0.0,Treehouse Tumor Compendium 25.01 PolyA median TPM,treehouse_polya_25_01_median_v1
ENSG00000207256,RNU6-880P,technical,0.0,Treehouse Tumor Compendium 25.01 PolyA median TPM,treehouse_polya_25_01_median_v1
ENSG00000252622,RNU6-881P,technical,0.0,Treehouse Tumor Compendium 25.01 PolyA median TPM,treehouse_polya_25_01_median_v1
ENSG00000212327,RNU6-882P,technical,0.0,Treehouse Tumor Compendium 25.01 PolyA median TPM,treehouse_polya_25_01_median_v1
ENSG00000207327,RNU6-883P,technical,0.0,Treehouse Tumor Compendium 25.01 PolyA median TPM,treehouse_polya_25_01_median_v1
ENSG00000200759,RNU6-884P,technical,0.0,Treehouse Tumor Compendium 25.01 PolyA median TPM,treehouse_polya_25_01_median_v1
ENSG00000252416,RNU6-885P,technical,0.0,Treehouse Tumor Compendium 25.01 PolyA median TPM,treehouse_polya_25_01_median_v1
ENSG00000207046,RNU6-886P,technical,0.0,Treehouse Tumor Compendium 25.01 PolyA median TPM,treehouse_polya_25_01_median_v1
ENSG00000222592,RNU6-887P,technical,0.0,Treehouse Tumor Compendium 25.01 PolyA median TPM,treehouse_polya_25_01_median_v1
ENSG00000199880,RNU6-888P,technical,0.0,Treehouse Tumor Compendium 25.01 PolyA median TPM,treehouse_polya_25_01_median_v1
ENSG00000252998,RNU6-889P,technical,0.0,Treehouse Tumor Compendium 25.01 PolyA median TPM,treehouse_polya_25_01_median_v1
ENSG00000272507,RNU6-88P,technical,0.0,Treehouse Tumor Compendium 25.01 PolyA median TPM,treehouse_polya_25_01_median_v1
ENSG00000206848,RNU6-890P,technical,0.0,Treehouse Tumor Compendium 25.01 PolyA median TPM,treehouse_polya_25_01_median_v1
ENSG00000207007,RNU6-891P,technical,0.0,Treehouse Tumor Compendium 25.01 PolyA median TPM,treehouse_polya_25_01_median_v1
ENSG00000222267,RNU6-892P,technical,0.0,Treehouse Tumor Compendium 25.01 PolyA median TPM,treehouse_polya_25_01_median_v1
ENSG00000238444,RNU6-893P,technical,0.0,Treehouse Tumor Compendium 25.01 PolyA median TPM,treehouse_polya_25_01_median_v1
ENSG00000252903,RNU6-894P,technical,0.0,Treehouse Tumor Compendium 25.01 PolyA median TPM,treehouse_polya_25_01_median_v1
ENSG00000206852,RNU6-895P,technical,0.0,Treehouse Tumor Compendium 25.01 PolyA median TPM,treehouse_polya_25_01_median_v1
ENSG00000199246,RNU6-896P,technical,0.0,Treehouse Tumor Compendium 25.01 PolyA median TPM,treehouse_polya_25_01_median_v1
ENSG00000252944,RNU6-897P,technical,0.0,Treehouse Tumor Compendium 25.01 PolyA median TPM,treehouse_polya_25_01_median_v1
ENSG00000202497,RNU6-898P,technical,0.0,Treehouse Tumor Compendium 25.01 PolyA median TPM,treehouse_polya_25_01_median_v1
ENSG00000200817,RNU6-899P,technical,0.0,Treehouse Tumor Compendium 25.01 PolyA median TPM,treehouse_polya_25_01_median_v1
ENSG00000272262,RNU6-89P,technical,0.0,Treehouse Tumor Compendium 25.01 PolyA median TPM,treehouse_polya_25_01_median_v1
ENSG00000207507,RNU6-9,technical,0.0,Treehouse Tumor Compendium 25.01 PolyA median TPM,treehouse_polya_25_01_median_v1
ENSG00000207227,RNU6-900P,technical,0.0,Treehouse Tumor Compendium 25.01 PolyA median TPM,treehouse_polya_25_01_median_v1
ENSG00000207323,RNU6-901P,technical,0.0,Treehouse Tumor Compendium 25.01 PolyA median TPM,treehouse_polya_25_01_median_v1
ENSG00000253021,RNU6-902P,technical,0.0,Treehouse Tumor Compendium 25.01 PolyA median TPM,treehouse_polya_25_01_median_v1
ENSG00000212572,RNU6-903P,technical,0.0,Treehouse Tumor Compendium 25.01 PolyA median TPM,treehouse_polya_25_01_median_v1
ENSG00000252015,RNU6-904P,technical,0.0,Treehouse Tumor Compendium 25.01 PolyA median TPM,treehouse_polya_25_01_median_v1
ENSG00000207163,RNU6-905P,technical,0.0,Treehouse Tumor Compendium 25.01 PolyA median TPM,treehouse_polya_25_01_median_v1
ENSG00000207431,RNU6-906P,technical,0.0,Treehouse Tumor Compendium 25.01 PolyA median TPM,treehouse_polya_25_01_median_v1
ENSG00000212226,RNU6-907P,technical,0.0,Treehouse Tumor Compendium 25.01 PolyA median TPM,treehouse_polya_25_01_median_v1
ENSG00000222092,RNU6-908P,technical,0.0,Treehouse Tumor Compendium 25.01 PolyA median TPM,treehouse_polya_25_01_median_v1
ENSG00000252867,RNU6-909P,technical,0.0,Treehouse Tumor Compendium 25.01 PolyA median TPM,treehouse_polya_25_01_median_v1
ENSG00000272337,RNU6-90P,technical,0.0,Treehouse Tumor Compendium 25.01 PolyA median TPM,treehouse_polya_25_01_median_v1
ENSG00000212146,RNU6-910P,technical,0.0,Treehouse Tumor Compendium 25.01 PolyA median TPM,treehouse_polya_25_01_median_v1
ENSG00000252332,RNU6-911P,technical,0.0,Treehouse Tumor Compendium 25.01 PolyA median TPM,treehouse_polya_25_01_median_v1
ENSG00000200670,RNU6-912P,technical,0.0,Treehouse Tumor Compendium 25.01 PolyA median TPM,treehouse_polya_25_01_median_v1
ENSG00000212215,RNU6-913P,technical,0.0,Treehouse Tumor Compendium 25.01 PolyA median TPM,treehouse_polya_25_01_median_v1
ENSG00000252558,RNU6-914P,technical,0.0,Treehouse Tumor Compendium 25.01 PolyA median TPM,treehouse_polya_25_01_median_v1
ENSG00000201813,RNU6-915P,technical,0.0,Treehouse Tumor Compendium 25.01 PolyA median TPM,treehouse_polya_25_01_median_v1
ENSG00000251897,RNU6-916P,technical,0.0,Treehouse Tumor Compendium 25.01 PolyA median TPM,treehouse_polya_25_01_median_v1
ENSG00000252103,RNU6-917P,technical,0.0,Treehouse Tumor Compendium 25.01 PolyA median TPM,treehouse_polya_25_01_median_v1
ENSG00000212521,RNU6-918P,technical,0.0,Treehouse Tumor Compendium 25.01 PolyA median TPM,treehouse_polya_25_01_median_v1
ENSG00000252540,RNU6-919P,technical,0.0,Treehouse Tumor Compendium 25.01 PolyA median TPM,treehouse_polya_25_01_median_v1
ENSG00000272439,RNU6-91P,technical,0.0,Treehouse Tumor Compendium 25.01 PolyA median TPM,treehouse_polya_25_01_median_v1
ENSG00000222858,RNU6-920P,technical,0.0,Treehouse Tumor Compendium 25.01 PolyA median TPM,treehouse_polya_25_01_median_v1
ENSG00000207089,RNU6-921P,technical,0.0,Treehouse Tumor Compendium 25.01 PolyA median TPM,treehouse_polya_25_01_median_v1
ENSG00000252562,RNU6-922P,technical,0.0,Treehouse Tumor Compendium 25.01 PolyA median TPM,treehouse_polya_25_01_median_v1
ENSG00000201623,RNU6-923P,technical,0.0,Treehouse Tumor Compendium 25.01 PolyA median TPM,treehouse_polya_25_01_median_v1
ENSG00000199796,RNU6-924P,technical,0.0,Treehouse Tumor Compendium 25.01 PolyA median TPM,treehouse_polya_25_01_median_v1
ENSG00000207359,RNU6-925P,technical,0.0,Treehouse Tumor Compendium 25.01 PolyA median TPM,treehouse_polya_25_01_median_v1
ENSG00000206802,RNU6-926P,technical,0.0,Treehouse Tumor Compendium 25.01 PolyA median TPM,treehouse_polya_25_01_median_v1
ENSG00000252008,RNU6-927P,technical,0.0,Treehouse Tumor Compendium 25.01 PolyA median TPM,treehouse_polya_25_01_median_v1
ENSG00000252685,RNU6-928P,technical,0.0,Treehouse Tumor Compendium 25.01 PolyA median TPM,treehouse_polya_25_01_median_v1
ENSG00000207158,RNU6-929P,technical,0.0,Treehouse Tumor Compendium 25.01 PolyA median TPM,treehouse_polya_25_01_median_v1
ENSG00000272393,RNU6-92P,technical,0.0,Treehouse Tumor Compendium 25.01 PolyA median TPM,treehouse_polya_25_01_median_v1
ENSG00000212240,RNU6-930P,technical,0.0,Treehouse Tumor Compendium 25.01 PolyA median TPM,treehouse_polya_25_01_median_v1
ENSG00000200720,RNU6-931P,technical,0.0,Treehouse Tumor Compendium 25.01 PolyA median TPM,treehouse_polya_25_01_median_v1
ENSG00000212410,RNU6-932P,technical,0.0,Treehouse Tumor Compendium 25.01 PolyA median TPM,treehouse_polya_25_01_median_v1
ENSG00000207153,RNU6-933P,technical,0.0,Treehouse Tumor Compendium 25.01 PolyA median TPM,treehouse_polya_25_01_median_v1
ENSG00000202024,RNU6-934P,technical,0.0,Treehouse Tumor Compendium 25.01 PolyA median TPM,treehouse_polya_25_01_median_v1
ENSG00000222303,RNU6-935P,technical,0.0,Treehouse Tumor Compendium 25.01 PolyA median TPM,treehouse_polya_25_01_median_v1
ENSG00000206732,RNU6-936P,technical,0.0,Treehouse Tumor Compendium 25.01 PolyA median TPM,treehouse_polya_25_01_median_v1
ENSG00000207053,RNU6-937P,technical,0.0,Treehouse Tumor Compendium 25.01 PolyA median TPM,treehouse_polya_25_01_median_v1
ENSG00000223217,RNU6-938P,technical,0.0,Treehouse Tumor Compendium 25.01 PolyA median TPM,treehouse_polya_25_01_median_v1
ENSG00000207364,RNU6-939P,technical,0.0,Treehouse Tumor Compendium 25.01 PolyA median TPM,treehouse_polya_25_01_median_v1
ENSG00000200303,RNU6-940P,technical,0.0,Treehouse Tumor Compendium 25.01 PolyA median TPM,treehouse_polya_25_01_median_v1
ENSG00000252155,RNU6-941P,technical,0.0,Treehouse Tumor Compendium 25.01 PolyA median TPM,treehouse_polya_25_01_median_v1
ENSG00000199872,RNU6-942P,technical,0.0,Treehouse Tumor Compendium 25.01 PolyA median TPM,treehouse_polya_25_01_median_v1
ENSG00000252769,RNU6-943P,technical,0.0,Treehouse Tumor Compendium 25.01 PolyA median TPM,treehouse_polya_25_01_median_v1
ENSG00000200893,RNU6-944P,technical,0.0,Treehouse Tumor Compendium 25.01 PolyA median TPM,treehouse_polya_25_01_median_v1
ENSG00000206674,RNU6-945P,technical,0.0,Treehouse Tumor Compendium 25.01 PolyA median TPM,treehouse_polya_25_01_median_v1
ENSG00000206605,RNU6-946P,technical,0.0,Treehouse Tumor Compendium 25.01 PolyA median TPM,treehouse_polya_25_01_median_v1
ENSG00000252073,RNU6-947P,technical,0.0,Treehouse Tumor Compendium 25.01 PolyA median TPM,treehouse_polya_25_01_median_v1
ENSG00000252183,RNU6-948P,technical,0.0,Treehouse Tumor Compendium 25.01 PolyA median TPM,treehouse_polya_25_01_median_v1
ENSG00000206767,RNU6-949P,technical,0.0,Treehouse Tumor Compendium 25.01 PolyA median TPM,treehouse_polya_25_01_median_v1
ENSG00000271819,RNU6-94P,technical,0.0,Treehouse Tumor Compendium 25.01 PolyA median TPM,treehouse_polya_25_01_median_v1
ENSG00000207381,RNU6-950P,technical,0.0,Treehouse Tumor Compendium 25.01 PolyA median TPM,treehouse_polya_25_01_median_v1
ENSG00000199603,RNU6-951P,technical,0.0,Treehouse Tumor Compendium 25.01 PolyA median TPM,treehouse_polya_25_01_median_v1
ENSG00000212466,RNU6-952P,technical,0.0,Treehouse Tumor Compendium 25.01 PolyA median TPM,treehouse_polya_25_01_median_v1
ENSG00000238941,RNU6-953P,technical,0.0,Treehouse Tumor Compendium 25.01 PolyA median TPM,treehouse_polya_25_01_median_v1
ENSG00000223287,RNU6-954P,technical,0.0,Treehouse Tumor Compendium 25.01 PolyA median TPM,treehouse_polya_25_01_median_v1
ENSG00000222429,RNU6-955P,technical,0.0,Treehouse Tumor Compendium 25.01 PolyA median TPM,treehouse_polya_25_01_median_v1
ENSG00000239030,RNU6-956P,technical,0.0,Treehouse Tumor Compendium 25.01 PolyA median TPM,treehouse_polya_25_01_median_v1
ENSG00000200522,RNU6-957P,technical,0.0,Treehouse Tumor Compendium 25.01 PolyA median TPM,treehouse_polya_25_01_median_v1
ENSG00000252804,RNU6-958P,technical,0.0,Treehouse Tumor Compendium 25.01 PolyA median TPM,treehouse_polya_25_01_median_v1
ENSG00000207402,RNU6-959P,technical,0.0,Treehouse Tumor Compendium 25.01 PolyA median TPM,treehouse_polya_25_01_median_v1
ENSG00000207428,RNU6-95P,technical,0.0,Treehouse Tumor Compendium 25.01 PolyA median TPM,treehouse_polya_25_01_median_v1
ENSG00000200926,RNU6-960P,technical,0.0,Treehouse Tumor Compendium 25.01 PolyA median TPM,treehouse_polya_25_01_median_v1
ENSG00000200763,RNU6-961P,technical,0.0,Treehouse Tumor Compendium 25.01 PolyA median TPM,treehouse_polya_25_01_median_v1
ENSG00000252333,RNU6-964P,technical,0.0,Treehouse Tumor Compendium 25.01 PolyA median TPM,treehouse_polya_25_01_median_v1
ENSG00000252530,RNU6-965P,technical,0.0,Treehouse Tumor Compendium 25.01 PolyA median TPM,treehouse_polya_25_01_median_v1
ENSG00000252288,RNU6-966P,technical,0.0,Treehouse Tumor Compendium 25.01 PolyA median TPM,treehouse_polya_25_01_median_v1
ENSG00000201894,RNU6-967P,technical,0.0,Treehouse Tumor Compendium 25.01 PolyA median TPM,treehouse_polya_25_01_median_v1
ENSG00000206803,RNU6-968P,technical,0.0,Treehouse Tumor Compendium 25.01 PolyA median TPM,treehouse_polya_25_01_median_v1
ENSG00000206627,RNU6-969P,technical,0.0,Treehouse Tumor Compendium 25.01 PolyA median TPM,treehouse_polya_25_01_median_v1
ENSG00000252121,RNU6-970P,technical,0.0,Treehouse Tumor Compendium 25.01 PolyA median TPM,treehouse_polya_25_01_median_v1
ENSG00000252729,RNU6-971P,technical,0.0,Treehouse Tumor Compendium 25.01 PolyA median TPM,treehouse_polya_25_01_median_v1
ENSG00000212510,RNU6-972P,technical,0.0,Treehouse Tumor Compendium 25.01 PolyA median TPM,treehouse_polya_25_01_median_v1
ENSG00000201560,RNU6-973P,technical,0.0,Treehouse Tumor Compendium 25.01 PolyA median TPM,treehouse_polya_25_01_median_v1
ENSG00000206826,RNU6-974P,technical,0.0,Treehouse Tumor Compendium 25.01 PolyA median TPM,treehouse_polya_25_01_median_v1
ENSG00000207023,RNU6-975P,technical,0.0,Treehouse Tumor Compendium 25.01 PolyA median TPM,treehouse_polya_25_01_median_v1
ENSG00000251895,RNU6-976P,technical,0.0,Treehouse Tumor Compendium 25.01 PolyA median TPM,treehouse_polya_25_01_median_v1
ENSG00000252220,RNU6-977P,technical,0.0,Treehouse Tumor Compendium 25.01 PolyA median TPM,treehouse_polya_25_01_median_v1
ENSG00000201241,RNU6-978P,technical,0.0,Treehouse Tumor Compendium 25.01 PolyA median TPM,treehouse_polya_25_01_median_v1
ENSG00000206623,RNU6-979P,technical,0.0,Treehouse Tumor Compendium 25.01 PolyA median TPM,treehouse_polya_25_01_median_v1
ENSG00000200257,RNU6-97P,technical,0.0,Treehouse Tumor Compendium 25.01 PolyA median TPM,treehouse_polya_25_01_median_v1
ENSG00000252734,RNU6-980P,technical,0.0,Treehouse Tumor Compendium 25.01 PolyA median TPM,treehouse_polya_25_01_median_v1
ENSG00000252025,RNU6-982P,technical,0.0,Treehouse Tumor Compendium 25.01 PolyA median TPM,treehouse_polya_25_01_median_v1
ENSG00000251813,RNU6-983P,technical,0.0,Treehouse Tumor Compendium 25.01 PolyA median TPM,treehouse_polya_25_01_median_v1
ENSG00000200106,RNU6-984P,technical,0.0,Treehouse Tumor Compendium 25.01 PolyA median TPM,treehouse_polya_25_01_median_v1
ENSG00000222114,RNU6-985P,technical,0.0,Treehouse Tumor Compendium 25.01 PolyA median TPM,treehouse_polya_25_01_median_v1
ENSG00000200003,RNU6-986P,technical,0.0,Treehouse Tumor Compendium 25.01 PolyA median TPM,treehouse_polya_25_01_median_v1
ENSG00000207490,RNU6-987P,technical,0.0,Treehouse Tumor Compendium 25.01 PolyA median TPM,treehouse_polya_25_01_median_v1
ENSG00000253437,RNU6-988P,technical,0.0,Treehouse Tumor Compendium 25.01 PolyA median TPM,treehouse_polya_25_01_median_v1
ENSG00000199626,RNU6-989P,technical,0.0,Treehouse Tumor Compendium 25.01 PolyA median TPM,treehouse_polya_25_01_median_v1
ENSG00000206900,RNU6-98P,technical,0.0,Treehouse Tumor Compendium 25.01 PolyA median TPM,treehouse_polya_25_01_median_v1
ENSG00000201255,RNU6-990P,technical,0.0,Treehouse Tumor Compendium 25.01 PolyA median TPM,treehouse_polya_25_01_median_v1
ENSG00000251977,RNU6-991P,technical,0.0,Treehouse Tumor Compendium 25.01 PolyA median TPM,treehouse_polya_25_01_median_v1
ENSG00000200213,RNU6-992P,technical,0.0,Treehouse Tumor Compendium 25.01 PolyA median TPM,treehouse_polya_25_01_median_v1
ENSG00000252962,RNU6-993P,technical,0.0,Treehouse Tumor Compendium 25.01 PolyA median TPM,treehouse_polya_25_01_median_v1
ENSG00000222439,RNU6-994P,technical,0.0,Treehouse Tumor Compendium 25.01 PolyA median TPM,treehouse_polya_25_01_median_v1
ENSG00000212546,RNU6-995P,technical,0.0,Treehouse Tumor Compendium 25.01 PolyA median TPM,treehouse_polya_25_01_median_v1
ENSG00000202308,RNU6-996P,technical,0.0,Treehouse Tumor Compendium 25.01 PolyA median TPM,treehouse_polya_25_01_median_v1
ENSG00000207456,RNU6-997P,technical,0.0,Treehouse Tumor Compendium 25.01 PolyA median TPM,treehouse_polya_25_01_median_v1
ENSG00000251703,RNU6-998P,technical,0.0,Treehouse Tumor Compendium 25.01 PolyA median TPM,treehouse_polya_25_01_median_v1
ENSG00000251754,RNU6-999P,technical,0.0,Treehouse Tumor Compendium 25.01 PolyA median TPM,treehouse_polya_25_01_median_v1
ENSG00000201591,RNU6-99P,technical,0.0,Treehouse Tumor Compendium 25.01 PolyA median TPM,treehouse_polya_25_01_median_v1
ENSG00000221676,RNU6ATAC,technical,0.0,Treehouse Tumor Compendium 25.01 PolyA median TPM,treehouse_polya_25_01_median_v1
ENSG00000221562,RNU6ATAC10P,technical,0.0,Treehouse Tumor Compendium 25.01 PolyA median TPM,treehouse_polya_25_01_median_v1
ENSG00000221468,RNU6ATAC11P,technical,0.0,Treehouse Tumor Compendium 25.01 PolyA median TPM,treehouse_polya_25_01_median_v1
ENSG00000252351,RNU6ATAC12P,technical,0.0,Treehouse Tumor Compendium 25.01 PolyA median TPM,treehouse_polya_25_01_median_v1
ENSG00000251961,RNU6ATAC13P,technical,0.0,Treehouse Tumor Compendium 25.01 PolyA median TPM,treehouse_polya_25_01_median_v1
ENSG00000252027,RNU6ATAC14P,technical,0.0,Treehouse Tumor Compendium 25.01 PolyA median TPM,treehouse_polya_25_01_median_v1
ENSG00000221206,RNU6ATAC15P,technical,0.0,Treehouse Tumor Compendium 25.01 PolyA median TPM,treehouse_polya_25_01_median_v1
ENSG00000221518,RNU6ATAC16P,technical,0.0,Treehouse Tumor Compendium 25.01 PolyA median TPM,treehouse_polya_25_01_median_v1
ENSG00000251883,RNU6ATAC17P,technical,0.0,Treehouse Tumor Compendium 25.01 PolyA median TPM,treehouse_polya_25_01_median_v1
ENSG00000221340,RNU6ATAC18P,technical,0.0,Treehouse Tumor Compendium 25.01 PolyA median TPM,treehouse_polya_25_01_median_v1
ENSG00000221023,RNU6ATAC19P,technical,0.0,Treehouse Tumor Compendium 25.01 PolyA median TPM,treehouse_polya_25_01_median_v1
ENSG00000221363,RNU6ATAC20P,technical,0.0,Treehouse Tumor Compendium 25.01 PolyA median TPM,treehouse_polya_25_01_median_v1
ENSG00000221583,RNU6ATAC21P,technical,0.0,Treehouse Tumor Compendium 25.01 PolyA median TPM,treehouse_polya_25_01_median_v1
ENSG00000252603,RNU6ATAC22P,technical,0.0,Treehouse Tumor Compendium 25.01 PolyA median TPM,treehouse_polya_25_01_median_v1
ENSG00000221375,RNU6ATAC23P,technical,0.0,Treehouse Tumor Compendium 25.01 PolyA median TPM,treehouse_polya_25_01_median_v1
ENSG00000252620,RNU6ATAC24P,technical,0.0,Treehouse Tumor Compendium 25.01 PolyA median TPM,treehouse_polya_25_01_median_v1
ENSG00000221725,RNU6ATAC25P,technical,0.0,Treehouse Tumor Compendium 25.01 PolyA median TPM,treehouse_polya_25_01_median_v1
ENSG00000210841,RNU6ATAC26P,technical,0.0,Treehouse Tumor Compendium 25.01 PolyA median TPM,treehouse_polya_25_01_median_v1
ENSG00000221216,RNU6ATAC27P,technical,0.0,Treehouse Tumor Compendium 25.01 PolyA median TPM,treehouse_polya_25_01_median_v1
ENSG00000238561,RNU6ATAC28P,technical,0.0,Treehouse Tumor Compendium 25.01 PolyA median TPM,treehouse_polya_25_01_median_v1
ENSG00000221015,RNU6ATAC29P,technical,0.0,Treehouse Tumor Compendium 25.01 PolyA median TPM,treehouse_polya_25_01_median_v1
ENSG00000210678,RNU6ATAC2P,technical,0.0,Treehouse Tumor Compendium 25.01 PolyA median TPM,treehouse_polya_25_01_median_v1
ENSG00000221114,RNU6ATAC30P,technical,0.0,Treehouse Tumor Compendium 25.01 PolyA median TPM,treehouse_polya_25_01_median_v1
ENSG00000221440,RNU6ATAC31P,technical,0.0,Treehouse Tumor Compendium 25.01 PolyA median TPM,treehouse_polya_25_01_median_v1
ENSG00000251835,RNU6ATAC32P,technical,0.0,Treehouse Tumor Compendium 25.01 PolyA median TPM,treehouse_polya_25_01_median_v1
ENSG00000221574,RNU6ATAC33P,technical,0.0,Treehouse Tumor Compendium 25.01 PolyA median TPM,treehouse_polya_25_01_median_v1
ENSG00000221806,RNU6ATAC34P,technical,0.0,Treehouse Tumor Compendium 25.01 PolyA median TPM,treehouse_polya_25_01_median_v1
ENSG00000252684,RNU6ATAC36P,technical,0.0,Treehouse Tumor Compendium 25.01 PolyA median TPM,treehouse_polya_25_01_median_v1
ENSG00000221255,RNU6ATAC37P,technical,0.0,Treehouse Tumor Compendium 25.01 PolyA median TPM,treehouse_polya_25_01_median_v1
ENSG00000221046,RNU6ATAC38P,technical,0.0,Treehouse Tumor Compendium 25.01 PolyA median TPM,treehouse_polya_25_01_median_v1
ENSG00000252118,RNU6ATAC39P,technical,0.0,Treehouse Tumor Compendium 25.01 PolyA median TPM,treehouse_polya_25_01_median_v1
ENSG00000210709,RNU6ATAC3P,technical,0.0,Treehouse Tumor Compendium 25.01 PolyA median TPM,treehouse_polya_25_01_median_v1
ENSG00000221507,RNU6ATAC40P,technical,0.0,Treehouse Tumor Compendium 25.01 PolyA median TPM,treehouse_polya_25_01_median_v1
ENSG00000221527,RNU6ATAC41P,technical,0.0,Treehouse Tumor Compendium 25.01 PolyA median TPM,treehouse_polya_25_01_median_v1
ENSG00000221564,RNU6ATAC42P,technical,0.0,Treehouse Tumor Compendium 25.01 PolyA median TPM,treehouse_polya_25_01_median_v1
ENSG00000210181,RNU6ATAC4P,technical,0.0,Treehouse Tumor Compendium 25.01 PolyA median TPM,treehouse_polya_25_01_median_v1
ENSG00000210839,RNU6ATAC5P,technical,0.0,Treehouse Tumor Compendium 25.01 PolyA median TPM,treehouse_polya_25_01_median_v1
ENSG00000221059,RNU6ATAC6P,technical,0.0,Treehouse Tumor Compendium 25.01 PolyA median TPM,treehouse_polya_25_01_median_v1
ENSG00000221038,RNU6ATAC7P,technical,0.0,Treehouse Tumor Compendium 25.01 PolyA median TPM,treehouse_polya_25_01_median_v1
ENSG00000221387,RNU6ATAC8P,technical,0.0,Treehouse Tumor Compendium 25.01 PolyA median TPM,treehouse_polya_25_01_median_v1
ENSG00000252019,RNU6ATAC9P,technical,0.0,Treehouse Tumor Compendium 25.01 PolyA median TPM,treehouse_polya_25_01_median_v1
ENSG00000206832,RNU6V,technical,0.0,Treehouse Tumor Compendium 25.01 PolyA median TPM,treehouse_polya_25_01_median_v1
ENSG00000238923,RNU7-1,technical,0.0,Treehouse Tumor Compendium 25.01 PolyA median TPM,treehouse_polya_25_01_median_v1
ENSG00000238808,RNU7-102P,technical,0.0,Treehouse Tumor Compendium 25.01 PolyA median TPM,treehouse_polya_25_01_median_v1
ENSG00000238370,RNU7-103P,technical,0.0,Treehouse Tumor Compendium 25.01 PolyA median TPM,treehouse_polya_25_01_median_v1
ENSG00000238542,RNU7-104P,technical,0.0,Treehouse Tumor Compendium 25.01 PolyA median TPM,treehouse_polya_25_01_median_v1
ENSG00000251919,RNU7-105P,technical,0.0,Treehouse Tumor Compendium 25.01 PolyA median TPM,treehouse_polya_25_01_median_v1
ENSG00000238842,RNU7-106P,technical,0.0,Treehouse Tumor Compendium 25.01 PolyA median TPM,treehouse_polya_25_01_median_v1
ENSG00000238523,RNU7-107P,technical,0.0,Treehouse Tumor Compendium 25.01 PolyA median TPM,treehouse_polya_25_01_median_v1
ENSG00000271841,RNU7-10P,technical,0.0,Treehouse Tumor Compendium 25.01 PolyA median TPM,treehouse_polya_25_01_median_v1
ENSG00000252700,RNU7-110P,technical,0.0,Treehouse Tumor Compendium 25.01 PolyA median TPM,treehouse_polya_25_01_median_v1
ENSG00000252645,RNU7-111P,technical,0.0,Treehouse Tumor Compendium 25.01 PolyA median TPM,treehouse_polya_25_01_median_v1
ENSG00000238735,RNU7-113P,technical,0.0,Treehouse Tumor Compendium 25.01 PolyA median TPM,treehouse_polya_25_01_median_v1
ENSG00000252242,RNU7-115P,technical,0.0,Treehouse Tumor Compendium 25.01 PolyA median TPM,treehouse_polya_25_01_median_v1
ENSG00000252749,RNU7-116P,technical,0.0,Treehouse Tumor Compendium 25.01 PolyA median TPM,treehouse_polya_25_01_median_v1
ENSG00000239119,RNU7-119P,technical,0.0,Treehouse Tumor Compendium 25.01 PolyA median TPM,treehouse_polya_25_01_median_v1
ENSG00000252796,RNU7-11P,technical,0.0,Treehouse Tumor Compendium 25.01 PolyA median TPM,treehouse_polya_25_01_median_v1
ENSG00000238302,RNU7-120P,technical,0.0,Treehouse Tumor Compendium 25.01 PolyA median TPM,treehouse_polya_25_01_median_v1
ENSG00000252413,RNU7-121P,technical,0.0,Treehouse Tumor Compendium 25.01 PolyA median TPM,treehouse_polya_25_01_median_v1
ENSG00000251720,RNU7-123P,technical,0.0,Treehouse Tumor Compendium 25.01 PolyA median TPM,treehouse_polya_25_01_median_v1
ENSG00000251745,RNU7-124P,technical,0.0,Treehouse Tumor Compendium 25.01 PolyA median TPM,treehouse_polya_25_01_median_v1
ENSG00000238964,RNU7-125P,technical,0.0,Treehouse Tumor Compendium 25.01 PolyA median TPM,treehouse_polya_25_01_median_v1
ENSG00000238632,RNU7-126P,technical,0.0,Treehouse Tumor Compendium 25.01 PolyA median TPM,treehouse_polya_25_01_median_v1
ENSG00000238812,RNU7-127P,technical,0.0,Treehouse Tumor Compendium 25.01 PolyA median TPM,treehouse_polya_25_01_median_v1
ENSG00000253056,RNU7-128P,technical,0.0,Treehouse Tumor Compendium 25.01 PolyA median TPM,treehouse_polya_25_01_median_v1
ENSG00000251937,RNU7-129P,technical,0.0,Treehouse Tumor Compendium 25.01 PolyA median TPM,treehouse_polya_25_01_median_v1
ENSG00000251839,RNU7-12P,technical,0.0,Treehouse Tumor Compendium 25.01 PolyA median TPM,treehouse_polya_25_01_median_v1
ENSG00000238441,RNU7-130P,technical,0.0,Treehouse Tumor Compendium 25.01 PolyA median TPM,treehouse_polya_25_01_median_v1
ENSG00000238987,RNU7-133P,technical,0.0,Treehouse Tumor Compendium 25.01 PolyA median TPM,treehouse_polya_25_01_median_v1
ENSG00000238447,RNU7-134P,technical,0.0,Treehouse Tumor Compendium 25.01 PolyA median TPM,treehouse_polya_25_01_median_v1
ENSG00000238427,RNU7-136P,technical,0.0,Treehouse Tumor Compendium 25.01 PolyA median TPM,treehouse_polya_25_01_median_v1
ENSG00000252597,RNU7-137P,technical,0.0,Treehouse Tumor Compendium 25.01 PolyA median TPM,treehouse_polya_25_01_median_v1
ENSG00000239053,RNU7-138P,technical,0.0,Treehouse Tumor Compendium 25.01 PolyA median TPM,treehouse_polya_25_01_median_v1
ENSG00000252222,RNU7-13P,technical,0.0,Treehouse Tumor Compendium 25.01 PolyA median TPM,treehouse_polya_25_01_median_v1
ENSG00000238364,RNU7-140P,technical,0.0,Treehouse Tumor Compendium 25.01 PolyA median TPM,treehouse_polya_25_01_median_v1
ENSG00000238777,RNU7-141P,technical,0.0,Treehouse Tumor Compendium 25.01 PolyA median TPM,treehouse_polya_25_01_median_v1
ENSG00000252590,RNU7-143P,technical,0.0,Treehouse Tumor Compendium 25.01 PolyA median TPM,treehouse_polya_25_01_median_v1
ENSG00000238452,RNU7-144P,technical,0.0,Treehouse Tumor Compendium 25.01 PolyA median TPM,treehouse_polya_25_01_median_v1
ENSG00000238698,RNU7-147P,technical,0.0,Treehouse Tumor Compendium 25.01 PolyA median TPM,treehouse_polya_25_01_median_v1
ENSG00000238357,RNU7-148P,technical,0.0,Treehouse Tumor Compendium 25.01 PolyA median TPM,treehouse_polya_25_01_median_v1
ENSG00000252548,RNU7-149P,technical,0.0,Treehouse Tumor Compendium 25.01 PolyA median TPM,treehouse_polya_25_01_median_v1
ENSG00000238468,RNU7-14P,technical,0.0,Treehouse Tumor Compendium 25.01 PolyA median TPM,treehouse_polya_25_01_median_v1
ENSG00000252739,RNU7-151P,technical,0.0,Treehouse Tumor Compendium 25.01 PolyA median TPM,treehouse_polya_25_01_median_v1
ENSG00000238789,RNU7-152P,technical,0.0,Treehouse Tumor Compendium 25.01 PolyA median TPM,treehouse_polya_25_01_median_v1
ENSG00000252264,RNU7-153P,technical,0.0,Treehouse Tumor Compendium 25.01 PolyA median TPM,treehouse_polya_25_01_median_v1
ENSG00000252003,RNU7-154P,technical,0.0,Treehouse Tumor Compendium 25.01 PolyA median TPM,treehouse_polya_25_01_median_v1
ENSG00000238759,RNU7-155P,technical,0.0,Treehouse Tumor Compendium 25.01 PolyA median TPM,treehouse_polya_25_01_median_v1
ENSG00000253023,RNU7-156P,technical,0.0,Treehouse Tumor Compendium 25.01 PolyA median TPM,treehouse_polya_25_01_median_v1
ENSG00000238431,RNU7-157P,technical,0.0,Treehouse Tumor Compendium 25.01 PolyA median TPM,treehouse_polya_25_01_median_v1
ENSG00000238562,RNU7-159P,technical,0.0,Treehouse Tumor Compendium 25.01 PolyA median TPM,treehouse_polya_25_01_median_v1
ENSG00000252469,RNU7-160P,technical,0.0,Treehouse Tumor Compendium 25.01 PolyA median TPM,treehouse_polya_25_01_median_v1
ENSG00000253098,RNU7-161P,technical,0.0,Treehouse Tumor Compendium 25.01 PolyA median TPM,treehouse_polya_25_01_median_v1
ENSG00000238730,RNU7-164P,technical,0.0,Treehouse Tumor Compendium 25.01 PolyA median TPM,treehouse_polya_25_01_median_v1
ENSG00000238380,RNU7-165P,technical,0.0,Treehouse Tumor Compendium 25.01 PolyA median TPM,treehouse_polya_25_01_median_v1
ENSG00000238584,RNU7-167P,technical,0.0,Treehouse Tumor Compendium 25.01 PolyA median TPM,treehouse_polya_25_01_median_v1
ENSG00000238457,RNU7-169P,technical,0.0,Treehouse Tumor Compendium 25.01 PolyA median TPM,treehouse_polya_25_01_median_v1
ENSG00000239082,RNU7-170P,technical,0.0,Treehouse Tumor Compendium 25.01 PolyA median TPM,treehouse_polya_25_01_median_v1
ENSG00000238406,RNU7-171P,technical,0.0,Treehouse Tumor Compendium 25.01 PolyA median TPM,treehouse_polya_25_01_median_v1
ENSG00000252934,RNU7-172P,technical,0.0,Treehouse Tumor Compendium 25.01 PolyA median TPM,treehouse_polya_25_01_median_v1
ENSG00000238950,RNU7-173P,technical,0.0,Treehouse Tumor Compendium 25.01 PolyA median TPM,treehouse_polya_25_01_median_v1
ENSG00000252057,RNU7-174P,technical,0.0,Treehouse Tumor Compendium 25.01 PolyA median TPM,treehouse_polya_25_01_median_v1
ENSG00000251724,RNU7-175P,technical,0.0,Treehouse Tumor Compendium 25.01 PolyA median TPM,treehouse_polya_25_01_median_v1
ENSG00000238962,RNU7-176P,technical,0.0,Treehouse Tumor Compendium 25.01 PolyA median TPM,treehouse_polya_25_01_median_v1
ENSG00000252417,RNU7-179P,technical,0.0,Treehouse Tumor Compendium 25.01 PolyA median TPM,treehouse_polya_25_01_median_v1
ENSG00000238374,RNU7-180P,technical,0.0,Treehouse Tumor Compendium 25.01 PolyA median TPM,treehouse_polya_25_01_median_v1
ENSG00000253043,RNU7-181P,technical,0.0,Treehouse Tumor Compendium 25.01 PolyA median TPM,treehouse_polya_25_01_median_v1
ENSG00000238788,RNU7-182P,technical,0.0,Treehouse Tumor Compendium 25.01 PolyA median TPM,treehouse_polya_25_01_median_v1
ENSG00000252407,RNU7-183P,technical,0.0,Treehouse Tumor Compendium 25.01 PolyA median TPM,treehouse_polya_25_01_median_v1
ENSG00000239102,RNU7-185P,technical,0.0,Treehouse Tumor Compendium 25.01 PolyA median TPM,treehouse_polya_25_01_median_v1
ENSG00000238419,RNU7-186P,technical,0.0,Treehouse Tumor Compendium 25.01 PolyA median TPM,treehouse_polya_25_01_median_v1
ENSG00000238998,RNU7-187P,technical,0.0,Treehouse Tumor Compendium 25.01 PolyA median TPM,treehouse_polya_25_01_median_v1
ENSG00000252872,RNU7-188P,technical,0.0,Treehouse Tumor Compendium 25.01 PolyA median TPM,treehouse_polya_25_01_median_v1
ENSG00000252174,RNU7-18P,technical,0.0,Treehouse Tumor Compendium 25.01 PolyA median TPM,treehouse_polya_25_01_median_v1
ENSG00000239185,RNU7-190P,technical,0.0,Treehouse Tumor Compendium 25.01 PolyA median TPM,treehouse_polya_25_01_median_v1
ENSG00000252275,RNU7-192P,technical,0.0,Treehouse Tumor Compendium 25.01 PolyA median TPM,treehouse_polya_25_01_median_v1
ENSG00000252532,RNU7-193P,technical,0.0,Treehouse Tumor Compendium 25.01 PolyA median TPM,treehouse_polya_25_01_median_v1
ENSG00000238721,RNU7-194P,technical,0.0,Treehouse Tumor Compendium 25.01 PolyA median TPM,treehouse_polya_25_01_median_v1
ENSG00000239151,RNU7-195P,technical,0.0,Treehouse Tumor Compendium 25.01 PolyA median TPM,treehouse_polya_25_01_median_v1
ENSG00000238913,RNU7-196P,technical,0.0,Treehouse Tumor Compendium 25.01 PolyA median TPM,treehouse_polya_25_01_median_v1
ENSG00000239168,RNU7-197P,technical,0.0,Treehouse Tumor Compendium 25.01 PolyA median TPM,treehouse_polya_25_01_median_v1
ENSG00000238959,RNU7-19P,technical,0.0,Treehouse Tumor Compendium 25.01 PolyA median TPM,treehouse_polya_25_01_median_v1
ENSG00000251914,RNU7-200P,technical,0.0,Treehouse Tumor Compendium 25.01 PolyA median TPM,treehouse_polya_25_01_median_v1
ENSG00000251712,RNU7-20P,technical,0.0,Treehouse Tumor Compendium 25.01 PolyA median TPM,treehouse_polya_25_01_median_v1
ENSG00000238558,RNU7-21P,technical,0.0,Treehouse Tumor Compendium 25.01 PolyA median TPM,treehouse_polya_25_01_median_v1
ENSG00000252482,RNU7-22P,technical,0.0,Treehouse Tumor Compendium 25.01 PolyA median TPM,treehouse_polya_25_01_median_v1
ENSG00000239099,RNU7-23P,technical,0.0,Treehouse Tumor Compendium 25.01 PolyA median TPM,treehouse_polya_25_01_median_v1
ENSG00000239081,RNU7-24P,technical,0.0,Treehouse Tumor Compendium 25.01 PolyA median TPM,treehouse_polya_25_01_median_v1
ENSG00000252353,RNU7-25P,technical,0.0,Treehouse Tumor Compendium 25.01 PolyA median TPM,treehouse_polya_25_01_median_v1
ENSG00000238610,RNU7-26P,technical,0.0,Treehouse Tumor Compendium 25.01 PolyA median TPM,treehouse_polya_25_01_median_v1
ENSG00000238750,RNU7-27P,technical,0.0,Treehouse Tumor Compendium 25.01 PolyA median TPM,treehouse_polya_25_01_median_v1
ENSG00000252568,RNU7-28P,technical,0.0,Treehouse Tumor Compendium 25.01 PolyA median TPM,treehouse_polya_25_01_median_v1
ENSG00000252429,RNU7-29P,technical,0.0,Treehouse Tumor Compendium 25.01 PolyA median TPM,treehouse_polya_25_01_median_v1
ENSG00000251905,RNU7-2P,technical,0.0,Treehouse Tumor Compendium 25.01 PolyA median TPM,treehouse_polya_25_01_median_v1
ENSG00000252644,RNU7-30P,technical,0.0,Treehouse Tumor Compendium 25.01 PolyA median TPM,treehouse_polya_25_01_median_v1
ENSG00000238904,RNU7-34P,technical,0.0,Treehouse Tumor Compendium 25.01 PolyA median TPM,treehouse_polya_25_01_median_v1
ENSG00000252983,RNU7-35P,technical,0.0,Treehouse Tumor Compendium 25.01 PolyA median TPM,treehouse_polya_25_01_median_v1
ENSG00000251707,RNU7-37P,technical,0.0,Treehouse Tumor Compendium 25.01 PolyA median TPM,treehouse_polya_25_01_median_v1
ENSG00000238446,RNU7-38P,technical,0.0,Treehouse Tumor Compendium 25.01 PolyA median TPM,treehouse_polya_25_01_median_v1
ENSG00000252244,RNU7-3P,technical,0.0,Treehouse Tumor Compendium 25.01 PolyA median TPM,treehouse_polya_25_01_median_v1
ENSG00000252206,RNU7-40P,technical,0.0,Treehouse Tumor Compendium 25.01 PolyA median TPM,treehouse_polya_25_01_median_v1
ENSG00000251726,RNU7-41P,technical,0.0,Treehouse Tumor Compendium 25.01 PolyA median TPM,treehouse_polya_25_01_median_v1
ENSG00000252363,RNU7-43P,technical,0.0,Treehouse Tumor Compendium 25.01 PolyA median TPM,treehouse_polya_25_01_median_v1
ENSG00000238829,RNU7-45P,technical,0.0,Treehouse Tumor Compendium 25.01 PolyA median TPM,treehouse_polya_25_01_median_v1
ENSG00000238830,RNU7-46P,technical,0.0,Treehouse Tumor Compendium 25.01 PolyA median TPM,treehouse_polya_25_01_median_v1
ENSG00000251787,RNU7-47P,technical,0.0,Treehouse Tumor Compendium 25.01 PolyA median TPM,treehouse_polya_25_01_median_v1
ENSG00000238386,RNU7-48P,technical,0.0,Treehouse Tumor Compendium 25.01 PolyA median TPM,treehouse_polya_25_01_median_v1
ENSG00000251991,RNU7-49P,technical,0.0,Treehouse Tumor Compendium 25.01 PolyA median TPM,treehouse_polya_25_01_median_v1
ENSG00000252770,RNU7-4P,technical,0.0,Treehouse Tumor Compendium 25.01 PolyA median TPM,treehouse_polya_25_01_median_v1
ENSG00000238304,RNU7-50P,technical,0.0,Treehouse Tumor Compendium 25.01 PolyA median TPM,treehouse_polya_25_01_median_v1
ENSG00000252369,RNU7-51P,technical,0.0,Treehouse Tumor Compendium 25.01 PolyA median TPM,treehouse_polya_25_01_median_v1
ENSG00000251981,RNU7-52P,technical,0.0,Treehouse Tumor Compendium 25.01 PolyA median TPM,treehouse_polya_25_01_median_v1
ENSG00000252514,RNU7-53P,technical,0.0,Treehouse Tumor Compendium 25.01 PolyA median TPM,treehouse_polya_25_01_median_v1
ENSG00000238590,RNU7-54P,technical,0.0,Treehouse Tumor Compendium 25.01 PolyA median TPM,treehouse_polya_25_01_median_v1
ENSG00000239078,RNU7-55P,technical,0.0,Treehouse Tumor Compendium 25.01 PolyA median TPM,treehouse_polya_25_01_median_v1
ENSG00000238709,RNU7-56P,technical,0.0,Treehouse Tumor Compendium 25.01 PolyA median TPM,treehouse_polya_25_01_median_v1
ENSG00000238365,RNU7-57P,technical,0.0,Treehouse Tumor Compendium 25.01 PolyA median TPM,treehouse_polya_25_01_median_v1
ENSG00000238880,RNU7-59P,technical,0.0,Treehouse Tumor Compendium 25.01 PolyA median TPM,treehouse_polya_25_01_median_v1
ENSG00000251747,RNU7-60P,technical,0.0,Treehouse Tumor Compendium 25.01 PolyA median TPM,treehouse_polya_25_01_median_v1
ENSG00000251706,RNU7-61P,technical,0.0,Treehouse Tumor Compendium 25.01 PolyA median TPM,treehouse_polya_25_01_median_v1
ENSG00000238653,RNU7-62P,technical,0.0,Treehouse Tumor Compendium 25.01 PolyA median TPM,treehouse_polya_25_01_median_v1
ENSG00000238417,RNU7-63P,technical,0.0,Treehouse Tumor Compendium 25.01 PolyA median TPM,treehouse_polya_25_01_median_v1
ENSG00000252457,RNU7-65P,technical,0.0,Treehouse Tumor Compendium 25.01 PolyA median TPM,treehouse_polya_25_01_median_v1
ENSG00000238949,RNU7-66P,technical,0.0,Treehouse Tumor Compendium 25.01 PolyA median TPM,treehouse_polya_25_01_median_v1
ENSG00000239115,RNU7-67P,technical,0.0,Treehouse Tumor Compendium 25.01 PolyA median TPM,treehouse_polya_25_01_median_v1
ENSG00000252178,RNU7-69P,technical,0.0,Treehouse Tumor Compendium 25.01 PolyA median TPM,treehouse_polya_25_01_median_v1
ENSG00000252654,RNU7-6P,technical,0.0,Treehouse Tumor Compendium 25.01 PolyA median TPM,treehouse_polya_25_01_median_v1
ENSG00000252750,RNU7-70P,technical,0.0,Treehouse Tumor Compendium 25.01 PolyA median TPM,treehouse_polya_25_01_median_v1
ENSG00000251868,RNU7-71P,technical,0.0,Treehouse Tumor Compendium 25.01 PolyA median TPM,treehouse_polya_25_01_median_v1
ENSG00000239105,RNU7-73P,technical,0.0,Treehouse Tumor Compendium 25.01 PolyA median TPM,treehouse_polya_25_01_median_v1
ENSG00000239010,RNU7-74P,technical,0.0,Treehouse Tumor Compendium 25.01 PolyA median TPM,treehouse_polya_25_01_median_v1
ENSG00000251880,RNU7-75P,technical,0.0,Treehouse Tumor Compendium 25.01 PolyA median TPM,treehouse_polya_25_01_median_v1
ENSG00000253054,RNU7-77P,technical,0.0,Treehouse Tumor Compendium 25.01 PolyA median TPM,treehouse_polya_25_01_median_v1
ENSG00000251891,RNU7-79P,technical,0.0,Treehouse Tumor Compendium 25.01 PolyA median TPM,treehouse_polya_25_01_median_v1
ENSG00000238606,RNU7-7P,technical,0.0,Treehouse Tumor Compendium 25.01 PolyA median TPM,treehouse_polya_25_01_median_v1
ENSG00000238778,RNU7-80P,technical,0.0,Treehouse Tumor Compendium 25.01 PolyA median TPM,treehouse_polya_25_01_median_v1
ENSG00000252507,RNU7-81P,technical,0.0,Treehouse Tumor Compendium 25.01 PolyA median TPM,treehouse_polya_25_01_median_v1
ENSG00000238924,RNU7-82P,technical,0.0,Treehouse Tumor Compendium 25.01 PolyA median TPM,treehouse_polya_25_01_median_v1
ENSG00000251892,RNU7-84P,technical,0.0,Treehouse Tumor Compendium 25.01 PolyA median TPM,treehouse_polya_25_01_median_v1
ENSG00000238884,RNU7-85P,technical,0.0,Treehouse Tumor Compendium 25.01 PolyA median TPM,treehouse_polya_25_01_median_v1
ENSG00000238500,RNU7-87P,technical,0.0,Treehouse Tumor Compendium 25.01 PolyA median TPM,treehouse_polya_25_01_median_v1
ENSG00000239003,RNU7-88P,technical,0.0,Treehouse Tumor Compendium 25.01 PolyA median TPM,treehouse_polya_25_01_median_v1
ENSG00000251767,RNU7-8P,technical,0.0,Treehouse Tumor Compendium 25.01 PolyA median TPM,treehouse_polya_25_01_median_v1
ENSG00000238731,RNU7-90P,technical,0.0,Treehouse Tumor Compendium 25.01 PolyA median TPM,treehouse_polya_25_01_median_v1
ENSG00000238785,RNU7-92P,technical,0.0,Treehouse Tumor Compendium 25.01 PolyA median TPM,treehouse_polya_25_01_median_v1
ENSG00000238540,RNU7-93P,technical,0.0,Treehouse Tumor Compendium 25.01 PolyA median TPM,treehouse_polya_25_01_median_v1
ENSG00000238609,RNU7-94P,technical,0.0,Treehouse Tumor Compendium 25.01 PolyA median TPM,treehouse_polya_25_01_median_v1
ENSG00000239007,RNU7-95P,technical,0.0,Treehouse Tumor Compendium 25.01 PolyA median TPM,treehouse_polya_25_01_median_v1
ENSG00000238719,RNU7-96P,technical,0.0,Treehouse Tumor Compendium 25.01 PolyA median TPM,treehouse_polya_25_01_median_v1
ENSG00000238704,RNU7-97P,technical,0.0,Treehouse Tumor Compendium 25.01 PolyA median TPM,treehouse_polya_25_01_median_v1
ENSG00000252080,RNU7-99P,technical,0.0,Treehouse Tumor Compendium 25.01 PolyA median TPM,treehouse_polya_25_01_median_v1
ENSG00000238782,RNU7-9P,technical,0.0,Treehouse Tumor Compendium 25.01 PolyA median TPM,treehouse_polya_25_01_median_v1
ENSG00000207340,RNVU1-1,technical,0.0,Treehouse Tumor Compendium 25.01 PolyA median TPM,treehouse_polya_25_01_median_v1
ENSG00000207501,RNVU1-14,technical,0.0,Treehouse Tumor Compendium 25.01 PolyA median TPM,treehouse_polya_25_01_median_v1
ENSG00000207205,RNVU1-15,technical,0.0,Treehouse Tumor Compendium 25.01 PolyA median TPM,treehouse_polya_25_01_median_v1
ENSG00000207349,RNVU1-17,technical,0.0,Treehouse Tumor Compendium 25.01 PolyA median TPM,treehouse_polya_25_01_median_v1
ENSG00000206737,RNVU1-18,technical,11.659944,Treehouse Tumor Compendium 25.01 PolyA median TPM,treehouse_polya_25_01_median_v1
ENSG00000275538,RNVU1-19,technical,0.0,Treehouse Tumor Compendium 25.01 PolyA median TPM,treehouse_polya_25_01_median_v1
ENSG00000238825,RNVU1-2,technical,0.0,Treehouse Tumor Compendium 25.01 PolyA median TPM,treehouse_polya_25_01_median_v1
ENSG00000202408,RNVU1-21,technical,0.0,Treehouse Tumor Compendium 25.01 PolyA median TPM,treehouse_polya_25_01_median_v1
ENSG00000199879,RNVU1-22,technical,0.0,Treehouse Tumor Compendium 25.01 PolyA median TPM,treehouse_polya_25_01_median_v1
ENSG00000252826,RNVU1-23,technical,0.0,Treehouse Tumor Compendium 25.01 PolyA median TPM,treehouse_polya_25_01_median_v1
ENSG00000201699,RNVU1-24,technical,0.0,Treehouse Tumor Compendium 25.01 PolyA median TPM,treehouse_polya_25_01_median_v1
ENSG00000274428,RNVU1-25,technical,0.0,Treehouse Tumor Compendium 25.01 PolyA median TPM,treehouse_polya_25_01_median_v1
ENSG00000275291,RNVU1-26,technical,0.0,Treehouse Tumor Compendium 25.01 PolyA median TPM,treehouse_polya_25_01_median_v1
ENSG00000274210,RNVU1-27,technical,0.0,Treehouse Tumor Compendium 25.01 PolyA median TPM,treehouse_polya_25_01_median_v1
ENSG00000277918,RNVU1-28,technical,0.0,Treehouse Tumor Compendium 25.01 PolyA median TPM,treehouse_polya_25_01_median_v1
ENSG00000273768,RNVU1-29,technical,0.0,Treehouse Tumor Compendium 25.01 PolyA median TPM,treehouse_polya_25_01_median_v1
ENSG00000278099,RNVU1-2A,technical,0.0,Treehouse Tumor Compendium 25.01 PolyA median TPM,treehouse_polya_25_01_median_v1
ENSG00000201183,RNVU1-3,technical,0.0,Treehouse Tumor Compendium 25.01 PolyA median TPM,treehouse_polya_25_01_median_v1
ENSG00000206828,RNVU1-30,technical,0.0,Treehouse Tumor Compendium 25.01 PolyA median TPM,treehouse_polya_25_01_median_v1
ENSG00000270722,RNVU1-31,technical,0.0,Treehouse Tumor Compendium 25.01 PolyA median TPM,treehouse_polya_25_01_median_v1
ENSG00000207110,RNVU1-32,technical,0.0,Treehouse Tumor Compendium 25.01 PolyA median TPM,treehouse_polya_25_01_median_v1
ENSG00000200597,RNVU1-33,technical,0.0,Treehouse Tumor Compendium 25.01 PolyA median TPM,treehouse_polya_25_01_median_v1
ENSG00000200997,RNVU1-34,technical,0.0,Treehouse Tumor Compendium 25.01 PolyA median TPM,treehouse_polya_25_01_median_v1
ENSG00000277610,RNVU1-4,technical,0.0,Treehouse Tumor Compendium 25.01 PolyA median TPM,treehouse_polya_25_01_median_v1
ENSG00000201558,RNVU1-6,technical,0.0,Treehouse Tumor Compendium 25.01 PolyA median TPM,treehouse_polya_25_01_median_v1
ENSG00000206585,RNVU1-7,technical,0.0,Treehouse Tumor Compendium 25.01 PolyA median TPM,treehouse_polya_25_01_median_v1
ENSG00000286172,RNVU1-8,technical,0.0,Treehouse Tumor Compendium 25.01 PolyA median TPM,treehouse_polya_25_01_median_v1
ENSG00000201098,RNY1,technical,0.0,Treehouse Tumor Compendium 25.01 PolyA median TPM,treehouse_polya_25_01_median_v1
ENSG00000201242,RNY1P1,technical,0.0,Treehouse Tumor Compendium 25.01 PolyA median TPM,treehouse_polya_25_01_median_v1
ENSG00000200138,RNY1P10,technical,0.0,Treehouse Tumor Compendium 25.01 PolyA median TPM,treehouse_polya_25_01_median_v1
ENSG00000200629,RNY1P11,technical,0.0,Treehouse Tumor Compendium 25.01 PolyA median TPM,treehouse_polya_25_01_median_v1
ENSG00000201121,RNY1P12,technical,0.0,Treehouse Tumor Compendium 25.01 PolyA median TPM,treehouse_polya_25_01_median_v1
ENSG00000201900,RNY1P13,technical,0.0,Treehouse Tumor Compendium 25.01 PolyA median TPM,treehouse_polya_25_01_median_v1
ENSG00000207155,RNY1P14,technical,0.0,Treehouse Tumor Compendium 25.01 PolyA median TPM,treehouse_polya_25_01_median_v1
ENSG00000222351,RNY1P15,technical,0.0,Treehouse Tumor Compendium 25.01 PolyA median TPM,treehouse_polya_25_01_median_v1
ENSG00000199933,RNY1P16,technical,0.0,Treehouse Tumor Compendium 25.01 PolyA median TPM,treehouse_polya_25_01_median_v1
ENSG00000201690,RNY1P2,technical,0.0,Treehouse Tumor Compendium 25.01 PolyA median TPM,treehouse_polya_25_01_median_v1
ENSG00000223158,RNY1P3,technical,0.0,Treehouse Tumor Compendium 25.01 PolyA median TPM,treehouse_polya_25_01_median_v1
ENSG00000207325,RNY1P4,technical,0.0,Treehouse Tumor Compendium 25.01 PolyA median TPM,treehouse_polya_25_01_median_v1
ENSG00000206617,RNY1P5,technical,0.0,Treehouse Tumor Compendium 25.01 PolyA median TPM,treehouse_polya_25_01_median_v1
ENSG00000206920,RNY1P6,technical,0.0,Treehouse Tumor Compendium 25.01 PolyA median TPM,treehouse_polya_25_01_median_v1
ENSG00000207474,RNY1P7,technical,0.0,Treehouse Tumor Compendium 25.01 PolyA median TPM,treehouse_polya_25_01_median_v1
ENSG00000206697,RNY1P8,technical,0.0,Treehouse Tumor Compendium 25.01 PolyA median TPM,treehouse_polya_25_01_median_v1
ENSG00000255156,RNY1P9,technical,0.0,Treehouse Tumor Compendium 25.01 PolyA median TPM,treehouse_polya_25_01_median_v1
ENSG00000202354,RNY3,technical,0.0,Treehouse Tumor Compendium 25.01 PolyA median TPM,treehouse_polya_25_01_median_v1
ENSG00000201955,RNY3P1,technical,0.0,Treehouse Tumor Compendium 25.01 PolyA median TPM,treehouse_polya_25_01_median_v1
ENSG00000207495,RNY3P10,technical,0.0,Treehouse Tumor Compendium 25.01 PolyA median TPM,treehouse_polya_25_01_median_v1
ENSG00000201023,RNY3P11,technical,0.0,Treehouse Tumor Compendium 25.01 PolyA median TPM,treehouse_polya_25_01_median_v1
ENSG00000202297,RNY3P12,technical,0.0,Treehouse Tumor Compendium 25.01 PolyA median TPM,treehouse_polya_25_01_median_v1
ENSG00000202412,RNY3P13,technical,0.0,Treehouse Tumor Compendium 25.01 PolyA median TPM,treehouse_polya_25_01_median_v1
ENSG00000207036,RNY3P14,technical,0.0,Treehouse Tumor Compendium 25.01 PolyA median TPM,treehouse_polya_25_01_median_v1
ENSG00000252106,RNY3P15,technical,0.0,Treehouse Tumor Compendium 25.01 PolyA median TPM,treehouse_polya_25_01_median_v1
ENSG00000252147,RNY3P16,technical,0.0,Treehouse Tumor Compendium 25.01 PolyA median TPM,treehouse_polya_25_01_median_v1
ENSG00000199788,RNY3P2,technical,0.0,Treehouse Tumor Compendium 25.01 PolyA median TPM,treehouse_polya_25_01_median_v1
ENSG00000200686,RNY3P3,technical,0.0,Treehouse Tumor Compendium 25.01 PolyA median TPM,treehouse_polya_25_01_median_v1
ENSG00000207157,RNY3P4,technical,0.0,Treehouse Tumor Compendium 25.01 PolyA median TPM,treehouse_polya_25_01_median_v1
ENSG00000206854,RNY3P5,technical,0.0,Treehouse Tumor Compendium 25.01 PolyA median TPM,treehouse_polya_25_01_median_v1
ENSG00000206800,RNY3P7,technical,0.0,Treehouse Tumor Compendium 25.01 PolyA median TPM,treehouse_polya_25_01_median_v1
ENSG00000223298,RNY3P8,technical,0.0,Treehouse Tumor Compendium 25.01 PolyA median TPM,treehouse_polya_25_01_median_v1
ENSG00000207458,RNY3P9,technical,0.0,Treehouse Tumor Compendium 25.01 PolyA median TPM,treehouse_polya_25_01_median_v1
ENSG00000252316,RNY4,technical,0.0,Treehouse Tumor Compendium 25.01 PolyA median TPM,treehouse_polya_25_01_median_v1
ENSG00000202441,RNY4P10,technical,0.0,Treehouse Tumor Compendium 25.01 PolyA median TPM,treehouse_polya_25_01_median_v1
ENSG00000207011,RNY4P13,technical,0.0,Treehouse Tumor Compendium 25.01 PolyA median TPM,treehouse_polya_25_01_median_v1
ENSG00000200526,RNY4P14,technical,0.0,Treehouse Tumor Compendium 25.01 PolyA median TPM,treehouse_polya_25_01_median_v1
ENSG00000201638,RNY4P16,technical,0.0,Treehouse Tumor Compendium 25.01 PolyA median TPM,treehouse_polya_25_01_median_v1
ENSG00000201818,RNY4P17,technical,0.0,Treehouse Tumor Compendium 25.01 PolyA median TPM,treehouse_polya_25_01_median_v1
ENSG00000212409,RNY4P18,technical,0.0,Treehouse Tumor Compendium 25.01 PolyA median TPM,treehouse_polya_25_01_median_v1
ENSG00000199400,RNY4P19,technical,0.0,Treehouse Tumor Compendium 25.01 PolyA median TPM,treehouse_polya_25_01_median_v1
ENSG00000252487,RNY4P20,technical,0.0,Treehouse Tumor Compendium 25.01 PolyA median TPM,treehouse_polya_25_01_median_v1
ENSG00000201377,RNY4P23,technical,0.0,Treehouse Tumor Compendium 25.01 PolyA median TPM,treehouse_polya_25_01_median_v1
ENSG00000199605,RNY4P24,technical,0.0,Treehouse Tumor Compendium 25.01 PolyA median TPM,treehouse_polya_25_01_median_v1
ENSG00000238711,RNY4P25,technical,0.0,Treehouse Tumor Compendium 25.01 PolyA median TPM,treehouse_polya_25_01_median_v1
ENSG00000200211,RNY4P27,technical,0.0,Treehouse Tumor Compendium 25.01 PolyA median TPM,treehouse_polya_25_01_median_v1
ENSG00000202151,RNY4P28,technical,0.0,Treehouse Tumor Compendium 25.01 PolyA median TPM,treehouse_polya_25_01_median_v1
ENSG00000222733,RNY4P29,technical,0.0,Treehouse Tumor Compendium 25.01 PolyA median TPM,treehouse_polya_25_01_median_v1
ENSG00000202124,RNY4P3,technical,0.0,Treehouse Tumor Compendium 25.01 PolyA median TPM,treehouse_polya_25_01_median_v1
ENSG00000222148,RNY4P30,technical,0.0,Treehouse Tumor Compendium 25.01 PolyA median TPM,treehouse_polya_25_01_median_v1
ENSG00000201649,RNY4P34,technical,0.0,Treehouse Tumor Compendium 25.01 PolyA median TPM,treehouse_polya_25_01_median_v1
ENSG00000212418,RNY4P36,technical,0.0,Treehouse Tumor Compendium 25.01 PolyA median TPM,treehouse_polya_25_01_median_v1
ENSG00000252034,RNY4P37,technical,0.0,Treehouse Tumor Compendium 25.01 PolyA median TPM,treehouse_polya_25_01_median_v1
ENSG00000200537,RNY4P6,technical,0.0,Treehouse Tumor Compendium 25.01 PolyA median TPM,treehouse_polya_25_01_median_v1
ENSG00000201470,RNY4P7,technical,0.0,Treehouse Tumor Compendium 25.01 PolyA median TPM,treehouse_polya_25_01_median_v1
ENSG00000200064,RNY4P9,technical,0.0,Treehouse Tumor Compendium 25.01 PolyA median TPM,treehouse_polya_25_01_median_v1
ENSG00000277209,RPPH1,technical,9.12015,Treehouse Tumor Compendium 25.01 PolyA median TPM,treehouse_polya_25_01_median_v1
ENSG00000252497,RPPH1-2P,technical,0.0,Treehouse Tumor Compendium 25.01 PolyA median TPM,treehouse_polya_25_01_median_v1
ENSG00000252350,RPPH1-3P,technical,0.0,Treehouse Tumor Compendium 25.01 PolyA median TPM,treehouse_polya_25_01_median_v1
ENSG00000252947,SCARNA1,technical,0.0,Treehouse Tumor Compendium 25.01 PolyA median TPM,treehouse_polya_25_01_median_v1
ENSG00000239002,SCARNA10,technical,0.88,Treehouse Tumor Compendium 25.01 PolyA median TPM,treehouse_polya_25_01_median_v1
ENSG00000251898,SCARNA11,technical,0.0,Treehouse Tumor Compendium 25.01 PolyA median TPM,treehouse_polya_25_01_median_v1
ENSG00000238795,SCARNA12,technical,1.280126,Treehouse Tumor Compendium 25.01 PolyA median TPM,treehouse_polya_25_01_median_v1
ENSG00000252481,SCARNA13,technical,1.580059,Treehouse Tumor Compendium 25.01 PolyA median TPM,treehouse_polya_25_01_median_v1
ENSG00000252712,SCARNA14,technical,0.0,Treehouse Tumor Compendium 25.01 PolyA median TPM,treehouse_polya_25_01_median_v1
ENSG00000277864,SCARNA15,technical,0.620115,Treehouse Tumor Compendium 25.01 PolyA median TPM,treehouse_polya_25_01_median_v1
ENSG00000275143,SCARNA16,technical,1.49012,Treehouse Tumor Compendium 25.01 PolyA median TPM,treehouse_polya_25_01_median_v1
ENSG00000251992,SCARNA17,technical,0.0,Treehouse Tumor Compendium 25.01 PolyA median TPM,treehouse_polya_25_01_median_v1
ENSG00000238835,SCARNA18,technical,0.0,Treehouse Tumor Compendium 25.01 PolyA median TPM,treehouse_polya_25_01_median_v1
ENSG00000238754,SCARNA18B,technical,0.0,Treehouse Tumor Compendium 25.01 PolyA median TPM,treehouse_polya_25_01_median_v1
ENSG00000278249,SCARNA2,technical,1.380087,Treehouse Tumor Compendium 25.01 PolyA median TPM,treehouse_polya_25_01_median_v1
ENSG00000252577,SCARNA20,technical,0.0,Treehouse Tumor Compendium 25.01 PolyA median TPM,treehouse_polya_25_01_median_v1
ENSG00000252835,SCARNA21,technical,0.0,Treehouse Tumor Compendium 25.01 PolyA median TPM,treehouse_polya_25_01_median_v1
ENSG00000251866,SCARNA21B,technical,0.0,Treehouse Tumor Compendium 25.01 PolyA median TPM,treehouse_polya_25_01_median_v1
ENSG00000249784,SCARNA22,technical,0.0,Treehouse Tumor Compendium 25.01 PolyA median TPM,treehouse_polya_25_01_median_v1
ENSG00000251869,SCARNA23,technical,0.0,Treehouse Tumor Compendium 25.01 PolyA median TPM,treehouse_polya_25_01_median_v1
ENSG00000252906,SCARNA3,technical,0.0,Treehouse Tumor Compendium 25.01 PolyA median TPM,treehouse_polya_25_01_median_v1
ENSG00000280466,SCARNA4,technical,0.0,Treehouse Tumor Compendium 25.01 PolyA median TPM,treehouse_polya_25_01_median_v1
ENSG00000281394,SCARNA4,technical,0.0,Treehouse Tumor Compendium 25.01 PolyA median TPM,treehouse_polya_25_01_median_v1
ENSG00000252010,SCARNA5,technical,0.4501,Treehouse Tumor Compendium 25.01 PolyA median TPM,treehouse_polya_25_01_median_v1
ENSG00000251791,SCARNA6,technical,0.440115,Treehouse Tumor Compendium 25.01 PolyA median TPM,treehouse_polya_25_01_median_v1
ENSG00000238741,SCARNA7,technical,0.840113,Treehouse Tumor Compendium 25.01 PolyA median TPM,treehouse_polya_25_01_median_v1
ENSG00000251733,SCARNA8,technical,0.0,Treehouse Tumor Compendium 25.01 PolyA median TPM,treehouse_polya_25_01_median_v1
ENSG00000206834,SNORA1,technical,0.0,Treehouse Tumor Compendium 25.01 PolyA median TPM,treehouse_polya_25_01_median_v1
ENSG00000206811,SNORA10,technical,0.0,Treehouse Tumor Compendium 25.01 PolyA median TPM,treehouse_polya_25_01_median_v1
ENSG00000252284,SNORA108,technical,0.0,Treehouse Tumor Compendium 25.01 PolyA median TPM,treehouse_polya_25_01_median_v1
ENSG00000207187,SNORA10B,technical,0.0,Treehouse Tumor Compendium 25.01 PolyA median TPM,treehouse_polya_25_01_median_v1
ENSG00000221716,SNORA11,technical,0.0,Treehouse Tumor Compendium 25.01 PolyA median TPM,treehouse_polya_25_01_median_v1
ENSG00000221102,SNORA11B,technical,0.0,Treehouse Tumor Compendium 25.01 PolyA median TPM,treehouse_polya_25_01_median_v1
ENSG00000221459,SNORA11C,technical,0.0,Treehouse Tumor Compendium 25.01 PolyA median TPM,treehouse_polya_25_01_median_v1
ENSG00000221475,SNORA11D,technical,0.0,Treehouse Tumor Compendium 25.01 PolyA median TPM,treehouse_polya_25_01_median_v1
ENSG00000221705,SNORA11E,technical,0.0,Treehouse Tumor Compendium 25.01 PolyA median TPM,treehouse_polya_25_01_median_v1
ENSG00000221164,SNORA11F,technical,0.0,Treehouse Tumor Compendium 25.01 PolyA median TPM,treehouse_polya_25_01_median_v1
ENSG00000221750,SNORA11G,technical,0.0,Treehouse Tumor Compendium 25.01 PolyA median TPM,treehouse_polya_25_01_median_v1
ENSG00000212464,SNORA12,technical,0.0,Treehouse Tumor Compendium 25.01 PolyA median TPM,treehouse_polya_25_01_median_v1
ENSG00000238363,SNORA13,technical,0.0,Treehouse Tumor Compendium 25.01 PolyA median TPM,treehouse_polya_25_01_median_v1
ENSG00000201643,SNORA14A,technical,0.0,Treehouse Tumor Compendium 25.01 PolyA median TPM,treehouse_polya_25_01_median_v1
ENSG00000207181,SNORA14B,technical,0.0,Treehouse Tumor Compendium 25.01 PolyA median TPM,treehouse_polya_25_01_median_v1
ENSG00000207168,SNORA15,technical,0.0,Treehouse Tumor Compendium 25.01 PolyA median TPM,treehouse_polya_25_01_median_v1
ENSG00000207062,SNORA15B-1,technical,0.0,Treehouse Tumor Compendium 25.01 PolyA median TPM,treehouse_polya_25_01_median_v1
ENSG00000206785,SNORA15B-2,technical,0.0,Treehouse Tumor Compendium 25.01 PolyA median TPM,treehouse_polya_25_01_median_v1
ENSG00000274582,SNORA16A,technical,0.0,Treehouse Tumor Compendium 25.01 PolyA median TPM,treehouse_polya_25_01_median_v1
ENSG00000280498,SNORA16A,technical,0.0,Treehouse Tumor Compendium 25.01 PolyA median TPM,treehouse_polya_25_01_median_v1
ENSG00000201544,SNORA16B,technical,0.0,Treehouse Tumor Compendium 25.01 PolyA median TPM,treehouse_polya_25_01_median_v1
ENSG00000274998,SNORA17A,technical,0.0,Treehouse Tumor Compendium 25.01 PolyA median TPM,treehouse_polya_25_01_median_v1
ENSG00000276161,SNORA17B,technical,0.0,Treehouse Tumor Compendium 25.01 PolyA median TPM,treehouse_polya_25_01_median_v1
ENSG00000280496,SNORA17B,technical,0.0,Treehouse Tumor Compendium 25.01 PolyA median TPM,treehouse_polya_25_01_median_v1
ENSG00000207145,SNORA18,technical,0.0,Treehouse Tumor Compendium 25.01 PolyA median TPM,treehouse_polya_25_01_median_v1
ENSG00000207468,SNORA19,technical,0.0,Treehouse Tumor Compendium 25.01 PolyA median TPM,treehouse_polya_25_01_median_v1
ENSG00000199405,SNORA1B,technical,0.0,Treehouse Tumor Compendium 25.01 PolyA median TPM,treehouse_polya_25_01_median_v1
ENSG00000207392,SNORA20,technical,0.0,Treehouse Tumor Compendium 25.01 PolyA median TPM,treehouse_polya_25_01_median_v1
ENSG00000206947,SNORA20B,technical,0.0,Treehouse Tumor Compendium 25.01 PolyA median TPM,treehouse_polya_25_01_median_v1
ENSG00000199293,SNORA21,technical,0.0,Treehouse Tumor Compendium 25.01 PolyA median TPM,treehouse_polya_25_01_median_v1
ENSG00000252699,SNORA21B,technical,0.0,Treehouse Tumor Compendium 25.01 PolyA median TPM,treehouse_polya_25_01_median_v1
ENSG00000206634,SNORA22,technical,0.0,Treehouse Tumor Compendium 25.01 PolyA median TPM,treehouse_polya_25_01_median_v1
ENSG00000206603,SNORA22B,technical,0.0,Treehouse Tumor Compendium 25.01 PolyA median TPM,treehouse_polya_25_01_median_v1
ENSG00000207344,SNORA22C,technical,0.0,Treehouse Tumor Compendium 25.01 PolyA median TPM,treehouse_polya_25_01_median_v1
ENSG00000201998,SNORA23,technical,0.0,Treehouse Tumor Compendium 25.01 PolyA median TPM,treehouse_polya_25_01_median_v1
ENSG00000275994,SNORA24,technical,0.0,Treehouse Tumor Compendium 25.01 PolyA median TPM,treehouse_polya_25_01_median_v1
ENSG00000206903,SNORA24B,technical,0.0,Treehouse Tumor Compendium 25.01 PolyA median TPM,treehouse_polya_25_01_median_v1
ENSG00000207112,SNORA25,technical,0.0,Treehouse Tumor Compendium 25.01 PolyA median TPM,treehouse_polya_25_01_median_v1
ENSG00000202377,SNORA25B,technical,0.0,Treehouse Tumor Compendium 25.01 PolyA median TPM,treehouse_polya_25_01_median_v1
ENSG00000212588,SNORA26,technical,0.0,Treehouse Tumor Compendium 25.01 PolyA median TPM,treehouse_polya_25_01_median_v1
ENSG00000207051,SNORA27,technical,0.0,Treehouse Tumor Compendium 25.01 PolyA median TPM,treehouse_polya_25_01_median_v1
ENSG00000272533,SNORA28,technical,0.0,Treehouse Tumor Compendium 25.01 PolyA median TPM,treehouse_polya_25_01_median_v1
ENSG00000206910,SNORA29,technical,0.0,Treehouse Tumor Compendium 25.01 PolyA median TPM,treehouse_polya_25_01_median_v1
ENSG00000206612,SNORA2A,technical,0.0,Treehouse Tumor Compendium 25.01 PolyA median TPM,treehouse_polya_25_01_median_v1
ENSG00000207313,SNORA2B,technical,0.0,Treehouse Tumor Compendium 25.01 PolyA median TPM,treehouse_polya_25_01_median_v1
ENSG00000221491,SNORA2C,technical,0.0,Treehouse Tumor Compendium 25.01 PolyA median TPM,treehouse_polya_25_01_median_v1
ENSG00000206755,SNORA30,technical,0.0,Treehouse Tumor Compendium 25.01 PolyA median TPM,treehouse_polya_25_01_median_v1
ENSG00000202189,SNORA30B,technical,0.0,Treehouse Tumor Compendium 25.01 PolyA median TPM,treehouse_polya_25_01_median_v1
ENSG00000199477,SNORA31,technical,0.0,Treehouse Tumor Compendium 25.01 PolyA median TPM,treehouse_polya_25_01_median_v1
ENSG00000253051,SNORA31B,technical,0.0,Treehouse Tumor Compendium 25.01 PolyA median TPM,treehouse_polya_25_01_median_v1
ENSG00000206799,SNORA32,technical,0.0,Treehouse Tumor Compendium 25.01 PolyA median TPM,treehouse_polya_25_01_median_v1
ENSG00000200534,SNORA33,technical,0.0,Treehouse Tumor Compendium 25.01 PolyA median TPM,treehouse_polya_25_01_median_v1
ENSG00000208839,SNORA35,technical,0.0,Treehouse Tumor Compendium 25.01 PolyA median TPM,treehouse_polya_25_01_median_v1
ENSG00000271907,SNORA35B,technical,0.0,Treehouse Tumor Compendium 25.01 PolyA median TPM,treehouse_polya_25_01_median_v1
ENSG00000206948,SNORA36A,technical,0.0,Treehouse Tumor Compendium 25.01 PolyA median TPM,treehouse_polya_25_01_median_v1
ENSG00000222370,SNORA36B,technical,0.0,Treehouse Tumor Compendium 25.01 PolyA median TPM,treehouse_polya_25_01_median_v1
ENSG00000207016,SNORA36C,technical,0.0,Treehouse Tumor Compendium 25.01 PolyA median TPM,treehouse_polya_25_01_median_v1
ENSG00000207233,SNORA37,technical,0.0,Treehouse Tumor Compendium 25.01 PolyA median TPM,treehouse_polya_25_01_median_v1
ENSG00000200816,SNORA38,technical,0.0,Treehouse Tumor Compendium 25.01 PolyA median TPM,treehouse_polya_25_01_median_v1
ENSG00000200394,SNORA38B,technical,0.0,Treehouse Tumor Compendium 25.01 PolyA median TPM,treehouse_polya_25_01_median_v1
ENSG00000200983,SNORA3A,technical,0.0,Treehouse Tumor Compendium 25.01 PolyA median TPM,treehouse_polya_25_01_median_v1
ENSG00000212607,SNORA3B,technical,0.0,Treehouse Tumor Compendium 25.01 PolyA median TPM,treehouse_polya_25_01_median_v1
ENSG00000221719,SNORA3C,technical,0.0,Treehouse Tumor Compendium 25.01 PolyA median TPM,treehouse_polya_25_01_median_v1
ENSG00000263776,SNORA4,technical,0.0,Treehouse Tumor Compendium 25.01 PolyA median TPM,treehouse_polya_25_01_median_v1
ENSG00000210825,SNORA40,technical,0.0,Treehouse Tumor Compendium 25.01 PolyA median TPM,treehouse_polya_25_01_median_v1
ENSG00000208308,SNORA40B,technical,0.0,Treehouse Tumor Compendium 25.01 PolyA median TPM,treehouse_polya_25_01_median_v1
ENSG00000212587,SNORA40C,technical,0.0,Treehouse Tumor Compendium 25.01 PolyA median TPM,treehouse_polya_25_01_median_v1
ENSG00000207406,SNORA41,technical,0.0,Treehouse Tumor Compendium 25.01 PolyA median TPM,treehouse_polya_25_01_median_v1
ENSG00000207516,SNORA41B,technical,0.0,Treehouse Tumor Compendium 25.01 PolyA median TPM,treehouse_polya_25_01_median_v1
ENSG00000273544,SNORA44,technical,0.0,Treehouse Tumor Compendium 25.01 PolyA median TPM,treehouse_polya_25_01_median_v1
ENSG00000207493,SNORA46,technical,0.0,Treehouse Tumor Compendium 25.01 PolyA median TPM,treehouse_polya_25_01_median_v1
ENSG00000238961,SNORA47,technical,0.0,Treehouse Tumor Compendium 25.01 PolyA median TPM,treehouse_polya_25_01_median_v1
ENSG00000209582,SNORA48,technical,0.0,Treehouse Tumor Compendium 25.01 PolyA median TPM,treehouse_polya_25_01_median_v1
ENSG00000212214,SNORA48B,technical,0.0,Treehouse Tumor Compendium 25.01 PolyA median TPM,treehouse_polya_25_01_median_v1
ENSG00000208892,SNORA49,technical,0.0,Treehouse Tumor Compendium 25.01 PolyA median TPM,treehouse_polya_25_01_median_v1
ENSG00000206952,SNORA50A,technical,0.0,Treehouse Tumor Compendium 25.01 PolyA median TPM,treehouse_polya_25_01_median_v1
ENSG00000281910,SNORA50A,technical,0.0,Treehouse Tumor Compendium 25.01 PolyA median TPM,treehouse_polya_25_01_median_v1
ENSG00000253007,SNORA50B,technical,0.0,Treehouse Tumor Compendium 25.01 PolyA median TPM,treehouse_polya_25_01_median_v1
ENSG00000277887,SNORA50C,technical,0.0,Treehouse Tumor Compendium 25.01 PolyA median TPM,treehouse_polya_25_01_median_v1
ENSG00000280894,SNORA50D,technical,0.0,Treehouse Tumor Compendium 25.01 PolyA median TPM,treehouse_polya_25_01_median_v1
ENSG00000271798,SNORA51,technical,0.0,Treehouse Tumor Compendium 25.01 PolyA median TPM,treehouse_polya_25_01_median_v1
ENSG00000199785,SNORA52,technical,0.0,Treehouse Tumor Compendium 25.01 PolyA median TPM,treehouse_polya_25_01_median_v1
ENSG00000212443,SNORA53,technical,0.910085,Treehouse Tumor Compendium 25.01 PolyA median TPM,treehouse_polya_25_01_median_v1
ENSG00000207008,SNORA54,technical,0.0,Treehouse Tumor Compendium 25.01 PolyA median TPM,treehouse_polya_25_01_median_v1
ENSG00000201457,SNORA55,technical,0.0,Treehouse Tumor Compendium 25.01 PolyA median TPM,treehouse_polya_25_01_median_v1
ENSG00000206693,SNORA56,technical,0.0,Treehouse Tumor Compendium 25.01 PolyA median TPM,treehouse_polya_25_01_median_v1
ENSG00000206597,SNORA57,technical,0.0,Treehouse Tumor Compendium 25.01 PolyA median TPM,treehouse_polya_25_01_median_v1
ENSG00000249020,SNORA58,technical,0.0,Treehouse Tumor Compendium 25.01 PolyA median TPM,treehouse_polya_25_01_median_v1
ENSG00000201129,SNORA58B,technical,0.0,Treehouse Tumor Compendium 25.01 PolyA median TPM,treehouse_polya_25_01_median_v1
ENSG00000239149,SNORA59A,technical,0.0,Treehouse Tumor Compendium 25.01 PolyA median TPM,treehouse_polya_25_01_median_v1
ENSG00000266079,SNORA59B,technical,0.420102,Treehouse Tumor Compendium 25.01 PolyA median TPM,treehouse_polya_25_01_median_v1
ENSG00000206838,SNORA5A,technical,0.0,Treehouse Tumor Compendium 25.01 PolyA median TPM,treehouse_polya_25_01_median_v1
ENSG00000200656,SNORA5B,technical,0.0,Treehouse Tumor Compendium 25.01 PolyA median TPM,treehouse_polya_25_01_median_v1
ENSG00000201772,SNORA5C,technical,0.0,Treehouse Tumor Compendium 25.01 PolyA median TPM,treehouse_polya_25_01_median_v1
ENSG00000206760,SNORA6,technical,0.0,Treehouse Tumor Compendium 25.01 PolyA median TPM,treehouse_polya_25_01_median_v1
ENSG00000199266,SNORA60,technical,0.0,Treehouse Tumor Compendium 25.01 PolyA median TPM,treehouse_polya_25_01_median_v1
ENSG00000278274,SNORA61,technical,0.0,Treehouse Tumor Compendium 25.01 PolyA median TPM,treehouse_polya_25_01_median_v1
ENSG00000201157,SNORA62,technical,0.0,Treehouse Tumor Compendium 25.01 PolyA median TPM,treehouse_polya_25_01_median_v1
ENSG00000201542,SNORA62,technical,0.0,Treehouse Tumor Compendium 25.01 PolyA median TPM,treehouse_polya_25_01_median_v1
ENSG00000201980,SNORA62,technical,0.0,Treehouse Tumor Compendium 25.01 PolyA median TPM,treehouse_polya_25_01_median_v1
ENSG00000202363,SNORA62,technical,0.0,Treehouse Tumor Compendium 25.01 PolyA median TPM,treehouse_polya_25_01_median_v1
ENSG00000202374,SNORA62,technical,0.0,Treehouse Tumor Compendium 25.01 PolyA median TPM,treehouse_polya_25_01_median_v1
ENSG00000252443,SNORA62,technical,0.0,Treehouse Tumor Compendium 25.01 PolyA median TPM,treehouse_polya_25_01_median_v1
ENSG00000272015,SNORA62,technical,0.0,Treehouse Tumor Compendium 25.01 PolyA median TPM,treehouse_polya_25_01_median_v1
ENSG00000199473,SNORA63,technical,0.0,Treehouse Tumor Compendium 25.01 PolyA median TPM,treehouse_polya_25_01_median_v1
ENSG00000199552,SNORA63,technical,0.0,Treehouse Tumor Compendium 25.01 PolyA median TPM,treehouse_polya_25_01_median_v1
ENSG00000199633,SNORA63,technical,0.0,Treehouse Tumor Compendium 25.01 PolyA median TPM,treehouse_polya_25_01_median_v1
ENSG00000200320,SNORA63,technical,0.0,Treehouse Tumor Compendium 25.01 PolyA median TPM,treehouse_polya_25_01_median_v1
ENSG00000201791,SNORA63,technical,0.0,Treehouse Tumor Compendium 25.01 PolyA median TPM,treehouse_polya_25_01_median_v1
ENSG00000202449,SNORA63,technical,0.0,Treehouse Tumor Compendium 25.01 PolyA median TPM,treehouse_polya_25_01_median_v1
ENSG00000252448,SNORA63,technical,0.0,Treehouse Tumor Compendium 25.01 PolyA median TPM,treehouse_polya_25_01_median_v1
ENSG00000200418,SNORA63B,technical,0.0,Treehouse Tumor Compendium 25.01 PolyA median TPM,treehouse_polya_25_01_median_v1
ENSG00000201448,SNORA63C,technical,0.0,Treehouse Tumor Compendium 25.01 PolyA median TPM,treehouse_polya_25_01_median_v1
ENSG00000201229,SNORA63D,technical,0.0,Treehouse Tumor Compendium 25.01 PolyA median TPM,treehouse_polya_25_01_median_v1
ENSG00000199363,SNORA63E,technical,0.0,Treehouse Tumor Compendium 25.01 PolyA median TPM,treehouse_polya_25_01_median_v1
ENSG00000207405,SNORA64,technical,0.0,Treehouse Tumor Compendium 25.01 PolyA median TPM,treehouse_polya_25_01_median_v1
ENSG00000201302,SNORA65,technical,0.0,Treehouse Tumor Compendium 25.01 PolyA median TPM,treehouse_polya_25_01_median_v1
ENSG00000207523,SNORA66,technical,0.0,Treehouse Tumor Compendium 25.01 PolyA median TPM,treehouse_polya_25_01_median_v1
ENSG00000277985,SNORA67,technical,0.0,Treehouse Tumor Compendium 25.01 PolyA median TPM,treehouse_polya_25_01_median_v1
ENSG00000207166,SNORA68,technical,0.0,Treehouse Tumor Compendium 25.01 PolyA median TPM,treehouse_polya_25_01_median_v1
ENSG00000201388,SNORA68B,technical,0.0,Treehouse Tumor Compendium 25.01 PolyA median TPM,treehouse_polya_25_01_median_v1
ENSG00000206622,SNORA69,technical,0.0,Treehouse Tumor Compendium 25.01 PolyA median TPM,treehouse_polya_25_01_median_v1
ENSG00000200237,SNORA70,technical,0.0101,Treehouse Tumor Compendium 25.01 PolyA median TPM,treehouse_polya_25_01_median_v1
ENSG00000201376,SNORA70,technical,0.0101,Treehouse Tumor Compendium 25.01 PolyA median TPM,treehouse_polya_25_01_median_v1
ENSG00000201945,SNORA70,technical,0.0101,Treehouse Tumor Compendium 25.01 PolyA median TPM,treehouse_polya_25_01_median_v1
ENSG00000202379,SNORA70,technical,0.0101,Treehouse Tumor Compendium 25.01 PolyA median TPM,treehouse_polya_25_01_median_v1
ENSG00000202389,SNORA70,technical,0.0101,Treehouse Tumor Compendium 25.01 PolyA median TPM,treehouse_polya_25_01_median_v1
ENSG00000206661,SNORA70,technical,0.0101,Treehouse Tumor Compendium 25.01 PolyA median TPM,treehouse_polya_25_01_median_v1
ENSG00000206886,SNORA70,technical,0.0101,Treehouse Tumor Compendium 25.01 PolyA median TPM,treehouse_polya_25_01_median_v1
ENSG00000206958,SNORA70,technical,0.0101,Treehouse Tumor Compendium 25.01 PolyA median TPM,treehouse_polya_25_01_median_v1
ENSG00000207098,SNORA70,technical,0.0101,Treehouse Tumor Compendium 25.01 PolyA median TPM,treehouse_polya_25_01_median_v1
ENSG00000207165,SNORA70,technical,0.0101,Treehouse Tumor Compendium 25.01 PolyA median TPM,treehouse_polya_25_01_median_v1
ENSG00000207244,SNORA70,technical,0.0101,Treehouse Tumor Compendium 25.01 PolyA median TPM,treehouse_polya_25_01_median_v1
ENSG00000251796,SNORA70,technical,0.0101,Treehouse Tumor Compendium 25.01 PolyA median TPM,treehouse_polya_25_01_median_v1
ENSG00000251893,SNORA70,technical,0.0101,Treehouse Tumor Compendium 25.01 PolyA median TPM,treehouse_polya_25_01_median_v1
ENSG00000251925,SNORA70,technical,0.0101,Treehouse Tumor Compendium 25.01 PolyA median TPM,treehouse_polya_25_01_median_v1
ENSG00000252014,SNORA70,technical,0.0101,Treehouse Tumor Compendium 25.01 PolyA median TPM,treehouse_polya_25_01_median_v1
ENSG00000252133,SNORA70,technical,0.0101,Treehouse Tumor Compendium 25.01 PolyA median TPM,treehouse_polya_25_01_median_v1
ENSG00000252199,SNORA70,technical,0.0101,Treehouse Tumor Compendium 25.01 PolyA median TPM,treehouse_polya_25_01_median_v1
ENSG00000252258,SNORA70,technical,0.0101,Treehouse Tumor Compendium 25.01 PolyA median TPM,treehouse_polya_25_01_median_v1
ENSG00000252505,SNORA70,technical,0.0101,Treehouse Tumor Compendium 25.01 PolyA median TPM,treehouse_polya_25_01_median_v1
ENSG00000252526,SNORA70,technical,0.0101,Treehouse Tumor Compendium 25.01 PolyA median TPM,treehouse_polya_25_01_median_v1
ENSG00000252657,SNORA70,technical,0.0101,Treehouse Tumor Compendium 25.01 PolyA median TPM,treehouse_polya_25_01_median_v1
ENSG00000252724,SNORA70,technical,0.0101,Treehouse Tumor Compendium 25.01 PolyA median TPM,treehouse_polya_25_01_median_v1
ENSG00000252969,SNORA70,technical,0.0101,Treehouse Tumor Compendium 25.01 PolyA median TPM,treehouse_polya_25_01_median_v1
ENSG00000253027,SNORA70,technical,0.0101,Treehouse Tumor Compendium 25.01 PolyA median TPM,treehouse_polya_25_01_median_v1
ENSG00000253042,SNORA70,technical,0.0101,Treehouse Tumor Compendium 25.01 PolyA median TPM,treehouse_polya_25_01_median_v1
ENSG00000276094,SNORA70,technical,0.0101,Treehouse Tumor Compendium 25.01 PolyA median TPM,treehouse_polya_25_01_median_v1
ENSG00000278010,SNORA70,technical,0.0101,Treehouse Tumor Compendium 25.01 PolyA median TPM,treehouse_polya_25_01_median_v1
ENSG00000206937,SNORA70B,technical,0.0,Treehouse Tumor Compendium 25.01 PolyA median TPM,treehouse_polya_25_01_median_v1
ENSG00000207268,SNORA70C,technical,0.0,Treehouse Tumor Compendium 25.01 PolyA median TPM,treehouse_polya_25_01_median_v1
ENSG00000263666,SNORA70D,technical,0.0,Treehouse Tumor Compendium 25.01 PolyA median TPM,treehouse_polya_25_01_median_v1
ENSG00000207221,SNORA70E,technical,0.0,Treehouse Tumor Compendium 25.01 PolyA median TPM,treehouse_polya_25_01_median_v1
ENSG00000206869,SNORA70F,technical,0.0,Treehouse Tumor Compendium 25.01 PolyA median TPM,treehouse_polya_25_01_median_v1
ENSG00000206650,SNORA70G,technical,0.0,Treehouse Tumor Compendium 25.01 PolyA median TPM,treehouse_polya_25_01_median_v1
ENSG00000206637,SNORA70H,technical,0.0,Treehouse Tumor Compendium 25.01 PolyA median TPM,treehouse_polya_25_01_median_v1
ENSG00000207274,SNORA70I,technical,0.0,Treehouse Tumor Compendium 25.01 PolyA median TPM,treehouse_polya_25_01_median_v1
ENSG00000206909,SNORA70J,technical,0.0,Treehouse Tumor Compendium 25.01 PolyA median TPM,treehouse_polya_25_01_median_v1
ENSG00000201393,SNORA71,technical,0.0,Treehouse Tumor Compendium 25.01 PolyA median TPM,treehouse_polya_25_01_median_v1
ENSG00000201811,SNORA71,technical,0.0,Treehouse Tumor Compendium 25.01 PolyA median TPM,treehouse_polya_25_01_median_v1
ENSG00000277034,SNORA71,technical,0.0,Treehouse Tumor Compendium 25.01 PolyA median TPM,treehouse_polya_25_01_median_v1
ENSG00000225091,SNORA71A,technical,0.0,Treehouse Tumor Compendium 25.01 PolyA median TPM,treehouse_polya_25_01_median_v1
ENSG00000235408,SNORA71B,technical,0.790073,Treehouse Tumor Compendium 25.01 PolyA median TPM,treehouse_polya_25_01_median_v1
ENSG00000201512,SNORA71C,technical,0.0,Treehouse Tumor Compendium 25.01 PolyA median TPM,treehouse_polya_25_01_median_v1
ENSG00000200354,SNORA71D,technical,0.0,Treehouse Tumor Compendium 25.01 PolyA median TPM,treehouse_polya_25_01_median_v1
ENSG00000274309,SNORA71E,technical,0.0,Treehouse Tumor Compendium 25.01 PolyA median TPM,treehouse_polya_25_01_median_v1
ENSG00000200355,SNORA72,technical,0.0,Treehouse Tumor Compendium 25.01 PolyA median TPM,treehouse_polya_25_01_median_v1
ENSG00000201898,SNORA72,technical,0.0,Treehouse Tumor Compendium 25.01 PolyA median TPM,treehouse_polya_25_01_median_v1
ENSG00000201944,SNORA72,technical,0.0,Treehouse Tumor Compendium 25.01 PolyA median TPM,treehouse_polya_25_01_median_v1
ENSG00000206901,SNORA72,technical,0.0,Treehouse Tumor Compendium 25.01 PolyA median TPM,treehouse_polya_25_01_median_v1
ENSG00000207067,SNORA72,technical,0.0,Treehouse Tumor Compendium 25.01 PolyA median TPM,treehouse_polya_25_01_median_v1
ENSG00000207084,SNORA72,technical,0.0,Treehouse Tumor Compendium 25.01 PolyA median TPM,treehouse_polya_25_01_median_v1
ENSG00000207249,SNORA72,technical,0.0,Treehouse Tumor Compendium 25.01 PolyA median TPM,treehouse_polya_25_01_median_v1
ENSG00000252158,SNORA72,technical,0.0,Treehouse Tumor Compendium 25.01 PolyA median TPM,treehouse_polya_25_01_median_v1
ENSG00000199977,SNORA73,technical,0.0,Treehouse Tumor Compendium 25.01 PolyA median TPM,treehouse_polya_25_01_median_v1
ENSG00000201816,SNORA73,technical,0.0,Treehouse Tumor Compendium 25.01 PolyA median TPM,treehouse_polya_25_01_median_v1
ENSG00000222145,SNORA73,technical,0.0,Treehouse Tumor Compendium 25.01 PolyA median TPM,treehouse_polya_25_01_median_v1
ENSG00000253090,SNORA73,technical,0.0,Treehouse Tumor Compendium 25.01 PolyA median TPM,treehouse_polya_25_01_median_v1
ENSG00000274266,SNORA73A,technical,1.470103,Treehouse Tumor Compendium 25.01 PolyA median TPM,treehouse_polya_25_01_median_v1
ENSG00000200087,SNORA73B,technical,4.620083,Treehouse Tumor Compendium 25.01 PolyA median TPM,treehouse_polya_25_01_median_v1
ENSG00000252129,SNORA74,technical,0.0,Treehouse Tumor Compendium 25.01 PolyA median TPM,treehouse_polya_25_01_median_v1
ENSG00000252305,SNORA74,technical,0.0,Treehouse Tumor Compendium 25.01 PolyA median TPM,treehouse_polya_25_01_median_v1
ENSG00000252917,SNORA74,technical,0.0,Treehouse Tumor Compendium 25.01 PolyA median TPM,treehouse_polya_25_01_median_v1
ENSG00000272025,SNORA74,technical,0.0,Treehouse Tumor Compendium 25.01 PolyA median TPM,treehouse_polya_25_01_median_v1
ENSG00000200959,SNORA74A,technical,0.0,Treehouse Tumor Compendium 25.01 PolyA median TPM,treehouse_polya_25_01_median_v1
ENSG00000212402,SNORA74B,technical,0.0,Treehouse Tumor Compendium 25.01 PolyA median TPM,treehouse_polya_25_01_median_v1
ENSG00000265733,SNORA74C-1,technical,0.0,Treehouse Tumor Compendium 25.01 PolyA median TPM,treehouse_polya_25_01_median_v1
ENSG00000288603,SNORA74C-2,technical,0.0,Treehouse Tumor Compendium 25.01 PolyA median TPM,treehouse_polya_25_01_median_v1
ENSG00000252213,SNORA74D,technical,0.0,Treehouse Tumor Compendium 25.01 PolyA median TPM,treehouse_polya_25_01_median_v1
ENSG00000206885,SNORA75,technical,0.0,Treehouse Tumor Compendium 25.01 PolyA median TPM,treehouse_polya_25_01_median_v1
ENSG00000212432,SNORA75,technical,0.0,Treehouse Tumor Compendium 25.01 PolyA median TPM,treehouse_polya_25_01_median_v1
ENSG00000212440,SNORA75,technical,0.0,Treehouse Tumor Compendium 25.01 PolyA median TPM,treehouse_polya_25_01_median_v1
ENSG00000212533,SNORA75,technical,0.0,Treehouse Tumor Compendium 25.01 PolyA median TPM,treehouse_polya_25_01_median_v1
ENSG00000212580,SNORA75,technical,0.0,Treehouse Tumor Compendium 25.01 PolyA median TPM,treehouse_polya_25_01_median_v1
ENSG00000212593,SNORA75,technical,0.0,Treehouse Tumor Compendium 25.01 PolyA median TPM,treehouse_polya_25_01_median_v1
ENSG00000212620,SNORA75,technical,0.0,Treehouse Tumor Compendium 25.01 PolyA median TPM,treehouse_polya_25_01_median_v1
ENSG00000206780,SNORA75B,technical,0.0,Treehouse Tumor Compendium 25.01 PolyA median TPM,treehouse_polya_25_01_median_v1
ENSG00000221643,SNORA77,technical,0.0,Treehouse Tumor Compendium 25.01 PolyA median TPM,treehouse_polya_25_01_median_v1
ENSG00000264346,SNORA77B,technical,0.0,Treehouse Tumor Compendium 25.01 PolyA median TPM,treehouse_polya_25_01_median_v1
ENSG00000273587,SNORA78,technical,0.0,Treehouse Tumor Compendium 25.01 PolyA median TPM,treehouse_polya_25_01_median_v1
ENSG00000221303,SNORA79,technical,0.0,Treehouse Tumor Compendium 25.01 PolyA median TPM,treehouse_polya_25_01_median_v1
ENSG00000222489,SNORA79B,technical,0.0,Treehouse Tumor Compendium 25.01 PolyA median TPM,treehouse_polya_25_01_median_v1
ENSG00000207496,SNORA7A,technical,0.0,Treehouse Tumor Compendium 25.01 PolyA median TPM,treehouse_polya_25_01_median_v1
ENSG00000207088,SNORA7B,technical,0.0,Treehouse Tumor Compendium 25.01 PolyA median TPM,treehouse_polya_25_01_median_v1
ENSG00000207304,SNORA8,technical,0.0,Treehouse Tumor Compendium 25.01 PolyA median TPM,treehouse_polya_25_01_median_v1
ENSG00000200792,SNORA80A,technical,0.0,Treehouse Tumor Compendium 25.01 PolyA median TPM,treehouse_polya_25_01_median_v1
ENSG00000206633,SNORA80B,technical,0.0,Treehouse Tumor Compendium 25.01 PolyA median TPM,treehouse_polya_25_01_median_v1
ENSG00000199787,SNORA80C,technical,0.0,Treehouse Tumor Compendium 25.01 PolyA median TPM,treehouse_polya_25_01_median_v1
ENSG00000207217,SNORA80D,technical,0.0,Treehouse Tumor Compendium 25.01 PolyA median TPM,treehouse_polya_25_01_median_v1
ENSG00000207475,SNORA80E,technical,0.0,Treehouse Tumor Compendium 25.01 PolyA median TPM,treehouse_polya_25_01_median_v1
ENSG00000221420,SNORA81,technical,0.0,Treehouse Tumor Compendium 25.01 PolyA median TPM,treehouse_polya_25_01_median_v1
ENSG00000239183,SNORA84,technical,0.0,Treehouse Tumor Compendium 25.01 PolyA median TPM,treehouse_polya_25_01_median_v1
ENSG00000277184,SNORA9,technical,0.0,Treehouse Tumor Compendium 25.01 PolyA median TPM,treehouse_polya_25_01_median_v1
ENSG00000206897,SNORA9B,technical,0.0,Treehouse Tumor Compendium 25.01 PolyA median TPM,treehouse_polya_25_01_median_v1
ENSG00000238917,SNORD10,technical,0.0,Treehouse Tumor Compendium 25.01 PolyA median TPM,treehouse_polya_25_01_median_v1
ENSG00000221500,SNORD100,technical,0.0,Treehouse Tumor Compendium 25.01 PolyA median TPM,treehouse_polya_25_01_median_v1
ENSG00000206754,SNORD101,technical,0.0,Treehouse Tumor Compendium 25.01 PolyA median TPM,treehouse_polya_25_01_median_v1
ENSG00000207500,SNORD102,technical,0.0,Treehouse Tumor Compendium 25.01 PolyA median TPM,treehouse_polya_25_01_median_v1
ENSG00000199753,SNORD104,technical,0.0,Treehouse Tumor Compendium 25.01 PolyA median TPM,treehouse_polya_25_01_median_v1
ENSG00000209645,SNORD105,technical,0.0,Treehouse Tumor Compendium 25.01 PolyA median TPM,treehouse_polya_25_01_median_v1
ENSG00000238531,SNORD105B,technical,0.0,Treehouse Tumor Compendium 25.01 PolyA median TPM,treehouse_polya_25_01_median_v1
ENSG00000276314,SNORD107,technical,0.0,Treehouse Tumor Compendium 25.01 PolyA median TPM,treehouse_polya_25_01_median_v1
ENSG00000239014,SNORD108,technical,0.0,Treehouse Tumor Compendium 25.01 PolyA median TPM,treehouse_polya_25_01_median_v1
ENSG00000274640,SNORD109A,technical,0.0,Treehouse Tumor Compendium 25.01 PolyA median TPM,treehouse_polya_25_01_median_v1
ENSG00000239169,SNORD109B,technical,0.0,Treehouse Tumor Compendium 25.01 PolyA median TPM,treehouse_polya_25_01_median_v1
ENSG00000238317,SNORD11,technical,0.0,Treehouse Tumor Compendium 25.01 PolyA median TPM,treehouse_polya_25_01_median_v1
ENSG00000221116,SNORD110,technical,0.0,Treehouse Tumor Compendium 25.01 PolyA median TPM,treehouse_polya_25_01_median_v1
ENSG00000221066,SNORD111,technical,0.0,Treehouse Tumor Compendium 25.01 PolyA median TPM,treehouse_polya_25_01_median_v1
ENSG00000221514,SNORD111B,technical,0.0,Treehouse Tumor Compendium 25.01 PolyA median TPM,treehouse_polya_25_01_median_v1
ENSG00000275662,SNORD112,technical,0.0,Treehouse Tumor Compendium 25.01 PolyA median TPM,treehouse_polya_25_01_median_v1
ENSG00000202191,SNORD113-1,technical,0.0,Treehouse Tumor Compendium 25.01 PolyA median TPM,treehouse_polya_25_01_median_v1
ENSG00000212384,SNORD113-2,technical,0.0,Treehouse Tumor Compendium 25.01 PolyA median TPM,treehouse_polya_25_01_median_v1
ENSG00000201700,SNORD113-3,technical,0.0,Treehouse Tumor Compendium 25.01 PolyA median TPM,treehouse_polya_25_01_median_v1
ENSG00000201672,SNORD113-4,technical,0.0,Treehouse Tumor Compendium 25.01 PolyA median TPM,treehouse_polya_25_01_median_v1
ENSG00000272474,SNORD113-5,technical,0.0,Treehouse Tumor Compendium 25.01 PolyA median TPM,treehouse_polya_25_01_median_v1
ENSG00000200215,SNORD113-6,technical,0.0,Treehouse Tumor Compendium 25.01 PolyA median TPM,treehouse_polya_25_01_median_v1
ENSG00000200632,SNORD113-7,technical,0.0,Treehouse Tumor Compendium 25.01 PolyA median TPM,treehouse_polya_25_01_median_v1
ENSG00000200367,SNORD113-8,technical,0.0,Treehouse Tumor Compendium 25.01 PolyA median TPM,treehouse_polya_25_01_median_v1
ENSG00000201950,SNORD113-9,technical,0.0,Treehouse Tumor Compendium 25.01 PolyA median TPM,treehouse_polya_25_01_median_v1
ENSG00000199575,SNORD114-1,technical,0.0,Treehouse Tumor Compendium 25.01 PolyA median TPM,treehouse_polya_25_01_median_v1
ENSG00000200279,SNORD114-10,technical,0.0,Treehouse Tumor Compendium 25.01 PolyA median TPM,treehouse_polya_25_01_median_v1
ENSG00000200608,SNORD114-11,technical,0.0,Treehouse Tumor Compendium 25.01 PolyA median TPM,treehouse_polya_25_01_median_v1
ENSG00000202270,SNORD114-12,technical,0.0,Treehouse Tumor Compendium 25.01 PolyA median TPM,treehouse_polya_25_01_median_v1
ENSG00000201247,SNORD114-13,technical,0.0,Treehouse Tumor Compendium 25.01 PolyA median TPM,treehouse_polya_25_01_median_v1
ENSG00000199593,SNORD114-14,technical,0.0,Treehouse Tumor Compendium 25.01 PolyA median TPM,treehouse_polya_25_01_median_v1
ENSG00000201557,SNORD114-15,technical,0.0,Treehouse Tumor Compendium 25.01 PolyA median TPM,treehouse_polya_25_01_median_v1
ENSG00000199914,SNORD114-16,technical,0.0,Treehouse Tumor Compendium 25.01 PolyA median TPM,treehouse_polya_25_01_median_v1
ENSG00000201569,SNORD114-17,technical,0.0,Treehouse Tumor Compendium 25.01 PolyA median TPM,treehouse_polya_25_01_median_v1
ENSG00000202142,SNORD114-18,technical,0.0,Treehouse Tumor Compendium 25.01 PolyA median TPM,treehouse_polya_25_01_median_v1
ENSG00000199942,SNORD114-19,technical,0.0,Treehouse Tumor Compendium 25.01 PolyA median TPM,treehouse_polya_25_01_median_v1
ENSG00000200823,SNORD114-2,technical,0.0,Treehouse Tumor Compendium 25.01 PolyA median TPM,treehouse_polya_25_01_median_v1
ENSG00000202048,SNORD114-20,technical,0.0,Treehouse Tumor Compendium 25.01 PolyA median TPM,treehouse_polya_25_01_median_v1
ENSG00000272344,SNORD114-21,technical,0.0,Treehouse Tumor Compendium 25.01 PolyA median TPM,treehouse_polya_25_01_median_v1
ENSG00000202293,SNORD114-22,technical,0.0,Treehouse Tumor Compendium 25.01 PolyA median TPM,treehouse_polya_25_01_median_v1
ENSG00000200406,SNORD114-23,technical,0.0,Treehouse Tumor Compendium 25.01 PolyA median TPM,treehouse_polya_25_01_median_v1
ENSG00000201899,SNORD114-24,technical,0.0,Treehouse Tumor Compendium 25.01 PolyA median TPM,treehouse_polya_25_01_median_v1
ENSG00000200612,SNORD114-25,technical,0.0,Treehouse Tumor Compendium 25.01 PolyA median TPM,treehouse_polya_25_01_median_v1
ENSG00000200413,SNORD114-26,technical,0.0,Treehouse Tumor Compendium 25.01 PolyA median TPM,treehouse_polya_25_01_median_v1
ENSG00000200636,SNORD114-27,technical,0.0,Treehouse Tumor Compendium 25.01 PolyA median TPM,treehouse_polya_25_01_median_v1
ENSG00000200480,SNORD114-28,technical,0.0,Treehouse Tumor Compendium 25.01 PolyA median TPM,treehouse_polya_25_01_median_v1
ENSG00000201689,SNORD114-29,technical,0.0,Treehouse Tumor Compendium 25.01 PolyA median TPM,treehouse_polya_25_01_median_v1
ENSG00000201839,SNORD114-3,technical,0.0,Treehouse Tumor Compendium 25.01 PolyA median TPM,treehouse_polya_25_01_median_v1
ENSG00000201318,SNORD114-30,technical,0.0,Treehouse Tumor Compendium 25.01 PolyA median TPM,treehouse_polya_25_01_median_v1
ENSG00000200089,SNORD114-31,technical,0.0,Treehouse Tumor Compendium 25.01 PolyA median TPM,treehouse_polya_25_01_median_v1
ENSG00000200832,SNORD114-4,technical,0.0,Treehouse Tumor Compendium 25.01 PolyA median TPM,treehouse_polya_25_01_median_v1
ENSG00000199798,SNORD114-5,technical,0.0,Treehouse Tumor Compendium 25.01 PolyA median TPM,treehouse_polya_25_01_median_v1
ENSG00000201263,SNORD114-6,technical,0.0,Treehouse Tumor Compendium 25.01 PolyA median TPM,treehouse_polya_25_01_median_v1
ENSG00000199390,SNORD114-7,technical,0.0,Treehouse Tumor Compendium 25.01 PolyA median TPM,treehouse_polya_25_01_median_v1
ENSG00000201240,SNORD114-9,technical,0.0,Treehouse Tumor Compendium 25.01 PolyA median TPM,treehouse_polya_25_01_median_v1
ENSG00000212411,SNORD115,technical,0.0,Treehouse Tumor Compendium 25.01 PolyA median TPM,treehouse_polya_25_01_median_v1
ENSG00000212428,SNORD115,technical,0.0,Treehouse Tumor Compendium 25.01 PolyA median TPM,treehouse_polya_25_01_median_v1
ENSG00000201831,SNORD115-1,technical,0.0,Treehouse Tumor Compendium 25.01 PolyA median TPM,treehouse_polya_25_01_median_v1
ENSG00000201943,SNORD115-10,technical,0.0,Treehouse Tumor Compendium 25.01 PolyA median TPM,treehouse_polya_25_01_median_v1
ENSG00000200486,SNORD115-11,technical,0.0,Treehouse Tumor Compendium 25.01 PolyA median TPM,treehouse_polya_25_01_median_v1
ENSG00000199453,SNORD115-12,technical,0.0,Treehouse Tumor Compendium 25.01 PolyA median TPM,treehouse_polya_25_01_median_v1
ENSG00000273835,SNORD115-13,technical,0.0,Treehouse Tumor Compendium 25.01 PolyA median TPM,treehouse_polya_25_01_median_v1
ENSG00000199960,SNORD115-14,technical,0.0,Treehouse Tumor Compendium 25.01 PolyA median TPM,treehouse_polya_25_01_median_v1
ENSG00000201679,SNORD115-15,technical,0.0,Treehouse Tumor Compendium 25.01 PolyA median TPM,treehouse_polya_25_01_median_v1
ENSG00000200757,SNORD115-16,technical,0.0,Treehouse Tumor Compendium 25.01 PolyA median TPM,treehouse_polya_25_01_median_v1
ENSG00000201482,SNORD115-17,technical,0.0,Treehouse Tumor Compendium 25.01 PolyA median TPM,treehouse_polya_25_01_median_v1
ENSG00000200163,SNORD115-18,technical,0.0,Treehouse Tumor Compendium 25.01 PolyA median TPM,treehouse_polya_25_01_median_v1
ENSG00000199968,SNORD115-19,technical,0.0,Treehouse Tumor Compendium 25.01 PolyA median TPM,treehouse_polya_25_01_median_v1
ENSG00000199712,SNORD115-2,technical,0.0,Treehouse Tumor Compendium 25.01 PolyA median TPM,treehouse_polya_25_01_median_v1
ENSG00000201969,SNORD115-20,technical,0.0,Treehouse Tumor Compendium 25.01 PolyA median TPM,treehouse_polya_25_01_median_v1
ENSG00000199833,SNORD115-21,technical,0.0,Treehouse Tumor Compendium 25.01 PolyA median TPM,treehouse_polya_25_01_median_v1
ENSG00000201326,SNORD115-22,technical,0.0,Treehouse Tumor Compendium 25.01 PolyA median TPM,treehouse_polya_25_01_median_v1
ENSG00000201331,SNORD115-23,technical,0.0,Treehouse Tumor Compendium 25.01 PolyA median TPM,treehouse_polya_25_01_median_v1
ENSG00000200398,SNORD115-24,technical,0.0,Treehouse Tumor Compendium 25.01 PolyA median TPM,treehouse_polya_25_01_median_v1
ENSG00000199489,SNORD115-25,technical,0.0,Treehouse Tumor Compendium 25.01 PolyA median TPM,treehouse_polya_25_01_median_v1
ENSG00000275524,SNORD115-26,technical,0.0,Treehouse Tumor Compendium 25.01 PolyA median TPM,treehouse_polya_25_01_median_v1
ENSG00000201300,SNORD115-27,technical,0.0,Treehouse Tumor Compendium 25.01 PolyA median TPM,treehouse_polya_25_01_median_v1
ENSG00000200801,SNORD115-28,technical,0.0,Treehouse Tumor Compendium 25.01 PolyA median TPM,treehouse_polya_25_01_median_v1
ENSG00000199704,SNORD115-29,technical,0.0,Treehouse Tumor Compendium 25.01 PolyA median TPM,treehouse_polya_25_01_median_v1
ENSG00000199970,SNORD115-3,technical,0.0,Treehouse Tumor Compendium 25.01 PolyA median TPM,treehouse_polya_25_01_median_v1
ENSG00000200987,SNORD115-30,technical,0.0,Treehouse Tumor Compendium 25.01 PolyA median TPM,treehouse_polya_25_01_median_v1
ENSG00000202188,SNORD115-31,technical,0.0,Treehouse Tumor Compendium 25.01 PolyA median TPM,treehouse_polya_25_01_median_v1
ENSG00000200949,SNORD115-32,technical,0.0,Treehouse Tumor Compendium 25.01 PolyA median TPM,treehouse_polya_25_01_median_v1
ENSG00000200593,SNORD115-33,technical,0.0,Treehouse Tumor Compendium 25.01 PolyA median TPM,treehouse_polya_25_01_median_v1
ENSG00000199311,SNORD115-34,technical,0.0,Treehouse Tumor Compendium 25.01 PolyA median TPM,treehouse_polya_25_01_median_v1
ENSG00000201992,SNORD115-35,technical,0.0,Treehouse Tumor Compendium 25.01 PolyA median TPM,treehouse_polya_25_01_median_v1
ENSG00000202499,SNORD115-36,technical,0.0,Treehouse Tumor Compendium 25.01 PolyA median TPM,treehouse_polya_25_01_median_v1
ENSG00000200638,SNORD115-37,technical,0.0,Treehouse Tumor Compendium 25.01 PolyA median TPM,treehouse_polya_25_01_median_v1
ENSG00000201907,SNORD115-38,technical,0.0,Treehouse Tumor Compendium 25.01 PolyA median TPM,treehouse_polya_25_01_median_v1
ENSG00000200564,SNORD115-39,technical,0.0,Treehouse Tumor Compendium 25.01 PolyA median TPM,treehouse_polya_25_01_median_v1
ENSG00000200680,SNORD115-4,technical,0.0,Treehouse Tumor Compendium 25.01 PolyA median TPM,treehouse_polya_25_01_median_v1
ENSG00000272460,SNORD115-40,technical,0.0,Treehouse Tumor Compendium 25.01 PolyA median TPM,treehouse_polya_25_01_median_v1
ENSG00000200478,SNORD115-41,technical,0.0,Treehouse Tumor Compendium 25.01 PolyA median TPM,treehouse_polya_25_01_median_v1
ENSG00000201143,SNORD115-42,technical,0.0,Treehouse Tumor Compendium 25.01 PolyA median TPM,treehouse_polya_25_01_median_v1
ENSG00000202373,SNORD115-43,technical,0.0,Treehouse Tumor Compendium 25.01 PolyA median TPM,treehouse_polya_25_01_median_v1
ENSG00000202261,SNORD115-44,technical,0.0,Treehouse Tumor Compendium 25.01 PolyA median TPM,treehouse_polya_25_01_median_v1
ENSG00000212380,SNORD115-45,technical,0.0,Treehouse Tumor Compendium 25.01 PolyA median TPM,treehouse_polya_25_01_median_v1
ENSG00000276844,SNORD115-46,technical,0.0,Treehouse Tumor Compendium 25.01 PolyA median TPM,treehouse_polya_25_01_median_v1
ENSG00000212528,SNORD115-47,technical,0.0,Treehouse Tumor Compendium 25.01 PolyA median TPM,treehouse_polya_25_01_median_v1
ENSG00000201634,SNORD115-48,technical,0.0,Treehouse Tumor Compendium 25.01 PolyA median TPM,treehouse_polya_25_01_median_v1
ENSG00000200503,SNORD115-5,technical,0.0,Treehouse Tumor Compendium 25.01 PolyA median TPM,treehouse_polya_25_01_median_v1
ENSG00000200812,SNORD115-6,technical,0.0,Treehouse Tumor Compendium 25.01 PolyA median TPM,treehouse_polya_25_01_median_v1
ENSG00000278089,SNORD115-7,technical,0.0,Treehouse Tumor Compendium 25.01 PolyA median TPM,treehouse_polya_25_01_median_v1
ENSG00000200726,SNORD115-8,technical,0.0,Treehouse Tumor Compendium 25.01 PolyA median TPM,treehouse_polya_25_01_median_v1
ENSG00000199782,SNORD115-9,technical,0.0,Treehouse Tumor Compendium 25.01 PolyA median TPM,treehouse_polya_25_01_median_v1
ENSG00000202498,SNORD116,technical,0.0,Treehouse Tumor Compendium 25.01 PolyA median TPM,treehouse_polya_25_01_median_v1
ENSG00000212553,SNORD116,technical,0.0,Treehouse Tumor Compendium 25.01 PolyA median TPM,treehouse_polya_25_01_median_v1
ENSG00000252985,SNORD116,technical,0.0,Treehouse Tumor Compendium 25.01 PolyA median TPM,treehouse_polya_25_01_median_v1
ENSG00000207063,SNORD116-1,technical,0.0,Treehouse Tumor Compendium 25.01 PolyA median TPM,treehouse_polya_25_01_median_v1
ENSG00000200661,SNORD116-10,technical,0.0,Treehouse Tumor Compendium 25.01 PolyA median TPM,treehouse_polya_25_01_median_v1
ENSG00000206609,SNORD116-11,technical,0.0,Treehouse Tumor Compendium 25.01 PolyA median TPM,treehouse_polya_25_01_median_v1
ENSG00000207197,SNORD116-12,technical,0.0,Treehouse Tumor Compendium 25.01 PolyA median TPM,treehouse_polya_25_01_median_v1
ENSG00000207137,SNORD116-13,technical,0.0,Treehouse Tumor Compendium 25.01 PolyA median TPM,treehouse_polya_25_01_median_v1
ENSG00000206621,SNORD116-14,technical,0.0,Treehouse Tumor Compendium 25.01 PolyA median TPM,treehouse_polya_25_01_median_v1
ENSG00000207174,SNORD116-15,technical,0.0,Treehouse Tumor Compendium 25.01 PolyA median TPM,treehouse_polya_25_01_median_v1
ENSG00000207263,SNORD116-16,technical,0.0,Treehouse Tumor Compendium 25.01 PolyA median TPM,treehouse_polya_25_01_median_v1
ENSG00000206656,SNORD116-17,technical,0.0,Treehouse Tumor Compendium 25.01 PolyA median TPM,treehouse_polya_25_01_median_v1
ENSG00000206688,SNORD116-18,technical,0.0,Treehouse Tumor Compendium 25.01 PolyA median TPM,treehouse_polya_25_01_median_v1
ENSG00000207460,SNORD116-19,technical,0.0,Treehouse Tumor Compendium 25.01 PolyA median TPM,treehouse_polya_25_01_median_v1
ENSG00000207001,SNORD116-2,technical,0.0,Treehouse Tumor Compendium 25.01 PolyA median TPM,treehouse_polya_25_01_median_v1
ENSG00000278715,SNORD116-20,technical,0.0,Treehouse Tumor Compendium 25.01 PolyA median TPM,treehouse_polya_25_01_median_v1
ENSG00000277785,SNORD116-21,technical,0.0,Treehouse Tumor Compendium 25.01 PolyA median TPM,treehouse_polya_25_01_median_v1
ENSG00000275127,SNORD116-22,technical,0.0,Treehouse Tumor Compendium 25.01 PolyA median TPM,treehouse_polya_25_01_median_v1
ENSG00000207375,SNORD116-23,technical,0.0,Treehouse Tumor Compendium 25.01 PolyA median TPM,treehouse_polya_25_01_median_v1
ENSG00000207279,SNORD116-24,technical,0.0,Treehouse Tumor Compendium 25.01 PolyA median TPM,treehouse_polya_25_01_median_v1
ENSG00000252326,SNORD116-25,technical,0.0,Treehouse Tumor Compendium 25.01 PolyA median TPM,treehouse_polya_25_01_median_v1
ENSG00000251815,SNORD116-26,technical,0.0,Treehouse Tumor Compendium 25.01 PolyA median TPM,treehouse_polya_25_01_median_v1
ENSG00000251896,SNORD116-27,technical,0.0,Treehouse Tumor Compendium 25.01 PolyA median TPM,treehouse_polya_25_01_median_v1
ENSG00000278123,SNORD116-28,technical,0.0,Treehouse Tumor Compendium 25.01 PolyA median TPM,treehouse_polya_25_01_median_v1
ENSG00000207245,SNORD116-29,technical,0.0,Treehouse Tumor Compendium 25.01 PolyA median TPM,treehouse_polya_25_01_median_v1
ENSG00000207014,SNORD116-3,technical,0.0,Treehouse Tumor Compendium 25.01 PolyA median TPM,treehouse_polya_25_01_median_v1
ENSG00000252277,SNORD116-30,technical,0.0,Treehouse Tumor Compendium 25.01 PolyA median TPM,treehouse_polya_25_01_median_v1
ENSG00000275529,SNORD116-4,technical,0.0,Treehouse Tumor Compendium 25.01 PolyA median TPM,treehouse_polya_25_01_median_v1
ENSG00000207191,SNORD116-5,technical,0.0,Treehouse Tumor Compendium 25.01 PolyA median TPM,treehouse_polya_25_01_median_v1
ENSG00000207442,SNORD116-6,technical,0.0,Treehouse Tumor Compendium 25.01 PolyA median TPM,treehouse_polya_25_01_median_v1
ENSG00000207133,SNORD116-7,technical,0.0,Treehouse Tumor Compendium 25.01 PolyA median TPM,treehouse_polya_25_01_median_v1
ENSG00000207093,SNORD116-8,technical,0.0,Treehouse Tumor Compendium 25.01 PolyA median TPM,treehouse_polya_25_01_median_v1
ENSG00000206727,SNORD116-9,technical,0.0,Treehouse Tumor Compendium 25.01 PolyA median TPM,treehouse_polya_25_01_median_v1
ENSG00000201785,SNORD117,technical,0.0,Treehouse Tumor Compendium 25.01 PolyA median TPM,treehouse_polya_25_01_median_v1
ENSG00000200463,SNORD118,technical,0.0,Treehouse Tumor Compendium 25.01 PolyA median TPM,treehouse_polya_25_01_median_v1
ENSG00000271852,SNORD11B,technical,0.0,Treehouse Tumor Compendium 25.01 PolyA median TPM,treehouse_polya_25_01_median_v1
ENSG00000212304,SNORD12,technical,0.0,Treehouse Tumor Compendium 25.01 PolyA median TPM,treehouse_polya_25_01_median_v1
ENSG00000238886,SNORD121A,technical,0.0,Treehouse Tumor Compendium 25.01 PolyA median TPM,treehouse_polya_25_01_median_v1
ENSG00000238300,SNORD121B,technical,0.0,Treehouse Tumor Compendium 25.01 PolyA median TPM,treehouse_polya_25_01_median_v1
ENSG00000239112,SNORD123,technical,0.0,Treehouse Tumor Compendium 25.01 PolyA median TPM,treehouse_polya_25_01_median_v1
ENSG00000238793,SNORD124,technical,0.0,Treehouse Tumor Compendium 25.01 PolyA median TPM,treehouse_polya_25_01_median_v1
ENSG00000239127,SNORD125,technical,0.0,Treehouse Tumor Compendium 25.01 PolyA median TPM,treehouse_polya_25_01_median_v1
ENSG00000238344,SNORD126,technical,0.0,Treehouse Tumor Compendium 25.01 PolyA median TPM,treehouse_polya_25_01_median_v1
ENSG00000239043,SNORD127,technical,0.0,Treehouse Tumor Compendium 25.01 PolyA median TPM,treehouse_polya_25_01_median_v1
ENSG00000222365,SNORD12B,technical,0.0,Treehouse Tumor Compendium 25.01 PolyA median TPM,treehouse_polya_25_01_median_v1
ENSG00000209042,SNORD12C,technical,0.0,Treehouse Tumor Compendium 25.01 PolyA median TPM,treehouse_polya_25_01_median_v1
ENSG00000239039,SNORD13,technical,0.0,Treehouse Tumor Compendium 25.01 PolyA median TPM,treehouse_polya_25_01_median_v1
ENSG00000239035,SNORD13D,technical,0.0,Treehouse Tumor Compendium 25.01 PolyA median TPM,treehouse_polya_25_01_median_v1
ENSG00000238311,SNORD13E,technical,0.0,Treehouse Tumor Compendium 25.01 PolyA median TPM,treehouse_polya_25_01_median_v1
ENSG00000238498,SNORD13P1,technical,0.0,Treehouse Tumor Compendium 25.01 PolyA median TPM,treehouse_polya_25_01_median_v1
ENSG00000239128,SNORD13P3,technical,0.0,Treehouse Tumor Compendium 25.01 PolyA median TPM,treehouse_polya_25_01_median_v1
ENSG00000202479,SNORD14,technical,0.0,Treehouse Tumor Compendium 25.01 PolyA median TPM,treehouse_polya_25_01_median_v1
ENSG00000272034,SNORD14A,technical,0.0,Treehouse Tumor Compendium 25.01 PolyA median TPM,treehouse_polya_25_01_median_v1
ENSG00000201403,SNORD14B,technical,0.0,Treehouse Tumor Compendium 25.01 PolyA median TPM,treehouse_polya_25_01_median_v1
ENSG00000202252,SNORD14C,technical,0.0,Treehouse Tumor Compendium 25.01 PolyA median TPM,treehouse_polya_25_01_median_v1
ENSG00000207118,SNORD14D,technical,0.0,Treehouse Tumor Compendium 25.01 PolyA median TPM,treehouse_polya_25_01_median_v1
ENSG00000200879,SNORD14E,technical,0.0,Treehouse Tumor Compendium 25.01 PolyA median TPM,treehouse_polya_25_01_median_v1
ENSG00000206941,SNORD15A,technical,0.0,Treehouse Tumor Compendium 25.01 PolyA median TPM,treehouse_polya_25_01_median_v1
ENSG00000207445,SNORD15B,technical,1.090137,Treehouse Tumor Compendium 25.01 PolyA median TPM,treehouse_polya_25_01_median_v1
ENSG00000199673,SNORD16,technical,0.0,Treehouse Tumor Compendium 25.01 PolyA median TPM,treehouse_polya_25_01_median_v1
ENSG00000212232,SNORD17,technical,2.82,Treehouse Tumor Compendium 25.01 PolyA median TPM,treehouse_polya_25_01_median_v1
ENSG00000200677,SNORD18,technical,0.0,Treehouse Tumor Compendium 25.01 PolyA median TPM,treehouse_polya_25_01_median_v1
ENSG00000238503,SNORD18,technical,0.0,Treehouse Tumor Compendium 25.01 PolyA median TPM,treehouse_polya_25_01_median_v1
ENSG00000200623,SNORD18A,technical,0.0,Treehouse Tumor Compendium 25.01 PolyA median TPM,treehouse_polya_25_01_median_v1
ENSG00000202529,SNORD18B,technical,0.0,Treehouse Tumor Compendium 25.01 PolyA median TPM,treehouse_polya_25_01_median_v1
ENSG00000199574,SNORD18C,technical,0.0,Treehouse Tumor Compendium 25.01 PolyA median TPM,treehouse_polya_25_01_median_v1
ENSG00000212493,SNORD19,technical,0.0,Treehouse Tumor Compendium 25.01 PolyA median TPM,treehouse_polya_25_01_median_v1
ENSG00000238862,SNORD19B,technical,0.0,Treehouse Tumor Compendium 25.01 PolyA median TPM,treehouse_polya_25_01_median_v1
ENSG00000222345,SNORD19C,technical,0.0,Treehouse Tumor Compendium 25.01 PolyA median TPM,treehouse_polya_25_01_median_v1
ENSG00000278261,SNORD1A,technical,0.0,Treehouse Tumor Compendium 25.01 PolyA median TPM,treehouse_polya_25_01_median_v1
ENSG00000199961,SNORD1B,technical,0.0,Treehouse Tumor Compendium 25.01 PolyA median TPM,treehouse_polya_25_01_median_v1
ENSG00000274091,SNORD1C,technical,0.0,Treehouse Tumor Compendium 25.01 PolyA median TPM,treehouse_polya_25_01_median_v1
ENSG00000238942,SNORD2,technical,0.0,Treehouse Tumor Compendium 25.01 PolyA median TPM,treehouse_polya_25_01_median_v1
ENSG00000207280,SNORD20,technical,0.0,Treehouse Tumor Compendium 25.01 PolyA median TPM,treehouse_polya_25_01_median_v1
ENSG00000206680,SNORD21,technical,0.0,Treehouse Tumor Compendium 25.01 PolyA median TPM,treehouse_polya_25_01_median_v1
ENSG00000277194,SNORD22,technical,0.0,Treehouse Tumor Compendium 25.01 PolyA median TPM,treehouse_polya_25_01_median_v1
ENSG00000278527,SNORD22,technical,0.0,Treehouse Tumor Compendium 25.01 PolyA median TPM,treehouse_polya_25_01_median_v1
ENSG00000221803,SNORD23,technical,0.0,Treehouse Tumor Compendium 25.01 PolyA median TPM,treehouse_polya_25_01_median_v1
ENSG00000206611,SNORD24,technical,0.0,Treehouse Tumor Compendium 25.01 PolyA median TPM,treehouse_polya_25_01_median_v1
ENSG00000275043,SNORD25,technical,0.0,Treehouse Tumor Compendium 25.01 PolyA median TPM,treehouse_polya_25_01_median_v1
ENSG00000276788,SNORD26,technical,0.0,Treehouse Tumor Compendium 25.01 PolyA median TPM,treehouse_polya_25_01_median_v1
ENSG00000252128,SNORD27,technical,0.0,Treehouse Tumor Compendium 25.01 PolyA median TPM,treehouse_polya_25_01_median_v1
ENSG00000275996,SNORD27,technical,0.0,Treehouse Tumor Compendium 25.01 PolyA median TPM,treehouse_polya_25_01_median_v1
ENSG00000274544,SNORD28,technical,0.0,Treehouse Tumor Compendium 25.01 PolyA median TPM,treehouse_polya_25_01_median_v1
ENSG00000212295,SNORD28B,technical,0.0,Treehouse Tumor Compendium 25.01 PolyA median TPM,treehouse_polya_25_01_median_v1
ENSG00000223004,SNORD29,technical,0.0,Treehouse Tumor Compendium 25.01 PolyA median TPM,treehouse_polya_25_01_median_v1
ENSG00000212611,SNORD30,technical,0.0,Treehouse Tumor Compendium 25.01 PolyA median TPM,treehouse_polya_25_01_median_v1
ENSG00000277846,SNORD30,technical,0.0,Treehouse Tumor Compendium 25.01 PolyA median TPM,treehouse_polya_25_01_median_v1
ENSG00000201847,SNORD31B,technical,0.0,Treehouse Tumor Compendium 25.01 PolyA median TPM,treehouse_polya_25_01_median_v1
ENSG00000201675,SNORD32A,technical,0.0,Treehouse Tumor Compendium 25.01 PolyA median TPM,treehouse_polya_25_01_median_v1
ENSG00000201330,SNORD32B,technical,0.0,Treehouse Tumor Compendium 25.01 PolyA median TPM,treehouse_polya_25_01_median_v1
ENSG00000199631,SNORD33,technical,0.0,Treehouse Tumor Compendium 25.01 PolyA median TPM,treehouse_polya_25_01_median_v1
ENSG00000252022,SNORD33,technical,0.0,Treehouse Tumor Compendium 25.01 PolyA median TPM,treehouse_polya_25_01_median_v1
ENSG00000202503,SNORD34,technical,0.0,Treehouse Tumor Compendium 25.01 PolyA median TPM,treehouse_polya_25_01_median_v1
ENSG00000200259,SNORD35A,technical,0.0,Treehouse Tumor Compendium 25.01 PolyA median TPM,treehouse_polya_25_01_median_v1
ENSG00000200530,SNORD35B,technical,0.0,Treehouse Tumor Compendium 25.01 PolyA median TPM,treehouse_polya_25_01_median_v1
ENSG00000253094,SNORD36,technical,0.0,Treehouse Tumor Compendium 25.01 PolyA median TPM,treehouse_polya_25_01_median_v1
ENSG00000199744,SNORD36A,technical,0.0,Treehouse Tumor Compendium 25.01 PolyA median TPM,treehouse_polya_25_01_median_v1
ENSG00000200831,SNORD36B,technical,0.0,Treehouse Tumor Compendium 25.01 PolyA median TPM,treehouse_polya_25_01_median_v1
ENSG00000252542,SNORD36C,technical,0.0,Treehouse Tumor Compendium 25.01 PolyA median TPM,treehouse_polya_25_01_median_v1
ENSG00000206775,SNORD37,technical,0.0,Treehouse Tumor Compendium 25.01 PolyA median TPM,treehouse_polya_25_01_median_v1
ENSG00000202031,SNORD38A,technical,0.0,Treehouse Tumor Compendium 25.01 PolyA median TPM,treehouse_polya_25_01_median_v1
ENSG00000207421,SNORD38B,technical,0.0,Treehouse Tumor Compendium 25.01 PolyA median TPM,treehouse_polya_25_01_median_v1
ENSG00000281859,SNORD38B,technical,0.0,Treehouse Tumor Compendium 25.01 PolyA median TPM,treehouse_polya_25_01_median_v1
ENSG00000207109,SNORD38C,technical,0.0,Treehouse Tumor Compendium 25.01 PolyA median TPM,treehouse_polya_25_01_median_v1
ENSG00000207199,SNORD38D,technical,0.0,Treehouse Tumor Compendium 25.01 PolyA median TPM,treehouse_polya_25_01_median_v1
ENSG00000263723,SNORD39,technical,0.0,Treehouse Tumor Compendium 25.01 PolyA median TPM,treehouse_polya_25_01_median_v1
ENSG00000264379,SNORD39,technical,0.0,Treehouse Tumor Compendium 25.01 PolyA median TPM,treehouse_polya_25_01_median_v1
ENSG00000264997,SNORD39,technical,0.0,Treehouse Tumor Compendium 25.01 PolyA median TPM,treehouse_polya_25_01_median_v1
ENSG00000274535,SNORD39,technical,0.0,Treehouse Tumor Compendium 25.01 PolyA median TPM,treehouse_polya_25_01_median_v1
ENSG00000263934,SNORD3A,technical,112.368073,Treehouse Tumor Compendium 25.01 PolyA median TPM,treehouse_polya_25_01_median_v1
ENSG00000265185,SNORD3B-1,technical,0.890102,Treehouse Tumor Compendium 25.01 PolyA median TPM,treehouse_polya_25_01_median_v1
ENSG00000262074,SNORD3B-2,technical,0.640102,Treehouse Tumor Compendium 25.01 PolyA median TPM,treehouse_polya_25_01_median_v1
ENSG00000264940,SNORD3C,technical,0.0,Treehouse Tumor Compendium 25.01 PolyA median TPM,treehouse_polya_25_01_median_v1
ENSG00000277947,SNORD3D,technical,0.0,Treehouse Tumor Compendium 25.01 PolyA median TPM,treehouse_polya_25_01_median_v1
ENSG00000281000,SNORD3D,technical,0.0,Treehouse Tumor Compendium 25.01 PolyA median TPM,treehouse_polya_25_01_median_v1
ENSG00000280704,SNORD3E,technical,0.0,Treehouse Tumor Compendium 25.01 PolyA median TPM,treehouse_polya_25_01_median_v1
ENSG00000199666,SNORD3G,technical,0.0,Treehouse Tumor Compendium 25.01 PolyA median TPM,treehouse_polya_25_01_median_v1
ENSG00000207215,SNORD3H,technical,0.0,Treehouse Tumor Compendium 25.01 PolyA median TPM,treehouse_polya_25_01_median_v1
ENSG00000221400,SNORD3J,technical,0.0,Treehouse Tumor Compendium 25.01 PolyA median TPM,treehouse_polya_25_01_median_v1
ENSG00000200318,SNORD3P1,technical,0.0,Treehouse Tumor Compendium 25.01 PolyA median TPM,treehouse_polya_25_01_median_v1
ENSG00000209702,SNORD41,technical,0.0,Treehouse Tumor Compendium 25.01 PolyA median TPM,treehouse_polya_25_01_median_v1
ENSG00000201209,SNORD42,technical,0.0,Treehouse Tumor Compendium 25.01 PolyA median TPM,treehouse_polya_25_01_median_v1
ENSG00000202440,SNORD42,technical,0.0,Treehouse Tumor Compendium 25.01 PolyA median TPM,treehouse_polya_25_01_median_v1
ENSG00000238649,SNORD42A,technical,0.0,Treehouse Tumor Compendium 25.01 PolyA median TPM,treehouse_polya_25_01_median_v1
ENSG00000238423,SNORD42B,technical,0.0,Treehouse Tumor Compendium 25.01 PolyA median TPM,treehouse_polya_25_01_median_v1
ENSG00000263764,SNORD43,technical,0.0,Treehouse Tumor Compendium 25.01 PolyA median TPM,treehouse_polya_25_01_median_v1
ENSG00000207241,SNORD45A,technical,0.0,Treehouse Tumor Compendium 25.01 PolyA median TPM,treehouse_polya_25_01_median_v1
ENSG00000201487,SNORD45B,technical,0.0,Treehouse Tumor Compendium 25.01 PolyA median TPM,treehouse_polya_25_01_median_v1
ENSG00000206620,SNORD45C,technical,0.0,Treehouse Tumor Compendium 25.01 PolyA median TPM,treehouse_polya_25_01_median_v1
ENSG00000200913,SNORD46,technical,0.0,Treehouse Tumor Compendium 25.01 PolyA median TPM,treehouse_polya_25_01_median_v1
ENSG00000201823,SNORD48,technical,0.0,Treehouse Tumor Compendium 25.01 PolyA median TPM,treehouse_polya_25_01_median_v1
ENSG00000277370,SNORD49A,technical,0.0,Treehouse Tumor Compendium 25.01 PolyA median TPM,treehouse_polya_25_01_median_v1
ENSG00000277108,SNORD49B,technical,0.0,Treehouse Tumor Compendium 25.01 PolyA median TPM,treehouse_polya_25_01_median_v1
ENSG00000238578,SNORD4A,technical,0.0,Treehouse Tumor Compendium 25.01 PolyA median TPM,treehouse_polya_25_01_median_v1
ENSG00000238597,SNORD4B,technical,0.0,Treehouse Tumor Compendium 25.01 PolyA median TPM,treehouse_polya_25_01_median_v1
ENSG00000239195,SNORD5,technical,0.0,Treehouse Tumor Compendium 25.01 PolyA median TPM,treehouse_polya_25_01_median_v1
ENSG00000275072,SNORD50B,technical,0.0,Treehouse Tumor Compendium 25.01 PolyA median TPM,treehouse_polya_25_01_median_v1
ENSG00000207047,SNORD51,technical,0.0,Treehouse Tumor Compendium 25.01 PolyA median TPM,treehouse_polya_25_01_median_v1
ENSG00000201754,SNORD52,technical,0.0,Treehouse Tumor Compendium 25.01 PolyA median TPM,treehouse_polya_25_01_median_v1
ENSG00000265145,SNORD53,technical,0.0,Treehouse Tumor Compendium 25.01 PolyA median TPM,treehouse_polya_25_01_median_v1
ENSG00000265706,SNORD53B,technical,0.0,Treehouse Tumor Compendium 25.01 PolyA median TPM,treehouse_polya_25_01_median_v1
ENSG00000238650,SNORD54,technical,0.0,Treehouse Tumor Compendium 25.01 PolyA median TPM,treehouse_polya_25_01_median_v1
ENSG00000264294,SNORD55,technical,0.0,Treehouse Tumor Compendium 25.01 PolyA median TPM,treehouse_polya_25_01_median_v1
ENSG00000229686,SNORD56,technical,0.0,Treehouse Tumor Compendium 25.01 PolyA median TPM,treehouse_polya_25_01_median_v1
ENSG00000207444,SNORD56B,technical,0.0,Treehouse Tumor Compendium 25.01 PolyA median TPM,treehouse_polya_25_01_median_v1
ENSG00000226572,SNORD57,technical,0.0,Treehouse Tumor Compendium 25.01 PolyA median TPM,treehouse_polya_25_01_median_v1
ENSG00000212615,SNORD58,technical,0.0,Treehouse Tumor Compendium 25.01 PolyA median TPM,treehouse_polya_25_01_median_v1
ENSG00000206602,SNORD58A,technical,0.0,Treehouse Tumor Compendium 25.01 PolyA median TPM,treehouse_polya_25_01_median_v1
ENSG00000271982,SNORD58B,technical,0.0,Treehouse Tumor Compendium 25.01 PolyA median TPM,treehouse_polya_25_01_median_v1
ENSG00000202093,SNORD58C,technical,0.0,Treehouse Tumor Compendium 25.01 PolyA median TPM,treehouse_polya_25_01_median_v1
ENSG00000207031,SNORD59A,technical,0.0,Treehouse Tumor Compendium 25.01 PolyA median TPM,treehouse_polya_25_01_median_v1
ENSG00000202314,SNORD6,technical,0.0,Treehouse Tumor Compendium 25.01 PolyA median TPM,treehouse_polya_25_01_median_v1
ENSG00000206630,SNORD60,technical,0.0,Treehouse Tumor Compendium 25.01 PolyA median TPM,treehouse_polya_25_01_median_v1
ENSG00000206979,SNORD61,technical,0.0,Treehouse Tumor Compendium 25.01 PolyA median TPM,treehouse_polya_25_01_median_v1
ENSG00000199411,SNORD62,technical,0.0,Treehouse Tumor Compendium 25.01 PolyA median TPM,treehouse_polya_25_01_median_v1
ENSG00000235284,SNORD62A,technical,0.0,Treehouse Tumor Compendium 25.01 PolyA median TPM,treehouse_polya_25_01_median_v1
ENSG00000231587,SNORD62B,technical,0.0,Treehouse Tumor Compendium 25.01 PolyA median TPM,treehouse_polya_25_01_median_v1
ENSG00000206989,SNORD63,technical,0.0,Treehouse Tumor Compendium 25.01 PolyA median TPM,treehouse_polya_25_01_median_v1
ENSG00000251987,SNORD63,technical,0.0,Treehouse Tumor Compendium 25.01 PolyA median TPM,treehouse_polya_25_01_median_v1
ENSG00000252112,SNORD63,technical,0.0,Treehouse Tumor Compendium 25.01 PolyA median TPM,treehouse_polya_25_01_median_v1
ENSG00000222937,SNORD63B,technical,0.0,Treehouse Tumor Compendium 25.01 PolyA median TPM,treehouse_polya_25_01_median_v1
ENSG00000276610,SNORD64,technical,0.0,Treehouse Tumor Compendium 25.01 PolyA median TPM,treehouse_polya_25_01_median_v1
ENSG00000277512,SNORD65,technical,0.0,Treehouse Tumor Compendium 25.01 PolyA median TPM,treehouse_polya_25_01_median_v1
ENSG00000238936,SNORD65B,technical,0.0,Treehouse Tumor Compendium 25.01 PolyA median TPM,treehouse_polya_25_01_median_v1
ENSG00000212264,SNORD65C,technical,0.0,Treehouse Tumor Compendium 25.01 PolyA median TPM,treehouse_polya_25_01_median_v1
ENSG00000212158,SNORD66,technical,0.0,Treehouse Tumor Compendium 25.01 PolyA median TPM,treehouse_polya_25_01_median_v1
ENSG00000212135,SNORD67,technical,0.0,Treehouse Tumor Compendium 25.01 PolyA median TPM,treehouse_polya_25_01_median_v1
ENSG00000200084,SNORD68,technical,0.0,Treehouse Tumor Compendium 25.01 PolyA median TPM,treehouse_polya_25_01_median_v1
ENSG00000212452,SNORD69,technical,0.0,Treehouse Tumor Compendium 25.01 PolyA median TPM,treehouse_polya_25_01_median_v1
ENSG00000207297,SNORD7,technical,0.0,Treehouse Tumor Compendium 25.01 PolyA median TPM,treehouse_polya_25_01_median_v1
ENSG00000212534,SNORD70,technical,0.0,Treehouse Tumor Compendium 25.01 PolyA median TPM,treehouse_polya_25_01_median_v1
ENSG00000212309,SNORD70B,technical,0.0,Treehouse Tumor Compendium 25.01 PolyA median TPM,treehouse_polya_25_01_median_v1
ENSG00000223224,SNORD71,technical,0.0,Treehouse Tumor Compendium 25.01 PolyA median TPM,treehouse_polya_25_01_median_v1
ENSG00000212296,SNORD72,technical,0.0,Treehouse Tumor Compendium 25.01 PolyA median TPM,treehouse_polya_25_01_median_v1
ENSG00000208797,SNORD73A,technical,0.0,Treehouse Tumor Compendium 25.01 PolyA median TPM,treehouse_polya_25_01_median_v1
ENSG00000201264,SNORD73B,technical,0.0,Treehouse Tumor Compendium 25.01 PolyA median TPM,treehouse_polya_25_01_median_v1
ENSG00000201025,SNORD74B,technical,0.0,Treehouse Tumor Compendium 25.01 PolyA median TPM,treehouse_polya_25_01_median_v1
ENSG00000212414,SNORD77B,technical,0.0,Treehouse Tumor Compendium 25.01 PolyA median TPM,treehouse_polya_25_01_median_v1
ENSG00000251878,SNORD79,technical,0.0,Treehouse Tumor Compendium 25.01 PolyA median TPM,treehouse_polya_25_01_median_v1
ENSG00000200785,SNORD8,technical,0.0,Treehouse Tumor Compendium 25.01 PolyA median TPM,treehouse_polya_25_01_median_v1
ENSG00000199934,SNORD81,technical,0.0,Treehouse Tumor Compendium 25.01 PolyA median TPM,treehouse_polya_25_01_median_v1
ENSG00000202023,SNORD81,technical,0.0,Treehouse Tumor Compendium 25.01 PolyA median TPM,treehouse_polya_25_01_median_v1
ENSG00000212278,SNORD81,technical,0.0,Treehouse Tumor Compendium 25.01 PolyA median TPM,treehouse_polya_25_01_median_v1
ENSG00000202400,SNORD82,technical,0.0,Treehouse Tumor Compendium 25.01 PolyA median TPM,treehouse_polya_25_01_median_v1
ENSG00000223294,SNORD83,technical,0.0,Treehouse Tumor Compendium 25.01 PolyA median TPM,treehouse_polya_25_01_median_v1
ENSG00000209482,SNORD83A,technical,0.0,Treehouse Tumor Compendium 25.01 PolyA median TPM,treehouse_polya_25_01_median_v1
ENSG00000209480,SNORD83B,technical,0.0,Treehouse Tumor Compendium 25.01 PolyA median TPM,treehouse_polya_25_01_median_v1
ENSG00000265236,SNORD84,technical,0.0,Treehouse Tumor Compendium 25.01 PolyA median TPM,treehouse_polya_25_01_median_v1
ENSG00000212498,SNORD86,technical,0.0,Treehouse Tumor Compendium 25.01 PolyA median TPM,treehouse_polya_25_01_median_v1
ENSG00000254341,SNORD87,technical,0.0,Treehouse Tumor Compendium 25.01 PolyA median TPM,treehouse_polya_25_01_median_v1
ENSG00000221241,SNORD88A,technical,0.0,Treehouse Tumor Compendium 25.01 PolyA median TPM,treehouse_polya_25_01_median_v1
ENSG00000221381,SNORD88B,technical,0.0,Treehouse Tumor Compendium 25.01 PolyA median TPM,treehouse_polya_25_01_median_v1
ENSG00000220988,SNORD88C,technical,0.0,Treehouse Tumor Compendium 25.01 PolyA median TPM,treehouse_polya_25_01_median_v1
ENSG00000212283,SNORD89,technical,0.0,Treehouse Tumor Compendium 25.01 PolyA median TPM,treehouse_polya_25_01_median_v1
ENSG00000199436,SNORD9,technical,0.0,Treehouse Tumor Compendium 25.01 PolyA median TPM,treehouse_polya_25_01_median_v1
ENSG00000212447,SNORD90,technical,0.0,Treehouse Tumor Compendium 25.01 PolyA median TPM,treehouse_polya_25_01_median_v1
ENSG00000212163,SNORD91A,technical,0.0,Treehouse Tumor Compendium 25.01 PolyA median TPM,treehouse_polya_25_01_median_v1
ENSG00000275084,SNORD91B,technical,0.0,Treehouse Tumor Compendium 25.01 PolyA median TPM,treehouse_polya_25_01_median_v1
ENSG00000264994,SNORD92,technical,0.0,Treehouse Tumor Compendium 25.01 PolyA median TPM,treehouse_polya_25_01_median_v1
ENSG00000221740,SNORD93,technical,0.0,Treehouse Tumor Compendium 25.01 PolyA median TPM,treehouse_polya_25_01_median_v1
ENSG00000208772,SNORD94,technical,0.0,Treehouse Tumor Compendium 25.01 PolyA median TPM,treehouse_polya_25_01_median_v1
ENSG00000264549,SNORD95,technical,0.0,Treehouse Tumor Compendium 25.01 PolyA median TPM,treehouse_polya_25_01_median_v1
ENSG00000272296,SNORD96A,technical,0.0,Treehouse Tumor Compendium 25.01 PolyA median TPM,treehouse_polya_25_01_median_v1
ENSG00000208883,SNORD96B,technical,0.0,Treehouse Tumor Compendium 25.01 PolyA median TPM,treehouse_polya_25_01_median_v1
ENSG00000238622,SNORD97,technical,0.0,Treehouse Tumor Compendium 25.01 PolyA median TPM,treehouse_polya_25_01_median_v1
ENSG00000283551,SNORD98,technical,0.0,Treehouse Tumor Compendium 25.01 PolyA median TPM,treehouse_polya_25_01_median_v1
ENSG00000221539,SNORD99,technical,0.0,Treehouse Tumor Compendium 25.01 PolyA median TPM,treehouse_polya_25_01_median_v1
ENSG00000273516,U1,technical,20.160723,Treehouse Tumor Compendium 25.01 PolyA median TPM,treehouse_polya_25_01_median_v1
ENSG00000273727,U1,technical,20.160723,Treehouse Tumor Compendium 25.01 PolyA median TPM,treehouse_polya_25_01_median_v1
ENSG00000275631,U1,technical,20.160723,Treehouse Tumor Compendium 25.01 PolyA median TPM,treehouse_polya_25_01_median_v1
ENSG00000273694,U2,technical,0.0,Treehouse Tumor Compendium 25.01 PolyA median TPM,treehouse_polya_25_01_median_v1
ENSG00000273709,U2,technical,0.0,Treehouse Tumor Compendium 25.01 PolyA median TPM,treehouse_polya_25_01_median_v1
ENSG00000274062,U2,technical,0.0,Treehouse Tumor Compendium 25.01 PolyA median TPM,treehouse_polya_25_01_median_v1
ENSG00000274432,U2,technical,0.0,Treehouse Tumor Compendium 25.01 PolyA median TPM,treehouse_polya_25_01_median_v1
ENSG00000274452,U2,technical,0.0,Treehouse Tumor Compendium 25.01 PolyA median TPM,treehouse_polya_25_01_median_v1
ENSG00000274755,U2,technical,0.0,Treehouse Tumor Compendium 25.01 PolyA median TPM,treehouse_polya_25_01_median_v1
ENSG00000274862,U2,technical,0.0,Treehouse Tumor Compendium 25.01 PolyA median TPM,treehouse_polya_25_01_median_v1
ENSG00000275219,U2,technical,0.0,Treehouse Tumor Compendium 25.01 PolyA median TPM,treehouse_polya_25_01_median_v1
ENSG00000275616,U2,technical,0.0,Treehouse Tumor Compendium 25.01 PolyA median TPM,treehouse_polya_25_01_median_v1
ENSG00000276596,U2,technical,0.0,Treehouse Tumor Compendium 25.01 PolyA median TPM,treehouse_polya_25_01_median_v1
ENSG00000277248,U2,technical,0.0,Treehouse Tumor Compendium 25.01 PolyA median TPM,treehouse_polya_25_01_median_v1
ENSG00000277903,U2,technical,0.0,Treehouse Tumor Compendium 25.01 PolyA median TPM,treehouse_polya_25_01_median_v1
ENSG00000278048,U2,technical,0.0,Treehouse Tumor Compendium 25.01 PolyA median TPM,treehouse_polya_25_01_median_v1
ENSG00000278135,U2,technical,0.0,Treehouse Tumor Compendium 25.01 PolyA median TPM,treehouse_polya_25_01_median_v1
ENSG00000278234,U2,technical,0.0,Treehouse Tumor Compendium 25.01 PolyA median TPM,treehouse_polya_25_01_median_v1
ENSG00000278591,U2,technical,0.0,Treehouse Tumor Compendium 25.01 PolyA median TPM,treehouse_polya_25_01_median_v1
ENSG00000278774,U2,technical,0.0,Treehouse Tumor Compendium 25.01 PolyA median TPM,treehouse_polya_25_01_median_v1
ENSG00000283519,U2,technical,0.0,Treehouse Tumor Compendium 25.01 PolyA median TPM,treehouse_polya_25_01_median_v1
ENSG00000283555,U2,technical,0.0,Treehouse Tumor Compendium 25.01 PolyA median TPM,treehouse_polya_25_01_median_v1
ENSG00000199370,U3,technical,4.170231,Treehouse Tumor Compendium 25.01 PolyA median TPM,treehouse_polya_25_01_median_v1
ENSG00000199851,U3,technical,4.170231,Treehouse Tumor Compendium 25.01 PolyA median TPM,treehouse_polya_25_01_median_v1
ENSG00000199856,U3,technical,4.170231,Treehouse Tumor Compendium 25.01 PolyA median TPM,treehouse_polya_25_01_median_v1
ENSG00000200222,U3,technical,4.170231,Treehouse Tumor Compendium 25.01 PolyA median TPM,treehouse_polya_25_01_median_v1
ENSG00000200492,U3,technical,4.170231,Treehouse Tumor Compendium 25.01 PolyA median TPM,treehouse_polya_25_01_median_v1
ENSG00000200538,U3,technical,4.170231,Treehouse Tumor Compendium 25.01 PolyA median TPM,treehouse_polya_25_01_median_v1
ENSG00000200545,U3,technical,4.170231,Treehouse Tumor Compendium 25.01 PolyA median TPM,treehouse_polya_25_01_median_v1
ENSG00000200693,U3,technical,4.170231,Treehouse Tumor Compendium 25.01 PolyA median TPM,treehouse_polya_25_01_median_v1
ENSG00000201329,U3,technical,4.170231,Treehouse Tumor Compendium 25.01 PolyA median TPM,treehouse_polya_25_01_median_v1
ENSG00000201346,U3,technical,4.170231,Treehouse Tumor Compendium 25.01 PolyA median TPM,treehouse_polya_25_01_median_v1
ENSG00000201368,U3,technical,4.170231,Treehouse Tumor Compendium 25.01 PolyA median TPM,treehouse_polya_25_01_median_v1
ENSG00000201674,U3,technical,4.170231,Treehouse Tumor Compendium 25.01 PolyA median TPM,treehouse_polya_25_01_median_v1
ENSG00000202233,U3,technical,4.170231,Treehouse Tumor Compendium 25.01 PolyA median TPM,treehouse_polya_25_01_median_v1
ENSG00000202268,U3,technical,4.170231,Treehouse Tumor Compendium 25.01 PolyA median TPM,treehouse_polya_25_01_median_v1
ENSG00000207119,U3,technical,4.170231,Treehouse Tumor Compendium 25.01 PolyA median TPM,treehouse_polya_25_01_median_v1
ENSG00000212165,U3,technical,4.170231,Treehouse Tumor Compendium 25.01 PolyA median TPM,treehouse_polya_25_01_median_v1
ENSG00000212182,U3,technical,4.170231,Treehouse Tumor Compendium 25.01 PolyA median TPM,treehouse_polya_25_01_median_v1
ENSG00000212195,U3,technical,4.170231,Treehouse Tumor Compendium 25.01 PolyA median TPM,treehouse_polya_25_01_median_v1
ENSG00000212211,U3,technical,4.170231,Treehouse Tumor Compendium 25.01 PolyA median TPM,treehouse_polya_25_01_median_v1
ENSG00000212321,U3,technical,4.170231,Treehouse Tumor Compendium 25.01 PolyA median TPM,treehouse_polya_25_01_median_v1
ENSG00000212422,U3,technical,4.170231,Treehouse Tumor Compendium 25.01 PolyA median TPM,treehouse_polya_25_01_median_v1
ENSG00000212434,U3,technical,4.170231,Treehouse Tumor Compendium 25.01 PolyA median TPM,treehouse_polya_25_01_median_v1
ENSG00000212479,U3,technical,4.170231,Treehouse Tumor Compendium 25.01 PolyA median TPM,treehouse_polya_25_01_median_v1
ENSG00000212511,U3,technical,4.170231,Treehouse Tumor Compendium 25.01 PolyA median TPM,treehouse_polya_25_01_median_v1
ENSG00000212538,U3,technical,4.170231,Treehouse Tumor Compendium 25.01 PolyA median TPM,treehouse_polya_25_01_median_v1
ENSG00000212539,U3,technical,4.170231,Treehouse Tumor Compendium 25.01 PolyA median TPM,treehouse_polya_25_01_median_v1
ENSG00000212551,U3,technical,4.170231,Treehouse Tumor Compendium 25.01 PolyA median TPM,treehouse_polya_25_01_median_v1
ENSG00000212598,U3,technical,4.170231,Treehouse Tumor Compendium 25.01 PolyA median TPM,treehouse_polya_25_01_median_v1
ENSG00000212610,U3,technical,4.170231,Treehouse Tumor Compendium 25.01 PolyA median TPM,treehouse_polya_25_01_median_v1
ENSG00000221040,U3,technical,4.170231,Treehouse Tumor Compendium 25.01 PolyA median TPM,treehouse_polya_25_01_median_v1
ENSG00000221043,U3,technical,4.170231,Treehouse Tumor Compendium 25.01 PolyA median TPM,treehouse_polya_25_01_median_v1
ENSG00000221044,U3,technical,4.170231,Treehouse Tumor Compendium 25.01 PolyA median TPM,treehouse_polya_25_01_median_v1
ENSG00000221125,U3,technical,4.170231,Treehouse Tumor Compendium 25.01 PolyA median TPM,treehouse_polya_25_01_median_v1
ENSG00000221332,U3,technical,4.170231,Treehouse Tumor Compendium 25.01 PolyA median TPM,treehouse_polya_25_01_median_v1
ENSG00000221345,U3,technical,4.170231,Treehouse Tumor Compendium 25.01 PolyA median TPM,treehouse_polya_25_01_median_v1
ENSG00000221455,U3,technical,4.170231,Treehouse Tumor Compendium 25.01 PolyA median TPM,treehouse_polya_25_01_median_v1
ENSG00000221461,U3,technical,4.170231,Treehouse Tumor Compendium 25.01 PolyA median TPM,treehouse_polya_25_01_median_v1
ENSG00000221496,U3,technical,4.170231,Treehouse Tumor Compendium 25.01 PolyA median TPM,treehouse_polya_25_01_median_v1
ENSG00000221633,U3,technical,4.170231,Treehouse Tumor Compendium 25.01 PolyA median TPM,treehouse_polya_25_01_median_v1
ENSG00000221638,U3,technical,4.170231,Treehouse Tumor Compendium 25.01 PolyA median TPM,treehouse_polya_25_01_median_v1
ENSG00000221673,U3,technical,4.170231,Treehouse Tumor Compendium 25.01 PolyA median TPM,treehouse_polya_25_01_median_v1
ENSG00000222666,U3,technical,4.170231,Treehouse Tumor Compendium 25.01 PolyA median TPM,treehouse_polya_25_01_median_v1
ENSG00000238297,U3,technical,4.170231,Treehouse Tumor Compendium 25.01 PolyA median TPM,treehouse_polya_25_01_median_v1
ENSG00000271817,U3,technical,4.170231,Treehouse Tumor Compendium 25.01 PolyA median TPM,treehouse_polya_25_01_median_v1
ENSG00000273788,U3,technical,4.170231,Treehouse Tumor Compendium 25.01 PolyA median TPM,treehouse_polya_25_01_median_v1
ENSG00000275154,U3,technical,4.170231,Treehouse Tumor Compendium 25.01 PolyA median TPM,treehouse_polya_25_01_median_v1
ENSG00000275900,U3,technical,4.170231,Treehouse Tumor Compendium 25.01 PolyA median TPM,treehouse_polya_25_01_median_v1
ENSG00000276366,U3,technical,4.170231,Treehouse Tumor Compendium 25.01 PolyA median TPM,treehouse_polya_25_01_median_v1
ENSG00000277754,U3,technical,4.170231,Treehouse Tumor Compendium 25.01 PolyA median TPM,treehouse_polya_25_01_median_v1
ENSG00000281710,U3,technical,4.170231,Treehouse Tumor Compendium 25.01 PolyA median TPM,treehouse_polya_25_01_median_v1
ENSG00000273744,U4,technical,0.0,Treehouse Tumor Compendium 25.01 PolyA median TPM,treehouse_polya_25_01_median_v1
ENSG00000274197,U4,technical,0.0,Treehouse Tumor Compendium 25.01 PolyA median TPM,treehouse_polya_25_01_median_v1
ENSG00000274716,U4,technical,0.0,Treehouse Tumor Compendium 25.01 PolyA median TPM,treehouse_polya_25_01_median_v1
ENSG00000276103,U4,technical,0.0,Treehouse Tumor Compendium 25.01 PolyA median TPM,treehouse_polya_25_01_median_v1
ENSG00000277986,U4,technical,0.0,Treehouse Tumor Compendium 25.01 PolyA median TPM,treehouse_polya_25_01_median_v1
ENSG00000278374,U4,technical,0.0,Treehouse Tumor Compendium 25.01 PolyA median TPM,treehouse_polya_25_01_median_v1
ENSG00000283442,U4,technical,0.0,Treehouse Tumor Compendium 25.01 PolyA median TPM,treehouse_polya_25_01_median_v1
ENSG00000274385,U6,technical,0.0,Treehouse Tumor Compendium 25.01 PolyA median TPM,treehouse_polya_25_01_median_v1
ENSG00000275068,U6,technical,0.0,Treehouse Tumor Compendium 25.01 PolyA median TPM,treehouse_polya_25_01_median_v1
ENSG00000275174,U6,technical,0.0,Treehouse Tumor Compendium 25.01 PolyA median TPM,treehouse_polya_25_01_median_v1
ENSG00000276138,U6,technical,0.0,Treehouse Tumor Compendium 25.01 PolyA median TPM,treehouse_polya_25_01_median_v1
ENSG00000276183,U6,technical,0.0,Treehouse Tumor Compendium 25.01 PolyA median TPM,treehouse_polya_25_01_median_v1
ENSG00000277613,U6,technical,0.0,Treehouse Tumor Compendium 25.01 PolyA median TPM,treehouse_polya_25_01_median_v1
ENSG00000277717,U6,technical,0.0,Treehouse Tumor Compendium 25.01 PolyA median TPM,treehouse_polya_25_01_median_v1
ENSG00000278188,U6,technical,0.0,Treehouse Tumor Compendium 25.01 PolyA median TPM,treehouse_polya_25_01_median_v1
ENSG00000278757,U6,technical,0.0,Treehouse Tumor Compendium 25.01 PolyA median TPM,treehouse_polya_25_01_median_v1
ENSG00000283136,U6,technical,0.0,Treehouse Tumor Compendium 25.01 PolyA median TPM,treehouse_polya_25_01_median_v1
ENSG00000283249,U6,technical,0.0,Treehouse Tumor Compendium 25.01 PolyA median TPM,treehouse_polya_25_01_median_v1
ENSG00000283256,U6,technical,0.0,Treehouse Tumor Compendium 25.01 PolyA median TPM,treehouse_polya_25_01_median_v1
ENSG00000283262,U6,technical,0.0,Treehouse Tumor Compendium 25.01 PolyA median TPM,treehouse_polya_25_01_median_v1
ENSG00000283271,U6,technical,0.0,Treehouse Tumor Compendium 25.01 PolyA median TPM,treehouse_polya_25_01_median_v1
ENSG00000283290,U6,technical,0.0,Treehouse Tumor Compendium 25.01 PolyA median TPM,treehouse_polya_25_01_median_v1
ENSG00000283300,U6,technical,0.0,Treehouse Tumor Compendium 25.01 PolyA median TPM,treehouse_polya_25_01_median_v1
ENSG00000283313,U6,technical,0.0,Treehouse Tumor Compendium 25.01 PolyA median TPM,treehouse_polya_25_01_median_v1
ENSG00000283337,U6,technical,0.0,Treehouse Tumor Compendium 25.01 PolyA median TPM,treehouse_polya_25_01_median_v1
ENSG00000283369,U6,technical,0.0,Treehouse Tumor Compendium 25.01 PolyA median TPM,treehouse_polya_25_01_median_v1
ENSG00000283372,U6,technical,0.0,Treehouse Tumor Compendium 25.01 PolyA median TPM,treehouse_polya_25_01_median_v1
ENSG00000283412,U6,technical,0.0,Treehouse Tumor Compendium 25.01 PolyA median TPM,treehouse_polya_25_01_median_v1
ENSG00000283414,U6,technical,0.0,Treehouse Tumor Compendium 25.01 PolyA median TPM,treehouse_polya_25_01_median_v1
ENSG00000283418,U6,technical,0.0,Treehouse Tumor Compendium 25.01 PolyA median TPM,treehouse_polya_25_01_median_v1
ENSG00000283432,U6,technical,0.0,Treehouse Tumor Compendium 25.01 PolyA median TPM,treehouse_polya_25_01_median_v1
ENSG00000283489,U6,technical,0.0,Treehouse Tumor Compendium 25.01 PolyA median TPM,treehouse_polya_25_01_median_v1
ENSG00000283499,U6,technical,0.0,Treehouse Tumor Compendium 25.01 PolyA median TPM,treehouse_polya_25_01_median_v1
ENSG00000283502,U6,technical,0.0,Treehouse Tumor Compendium 25.01 PolyA median TPM,treehouse_polya_25_01_median_v1
ENSG00000283509,U6,technical,0.0,Treehouse Tumor Compendium 25.01 PolyA median TPM,treehouse_polya_25_01_median_v1
ENSG00000283527,U6,technical,0.0,Treehouse Tumor Compendium 25.01 PolyA median TPM,treehouse_polya_25_01_median_v1
ENSG00000283545,U6,technical,0.0,Treehouse Tumor Compendium 25.01 PolyA median TPM,treehouse_polya_25_01_median_v1
ENSG00000283564,U6,technical,0.0,Treehouse Tumor Compendium 25.01 PolyA median TPM,treehouse_polya_25_01_median_v1
ENSG00000283575,U6,technical,0.0,Treehouse Tumor Compendium 25.01 PolyA median TPM,treehouse_polya_25_01_median_v1
ENSG00000283666,U6,technical,0.0,Treehouse Tumor Compendium 25.01 PolyA median TPM,treehouse_polya_25_01_median_v1
ENSG00000272215,U7,technical,0.0,Treehouse Tumor Compendium 25.01 PolyA median TPM,treehouse_polya_25_01_median_v1
ENSG00000273629,U7,technical,0.0,Treehouse Tumor Compendium 25.01 PolyA median TPM,treehouse_polya_25_01_median_v1
ENSG00000275108,U7,technical,0.0,Treehouse Tumor Compendium 25.01 PolyA median TPM,treehouse_polya_25_01_median_v1
ENSG00000275268,U7,technical,0.0,Treehouse Tumor Compendium 25.01 PolyA median TPM,treehouse_polya_25_01_median_v1
ENSG00000275504,U7,technical,0.0,Treehouse Tumor Compendium 25.01 PolyA median TPM,treehouse_polya_25_01_median_v1
ENSG00000275635,U7,technical,0.0,Treehouse Tumor Compendium 25.01 PolyA median TPM,treehouse_polya_25_01_median_v1
ENSG00000276376,U7,technical,0.0,Treehouse Tumor Compendium 25.01 PolyA median TPM,treehouse_polya_25_01_median_v1
ENSG00000199713,U8,technical,0.0,Treehouse Tumor Compendium 25.01 PolyA median TPM,treehouse_polya_25_01_median_v1
ENSG00000200026,U8,technical,0.0,Treehouse Tumor Compendium 25.01 PolyA median TPM,treehouse_polya_25_01_median_v1
ENSG00000200191,U8,technical,0.0,Treehouse Tumor Compendium 25.01 PolyA median TPM,treehouse_polya_25_01_median_v1
ENSG00000200496,U8,technical,0.0,Treehouse Tumor Compendium 25.01 PolyA median TPM,treehouse_polya_25_01_median_v1
ENSG00000201398,U8,technical,0.0,Treehouse Tumor Compendium 25.01 PolyA median TPM,treehouse_polya_25_01_median_v1
ENSG00000201809,U8,technical,0.0,Treehouse Tumor Compendium 25.01 PolyA median TPM,treehouse_polya_25_01_median_v1
ENSG00000201810,U8,technical,0.0,Treehouse Tumor Compendium 25.01 PolyA median TPM,treehouse_polya_25_01_median_v1
ENSG00000202269,U8,technical,0.0,Treehouse Tumor Compendium 25.01 PolyA median TPM,treehouse_polya_25_01_median_v1
ENSG00000202537,U8,technical,0.0,Treehouse Tumor Compendium 25.01 PolyA median TPM,treehouse_polya_25_01_median_v1
ENSG00000206987,U8,technical,0.0,Treehouse Tumor Compendium 25.01 PolyA median TPM,treehouse_polya_25_01_median_v1
ENSG00000207430,U8,technical,0.0,Treehouse Tumor Compendium 25.01 PolyA median TPM,treehouse_polya_25_01_median_v1
ENSG00000207432,U8,technical,0.0,Treehouse Tumor Compendium 25.01 PolyA median TPM,treehouse_polya_25_01_median_v1
ENSG00000212144,U8,technical,0.0,Treehouse Tumor Compendium 25.01 PolyA median TPM,treehouse_polya_25_01_median_v1
ENSG00000212145,U8,technical,0.0,Treehouse Tumor Compendium 25.01 PolyA median TPM,treehouse_polya_25_01_median_v1
ENSG00000212249,U8,technical,0.0,Treehouse Tumor Compendium 25.01 PolyA median TPM,treehouse_polya_25_01_median_v1
ENSG00000212581,U8,technical,0.0,Treehouse Tumor Compendium 25.01 PolyA median TPM,treehouse_polya_25_01_median_v1
ENSG00000212594,U8,technical,0.0,Treehouse Tumor Compendium 25.01 PolyA median TPM,treehouse_polya_25_01_median_v1
ENSG00000238519,U8,technical,0.0,Treehouse Tumor Compendium 25.01 PolyA median TPM,treehouse_polya_25_01_median_v1
ENSG00000238840,U8,technical,0.0,Treehouse Tumor Compendium 25.01 PolyA median TPM,treehouse_polya_25_01_median_v1
ENSG00000238963,U8,technical,0.0,Treehouse Tumor Compendium 25.01 PolyA median TPM,treehouse_polya_25_01_median_v1
ENSG00000239142,U8,technical,0.0,Treehouse Tumor Compendium 25.01 PolyA median TPM,treehouse_polya_25_01_median_v1
ENSG00000239148,U8,technical,0.0,Treehouse Tumor Compendium 25.01 PolyA median TPM,treehouse_polya_25_01_median_v1
ENSG00000199990,VTRNA1-1,technical,0.0,Treehouse Tumor Compendium 25.01 PolyA median TPM,treehouse_polya_25_01_median_v1
ENSG00000202111,VTRNA1-2,technical,0.0,Treehouse Tumor Compendium 25.01 PolyA median TPM,treehouse_polya_25_01_median_v1
ENSG00000202515,VTRNA1-3,technical,0.0,Treehouse Tumor Compendium 25.01 PolyA median TPM,treehouse_polya_25_01_median_v1
ENSG00000270123,VTRNA2-1,technical,0.0,Treehouse Tumor Compendium 25.01 PolyA median TPM,treehouse_polya_25_01_median_v1
ENSG00000251900,VTRNA2-2P,technical,0.0,Treehouse Tumor Compendium 25.01 PolyA median TPM,treehouse_polya_25_01_median_v1
ENSG00000199422,VTRNA3-1P,technical,0.0,Treehouse Tumor Compendium 25.01 PolyA median TPM,treehouse_polya_25_01_median_v1
ENSG00000252283,Vault,technical,0.0,Treehouse Tumor Compendium 25.01 PolyA median TPM,treehouse_polya_25_01_median_v1
ENSG00000252328,Vault,technical,0.0,Treehouse Tumor Compendium 25.01 PolyA median TPM,treehouse_polya_25_01_median_v1
ENSG00000252485,Vault,technical,0.0,Treehouse Tumor Compendium 25.01 PolyA median TPM,treehouse_polya_25_01_median_v1
ENSG00000195401,Y_RNA,technical,0.0,Treehouse Tumor Compendium 25.01 PolyA median TPM,treehouse_polya_25_01_median_v1
ENSG00000199200,Y_RNA,technical,0.0,Treehouse Tumor Compendium 25.01 PolyA median TPM,treehouse_polya_25_01_median_v1
ENSG00000199201,Y_RNA,technical,0.0,Treehouse Tumor Compendium 25.01 PolyA median TPM,treehouse_polya_25_01_median_v1
ENSG00000199203,Y_RNA,technical,0.0,Treehouse Tumor Compendium 25.01 PolyA median TPM,treehouse_polya_25_01_median_v1
ENSG00000199204,Y_RNA,technical,0.0,Treehouse Tumor Compendium 25.01 PolyA median TPM,treehouse_polya_25_01_median_v1
ENSG00000199220,Y_RNA,technical,0.0,Treehouse Tumor Compendium 25.01 PolyA median TPM,treehouse_polya_25_01_median_v1
ENSG00000199222,Y_RNA,technical,0.0,Treehouse Tumor Compendium 25.01 PolyA median TPM,treehouse_polya_25_01_median_v1
ENSG00000199223,Y_RNA,technical,0.0,Treehouse Tumor Compendium 25.01 PolyA median TPM,treehouse_polya_25_01_median_v1
ENSG00000199224,Y_RNA,technical,0.0,Treehouse Tumor Compendium 25.01 PolyA median TPM,treehouse_polya_25_01_median_v1
ENSG00000199241,Y_RNA,technical,0.0,Treehouse Tumor Compendium 25.01 PolyA median TPM,treehouse_polya_25_01_median_v1
ENSG00000199245,Y_RNA,technical,0.0,Treehouse Tumor Compendium 25.01 PolyA median TPM,treehouse_polya_25_01_median_v1
ENSG00000199263,Y_RNA,technical,0.0,Treehouse Tumor Compendium 25.01 PolyA median TPM,treehouse_polya_25_01_median_v1
ENSG00000199273,Y_RNA,technical,0.0,Treehouse Tumor Compendium 25.01 PolyA median TPM,treehouse_polya_25_01_median_v1
ENSG00000199285,Y_RNA,technical,0.0,Treehouse Tumor Compendium 25.01 PolyA median TPM,treehouse_polya_25_01_median_v1
ENSG00000199290,Y_RNA,technical,0.0,Treehouse Tumor Compendium 25.01 PolyA median TPM,treehouse_polya_25_01_median_v1
ENSG00000199291,Y_RNA,technical,0.0,Treehouse Tumor Compendium 25.01 PolyA median TPM,treehouse_polya_25_01_median_v1
ENSG00000199303,Y_RNA,technical,0.0,Treehouse Tumor Compendium 25.01 PolyA median TPM,treehouse_polya_25_01_median_v1
ENSG00000199331,Y_RNA,technical,0.0,Treehouse Tumor Compendium 25.01 PolyA median TPM,treehouse_polya_25_01_median_v1
ENSG00000199332,Y_RNA,technical,0.0,Treehouse Tumor Compendium 25.01 PolyA median TPM,treehouse_polya_25_01_median_v1
ENSG00000199349,Y_RNA,technical,0.0,Treehouse Tumor Compendium 25.01 PolyA median TPM,treehouse_polya_25_01_median_v1
ENSG00000199357,Y_RNA,technical,0.0,Treehouse Tumor Compendium 25.01 PolyA median TPM,treehouse_polya_25_01_median_v1
ENSG00000199362,Y_RNA,technical,0.0,Treehouse Tumor Compendium 25.01 PolyA median TPM,treehouse_polya_25_01_median_v1
ENSG00000199366,Y_RNA,technical,0.0,Treehouse Tumor Compendium 25.01 PolyA median TPM,treehouse_polya_25_01_median_v1
ENSG00000199378,Y_RNA,technical,0.0,Treehouse Tumor Compendium 25.01 PolyA median TPM,treehouse_polya_25_01_median_v1
ENSG00000199398,Y_RNA,technical,0.0,Treehouse Tumor Compendium 25.01 PolyA median TPM,treehouse_polya_25_01_median_v1
ENSG00000199409,Y_RNA,technical,0.0,Treehouse Tumor Compendium 25.01 PolyA median TPM,treehouse_polya_25_01_median_v1
ENSG00000199410,Y_RNA,technical,0.0,Treehouse Tumor Compendium 25.01 PolyA median TPM,treehouse_polya_25_01_median_v1
ENSG00000199424,Y_RNA,technical,0.0,Treehouse Tumor Compendium 25.01 PolyA median TPM,treehouse_polya_25_01_median_v1
ENSG00000199440,Y_RNA,technical,0.0,Treehouse Tumor Compendium 25.01 PolyA median TPM,treehouse_polya_25_01_median_v1
ENSG00000199442,Y_RNA,technical,0.0,Treehouse Tumor Compendium 25.01 PolyA median TPM,treehouse_polya_25_01_median_v1
ENSG00000199444,Y_RNA,technical,0.0,Treehouse Tumor Compendium 25.01 PolyA median TPM,treehouse_polya_25_01_median_v1
ENSG00000199459,Y_RNA,technical,0.0,Treehouse Tumor Compendium 25.01 PolyA median TPM,treehouse_polya_25_01_median_v1
ENSG00000199461,Y_RNA,technical,0.0,Treehouse Tumor Compendium 25.01 PolyA median TPM,treehouse_polya_25_01_median_v1
ENSG00000199466,Y_RNA,technical,0.0,Treehouse Tumor Compendium 25.01 PolyA median TPM,treehouse_polya_25_01_median_v1
ENSG00000199471,Y_RNA,technical,0.0,Treehouse Tumor Compendium 25.01 PolyA median TPM,treehouse_polya_25_01_median_v1
ENSG00000199472,Y_RNA,technical,0.0,Treehouse Tumor Compendium 25.01 PolyA median TPM,treehouse_polya_25_01_median_v1
ENSG00000199476,Y_RNA,technical,0.0,Treehouse Tumor Compendium 25.01 PolyA median TPM,treehouse_polya_25_01_median_v1
ENSG00000199487,Y_RNA,technical,0.0,Treehouse Tumor Compendium 25.01 PolyA median TPM,treehouse_polya_25_01_median_v1
ENSG00000199490,Y_RNA,technical,0.0,Treehouse Tumor Compendium 25.01 PolyA median TPM,treehouse_polya_25_01_median_v1
ENSG00000199515,Y_RNA,technical,0.0,Treehouse Tumor Compendium 25.01 PolyA median TPM,treehouse_polya_25_01_median_v1
ENSG00000199516,Y_RNA,technical,0.0,Treehouse Tumor Compendium 25.01 PolyA median TPM,treehouse_polya_25_01_median_v1
ENSG00000199530,Y_RNA,technical,0.0,Treehouse Tumor Compendium 25.01 PolyA median TPM,treehouse_polya_25_01_median_v1
ENSG00000199540,Y_RNA,technical,0.0,Treehouse Tumor Compendium 25.01 PolyA median TPM,treehouse_polya_25_01_median_v1
ENSG00000199546,Y_RNA,technical,0.0,Treehouse Tumor Compendium 25.01 PolyA median TPM,treehouse_polya_25_01_median_v1
ENSG00000199550,Y_RNA,technical,0.0,Treehouse Tumor Compendium 25.01 PolyA median TPM,treehouse_polya_25_01_median_v1
ENSG00000199565,Y_RNA,technical,0.0,Treehouse Tumor Compendium 25.01 PolyA median TPM,treehouse_polya_25_01_median_v1
ENSG00000199567,Y_RNA,technical,0.0,Treehouse Tumor Compendium 25.01 PolyA median TPM,treehouse_polya_25_01_median_v1
ENSG00000199580,Y_RNA,technical,0.0,Treehouse Tumor Compendium 25.01 PolyA median TPM,treehouse_polya_25_01_median_v1
ENSG00000199584,Y_RNA,technical,0.0,Treehouse Tumor Compendium 25.01 PolyA median TPM,treehouse_polya_25_01_median_v1
ENSG00000199591,Y_RNA,technical,0.0,Treehouse Tumor Compendium 25.01 PolyA median TPM,treehouse_polya_25_01_median_v1
ENSG00000199595,Y_RNA,technical,0.0,Treehouse Tumor Compendium 25.01 PolyA median TPM,treehouse_polya_25_01_median_v1
ENSG00000199630,Y_RNA,technical,0.0,Treehouse Tumor Compendium 25.01 PolyA median TPM,treehouse_polya_25_01_median_v1
ENSG00000199635,Y_RNA,technical,0.0,Treehouse Tumor Compendium 25.01 PolyA median TPM,treehouse_polya_25_01_median_v1
ENSG00000199636,Y_RNA,technical,0.0,Treehouse Tumor Compendium 25.01 PolyA median TPM,treehouse_polya_25_01_median_v1
ENSG00000199667,Y_RNA,technical,0.0,Treehouse Tumor Compendium 25.01 PolyA median TPM,treehouse_polya_25_01_median_v1
ENSG00000199668,Y_RNA,technical,0.0,Treehouse Tumor Compendium 25.01 PolyA median TPM,treehouse_polya_25_01_median_v1
ENSG00000199676,Y_RNA,technical,0.0,Treehouse Tumor Compendium 25.01 PolyA median TPM,treehouse_polya_25_01_median_v1
ENSG00000199677,Y_RNA,technical,0.0,Treehouse Tumor Compendium 25.01 PolyA median TPM,treehouse_polya_25_01_median_v1
ENSG00000199698,Y_RNA,technical,0.0,Treehouse Tumor Compendium 25.01 PolyA median TPM,treehouse_polya_25_01_median_v1
ENSG00000199701,Y_RNA,technical,0.0,Treehouse Tumor Compendium 25.01 PolyA median TPM,treehouse_polya_25_01_median_v1
ENSG00000199705,Y_RNA,technical,0.0,Treehouse Tumor Compendium 25.01 PolyA median TPM,treehouse_polya_25_01_median_v1
ENSG00000199710,Y_RNA,technical,0.0,Treehouse Tumor Compendium 25.01 PolyA median TPM,treehouse_polya_25_01_median_v1
ENSG00000199711,Y_RNA,technical,0.0,Treehouse Tumor Compendium 25.01 PolyA median TPM,treehouse_polya_25_01_median_v1
ENSG00000199715,Y_RNA,technical,0.0,Treehouse Tumor Compendium 25.01 PolyA median TPM,treehouse_polya_25_01_median_v1
ENSG00000199716,Y_RNA,technical,0.0,Treehouse Tumor Compendium 25.01 PolyA median TPM,treehouse_polya_25_01_median_v1
ENSG00000199732,Y_RNA,technical,0.0,Treehouse Tumor Compendium 25.01 PolyA median TPM,treehouse_polya_25_01_median_v1
ENSG00000199740,Y_RNA,technical,0.0,Treehouse Tumor Compendium 25.01 PolyA median TPM,treehouse_polya_25_01_median_v1
ENSG00000199751,Y_RNA,technical,0.0,Treehouse Tumor Compendium 25.01 PolyA median TPM,treehouse_polya_25_01_median_v1
ENSG00000199755,Y_RNA,technical,0.0,Treehouse Tumor Compendium 25.01 PolyA median TPM,treehouse_polya_25_01_median_v1
ENSG00000199756,Y_RNA,technical,0.0,Treehouse Tumor Compendium 25.01 PolyA median TPM,treehouse_polya_25_01_median_v1
ENSG00000199762,Y_RNA,technical,0.0,Treehouse Tumor Compendium 25.01 PolyA median TPM,treehouse_polya_25_01_median_v1
ENSG00000199764,Y_RNA,technical,0.0,Treehouse Tumor Compendium 25.01 PolyA median TPM,treehouse_polya_25_01_median_v1
ENSG00000199780,Y_RNA,technical,0.0,Treehouse Tumor Compendium 25.01 PolyA median TPM,treehouse_polya_25_01_median_v1
ENSG00000199781,Y_RNA,technical,0.0,Treehouse Tumor Compendium 25.01 PolyA median TPM,treehouse_polya_25_01_median_v1
ENSG00000199797,Y_RNA,technical,0.0,Treehouse Tumor Compendium 25.01 PolyA median TPM,treehouse_polya_25_01_median_v1
ENSG00000199801,Y_RNA,technical,0.0,Treehouse Tumor Compendium 25.01 PolyA median TPM,treehouse_polya_25_01_median_v1
ENSG00000199832,Y_RNA,technical,0.0,Treehouse Tumor Compendium 25.01 PolyA median TPM,treehouse_polya_25_01_median_v1
ENSG00000199840,Y_RNA,technical,0.0,Treehouse Tumor Compendium 25.01 PolyA median TPM,treehouse_polya_25_01_median_v1
ENSG00000199862,Y_RNA,technical,0.0,Treehouse Tumor Compendium 25.01 PolyA median TPM,treehouse_polya_25_01_median_v1
ENSG00000199866,Y_RNA,technical,0.0,Treehouse Tumor Compendium 25.01 PolyA median TPM,treehouse_polya_25_01_median_v1
ENSG00000199867,Y_RNA,technical,0.0,Treehouse Tumor Compendium 25.01 PolyA median TPM,treehouse_polya_25_01_median_v1
ENSG00000199870,Y_RNA,technical,0.0,Treehouse Tumor Compendium 25.01 PolyA median TPM,treehouse_polya_25_01_median_v1
ENSG00000199875,Y_RNA,technical,0.0,Treehouse Tumor Compendium 25.01 PolyA median TPM,treehouse_polya_25_01_median_v1
ENSG00000199881,Y_RNA,technical,0.0,Treehouse Tumor Compendium 25.01 PolyA median TPM,treehouse_polya_25_01_median_v1
ENSG00000199884,Y_RNA,technical,0.0,Treehouse Tumor Compendium 25.01 PolyA median TPM,treehouse_polya_25_01_median_v1
ENSG00000199890,Y_RNA,technical,0.0,Treehouse Tumor Compendium 25.01 PolyA median TPM,treehouse_polya_25_01_median_v1
ENSG00000199895,Y_RNA,technical,0.0,Treehouse Tumor Compendium 25.01 PolyA median TPM,treehouse_polya_25_01_median_v1
ENSG00000199899,Y_RNA,technical,0.0,Treehouse Tumor Compendium 25.01 PolyA median TPM,treehouse_polya_25_01_median_v1
ENSG00000199901,Y_RNA,technical,0.0,Treehouse Tumor Compendium 25.01 PolyA median TPM,treehouse_polya_25_01_median_v1
ENSG00000199911,Y_RNA,technical,0.0,Treehouse Tumor Compendium 25.01 PolyA median TPM,treehouse_polya_25_01_median_v1
ENSG00000199912,Y_RNA,technical,0.0,Treehouse Tumor Compendium 25.01 PolyA median TPM,treehouse_polya_25_01_median_v1
ENSG00000199913,Y_RNA,technical,0.0,Treehouse Tumor Compendium 25.01 PolyA median TPM,treehouse_polya_25_01_median_v1
ENSG00000199936,Y_RNA,technical,0.0,Treehouse Tumor Compendium 25.01 PolyA median TPM,treehouse_polya_25_01_median_v1
ENSG00000199938,Y_RNA,technical,0.0,Treehouse Tumor Compendium 25.01 PolyA median TPM,treehouse_polya_25_01_median_v1
ENSG00000199949,Y_RNA,technical,0.0,Treehouse Tumor Compendium 25.01 PolyA median TPM,treehouse_polya_25_01_median_v1
ENSG00000199962,Y_RNA,technical,0.0,Treehouse Tumor Compendium 25.01 PolyA median TPM,treehouse_polya_25_01_median_v1
ENSG00000199964,Y_RNA,technical,0.0,Treehouse Tumor Compendium 25.01 PolyA median TPM,treehouse_polya_25_01_median_v1
ENSG00000199979,Y_RNA,technical,0.0,Treehouse Tumor Compendium 25.01 PolyA median TPM,treehouse_polya_25_01_median_v1
ENSG00000200008,Y_RNA,technical,0.0,Treehouse Tumor Compendium 25.01 PolyA median TPM,treehouse_polya_25_01_median_v1
ENSG00000200011,Y_RNA,technical,0.0,Treehouse Tumor Compendium 25.01 PolyA median TPM,treehouse_polya_25_01_median_v1
ENSG00000200024,Y_RNA,technical,0.0,Treehouse Tumor Compendium 25.01 PolyA median TPM,treehouse_polya_25_01_median_v1
ENSG00000200040,Y_RNA,technical,0.0,Treehouse Tumor Compendium 25.01 PolyA median TPM,treehouse_polya_25_01_median_v1
ENSG00000200041,Y_RNA,technical,0.0,Treehouse Tumor Compendium 25.01 PolyA median TPM,treehouse_polya_25_01_median_v1
ENSG00000200049,Y_RNA,technical,0.0,Treehouse Tumor Compendium 25.01 PolyA median TPM,treehouse_polya_25_01_median_v1
ENSG00000200052,Y_RNA,technical,0.0,Treehouse Tumor Compendium 25.01 PolyA median TPM,treehouse_polya_25_01_median_v1
ENSG00000200059,Y_RNA,technical,0.0,Treehouse Tumor Compendium 25.01 PolyA median TPM,treehouse_polya_25_01_median_v1
ENSG00000200060,Y_RNA,technical,0.0,Treehouse Tumor Compendium 25.01 PolyA median TPM,treehouse_polya_25_01_median_v1
ENSG00000200065,Y_RNA,technical,0.0,Treehouse Tumor Compendium 25.01 PolyA median TPM,treehouse_polya_25_01_median_v1
ENSG00000200085,Y_RNA,technical,0.0,Treehouse Tumor Compendium 25.01 PolyA median TPM,treehouse_polya_25_01_median_v1
ENSG00000200090,Y_RNA,technical,0.0,Treehouse Tumor Compendium 25.01 PolyA median TPM,treehouse_polya_25_01_median_v1
ENSG00000200118,Y_RNA,technical,0.0,Treehouse Tumor Compendium 25.01 PolyA median TPM,treehouse_polya_25_01_median_v1
ENSG00000200120,Y_RNA,technical,0.0,Treehouse Tumor Compendium 25.01 PolyA median TPM,treehouse_polya_25_01_median_v1
ENSG00000200121,Y_RNA,technical,0.0,Treehouse Tumor Compendium 25.01 PolyA median TPM,treehouse_polya_25_01_median_v1
ENSG00000200135,Y_RNA,technical,0.0,Treehouse Tumor Compendium 25.01 PolyA median TPM,treehouse_polya_25_01_median_v1
ENSG00000200142,Y_RNA,technical,0.0,Treehouse Tumor Compendium 25.01 PolyA median TPM,treehouse_polya_25_01_median_v1
ENSG00000200162,Y_RNA,technical,0.0,Treehouse Tumor Compendium 25.01 PolyA median TPM,treehouse_polya_25_01_median_v1
ENSG00000200164,Y_RNA,technical,0.0,Treehouse Tumor Compendium 25.01 PolyA median TPM,treehouse_polya_25_01_median_v1
ENSG00000200170,Y_RNA,technical,0.0,Treehouse Tumor Compendium 25.01 PolyA median TPM,treehouse_polya_25_01_median_v1
ENSG00000200171,Y_RNA,technical,0.0,Treehouse Tumor Compendium 25.01 PolyA median TPM,treehouse_polya_25_01_median_v1
ENSG00000200174,Y_RNA,technical,0.0,Treehouse Tumor Compendium 25.01 PolyA median TPM,treehouse_polya_25_01_median_v1
ENSG00000200179,Y_RNA,technical,0.0,Treehouse Tumor Compendium 25.01 PolyA median TPM,treehouse_polya_25_01_median_v1
ENSG00000200201,Y_RNA,technical,0.0,Treehouse Tumor Compendium 25.01 PolyA median TPM,treehouse_polya_25_01_median_v1
ENSG00000200208,Y_RNA,technical,0.0,Treehouse Tumor Compendium 25.01 PolyA median TPM,treehouse_polya_25_01_median_v1
ENSG00000200209,Y_RNA,technical,0.0,Treehouse Tumor Compendium 25.01 PolyA median TPM,treehouse_polya_25_01_median_v1
ENSG00000200241,Y_RNA,technical,0.0,Treehouse Tumor Compendium 25.01 PolyA median TPM,treehouse_polya_25_01_median_v1
ENSG00000200252,Y_RNA,technical,0.0,Treehouse Tumor Compendium 25.01 PolyA median TPM,treehouse_polya_25_01_median_v1
ENSG00000200256,Y_RNA,technical,0.0,Treehouse Tumor Compendium 25.01 PolyA median TPM,treehouse_polya_25_01_median_v1
ENSG00000200261,Y_RNA,technical,0.0,Treehouse Tumor Compendium 25.01 PolyA median TPM,treehouse_polya_25_01_median_v1
ENSG00000200262,Y_RNA,technical,0.0,Treehouse Tumor Compendium 25.01 PolyA median TPM,treehouse_polya_25_01_median_v1
ENSG00000200283,Y_RNA,technical,0.0,Treehouse Tumor Compendium 25.01 PolyA median TPM,treehouse_polya_25_01_median_v1
ENSG00000200287,Y_RNA,technical,0.0,Treehouse Tumor Compendium 25.01 PolyA median TPM,treehouse_polya_25_01_median_v1
ENSG00000200291,Y_RNA,technical,0.0,Treehouse Tumor Compendium 25.01 PolyA median TPM,treehouse_polya_25_01_median_v1
ENSG00000200298,Y_RNA,technical,0.0,Treehouse Tumor Compendium 25.01 PolyA median TPM,treehouse_polya_25_01_median_v1
ENSG00000200305,Y_RNA,technical,0.0,Treehouse Tumor Compendium 25.01 PolyA median TPM,treehouse_polya_25_01_median_v1
ENSG00000200309,Y_RNA,technical,0.0,Treehouse Tumor Compendium 25.01 PolyA median TPM,treehouse_polya_25_01_median_v1
ENSG00000200314,Y_RNA,technical,0.0,Treehouse Tumor Compendium 25.01 PolyA median TPM,treehouse_polya_25_01_median_v1
ENSG00000200325,Y_RNA,technical,0.0,Treehouse Tumor Compendium 25.01 PolyA median TPM,treehouse_polya_25_01_median_v1
ENSG00000200332,Y_RNA,technical,0.0,Treehouse Tumor Compendium 25.01 PolyA median TPM,treehouse_polya_25_01_median_v1
ENSG00000200334,Y_RNA,technical,0.0,Treehouse Tumor Compendium 25.01 PolyA median TPM,treehouse_polya_25_01_median_v1
ENSG00000200344,Y_RNA,technical,0.0,Treehouse Tumor Compendium 25.01 PolyA median TPM,treehouse_polya_25_01_median_v1
ENSG00000200351,Y_RNA,technical,0.0,Treehouse Tumor Compendium 25.01 PolyA median TPM,treehouse_polya_25_01_median_v1
ENSG00000200361,Y_RNA,technical,0.0,Treehouse Tumor Compendium 25.01 PolyA median TPM,treehouse_polya_25_01_median_v1
ENSG00000200390,Y_RNA,technical,0.0,Treehouse Tumor Compendium 25.01 PolyA median TPM,treehouse_polya_25_01_median_v1
ENSG00000200391,Y_RNA,technical,0.0,Treehouse Tumor Compendium 25.01 PolyA median TPM,treehouse_polya_25_01_median_v1
ENSG00000200397,Y_RNA,technical,0.0,Treehouse Tumor Compendium 25.01 PolyA median TPM,treehouse_polya_25_01_median_v1
ENSG00000200419,Y_RNA,technical,0.0,Treehouse Tumor Compendium 25.01 PolyA median TPM,treehouse_polya_25_01_median_v1
ENSG00000200421,Y_RNA,technical,0.0,Treehouse Tumor Compendium 25.01 PolyA median TPM,treehouse_polya_25_01_median_v1
ENSG00000200427,Y_RNA,technical,0.0,Treehouse Tumor Compendium 25.01 PolyA median TPM,treehouse_polya_25_01_median_v1
ENSG00000200428,Y_RNA,technical,0.0,Treehouse Tumor Compendium 25.01 PolyA median TPM,treehouse_polya_25_01_median_v1
ENSG00000200432,Y_RNA,technical,0.0,Treehouse Tumor Compendium 25.01 PolyA median TPM,treehouse_polya_25_01_median_v1
ENSG00000200436,Y_RNA,technical,0.0,Treehouse Tumor Compendium 25.01 PolyA median TPM,treehouse_polya_25_01_median_v1
ENSG00000200448,Y_RNA,technical,0.0,Treehouse Tumor Compendium 25.01 PolyA median TPM,treehouse_polya_25_01_median_v1
ENSG00000200485,Y_RNA,technical,0.0,Treehouse Tumor Compendium 25.01 PolyA median TPM,treehouse_polya_25_01_median_v1
ENSG00000200494,Y_RNA,technical,0.0,Treehouse Tumor Compendium 25.01 PolyA median TPM,treehouse_polya_25_01_median_v1
ENSG00000200502,Y_RNA,technical,0.0,Treehouse Tumor Compendium 25.01 PolyA median TPM,treehouse_polya_25_01_median_v1
ENSG00000200506,Y_RNA,technical,0.0,Treehouse Tumor Compendium 25.01 PolyA median TPM,treehouse_polya_25_01_median_v1
ENSG00000200508,Y_RNA,technical,0.0,Treehouse Tumor Compendium 25.01 PolyA median TPM,treehouse_polya_25_01_median_v1
ENSG00000200521,Y_RNA,technical,0.0,Treehouse Tumor Compendium 25.01 PolyA median TPM,treehouse_polya_25_01_median_v1
ENSG00000200544,Y_RNA,technical,0.0,Treehouse Tumor Compendium 25.01 PolyA median TPM,treehouse_polya_25_01_median_v1
ENSG00000200547,Y_RNA,technical,0.0,Treehouse Tumor Compendium 25.01 PolyA median TPM,treehouse_polya_25_01_median_v1
ENSG00000200552,Y_RNA,technical,0.0,Treehouse Tumor Compendium 25.01 PolyA median TPM,treehouse_polya_25_01_median_v1
ENSG00000200553,Y_RNA,technical,0.0,Treehouse Tumor Compendium 25.01 PolyA median TPM,treehouse_polya_25_01_median_v1
ENSG00000200572,Y_RNA,technical,0.0,Treehouse Tumor Compendium 25.01 PolyA median TPM,treehouse_polya_25_01_median_v1
ENSG00000200579,Y_RNA,technical,0.0,Treehouse Tumor Compendium 25.01 PolyA median TPM,treehouse_polya_25_01_median_v1
ENSG00000200591,Y_RNA,technical,0.0,Treehouse Tumor Compendium 25.01 PolyA median TPM,treehouse_polya_25_01_median_v1
ENSG00000200600,Y_RNA,technical,0.0,Treehouse Tumor Compendium 25.01 PolyA median TPM,treehouse_polya_25_01_median_v1
ENSG00000200605,Y_RNA,technical,0.0,Treehouse Tumor Compendium 25.01 PolyA median TPM,treehouse_polya_25_01_median_v1
ENSG00000200610,Y_RNA,technical,0.0,Treehouse Tumor Compendium 25.01 PolyA median TPM,treehouse_polya_25_01_median_v1
ENSG00000200615,Y_RNA,technical,0.0,Treehouse Tumor Compendium 25.01 PolyA median TPM,treehouse_polya_25_01_median_v1
ENSG00000200616,Y_RNA,technical,0.0,Treehouse Tumor Compendium 25.01 PolyA median TPM,treehouse_polya_25_01_median_v1
ENSG00000200630,Y_RNA,technical,0.0,Treehouse Tumor Compendium 25.01 PolyA median TPM,treehouse_polya_25_01_median_v1
ENSG00000200635,Y_RNA,technical,0.0,Treehouse Tumor Compendium 25.01 PolyA median TPM,treehouse_polya_25_01_median_v1
ENSG00000200646,Y_RNA,technical,0.0,Treehouse Tumor Compendium 25.01 PolyA median TPM,treehouse_polya_25_01_median_v1
ENSG00000200651,Y_RNA,technical,0.0,Treehouse Tumor Compendium 25.01 PolyA median TPM,treehouse_polya_25_01_median_v1
ENSG00000200664,Y_RNA,technical,0.0,Treehouse Tumor Compendium 25.01 PolyA median TPM,treehouse_polya_25_01_median_v1
ENSG00000200685,Y_RNA,technical,0.0,Treehouse Tumor Compendium 25.01 PolyA median TPM,treehouse_polya_25_01_median_v1
ENSG00000200688,Y_RNA,technical,0.0,Treehouse Tumor Compendium 25.01 PolyA median TPM,treehouse_polya_25_01_median_v1
ENSG00000200702,Y_RNA,technical,0.0,Treehouse Tumor Compendium 25.01 PolyA median TPM,treehouse_polya_25_01_median_v1
ENSG00000200714,Y_RNA,technical,0.0,Treehouse Tumor Compendium 25.01 PolyA median TPM,treehouse_polya_25_01_median_v1
ENSG00000200737,Y_RNA,technical,0.0,Treehouse Tumor Compendium 25.01 PolyA median TPM,treehouse_polya_25_01_median_v1
ENSG00000200742,Y_RNA,technical,0.0,Treehouse Tumor Compendium 25.01 PolyA median TPM,treehouse_polya_25_01_median_v1
ENSG00000200750,Y_RNA,technical,0.0,Treehouse Tumor Compendium 25.01 PolyA median TPM,treehouse_polya_25_01_median_v1
ENSG00000200752,Y_RNA,technical,0.0,Treehouse Tumor Compendium 25.01 PolyA median TPM,treehouse_polya_25_01_median_v1
ENSG00000200754,Y_RNA,technical,0.0,Treehouse Tumor Compendium 25.01 PolyA median TPM,treehouse_polya_25_01_median_v1
ENSG00000200764,Y_RNA,technical,0.0,Treehouse Tumor Compendium 25.01 PolyA median TPM,treehouse_polya_25_01_median_v1
ENSG00000200769,Y_RNA,technical,0.0,Treehouse Tumor Compendium 25.01 PolyA median TPM,treehouse_polya_25_01_median_v1
ENSG00000200788,Y_RNA,technical,0.0,Treehouse Tumor Compendium 25.01 PolyA median TPM,treehouse_polya_25_01_median_v1
ENSG00000200822,Y_RNA,technical,0.0,Treehouse Tumor Compendium 25.01 PolyA median TPM,treehouse_polya_25_01_median_v1
ENSG00000200829,Y_RNA,technical,0.0,Treehouse Tumor Compendium 25.01 PolyA median TPM,treehouse_polya_25_01_median_v1
ENSG00000200834,Y_RNA,technical,0.0,Treehouse Tumor Compendium 25.01 PolyA median TPM,treehouse_polya_25_01_median_v1
ENSG00000200842,Y_RNA,technical,0.0,Treehouse Tumor Compendium 25.01 PolyA median TPM,treehouse_polya_25_01_median_v1
ENSG00000200847,Y_RNA,technical,0.0,Treehouse Tumor Compendium 25.01 PolyA median TPM,treehouse_polya_25_01_median_v1
ENSG00000200849,Y_RNA,technical,0.0,Treehouse Tumor Compendium 25.01 PolyA median TPM,treehouse_polya_25_01_median_v1
ENSG00000200855,Y_RNA,technical,0.0,Treehouse Tumor Compendium 25.01 PolyA median TPM,treehouse_polya_25_01_median_v1
ENSG00000200857,Y_RNA,technical,0.0,Treehouse Tumor Compendium 25.01 PolyA median TPM,treehouse_polya_25_01_median_v1
ENSG00000200860,Y_RNA,technical,0.0,Treehouse Tumor Compendium 25.01 PolyA median TPM,treehouse_polya_25_01_median_v1
ENSG00000200874,Y_RNA,technical,0.0,Treehouse Tumor Compendium 25.01 PolyA median TPM,treehouse_polya_25_01_median_v1
ENSG00000200883,Y_RNA,technical,0.0,Treehouse Tumor Compendium 25.01 PolyA median TPM,treehouse_polya_25_01_median_v1
ENSG00000200884,Y_RNA,technical,0.0,Treehouse Tumor Compendium 25.01 PolyA median TPM,treehouse_polya_25_01_median_v1
ENSG00000200888,Y_RNA,technical,0.0,Treehouse Tumor Compendium 25.01 PolyA median TPM,treehouse_polya_25_01_median_v1
ENSG00000200922,Y_RNA,technical,0.0,Treehouse Tumor Compendium 25.01 PolyA median TPM,treehouse_polya_25_01_median_v1
ENSG00000200953,Y_RNA,technical,0.0,Treehouse Tumor Compendium 25.01 PolyA median TPM,treehouse_polya_25_01_median_v1
ENSG00000200976,Y_RNA,technical,0.0,Treehouse Tumor Compendium 25.01 PolyA median TPM,treehouse_polya_25_01_median_v1
ENSG00000200982,Y_RNA,technical,0.0,Treehouse Tumor Compendium 25.01 PolyA median TPM,treehouse_polya_25_01_median_v1
ENSG00000200998,Y_RNA,technical,0.0,Treehouse Tumor Compendium 25.01 PolyA median TPM,treehouse_polya_25_01_median_v1
ENSG00000201006,Y_RNA,technical,0.0,Treehouse Tumor Compendium 25.01 PolyA median TPM,treehouse_polya_25_01_median_v1
ENSG00000201012,Y_RNA,technical,0.0,Treehouse Tumor Compendium 25.01 PolyA median TPM,treehouse_polya_25_01_median_v1
ENSG00000201013,Y_RNA,technical,0.0,Treehouse Tumor Compendium 25.01 PolyA median TPM,treehouse_polya_25_01_median_v1
ENSG00000201026,Y_RNA,technical,0.0,Treehouse Tumor Compendium 25.01 PolyA median TPM,treehouse_polya_25_01_median_v1
ENSG00000201031,Y_RNA,technical,0.0,Treehouse Tumor Compendium 25.01 PolyA median TPM,treehouse_polya_25_01_median_v1
ENSG00000201034,Y_RNA,technical,0.0,Treehouse Tumor Compendium 25.01 PolyA median TPM,treehouse_polya_25_01_median_v1
ENSG00000201047,Y_RNA,technical,0.0,Treehouse Tumor Compendium 25.01 PolyA median TPM,treehouse_polya_25_01_median_v1
ENSG00000201048,Y_RNA,technical,0.0,Treehouse Tumor Compendium 25.01 PolyA median TPM,treehouse_polya_25_01_median_v1
ENSG00000201071,Y_RNA,technical,0.0,Treehouse Tumor Compendium 25.01 PolyA median TPM,treehouse_polya_25_01_median_v1
ENSG00000201074,Y_RNA,technical,0.0,Treehouse Tumor Compendium 25.01 PolyA median TPM,treehouse_polya_25_01_median_v1
ENSG00000201075,Y_RNA,technical,0.0,Treehouse Tumor Compendium 25.01 PolyA median TPM,treehouse_polya_25_01_median_v1
ENSG00000201084,Y_RNA,technical,0.0,Treehouse Tumor Compendium 25.01 PolyA median TPM,treehouse_polya_25_01_median_v1
ENSG00000201088,Y_RNA,technical,0.0,Treehouse Tumor Compendium 25.01 PolyA median TPM,treehouse_polya_25_01_median_v1
ENSG00000201102,Y_RNA,technical,0.0,Treehouse Tumor Compendium 25.01 PolyA median TPM,treehouse_polya_25_01_median_v1
ENSG00000201114,Y_RNA,technical,0.0,Treehouse Tumor Compendium 25.01 PolyA median TPM,treehouse_polya_25_01_median_v1
ENSG00000201118,Y_RNA,technical,0.0,Treehouse Tumor Compendium 25.01 PolyA median TPM,treehouse_polya_25_01_median_v1
ENSG00000201134,Y_RNA,technical,0.0,Treehouse Tumor Compendium 25.01 PolyA median TPM,treehouse_polya_25_01_median_v1
ENSG00000201160,Y_RNA,technical,0.0,Treehouse Tumor Compendium 25.01 PolyA median TPM,treehouse_polya_25_01_median_v1
ENSG00000201178,Y_RNA,technical,0.0,Treehouse Tumor Compendium 25.01 PolyA median TPM,treehouse_polya_25_01_median_v1
ENSG00000201196,Y_RNA,technical,0.0,Treehouse Tumor Compendium 25.01 PolyA median TPM,treehouse_polya_25_01_median_v1
ENSG00000201207,Y_RNA,technical,0.0,Treehouse Tumor Compendium 25.01 PolyA median TPM,treehouse_polya_25_01_median_v1
ENSG00000201208,Y_RNA,technical,0.0,Treehouse Tumor Compendium 25.01 PolyA median TPM,treehouse_polya_25_01_median_v1
ENSG00000201216,Y_RNA,technical,0.0,Treehouse Tumor Compendium 25.01 PolyA median TPM,treehouse_polya_25_01_median_v1
ENSG00000201217,Y_RNA,technical,0.0,Treehouse Tumor Compendium 25.01 PolyA median TPM,treehouse_polya_25_01_median_v1
ENSG00000201218,Y_RNA,technical,0.0,Treehouse Tumor Compendium 25.01 PolyA median TPM,treehouse_polya_25_01_median_v1
ENSG00000201228,Y_RNA,technical,0.0,Treehouse Tumor Compendium 25.01 PolyA median TPM,treehouse_polya_25_01_median_v1
ENSG00000201239,Y_RNA,technical,0.0,Treehouse Tumor Compendium 25.01 PolyA median TPM,treehouse_polya_25_01_median_v1
ENSG00000201277,Y_RNA,technical,0.0,Treehouse Tumor Compendium 25.01 PolyA median TPM,treehouse_polya_25_01_median_v1
ENSG00000201279,Y_RNA,technical,0.0,Treehouse Tumor Compendium 25.01 PolyA median TPM,treehouse_polya_25_01_median_v1
ENSG00000201282,Y_RNA,technical,0.0,Treehouse Tumor Compendium 25.01 PolyA median TPM,treehouse_polya_25_01_median_v1
ENSG00000201297,Y_RNA,technical,0.0,Treehouse Tumor Compendium 25.01 PolyA median TPM,treehouse_polya_25_01_median_v1
ENSG00000201309,Y_RNA,technical,0.0,Treehouse Tumor Compendium 25.01 PolyA median TPM,treehouse_polya_25_01_median_v1
ENSG00000201311,Y_RNA,technical,0.0,Treehouse Tumor Compendium 25.01 PolyA median TPM,treehouse_polya_25_01_median_v1
ENSG00000201314,Y_RNA,technical,0.0,Treehouse Tumor Compendium 25.01 PolyA median TPM,treehouse_polya_25_01_median_v1
ENSG00000201339,Y_RNA,technical,0.0,Treehouse Tumor Compendium 25.01 PolyA median TPM,treehouse_polya_25_01_median_v1
ENSG00000201340,Y_RNA,technical,0.0,Treehouse Tumor Compendium 25.01 PolyA median TPM,treehouse_polya_25_01_median_v1
ENSG00000201343,Y_RNA,technical,0.0,Treehouse Tumor Compendium 25.01 PolyA median TPM,treehouse_polya_25_01_median_v1
ENSG00000201351,Y_RNA,technical,0.0,Treehouse Tumor Compendium 25.01 PolyA median TPM,treehouse_polya_25_01_median_v1
ENSG00000201354,Y_RNA,technical,0.0,Treehouse Tumor Compendium 25.01 PolyA median TPM,treehouse_polya_25_01_median_v1
ENSG00000201363,Y_RNA,technical,0.0,Treehouse Tumor Compendium 25.01 PolyA median TPM,treehouse_polya_25_01_median_v1
ENSG00000201365,Y_RNA,technical,0.0,Treehouse Tumor Compendium 25.01 PolyA median TPM,treehouse_polya_25_01_median_v1
ENSG00000201370,Y_RNA,technical,0.0,Treehouse Tumor Compendium 25.01 PolyA median TPM,treehouse_polya_25_01_median_v1
ENSG00000201371,Y_RNA,technical,0.0,Treehouse Tumor Compendium 25.01 PolyA median TPM,treehouse_polya_25_01_median_v1
ENSG00000201405,Y_RNA,technical,0.0,Treehouse Tumor Compendium 25.01 PolyA median TPM,treehouse_polya_25_01_median_v1
ENSG00000201412,Y_RNA,technical,0.0,Treehouse Tumor Compendium 25.01 PolyA median TPM,treehouse_polya_25_01_median_v1
ENSG00000201421,Y_RNA,technical,0.0,Treehouse Tumor Compendium 25.01 PolyA median TPM,treehouse_polya_25_01_median_v1
ENSG00000201426,Y_RNA,technical,0.0,Treehouse Tumor Compendium 25.01 PolyA median TPM,treehouse_polya_25_01_median_v1
ENSG00000201432,Y_RNA,technical,0.0,Treehouse Tumor Compendium 25.01 PolyA median TPM,treehouse_polya_25_01_median_v1
ENSG00000201442,Y_RNA,technical,0.0,Treehouse Tumor Compendium 25.01 PolyA median TPM,treehouse_polya_25_01_median_v1
ENSG00000201451,Y_RNA,technical,0.0,Treehouse Tumor Compendium 25.01 PolyA median TPM,treehouse_polya_25_01_median_v1
ENSG00000201464,Y_RNA,technical,0.0,Treehouse Tumor Compendium 25.01 PolyA median TPM,treehouse_polya_25_01_median_v1
ENSG00000201466,Y_RNA,technical,0.0,Treehouse Tumor Compendium 25.01 PolyA median TPM,treehouse_polya_25_01_median_v1
ENSG00000201483,Y_RNA,technical,0.0,Treehouse Tumor Compendium 25.01 PolyA median TPM,treehouse_polya_25_01_median_v1
ENSG00000201489,Y_RNA,technical,0.0,Treehouse Tumor Compendium 25.01 PolyA median TPM,treehouse_polya_25_01_median_v1
ENSG00000201498,Y_RNA,technical,0.0,Treehouse Tumor Compendium 25.01 PolyA median TPM,treehouse_polya_25_01_median_v1
ENSG00000201501,Y_RNA,technical,0.0,Treehouse Tumor Compendium 25.01 PolyA median TPM,treehouse_polya_25_01_median_v1
ENSG00000201511,Y_RNA,technical,0.0,Treehouse Tumor Compendium 25.01 PolyA median TPM,treehouse_polya_25_01_median_v1
ENSG00000201529,Y_RNA,technical,0.0,Treehouse Tumor Compendium 25.01 PolyA median TPM,treehouse_polya_25_01_median_v1
ENSG00000201535,Y_RNA,technical,0.0,Treehouse Tumor Compendium 25.01 PolyA median TPM,treehouse_polya_25_01_median_v1
ENSG00000201547,Y_RNA,technical,0.0,Treehouse Tumor Compendium 25.01 PolyA median TPM,treehouse_polya_25_01_median_v1
ENSG00000201548,Y_RNA,technical,0.0,Treehouse Tumor Compendium 25.01 PolyA median TPM,treehouse_polya_25_01_median_v1
ENSG00000201549,Y_RNA,technical,0.0,Treehouse Tumor Compendium 25.01 PolyA median TPM,treehouse_polya_25_01_median_v1
ENSG00000201554,Y_RNA,technical,0.0,Treehouse Tumor Compendium 25.01 PolyA median TPM,treehouse_polya_25_01_median_v1
ENSG00000201555,Y_RNA,technical,0.0,Treehouse Tumor Compendium 25.01 PolyA median TPM,treehouse_polya_25_01_median_v1
ENSG00000201563,Y_RNA,technical,0.0,Treehouse Tumor Compendium 25.01 PolyA median TPM,treehouse_polya_25_01_median_v1
ENSG00000201565,Y_RNA,technical,0.0,Treehouse Tumor Compendium 25.01 PolyA median TPM,treehouse_polya_25_01_median_v1
ENSG00000201566,Y_RNA,technical,0.0,Treehouse Tumor Compendium 25.01 PolyA median TPM,treehouse_polya_25_01_median_v1
ENSG00000201573,Y_RNA,technical,0.0,Treehouse Tumor Compendium 25.01 PolyA median TPM,treehouse_polya_25_01_median_v1
ENSG00000201584,Y_RNA,technical,0.0,Treehouse Tumor Compendium 25.01 PolyA median TPM,treehouse_polya_25_01_median_v1
ENSG00000201596,Y_RNA,technical,0.0,Treehouse Tumor Compendium 25.01 PolyA median TPM,treehouse_polya_25_01_median_v1
ENSG00000201602,Y_RNA,technical,0.0,Treehouse Tumor Compendium 25.01 PolyA median TPM,treehouse_polya_25_01_median_v1
ENSG00000201624,Y_RNA,technical,0.0,Treehouse Tumor Compendium 25.01 PolyA median TPM,treehouse_polya_25_01_median_v1
ENSG00000201627,Y_RNA,technical,0.0,Treehouse Tumor Compendium 25.01 PolyA median TPM,treehouse_polya_25_01_median_v1
ENSG00000201633,Y_RNA,technical,0.0,Treehouse Tumor Compendium 25.01 PolyA median TPM,treehouse_polya_25_01_median_v1
ENSG00000201635,Y_RNA,technical,0.0,Treehouse Tumor Compendium 25.01 PolyA median TPM,treehouse_polya_25_01_median_v1
ENSG00000201644,Y_RNA,technical,0.0,Treehouse Tumor Compendium 25.01 PolyA median TPM,treehouse_polya_25_01_median_v1
ENSG00000201663,Y_RNA,technical,0.0,Treehouse Tumor Compendium 25.01 PolyA median TPM,treehouse_polya_25_01_median_v1
ENSG00000201668,Y_RNA,technical,0.0,Treehouse Tumor Compendium 25.01 PolyA median TPM,treehouse_polya_25_01_median_v1
ENSG00000201676,Y_RNA,technical,0.0,Treehouse Tumor Compendium 25.01 PolyA median TPM,treehouse_polya_25_01_median_v1
ENSG00000201680,Y_RNA,technical,0.0,Treehouse Tumor Compendium 25.01 PolyA median TPM,treehouse_polya_25_01_median_v1
ENSG00000201683,Y_RNA,technical,0.0,Treehouse Tumor Compendium 25.01 PolyA median TPM,treehouse_polya_25_01_median_v1
ENSG00000201723,Y_RNA,technical,0.0,Treehouse Tumor Compendium 25.01 PolyA median TPM,treehouse_polya_25_01_median_v1
ENSG00000201724,Y_RNA,technical,0.0,Treehouse Tumor Compendium 25.01 PolyA median TPM,treehouse_polya_25_01_median_v1
ENSG00000201741,Y_RNA,technical,0.0,Treehouse Tumor Compendium 25.01 PolyA median TPM,treehouse_polya_25_01_median_v1
ENSG00000201749,Y_RNA,technical,0.0,Treehouse Tumor Compendium 25.01 PolyA median TPM,treehouse_polya_25_01_median_v1
ENSG00000201756,Y_RNA,technical,0.0,Treehouse Tumor Compendium 25.01 PolyA median TPM,treehouse_polya_25_01_median_v1
ENSG00000201774,Y_RNA,technical,0.0,Treehouse Tumor Compendium 25.01 PolyA median TPM,treehouse_polya_25_01_median_v1
ENSG00000201778,Y_RNA,technical,0.0,Treehouse Tumor Compendium 25.01 PolyA median TPM,treehouse_polya_25_01_median_v1
ENSG00000201786,Y_RNA,technical,0.0,Treehouse Tumor Compendium 25.01 PolyA median TPM,treehouse_polya_25_01_median_v1
ENSG00000201788,Y_RNA,technical,0.0,Treehouse Tumor Compendium 25.01 PolyA median TPM,treehouse_polya_25_01_median_v1
ENSG00000201800,Y_RNA,technical,0.0,Treehouse Tumor Compendium 25.01 PolyA median TPM,treehouse_polya_25_01_median_v1
ENSG00000201820,Y_RNA,technical,0.0,Treehouse Tumor Compendium 25.01 PolyA median TPM,treehouse_polya_25_01_median_v1
ENSG00000201830,Y_RNA,technical,0.0,Treehouse Tumor Compendium 25.01 PolyA median TPM,treehouse_polya_25_01_median_v1
ENSG00000201843,Y_RNA,technical,0.0,Treehouse Tumor Compendium 25.01 PolyA median TPM,treehouse_polya_25_01_median_v1
ENSG00000201850,Y_RNA,technical,0.0,Treehouse Tumor Compendium 25.01 PolyA median TPM,treehouse_polya_25_01_median_v1
ENSG00000201860,Y_RNA,technical,0.0,Treehouse Tumor Compendium 25.01 PolyA median TPM,treehouse_polya_25_01_median_v1
ENSG00000201867,Y_RNA,technical,0.0,Treehouse Tumor Compendium 25.01 PolyA median TPM,treehouse_polya_25_01_median_v1
ENSG00000201868,Y_RNA,technical,0.0,Treehouse Tumor Compendium 25.01 PolyA median TPM,treehouse_polya_25_01_median_v1
ENSG00000201881,Y_RNA,technical,0.0,Treehouse Tumor Compendium 25.01 PolyA median TPM,treehouse_polya_25_01_median_v1
ENSG00000201884,Y_RNA,technical,0.0,Treehouse Tumor Compendium 25.01 PolyA median TPM,treehouse_polya_25_01_median_v1
ENSG00000201885,Y_RNA,technical,0.0,Treehouse Tumor Compendium 25.01 PolyA median TPM,treehouse_polya_25_01_median_v1
ENSG00000201892,Y_RNA,technical,0.0,Treehouse Tumor Compendium 25.01 PolyA median TPM,treehouse_polya_25_01_median_v1
ENSG00000201913,Y_RNA,technical,0.0,Treehouse Tumor Compendium 25.01 PolyA median TPM,treehouse_polya_25_01_median_v1
ENSG00000201916,Y_RNA,technical,0.0,Treehouse Tumor Compendium 25.01 PolyA median TPM,treehouse_polya_25_01_median_v1
ENSG00000201933,Y_RNA,technical,0.0,Treehouse Tumor Compendium 25.01 PolyA median TPM,treehouse_polya_25_01_median_v1
ENSG00000201938,Y_RNA,technical,0.0,Treehouse Tumor Compendium 25.01 PolyA median TPM,treehouse_polya_25_01_median_v1
ENSG00000201959,Y_RNA,technical,0.0,Treehouse Tumor Compendium 25.01 PolyA median TPM,treehouse_polya_25_01_median_v1
ENSG00000201965,Y_RNA,technical,0.0,Treehouse Tumor Compendium 25.01 PolyA median TPM,treehouse_polya_25_01_median_v1
ENSG00000201984,Y_RNA,technical,0.0,Treehouse Tumor Compendium 25.01 PolyA median TPM,treehouse_polya_25_01_median_v1
ENSG00000201987,Y_RNA,technical,0.0,Treehouse Tumor Compendium 25.01 PolyA median TPM,treehouse_polya_25_01_median_v1
ENSG00000201988,Y_RNA,technical,0.0,Treehouse Tumor Compendium 25.01 PolyA median TPM,treehouse_polya_25_01_median_v1
ENSG00000201990,Y_RNA,technical,0.0,Treehouse Tumor Compendium 25.01 PolyA median TPM,treehouse_polya_25_01_median_v1
ENSG00000202001,Y_RNA,technical,0.0,Treehouse Tumor Compendium 25.01 PolyA median TPM,treehouse_polya_25_01_median_v1
ENSG00000202008,Y_RNA,technical,0.0,Treehouse Tumor Compendium 25.01 PolyA median TPM,treehouse_polya_25_01_median_v1
ENSG00000202014,Y_RNA,technical,0.0,Treehouse Tumor Compendium 25.01 PolyA median TPM,treehouse_polya_25_01_median_v1
ENSG00000202019,Y_RNA,technical,0.0,Treehouse Tumor Compendium 25.01 PolyA median TPM,treehouse_polya_25_01_median_v1
ENSG00000202021,Y_RNA,technical,0.0,Treehouse Tumor Compendium 25.01 PolyA median TPM,treehouse_polya_25_01_median_v1
ENSG00000202027,Y_RNA,technical,0.0,Treehouse Tumor Compendium 25.01 PolyA median TPM,treehouse_polya_25_01_median_v1
ENSG00000202035,Y_RNA,technical,0.0,Treehouse Tumor Compendium 25.01 PolyA median TPM,treehouse_polya_25_01_median_v1
ENSG00000202041,Y_RNA,technical,0.0,Treehouse Tumor Compendium 25.01 PolyA median TPM,treehouse_polya_25_01_median_v1
ENSG00000202046,Y_RNA,technical,0.0,Treehouse Tumor Compendium 25.01 PolyA median TPM,treehouse_polya_25_01_median_v1
ENSG00000202071,Y_RNA,technical,0.0,Treehouse Tumor Compendium 25.01 PolyA median TPM,treehouse_polya_25_01_median_v1
ENSG00000202078,Y_RNA,technical,0.0,Treehouse Tumor Compendium 25.01 PolyA median TPM,treehouse_polya_25_01_median_v1
ENSG00000202079,Y_RNA,technical,0.0,Treehouse Tumor Compendium 25.01 PolyA median TPM,treehouse_polya_25_01_median_v1
ENSG00000202100,Y_RNA,technical,0.0,Treehouse Tumor Compendium 25.01 PolyA median TPM,treehouse_polya_25_01_median_v1
ENSG00000202137,Y_RNA,technical,0.0,Treehouse Tumor Compendium 25.01 PolyA median TPM,treehouse_polya_25_01_median_v1
ENSG00000202141,Y_RNA,technical,0.0,Treehouse Tumor Compendium 25.01 PolyA median TPM,treehouse_polya_25_01_median_v1
ENSG00000202144,Y_RNA,technical,0.0,Treehouse Tumor Compendium 25.01 PolyA median TPM,treehouse_polya_25_01_median_v1
ENSG00000202146,Y_RNA,technical,0.0,Treehouse Tumor Compendium 25.01 PolyA median TPM,treehouse_polya_25_01_median_v1
ENSG00000202169,Y_RNA,technical,0.0,Treehouse Tumor Compendium 25.01 PolyA median TPM,treehouse_polya_25_01_median_v1
ENSG00000202177,Y_RNA,technical,0.0,Treehouse Tumor Compendium 25.01 PolyA median TPM,treehouse_polya_25_01_median_v1
ENSG00000202182,Y_RNA,technical,0.0,Treehouse Tumor Compendium 25.01 PolyA median TPM,treehouse_polya_25_01_median_v1
ENSG00000202190,Y_RNA,technical,0.0,Treehouse Tumor Compendium 25.01 PolyA median TPM,treehouse_polya_25_01_median_v1
ENSG00000202195,Y_RNA,technical,0.0,Treehouse Tumor Compendium 25.01 PolyA median TPM,treehouse_polya_25_01_median_v1
ENSG00000202200,Y_RNA,technical,0.0,Treehouse Tumor Compendium 25.01 PolyA median TPM,treehouse_polya_25_01_median_v1
ENSG00000202211,Y_RNA,technical,0.0,Treehouse Tumor Compendium 25.01 PolyA median TPM,treehouse_polya_25_01_median_v1
ENSG00000202222,Y_RNA,technical,0.0,Treehouse Tumor Compendium 25.01 PolyA median TPM,treehouse_polya_25_01_median_v1
ENSG00000202224,Y_RNA,technical,0.0,Treehouse Tumor Compendium 25.01 PolyA median TPM,treehouse_polya_25_01_median_v1
ENSG00000202251,Y_RNA,technical,0.0,Treehouse Tumor Compendium 25.01 PolyA median TPM,treehouse_polya_25_01_median_v1
ENSG00000202254,Y_RNA,technical,0.0,Treehouse Tumor Compendium 25.01 PolyA median TPM,treehouse_polya_25_01_median_v1
ENSG00000202255,Y_RNA,technical,0.0,Treehouse Tumor Compendium 25.01 PolyA median TPM,treehouse_polya_25_01_median_v1
ENSG00000202272,Y_RNA,technical,0.0,Treehouse Tumor Compendium 25.01 PolyA median TPM,treehouse_polya_25_01_median_v1
ENSG00000202273,Y_RNA,technical,0.0,Treehouse Tumor Compendium 25.01 PolyA median TPM,treehouse_polya_25_01_median_v1
ENSG00000202276,Y_RNA,technical,0.0,Treehouse Tumor Compendium 25.01 PolyA median TPM,treehouse_polya_25_01_median_v1
ENSG00000202279,Y_RNA,technical,0.0,Treehouse Tumor Compendium 25.01 PolyA median TPM,treehouse_polya_25_01_median_v1
ENSG00000202306,Y_RNA,technical,0.0,Treehouse Tumor Compendium 25.01 PolyA median TPM,treehouse_polya_25_01_median_v1
ENSG00000202309,Y_RNA,technical,0.0,Treehouse Tumor Compendium 25.01 PolyA median TPM,treehouse_polya_25_01_median_v1
ENSG00000202310,Y_RNA,technical,0.0,Treehouse Tumor Compendium 25.01 PolyA median TPM,treehouse_polya_25_01_median_v1
ENSG00000202318,Y_RNA,technical,0.0,Treehouse Tumor Compendium 25.01 PolyA median TPM,treehouse_polya_25_01_median_v1
ENSG00000202332,Y_RNA,technical,0.0,Treehouse Tumor Compendium 25.01 PolyA median TPM,treehouse_polya_25_01_median_v1
ENSG00000202345,Y_RNA,technical,0.0,Treehouse Tumor Compendium 25.01 PolyA median TPM,treehouse_polya_25_01_median_v1
ENSG00000202357,Y_RNA,technical,0.0,Treehouse Tumor Compendium 25.01 PolyA median TPM,treehouse_polya_25_01_median_v1
ENSG00000202361,Y_RNA,technical,0.0,Treehouse Tumor Compendium 25.01 PolyA median TPM,treehouse_polya_25_01_median_v1
ENSG00000202368,Y_RNA,technical,0.0,Treehouse Tumor Compendium 25.01 PolyA median TPM,treehouse_polya_25_01_median_v1
ENSG00000202382,Y_RNA,technical,0.0,Treehouse Tumor Compendium 25.01 PolyA median TPM,treehouse_polya_25_01_median_v1
ENSG00000202385,Y_RNA,technical,0.0,Treehouse Tumor Compendium 25.01 PolyA median TPM,treehouse_polya_25_01_median_v1
ENSG00000202388,Y_RNA,technical,0.0,Treehouse Tumor Compendium 25.01 PolyA median TPM,treehouse_polya_25_01_median_v1
ENSG00000202399,Y_RNA,technical,0.0,Treehouse Tumor Compendium 25.01 PolyA median TPM,treehouse_polya_25_01_median_v1
ENSG00000202402,Y_RNA,technical,0.0,Treehouse Tumor Compendium 25.01 PolyA median TPM,treehouse_polya_25_01_median_v1
ENSG00000202407,Y_RNA,technical,0.0,Treehouse Tumor Compendium 25.01 PolyA median TPM,treehouse_polya_25_01_median_v1
ENSG00000202410,Y_RNA,technical,0.0,Treehouse Tumor Compendium 25.01 PolyA median TPM,treehouse_polya_25_01_median_v1
ENSG00000202414,Y_RNA,technical,0.0,Treehouse Tumor Compendium 25.01 PolyA median TPM,treehouse_polya_25_01_median_v1
ENSG00000202417,Y_RNA,technical,0.0,Treehouse Tumor Compendium 25.01 PolyA median TPM,treehouse_polya_25_01_median_v1
ENSG00000202438,Y_RNA,technical,0.0,Treehouse Tumor Compendium 25.01 PolyA median TPM,treehouse_polya_25_01_median_v1
ENSG00000202459,Y_RNA,technical,0.0,Treehouse Tumor Compendium 25.01 PolyA median TPM,treehouse_polya_25_01_median_v1
ENSG00000202461,Y_RNA,technical,0.0,Treehouse Tumor Compendium 25.01 PolyA median TPM,treehouse_polya_25_01_median_v1
ENSG00000202469,Y_RNA,technical,0.0,Treehouse Tumor Compendium 25.01 PolyA median TPM,treehouse_polya_25_01_median_v1
ENSG00000202470,Y_RNA,technical,0.0,Treehouse Tumor Compendium 25.01 PolyA median TPM,treehouse_polya_25_01_median_v1
ENSG00000202476,Y_RNA,technical,0.0,Treehouse Tumor Compendium 25.01 PolyA median TPM,treehouse_polya_25_01_median_v1
ENSG00000202495,Y_RNA,technical,0.0,Treehouse Tumor Compendium 25.01 PolyA median TPM,treehouse_polya_25_01_median_v1
ENSG00000202508,Y_RNA,technical,0.0,Treehouse Tumor Compendium 25.01 PolyA median TPM,treehouse_polya_25_01_median_v1
ENSG00000202514,Y_RNA,technical,0.0,Treehouse Tumor Compendium 25.01 PolyA median TPM,treehouse_polya_25_01_median_v1
ENSG00000202522,Y_RNA,technical,0.0,Treehouse Tumor Compendium 25.01 PolyA median TPM,treehouse_polya_25_01_median_v1
ENSG00000202523,Y_RNA,technical,0.0,Treehouse Tumor Compendium 25.01 PolyA median TPM,treehouse_polya_25_01_median_v1
ENSG00000202533,Y_RNA,technical,0.0,Treehouse Tumor Compendium 25.01 PolyA median TPM,treehouse_polya_25_01_median_v1
ENSG00000202536,Y_RNA,technical,0.0,Treehouse Tumor Compendium 25.01 PolyA median TPM,treehouse_polya_25_01_median_v1
ENSG00000202542,Y_RNA,technical,0.0,Treehouse Tumor Compendium 25.01 PolyA median TPM,treehouse_polya_25_01_median_v1
ENSG00000206582,Y_RNA,technical,0.0,Treehouse Tumor Compendium 25.01 PolyA median TPM,treehouse_polya_25_01_median_v1
ENSG00000206636,Y_RNA,technical,0.0,Treehouse Tumor Compendium 25.01 PolyA median TPM,treehouse_polya_25_01_median_v1
ENSG00000206639,Y_RNA,technical,0.0,Treehouse Tumor Compendium 25.01 PolyA median TPM,treehouse_polya_25_01_median_v1
ENSG00000206640,Y_RNA,technical,0.0,Treehouse Tumor Compendium 25.01 PolyA median TPM,treehouse_polya_25_01_median_v1
ENSG00000206645,Y_RNA,technical,0.0,Treehouse Tumor Compendium 25.01 PolyA median TPM,treehouse_polya_25_01_median_v1
ENSG00000206646,Y_RNA,technical,0.0,Treehouse Tumor Compendium 25.01 PolyA median TPM,treehouse_polya_25_01_median_v1
ENSG00000206651,Y_RNA,technical,0.0,Treehouse Tumor Compendium 25.01 PolyA median TPM,treehouse_polya_25_01_median_v1
ENSG00000206659,Y_RNA,technical,0.0,Treehouse Tumor Compendium 25.01 PolyA median TPM,treehouse_polya_25_01_median_v1
ENSG00000206660,Y_RNA,technical,0.0,Treehouse Tumor Compendium 25.01 PolyA median TPM,treehouse_polya_25_01_median_v1
ENSG00000206662,Y_RNA,technical,0.0,Treehouse Tumor Compendium 25.01 PolyA median TPM,treehouse_polya_25_01_median_v1
ENSG00000206663,Y_RNA,technical,0.0,Treehouse Tumor Compendium 25.01 PolyA median TPM,treehouse_polya_25_01_median_v1
ENSG00000206669,Y_RNA,technical,0.0,Treehouse Tumor Compendium 25.01 PolyA median TPM,treehouse_polya_25_01_median_v1
ENSG00000206672,Y_RNA,technical,0.0,Treehouse Tumor Compendium 25.01 PolyA median TPM,treehouse_polya_25_01_median_v1
ENSG00000206676,Y_RNA,technical,0.0,Treehouse Tumor Compendium 25.01 PolyA median TPM,treehouse_polya_25_01_median_v1
ENSG00000206677,Y_RNA,technical,0.0,Treehouse Tumor Compendium 25.01 PolyA median TPM,treehouse_polya_25_01_median_v1
ENSG00000206679,Y_RNA,technical,0.0,Treehouse Tumor Compendium 25.01 PolyA median TPM,treehouse_polya_25_01_median_v1
ENSG00000206682,Y_RNA,technical,0.0,Treehouse Tumor Compendium 25.01 PolyA median TPM,treehouse_polya_25_01_median_v1
ENSG00000206690,Y_RNA,technical,0.0,Treehouse Tumor Compendium 25.01 PolyA median TPM,treehouse_polya_25_01_median_v1
ENSG00000206692,Y_RNA,technical,0.0,Treehouse Tumor Compendium 25.01 PolyA median TPM,treehouse_polya_25_01_median_v1
ENSG00000206699,Y_RNA,technical,0.0,Treehouse Tumor Compendium 25.01 PolyA median TPM,treehouse_polya_25_01_median_v1
ENSG00000206704,Y_RNA,technical,0.0,Treehouse Tumor Compendium 25.01 PolyA median TPM,treehouse_polya_25_01_median_v1
ENSG00000206705,Y_RNA,technical,0.0,Treehouse Tumor Compendium 25.01 PolyA median TPM,treehouse_polya_25_01_median_v1
ENSG00000206706,Y_RNA,technical,0.0,Treehouse Tumor Compendium 25.01 PolyA median TPM,treehouse_polya_25_01_median_v1
ENSG00000206711,Y_RNA,technical,0.0,Treehouse Tumor Compendium 25.01 PolyA median TPM,treehouse_polya_25_01_median_v1
ENSG00000206713,Y_RNA,technical,0.0,Treehouse Tumor Compendium 25.01 PolyA median TPM,treehouse_polya_25_01_median_v1
ENSG00000206714,Y_RNA,technical,0.0,Treehouse Tumor Compendium 25.01 PolyA median TPM,treehouse_polya_25_01_median_v1
ENSG00000206717,Y_RNA,technical,0.0,Treehouse Tumor Compendium 25.01 PolyA median TPM,treehouse_polya_25_01_median_v1
ENSG00000206719,Y_RNA,technical,0.0,Treehouse Tumor Compendium 25.01 PolyA median TPM,treehouse_polya_25_01_median_v1
ENSG00000206721,Y_RNA,technical,0.0,Treehouse Tumor Compendium 25.01 PolyA median TPM,treehouse_polya_25_01_median_v1
ENSG00000206728,Y_RNA,technical,0.0,Treehouse Tumor Compendium 25.01 PolyA median TPM,treehouse_polya_25_01_median_v1
ENSG00000206734,Y_RNA,technical,0.0,Treehouse Tumor Compendium 25.01 PolyA median TPM,treehouse_polya_25_01_median_v1
ENSG00000206738,Y_RNA,technical,0.0,Treehouse Tumor Compendium 25.01 PolyA median TPM,treehouse_polya_25_01_median_v1
ENSG00000206739,Y_RNA,technical,0.0,Treehouse Tumor Compendium 25.01 PolyA median TPM,treehouse_polya_25_01_median_v1
ENSG00000206741,Y_RNA,technical,0.0,Treehouse Tumor Compendium 25.01 PolyA median TPM,treehouse_polya_25_01_median_v1
ENSG00000206751,Y_RNA,technical,0.0,Treehouse Tumor Compendium 25.01 PolyA median TPM,treehouse_polya_25_01_median_v1
ENSG00000206756,Y_RNA,technical,0.0,Treehouse Tumor Compendium 25.01 PolyA median TPM,treehouse_polya_25_01_median_v1
ENSG00000206768,Y_RNA,technical,0.0,Treehouse Tumor Compendium 25.01 PolyA median TPM,treehouse_polya_25_01_median_v1
ENSG00000206770,Y_RNA,technical,0.0,Treehouse Tumor Compendium 25.01 PolyA median TPM,treehouse_polya_25_01_median_v1
ENSG00000206779,Y_RNA,technical,0.0,Treehouse Tumor Compendium 25.01 PolyA median TPM,treehouse_polya_25_01_median_v1
ENSG00000206781,Y_RNA,technical,0.0,Treehouse Tumor Compendium 25.01 PolyA median TPM,treehouse_polya_25_01_median_v1
ENSG00000206784,Y_RNA,technical,0.0,Treehouse Tumor Compendium 25.01 PolyA median TPM,treehouse_polya_25_01_median_v1
ENSG00000206790,Y_RNA,technical,0.0,Treehouse Tumor Compendium 25.01 PolyA median TPM,treehouse_polya_25_01_median_v1
ENSG00000206792,Y_RNA,technical,0.0,Treehouse Tumor Compendium 25.01 PolyA median TPM,treehouse_polya_25_01_median_v1
ENSG00000206795,Y_RNA,technical,0.0,Treehouse Tumor Compendium 25.01 PolyA median TPM,treehouse_polya_25_01_median_v1
ENSG00000206797,Y_RNA,technical,0.0,Treehouse Tumor Compendium 25.01 PolyA median TPM,treehouse_polya_25_01_median_v1
ENSG00000206805,Y_RNA,technical,0.0,Treehouse Tumor Compendium 25.01 PolyA median TPM,treehouse_polya_25_01_median_v1
ENSG00000206806,Y_RNA,technical,0.0,Treehouse Tumor Compendium 25.01 PolyA median TPM,treehouse_polya_25_01_median_v1
ENSG00000206808,Y_RNA,technical,0.0,Treehouse Tumor Compendium 25.01 PolyA median TPM,treehouse_polya_25_01_median_v1
ENSG00000206813,Y_RNA,technical,0.0,Treehouse Tumor Compendium 25.01 PolyA median TPM,treehouse_polya_25_01_median_v1
ENSG00000206814,Y_RNA,technical,0.0,Treehouse Tumor Compendium 25.01 PolyA median TPM,treehouse_polya_25_01_median_v1
ENSG00000206816,Y_RNA,technical,0.0,Treehouse Tumor Compendium 25.01 PolyA median TPM,treehouse_polya_25_01_median_v1
ENSG00000206817,Y_RNA,technical,0.0,Treehouse Tumor Compendium 25.01 PolyA median TPM,treehouse_polya_25_01_median_v1
ENSG00000206822,Y_RNA,technical,0.0,Treehouse Tumor Compendium 25.01 PolyA median TPM,treehouse_polya_25_01_median_v1
ENSG00000206824,Y_RNA,technical,0.0,Treehouse Tumor Compendium 25.01 PolyA median TPM,treehouse_polya_25_01_median_v1
ENSG00000206840,Y_RNA,technical,0.0,Treehouse Tumor Compendium 25.01 PolyA median TPM,treehouse_polya_25_01_median_v1
ENSG00000206844,Y_RNA,technical,0.0,Treehouse Tumor Compendium 25.01 PolyA median TPM,treehouse_polya_25_01_median_v1
ENSG00000206846,Y_RNA,technical,0.0,Treehouse Tumor Compendium 25.01 PolyA median TPM,treehouse_polya_25_01_median_v1
ENSG00000206847,Y_RNA,technical,0.0,Treehouse Tumor Compendium 25.01 PolyA median TPM,treehouse_polya_25_01_median_v1
ENSG00000206850,Y_RNA,technical,0.0,Treehouse Tumor Compendium 25.01 PolyA median TPM,treehouse_polya_25_01_median_v1
ENSG00000206858,Y_RNA,technical,0.0,Treehouse Tumor Compendium 25.01 PolyA median TPM,treehouse_polya_25_01_median_v1
ENSG00000206862,Y_RNA,technical,0.0,Treehouse Tumor Compendium 25.01 PolyA median TPM,treehouse_polya_25_01_median_v1
ENSG00000206865,Y_RNA,technical,0.0,Treehouse Tumor Compendium 25.01 PolyA median TPM,treehouse_polya_25_01_median_v1
ENSG00000206895,Y_RNA,technical,0.0,Treehouse Tumor Compendium 25.01 PolyA median TPM,treehouse_polya_25_01_median_v1
ENSG00000206905,Y_RNA,technical,0.0,Treehouse Tumor Compendium 25.01 PolyA median TPM,treehouse_polya_25_01_median_v1
ENSG00000206911,Y_RNA,technical,0.0,Treehouse Tumor Compendium 25.01 PolyA median TPM,treehouse_polya_25_01_median_v1
ENSG00000206912,Y_RNA,technical,0.0,Treehouse Tumor Compendium 25.01 PolyA median TPM,treehouse_polya_25_01_median_v1
ENSG00000206914,Y_RNA,technical,0.0,Treehouse Tumor Compendium 25.01 PolyA median TPM,treehouse_polya_25_01_median_v1
ENSG00000206925,Y_RNA,technical,0.0,Treehouse Tumor Compendium 25.01 PolyA median TPM,treehouse_polya_25_01_median_v1
ENSG00000206927,Y_RNA,technical,0.0,Treehouse Tumor Compendium 25.01 PolyA median TPM,treehouse_polya_25_01_median_v1
ENSG00000206929,Y_RNA,technical,0.0,Treehouse Tumor Compendium 25.01 PolyA median TPM,treehouse_polya_25_01_median_v1
ENSG00000206950,Y_RNA,technical,0.0,Treehouse Tumor Compendium 25.01 PolyA median TPM,treehouse_polya_25_01_median_v1
ENSG00000206951,Y_RNA,technical,0.0,Treehouse Tumor Compendium 25.01 PolyA median TPM,treehouse_polya_25_01_median_v1
ENSG00000206957,Y_RNA,technical,0.0,Treehouse Tumor Compendium 25.01 PolyA median TPM,treehouse_polya_25_01_median_v1
ENSG00000206959,Y_RNA,technical,0.0,Treehouse Tumor Compendium 25.01 PolyA median TPM,treehouse_polya_25_01_median_v1
ENSG00000206964,Y_RNA,technical,0.0,Treehouse Tumor Compendium 25.01 PolyA median TPM,treehouse_polya_25_01_median_v1
ENSG00000206967,Y_RNA,technical,0.0,Treehouse Tumor Compendium 25.01 PolyA median TPM,treehouse_polya_25_01_median_v1
ENSG00000206978,Y_RNA,technical,0.0,Treehouse Tumor Compendium 25.01 PolyA median TPM,treehouse_polya_25_01_median_v1
ENSG00000206982,Y_RNA,technical,0.0,Treehouse Tumor Compendium 25.01 PolyA median TPM,treehouse_polya_25_01_median_v1
ENSG00000206990,Y_RNA,technical,0.0,Treehouse Tumor Compendium 25.01 PolyA median TPM,treehouse_polya_25_01_median_v1
ENSG00000206995,Y_RNA,technical,0.0,Treehouse Tumor Compendium 25.01 PolyA median TPM,treehouse_polya_25_01_median_v1
ENSG00000206998,Y_RNA,technical,0.0,Treehouse Tumor Compendium 25.01 PolyA median TPM,treehouse_polya_25_01_median_v1
ENSG00000207009,Y_RNA,technical,0.0,Treehouse Tumor Compendium 25.01 PolyA median TPM,treehouse_polya_25_01_median_v1
ENSG00000207020,Y_RNA,technical,0.0,Treehouse Tumor Compendium 25.01 PolyA median TPM,treehouse_polya_25_01_median_v1
ENSG00000207021,Y_RNA,technical,0.0,Treehouse Tumor Compendium 25.01 PolyA median TPM,treehouse_polya_25_01_median_v1
ENSG00000207024,Y_RNA,technical,0.0,Treehouse Tumor Compendium 25.01 PolyA median TPM,treehouse_polya_25_01_median_v1
ENSG00000207025,Y_RNA,technical,0.0,Treehouse Tumor Compendium 25.01 PolyA median TPM,treehouse_polya_25_01_median_v1
ENSG00000207032,Y_RNA,technical,0.0,Treehouse Tumor Compendium 25.01 PolyA median TPM,treehouse_polya_25_01_median_v1
ENSG00000207034,Y_RNA,technical,0.0,Treehouse Tumor Compendium 25.01 PolyA median TPM,treehouse_polya_25_01_median_v1
ENSG00000207039,Y_RNA,technical,0.0,Treehouse Tumor Compendium 25.01 PolyA median TPM,treehouse_polya_25_01_median_v1
ENSG00000207049,Y_RNA,technical,0.0,Treehouse Tumor Compendium 25.01 PolyA median TPM,treehouse_polya_25_01_median_v1
ENSG00000207061,Y_RNA,technical,0.0,Treehouse Tumor Compendium 25.01 PolyA median TPM,treehouse_polya_25_01_median_v1
ENSG00000207069,Y_RNA,technical,0.0,Treehouse Tumor Compendium 25.01 PolyA median TPM,treehouse_polya_25_01_median_v1
ENSG00000207073,Y_RNA,technical,0.0,Treehouse Tumor Compendium 25.01 PolyA median TPM,treehouse_polya_25_01_median_v1
ENSG00000207075,Y_RNA,technical,0.0,Treehouse Tumor Compendium 25.01 PolyA median TPM,treehouse_polya_25_01_median_v1
ENSG00000207080,Y_RNA,technical,0.0,Treehouse Tumor Compendium 25.01 PolyA median TPM,treehouse_polya_25_01_median_v1
ENSG00000207086,Y_RNA,technical,0.0,Treehouse Tumor Compendium 25.01 PolyA median TPM,treehouse_polya_25_01_median_v1
ENSG00000207091,Y_RNA,technical,0.0,Treehouse Tumor Compendium 25.01 PolyA median TPM,treehouse_polya_25_01_median_v1
ENSG00000207092,Y_RNA,technical,0.0,Treehouse Tumor Compendium 25.01 PolyA median TPM,treehouse_polya_25_01_median_v1
ENSG00000207101,Y_RNA,technical,0.0,Treehouse Tumor Compendium 25.01 PolyA median TPM,treehouse_polya_25_01_median_v1
ENSG00000207105,Y_RNA,technical,0.0,Treehouse Tumor Compendium 25.01 PolyA median TPM,treehouse_polya_25_01_median_v1
ENSG00000207108,Y_RNA,technical,0.0,Treehouse Tumor Compendium 25.01 PolyA median TPM,treehouse_polya_25_01_median_v1
ENSG00000207117,Y_RNA,technical,0.0,Treehouse Tumor Compendium 25.01 PolyA median TPM,treehouse_polya_25_01_median_v1
ENSG00000207123,Y_RNA,technical,0.0,Treehouse Tumor Compendium 25.01 PolyA median TPM,treehouse_polya_25_01_median_v1
ENSG00000207127,Y_RNA,technical,0.0,Treehouse Tumor Compendium 25.01 PolyA median TPM,treehouse_polya_25_01_median_v1
ENSG00000207131,Y_RNA,technical,0.0,Treehouse Tumor Compendium 25.01 PolyA median TPM,treehouse_polya_25_01_median_v1
ENSG00000207132,Y_RNA,technical,0.0,Treehouse Tumor Compendium 25.01 PolyA median TPM,treehouse_polya_25_01_median_v1
ENSG00000207139,Y_RNA,technical,0.0,Treehouse Tumor Compendium 25.01 PolyA median TPM,treehouse_polya_25_01_median_v1
ENSG00000207142,Y_RNA,technical,0.0,Treehouse Tumor Compendium 25.01 PolyA median TPM,treehouse_polya_25_01_median_v1
ENSG00000207146,Y_RNA,technical,0.0,Treehouse Tumor Compendium 25.01 PolyA median TPM,treehouse_polya_25_01_median_v1
ENSG00000207148,Y_RNA,technical,0.0,Treehouse Tumor Compendium 25.01 PolyA median TPM,treehouse_polya_25_01_median_v1
ENSG00000207151,Y_RNA,technical,0.0,Treehouse Tumor Compendium 25.01 PolyA median TPM,treehouse_polya_25_01_median_v1
ENSG00000207161,Y_RNA,technical,0.0,Treehouse Tumor Compendium 25.01 PolyA median TPM,treehouse_polya_25_01_median_v1
ENSG00000207164,Y_RNA,technical,0.0,Treehouse Tumor Compendium 25.01 PolyA median TPM,treehouse_polya_25_01_median_v1
ENSG00000207173,Y_RNA,technical,0.0,Treehouse Tumor Compendium 25.01 PolyA median TPM,treehouse_polya_25_01_median_v1
ENSG00000207176,Y_RNA,technical,0.0,Treehouse Tumor Compendium 25.01 PolyA median TPM,treehouse_polya_25_01_median_v1
ENSG00000207189,Y_RNA,technical,0.0,Treehouse Tumor Compendium 25.01 PolyA median TPM,treehouse_polya_25_01_median_v1
ENSG00000207193,Y_RNA,technical,0.0,Treehouse Tumor Compendium 25.01 PolyA median TPM,treehouse_polya_25_01_median_v1
ENSG00000207195,Y_RNA,technical,0.0,Treehouse Tumor Compendium 25.01 PolyA median TPM,treehouse_polya_25_01_median_v1
ENSG00000207196,Y_RNA,technical,0.0,Treehouse Tumor Compendium 25.01 PolyA median TPM,treehouse_polya_25_01_median_v1
ENSG00000207207,Y_RNA,technical,0.0,Treehouse Tumor Compendium 25.01 PolyA median TPM,treehouse_polya_25_01_median_v1
ENSG00000207209,Y_RNA,technical,0.0,Treehouse Tumor Compendium 25.01 PolyA median TPM,treehouse_polya_25_01_median_v1
ENSG00000207210,Y_RNA,technical,0.0,Treehouse Tumor Compendium 25.01 PolyA median TPM,treehouse_polya_25_01_median_v1
ENSG00000207218,Y_RNA,technical,0.0,Treehouse Tumor Compendium 25.01 PolyA median TPM,treehouse_polya_25_01_median_v1
ENSG00000207223,Y_RNA,technical,0.0,Treehouse Tumor Compendium 25.01 PolyA median TPM,treehouse_polya_25_01_median_v1
ENSG00000207229,Y_RNA,technical,0.0,Treehouse Tumor Compendium 25.01 PolyA median TPM,treehouse_polya_25_01_median_v1
ENSG00000207231,Y_RNA,technical,0.0,Treehouse Tumor Compendium 25.01 PolyA median TPM,treehouse_polya_25_01_median_v1
ENSG00000207235,Y_RNA,technical,0.0,Treehouse Tumor Compendium 25.01 PolyA median TPM,treehouse_polya_25_01_median_v1
ENSG00000207240,Y_RNA,technical,0.0,Treehouse Tumor Compendium 25.01 PolyA median TPM,treehouse_polya_25_01_median_v1
ENSG00000207243,Y_RNA,technical,0.0,Treehouse Tumor Compendium 25.01 PolyA median TPM,treehouse_polya_25_01_median_v1
ENSG00000207247,Y_RNA,technical,0.0,Treehouse Tumor Compendium 25.01 PolyA median TPM,treehouse_polya_25_01_median_v1
ENSG00000207252,Y_RNA,technical,0.0,Treehouse Tumor Compendium 25.01 PolyA median TPM,treehouse_polya_25_01_median_v1
ENSG00000207258,Y_RNA,technical,0.0,Treehouse Tumor Compendium 25.01 PolyA median TPM,treehouse_polya_25_01_median_v1
ENSG00000207265,Y_RNA,technical,0.0,Treehouse Tumor Compendium 25.01 PolyA median TPM,treehouse_polya_25_01_median_v1
ENSG00000207271,Y_RNA,technical,0.0,Treehouse Tumor Compendium 25.01 PolyA median TPM,treehouse_polya_25_01_median_v1
ENSG00000207281,Y_RNA,technical,0.0,Treehouse Tumor Compendium 25.01 PolyA median TPM,treehouse_polya_25_01_median_v1
ENSG00000207282,Y_RNA,technical,0.0,Treehouse Tumor Compendium 25.01 PolyA median TPM,treehouse_polya_25_01_median_v1
ENSG00000207283,Y_RNA,technical,0.0,Treehouse Tumor Compendium 25.01 PolyA median TPM,treehouse_polya_25_01_median_v1
ENSG00000207286,Y_RNA,technical,0.0,Treehouse Tumor Compendium 25.01 PolyA median TPM,treehouse_polya_25_01_median_v1
ENSG00000207290,Y_RNA,technical,0.0,Treehouse Tumor Compendium 25.01 PolyA median TPM,treehouse_polya_25_01_median_v1
ENSG00000207292,Y_RNA,technical,0.0,Treehouse Tumor Compendium 25.01 PolyA median TPM,treehouse_polya_25_01_median_v1
ENSG00000207293,Y_RNA,technical,0.0,Treehouse Tumor Compendium 25.01 PolyA median TPM,treehouse_polya_25_01_median_v1
ENSG00000207294,Y_RNA,technical,0.0,Treehouse Tumor Compendium 25.01 PolyA median TPM,treehouse_polya_25_01_median_v1
ENSG00000207300,Y_RNA,technical,0.0,Treehouse Tumor Compendium 25.01 PolyA median TPM,treehouse_polya_25_01_median_v1
ENSG00000207302,Y_RNA,technical,0.0,Treehouse Tumor Compendium 25.01 PolyA median TPM,treehouse_polya_25_01_median_v1
ENSG00000207303,Y_RNA,technical,0.0,Treehouse Tumor Compendium 25.01 PolyA median TPM,treehouse_polya_25_01_median_v1
ENSG00000207305,Y_RNA,technical,0.0,Treehouse Tumor Compendium 25.01 PolyA median TPM,treehouse_polya_25_01_median_v1
ENSG00000207316,Y_RNA,technical,0.0,Treehouse Tumor Compendium 25.01 PolyA median TPM,treehouse_polya_25_01_median_v1
ENSG00000207317,Y_RNA,technical,0.0,Treehouse Tumor Compendium 25.01 PolyA median TPM,treehouse_polya_25_01_median_v1
ENSG00000207319,Y_RNA,technical,0.0,Treehouse Tumor Compendium 25.01 PolyA median TPM,treehouse_polya_25_01_median_v1
ENSG00000207320,Y_RNA,technical,0.0,Treehouse Tumor Compendium 25.01 PolyA median TPM,treehouse_polya_25_01_median_v1
ENSG00000207326,Y_RNA,technical,0.0,Treehouse Tumor Compendium 25.01 PolyA median TPM,treehouse_polya_25_01_median_v1
ENSG00000207329,Y_RNA,technical,0.0,Treehouse Tumor Compendium 25.01 PolyA median TPM,treehouse_polya_25_01_median_v1
ENSG00000207342,Y_RNA,technical,0.0,Treehouse Tumor Compendium 25.01 PolyA median TPM,treehouse_polya_25_01_median_v1
ENSG00000207351,Y_RNA,technical,0.0,Treehouse Tumor Compendium 25.01 PolyA median TPM,treehouse_polya_25_01_median_v1
ENSG00000207356,Y_RNA,technical,0.0,Treehouse Tumor Compendium 25.01 PolyA median TPM,treehouse_polya_25_01_median_v1
ENSG00000207363,Y_RNA,technical,0.0,Treehouse Tumor Compendium 25.01 PolyA median TPM,treehouse_polya_25_01_median_v1
ENSG00000207365,Y_RNA,technical,0.0,Treehouse Tumor Compendium 25.01 PolyA median TPM,treehouse_polya_25_01_median_v1
ENSG00000207368,Y_RNA,technical,0.0,Treehouse Tumor Compendium 25.01 PolyA median TPM,treehouse_polya_25_01_median_v1
ENSG00000207370,Y_RNA,technical,0.0,Treehouse Tumor Compendium 25.01 PolyA median TPM,treehouse_polya_25_01_median_v1
ENSG00000207371,Y_RNA,technical,0.0,Treehouse Tumor Compendium 25.01 PolyA median TPM,treehouse_polya_25_01_median_v1
ENSG00000207379,Y_RNA,technical,0.0,Treehouse Tumor Compendium 25.01 PolyA median TPM,treehouse_polya_25_01_median_v1
ENSG00000207380,Y_RNA,technical,0.0,Treehouse Tumor Compendium 25.01 PolyA median TPM,treehouse_polya_25_01_median_v1
ENSG00000207382,Y_RNA,technical,0.0,Treehouse Tumor Compendium 25.01 PolyA median TPM,treehouse_polya_25_01_median_v1
ENSG00000207383,Y_RNA,technical,0.0,Treehouse Tumor Compendium 25.01 PolyA median TPM,treehouse_polya_25_01_median_v1
ENSG00000207384,Y_RNA,technical,0.0,Treehouse Tumor Compendium 25.01 PolyA median TPM,treehouse_polya_25_01_median_v1
ENSG00000207386,Y_RNA,technical,0.0,Treehouse Tumor Compendium 25.01 PolyA median TPM,treehouse_polya_25_01_median_v1
ENSG00000207387,Y_RNA,technical,0.0,Treehouse Tumor Compendium 25.01 PolyA median TPM,treehouse_polya_25_01_median_v1
ENSG00000207391,Y_RNA,technical,0.0,Treehouse Tumor Compendium 25.01 PolyA median TPM,treehouse_polya_25_01_median_v1
ENSG00000207395,Y_RNA,technical,0.0,Treehouse Tumor Compendium 25.01 PolyA median TPM,treehouse_polya_25_01_median_v1
ENSG00000207401,Y_RNA,technical,0.0,Treehouse Tumor Compendium 25.01 PolyA median TPM,treehouse_polya_25_01_median_v1
ENSG00000207403,Y_RNA,technical,0.0,Treehouse Tumor Compendium 25.01 PolyA median TPM,treehouse_polya_25_01_median_v1
ENSG00000207404,Y_RNA,technical,0.0,Treehouse Tumor Compendium 25.01 PolyA median TPM,treehouse_polya_25_01_median_v1
ENSG00000207408,Y_RNA,technical,0.0,Treehouse Tumor Compendium 25.01 PolyA median TPM,treehouse_polya_25_01_median_v1
ENSG00000207411,Y_RNA,technical,0.0,Treehouse Tumor Compendium 25.01 PolyA median TPM,treehouse_polya_25_01_median_v1
ENSG00000207416,Y_RNA,technical,0.0,Treehouse Tumor Compendium 25.01 PolyA median TPM,treehouse_polya_25_01_median_v1
ENSG00000207417,Y_RNA,technical,0.0,Treehouse Tumor Compendium 25.01 PolyA median TPM,treehouse_polya_25_01_median_v1
ENSG00000207420,Y_RNA,technical,0.0,Treehouse Tumor Compendium 25.01 PolyA median TPM,treehouse_polya_25_01_median_v1
ENSG00000207425,Y_RNA,technical,0.0,Treehouse Tumor Compendium 25.01 PolyA median TPM,treehouse_polya_25_01_median_v1
ENSG00000207426,Y_RNA,technical,0.0,Treehouse Tumor Compendium 25.01 PolyA median TPM,treehouse_polya_25_01_median_v1
ENSG00000207438,Y_RNA,technical,0.0,Treehouse Tumor Compendium 25.01 PolyA median TPM,treehouse_polya_25_01_median_v1
ENSG00000207439,Y_RNA,technical,0.0,Treehouse Tumor Compendium 25.01 PolyA median TPM,treehouse_polya_25_01_median_v1
ENSG00000207450,Y_RNA,technical,0.0,Treehouse Tumor Compendium 25.01 PolyA median TPM,treehouse_polya_25_01_median_v1
ENSG00000207466,Y_RNA,technical,0.0,Treehouse Tumor Compendium 25.01 PolyA median TPM,treehouse_polya_25_01_median_v1
ENSG00000207467,Y_RNA,technical,0.0,Treehouse Tumor Compendium 25.01 PolyA median TPM,treehouse_polya_25_01_median_v1
ENSG00000207473,Y_RNA,technical,0.0,Treehouse Tumor Compendium 25.01 PolyA median TPM,treehouse_polya_25_01_median_v1
ENSG00000207480,Y_RNA,technical,0.0,Treehouse Tumor Compendium 25.01 PolyA median TPM,treehouse_polya_25_01_median_v1
ENSG00000207481,Y_RNA,technical,0.0,Treehouse Tumor Compendium 25.01 PolyA median TPM,treehouse_polya_25_01_median_v1
ENSG00000207484,Y_RNA,technical,0.0,Treehouse Tumor Compendium 25.01 PolyA median TPM,treehouse_polya_25_01_median_v1
ENSG00000207488,Y_RNA,technical,0.0,Treehouse Tumor Compendium 25.01 PolyA median TPM,treehouse_polya_25_01_median_v1
ENSG00000207494,Y_RNA,technical,0.0,Treehouse Tumor Compendium 25.01 PolyA median TPM,treehouse_polya_25_01_median_v1
ENSG00000207497,Y_RNA,technical,0.0,Treehouse Tumor Compendium 25.01 PolyA median TPM,treehouse_polya_25_01_median_v1
ENSG00000207499,Y_RNA,technical,0.0,Treehouse Tumor Compendium 25.01 PolyA median TPM,treehouse_polya_25_01_median_v1
ENSG00000207512,Y_RNA,technical,0.0,Treehouse Tumor Compendium 25.01 PolyA median TPM,treehouse_polya_25_01_median_v1
ENSG00000207525,Y_RNA,technical,0.0,Treehouse Tumor Compendium 25.01 PolyA median TPM,treehouse_polya_25_01_median_v1
ENSG00000212205,Y_RNA,technical,0.0,Treehouse Tumor Compendium 25.01 PolyA median TPM,treehouse_polya_25_01_median_v1
ENSG00000212241,Y_RNA,technical,0.0,Treehouse Tumor Compendium 25.01 PolyA median TPM,treehouse_polya_25_01_median_v1
ENSG00000212306,Y_RNA,technical,0.0,Treehouse Tumor Compendium 25.01 PolyA median TPM,treehouse_polya_25_01_median_v1
ENSG00000212319,Y_RNA,technical,0.0,Treehouse Tumor Compendium 25.01 PolyA median TPM,treehouse_polya_25_01_median_v1
ENSG00000212325,Y_RNA,technical,0.0,Treehouse Tumor Compendium 25.01 PolyA median TPM,treehouse_polya_25_01_median_v1
ENSG00000212335,Y_RNA,technical,0.0,Treehouse Tumor Compendium 25.01 PolyA median TPM,treehouse_polya_25_01_median_v1
ENSG00000212392,Y_RNA,technical,0.0,Treehouse Tumor Compendium 25.01 PolyA median TPM,treehouse_polya_25_01_median_v1
ENSG00000212404,Y_RNA,technical,0.0,Treehouse Tumor Compendium 25.01 PolyA median TPM,treehouse_polya_25_01_median_v1
ENSG00000212448,Y_RNA,technical,0.0,Treehouse Tumor Compendium 25.01 PolyA median TPM,treehouse_polya_25_01_median_v1
ENSG00000212512,Y_RNA,technical,0.0,Treehouse Tumor Compendium 25.01 PolyA median TPM,treehouse_polya_25_01_median_v1
ENSG00000212556,Y_RNA,technical,0.0,Treehouse Tumor Compendium 25.01 PolyA median TPM,treehouse_polya_25_01_median_v1
ENSG00000212569,Y_RNA,technical,0.0,Treehouse Tumor Compendium 25.01 PolyA median TPM,treehouse_polya_25_01_median_v1
ENSG00000222072,Y_RNA,technical,0.0,Treehouse Tumor Compendium 25.01 PolyA median TPM,treehouse_polya_25_01_median_v1
ENSG00000222160,Y_RNA,technical,0.0,Treehouse Tumor Compendium 25.01 PolyA median TPM,treehouse_polya_25_01_median_v1
ENSG00000222206,Y_RNA,technical,0.0,Treehouse Tumor Compendium 25.01 PolyA median TPM,treehouse_polya_25_01_median_v1
ENSG00000222224,Y_RNA,technical,0.0,Treehouse Tumor Compendium 25.01 PolyA median TPM,treehouse_polya_25_01_median_v1
ENSG00000222305,Y_RNA,technical,0.0,Treehouse Tumor Compendium 25.01 PolyA median TPM,treehouse_polya_25_01_median_v1
ENSG00000222335,Y_RNA,technical,0.0,Treehouse Tumor Compendium 25.01 PolyA median TPM,treehouse_polya_25_01_median_v1
ENSG00000222394,Y_RNA,technical,0.0,Treehouse Tumor Compendium 25.01 PolyA median TPM,treehouse_polya_25_01_median_v1
ENSG00000222395,Y_RNA,technical,0.0,Treehouse Tumor Compendium 25.01 PolyA median TPM,treehouse_polya_25_01_median_v1
ENSG00000222412,Y_RNA,technical,0.0,Treehouse Tumor Compendium 25.01 PolyA median TPM,treehouse_polya_25_01_median_v1
ENSG00000222421,Y_RNA,technical,0.0,Treehouse Tumor Compendium 25.01 PolyA median TPM,treehouse_polya_25_01_median_v1
ENSG00000222430,Y_RNA,technical,0.0,Treehouse Tumor Compendium 25.01 PolyA median TPM,treehouse_polya_25_01_median_v1
ENSG00000222432,Y_RNA,technical,0.0,Treehouse Tumor Compendium 25.01 PolyA median TPM,treehouse_polya_25_01_median_v1
ENSG00000222467,Y_RNA,technical,0.0,Treehouse Tumor Compendium 25.01 PolyA median TPM,treehouse_polya_25_01_median_v1
ENSG00000222503,Y_RNA,technical,0.0,Treehouse Tumor Compendium 25.01 PolyA median TPM,treehouse_polya_25_01_median_v1
ENSG00000222506,Y_RNA,technical,0.0,Treehouse Tumor Compendium 25.01 PolyA median TPM,treehouse_polya_25_01_median_v1
ENSG00000222509,Y_RNA,technical,0.0,Treehouse Tumor Compendium 25.01 PolyA median TPM,treehouse_polya_25_01_median_v1
ENSG00000222511,Y_RNA,technical,0.0,Treehouse Tumor Compendium 25.01 PolyA median TPM,treehouse_polya_25_01_median_v1
ENSG00000222529,Y_RNA,technical,0.0,Treehouse Tumor Compendium 25.01 PolyA median TPM,treehouse_polya_25_01_median_v1
ENSG00000222579,Y_RNA,technical,0.0,Treehouse Tumor Compendium 25.01 PolyA median TPM,treehouse_polya_25_01_median_v1
ENSG00000222601,Y_RNA,technical,0.0,Treehouse Tumor Compendium 25.01 PolyA median TPM,treehouse_polya_25_01_median_v1
ENSG00000222613,Y_RNA,technical,0.0,Treehouse Tumor Compendium 25.01 PolyA median TPM,treehouse_polya_25_01_median_v1
ENSG00000222614,Y_RNA,technical,0.0,Treehouse Tumor Compendium 25.01 PolyA median TPM,treehouse_polya_25_01_median_v1
ENSG00000222649,Y_RNA,technical,0.0,Treehouse Tumor Compendium 25.01 PolyA median TPM,treehouse_polya_25_01_median_v1
ENSG00000222658,Y_RNA,technical,0.0,Treehouse Tumor Compendium 25.01 PolyA median TPM,treehouse_polya_25_01_median_v1
ENSG00000222698,Y_RNA,technical,0.0,Treehouse Tumor Compendium 25.01 PolyA median TPM,treehouse_polya_25_01_median_v1
ENSG00000222701,Y_RNA,technical,0.0,Treehouse Tumor Compendium 25.01 PolyA median TPM,treehouse_polya_25_01_median_v1
ENSG00000222767,Y_RNA,technical,0.0,Treehouse Tumor Compendium 25.01 PolyA median TPM,treehouse_polya_25_01_median_v1
ENSG00000222852,Y_RNA,technical,0.0,Treehouse Tumor Compendium 25.01 PolyA median TPM,treehouse_polya_25_01_median_v1
ENSG00000222881,Y_RNA,technical,0.0,Treehouse Tumor Compendium 25.01 PolyA median TPM,treehouse_polya_25_01_median_v1
ENSG00000222883,Y_RNA,technical,0.0,Treehouse Tumor Compendium 25.01 PolyA median TPM,treehouse_polya_25_01_median_v1
ENSG00000222941,Y_RNA,technical,0.0,Treehouse Tumor Compendium 25.01 PolyA median TPM,treehouse_polya_25_01_median_v1
ENSG00000222997,Y_RNA,technical,0.0,Treehouse Tumor Compendium 25.01 PolyA median TPM,treehouse_polya_25_01_median_v1
ENSG00000223023,Y_RNA,technical,0.0,Treehouse Tumor Compendium 25.01 PolyA median TPM,treehouse_polya_25_01_median_v1
ENSG00000223060,Y_RNA,technical,0.0,Treehouse Tumor Compendium 25.01 PolyA median TPM,treehouse_polya_25_01_median_v1
ENSG00000223080,Y_RNA,technical,0.0,Treehouse Tumor Compendium 25.01 PolyA median TPM,treehouse_polya_25_01_median_v1
ENSG00000223188,Y_RNA,technical,0.0,Treehouse Tumor Compendium 25.01 PolyA median TPM,treehouse_polya_25_01_median_v1
ENSG00000223220,Y_RNA,technical,0.0,Treehouse Tumor Compendium 25.01 PolyA median TPM,treehouse_polya_25_01_median_v1
ENSG00000223254,Y_RNA,technical,0.0,Treehouse Tumor Compendium 25.01 PolyA median TPM,treehouse_polya_25_01_median_v1
ENSG00000223271,Y_RNA,technical,0.0,Treehouse Tumor Compendium 25.01 PolyA median TPM,treehouse_polya_25_01_median_v1
ENSG00000223300,Y_RNA,technical,0.0,Treehouse Tumor Compendium 25.01 PolyA median TPM,treehouse_polya_25_01_median_v1
ENSG00000223302,Y_RNA,technical,0.0,Treehouse Tumor Compendium 25.01 PolyA median TPM,treehouse_polya_25_01_median_v1
ENSG00000238366,Y_RNA,technical,0.0,Treehouse Tumor Compendium 25.01 PolyA median TPM,treehouse_polya_25_01_median_v1
ENSG00000238426,Y_RNA,technical,0.0,Treehouse Tumor Compendium 25.01 PolyA median TPM,treehouse_polya_25_01_median_v1
ENSG00000238443,Y_RNA,technical,0.0,Treehouse Tumor Compendium 25.01 PolyA median TPM,treehouse_polya_25_01_median_v1
ENSG00000238490,Y_RNA,technical,0.0,Treehouse Tumor Compendium 25.01 PolyA median TPM,treehouse_polya_25_01_median_v1
ENSG00000238516,Y_RNA,technical,0.0,Treehouse Tumor Compendium 25.01 PolyA median TPM,treehouse_polya_25_01_median_v1
ENSG00000238560,Y_RNA,technical,0.0,Treehouse Tumor Compendium 25.01 PolyA median TPM,treehouse_polya_25_01_median_v1
ENSG00000238585,Y_RNA,technical,0.0,Treehouse Tumor Compendium 25.01 PolyA median TPM,treehouse_polya_25_01_median_v1
ENSG00000238713,Y_RNA,technical,0.0,Treehouse Tumor Compendium 25.01 PolyA median TPM,treehouse_polya_25_01_median_v1
ENSG00000238723,Y_RNA,technical,0.0,Treehouse Tumor Compendium 25.01 PolyA median TPM,treehouse_polya_25_01_median_v1
ENSG00000238749,Y_RNA,technical,0.0,Treehouse Tumor Compendium 25.01 PolyA median TPM,treehouse_polya_25_01_median_v1
ENSG00000238783,Y_RNA,technical,0.0,Treehouse Tumor Compendium 25.01 PolyA median TPM,treehouse_polya_25_01_median_v1
ENSG00000238797,Y_RNA,technical,0.0,Treehouse Tumor Compendium 25.01 PolyA median TPM,treehouse_polya_25_01_median_v1
ENSG00000238813,Y_RNA,technical,0.0,Treehouse Tumor Compendium 25.01 PolyA median TPM,treehouse_polya_25_01_median_v1
ENSG00000238845,Y_RNA,technical,0.0,Treehouse Tumor Compendium 25.01 PolyA median TPM,treehouse_polya_25_01_median_v1
ENSG00000238912,Y_RNA,technical,0.0,Treehouse Tumor Compendium 25.01 PolyA median TPM,treehouse_polya_25_01_median_v1
ENSG00000238926,Y_RNA,technical,0.0,Treehouse Tumor Compendium 25.01 PolyA median TPM,treehouse_polya_25_01_median_v1
ENSG00000238933,Y_RNA,technical,0.0,Treehouse Tumor Compendium 25.01 PolyA median TPM,treehouse_polya_25_01_median_v1
ENSG00000238943,Y_RNA,technical,0.0,Treehouse Tumor Compendium 25.01 PolyA median TPM,treehouse_polya_25_01_median_v1
ENSG00000239040,Y_RNA,technical,0.0,Treehouse Tumor Compendium 25.01 PolyA median TPM,treehouse_polya_25_01_median_v1
ENSG00000239069,Y_RNA,technical,0.0,Treehouse Tumor Compendium 25.01 PolyA median TPM,treehouse_polya_25_01_median_v1
ENSG00000239106,Y_RNA,technical,0.0,Treehouse Tumor Compendium 25.01 PolyA median TPM,treehouse_polya_25_01_median_v1
ENSG00000239143,Y_RNA,technical,0.0,Treehouse Tumor Compendium 25.01 PolyA median TPM,treehouse_polya_25_01_median_v1
ENSG00000239180,Y_RNA,technical,0.0,Treehouse Tumor Compendium 25.01 PolyA median TPM,treehouse_polya_25_01_median_v1
ENSG00000239823,Y_RNA,technical,0.0,Treehouse Tumor Compendium 25.01 PolyA median TPM,treehouse_polya_25_01_median_v1
ENSG00000251728,Y_RNA,technical,0.0,Treehouse Tumor Compendium 25.01 PolyA median TPM,treehouse_polya_25_01_median_v1
ENSG00000251779,Y_RNA,technical,0.0,Treehouse Tumor Compendium 25.01 PolyA median TPM,treehouse_polya_25_01_median_v1
ENSG00000251792,Y_RNA,technical,0.0,Treehouse Tumor Compendium 25.01 PolyA median TPM,treehouse_polya_25_01_median_v1
ENSG00000251799,Y_RNA,technical,0.0,Treehouse Tumor Compendium 25.01 PolyA median TPM,treehouse_polya_25_01_median_v1
ENSG00000251803,Y_RNA,technical,0.0,Treehouse Tumor Compendium 25.01 PolyA median TPM,treehouse_polya_25_01_median_v1
ENSG00000251811,Y_RNA,technical,0.0,Treehouse Tumor Compendium 25.01 PolyA median TPM,treehouse_polya_25_01_median_v1
ENSG00000251812,Y_RNA,technical,0.0,Treehouse Tumor Compendium 25.01 PolyA median TPM,treehouse_polya_25_01_median_v1
ENSG00000251837,Y_RNA,technical,0.0,Treehouse Tumor Compendium 25.01 PolyA median TPM,treehouse_polya_25_01_median_v1
ENSG00000251852,Y_RNA,technical,0.0,Treehouse Tumor Compendium 25.01 PolyA median TPM,treehouse_polya_25_01_median_v1
ENSG00000251864,Y_RNA,technical,0.0,Treehouse Tumor Compendium 25.01 PolyA median TPM,treehouse_polya_25_01_median_v1
ENSG00000251986,Y_RNA,technical,0.0,Treehouse Tumor Compendium 25.01 PolyA median TPM,treehouse_polya_25_01_median_v1
ENSG00000251996,Y_RNA,technical,0.0,Treehouse Tumor Compendium 25.01 PolyA median TPM,treehouse_polya_25_01_median_v1
ENSG00000252021,Y_RNA,technical,0.0,Treehouse Tumor Compendium 25.01 PolyA median TPM,treehouse_polya_25_01_median_v1
ENSG00000252042,Y_RNA,technical,0.0,Treehouse Tumor Compendium 25.01 PolyA median TPM,treehouse_polya_25_01_median_v1
ENSG00000252047,Y_RNA,technical,0.0,Treehouse Tumor Compendium 25.01 PolyA median TPM,treehouse_polya_25_01_median_v1
ENSG00000252064,Y_RNA,technical,0.0,Treehouse Tumor Compendium 25.01 PolyA median TPM,treehouse_polya_25_01_median_v1
ENSG00000252069,Y_RNA,technical,0.0,Treehouse Tumor Compendium 25.01 PolyA median TPM,treehouse_polya_25_01_median_v1
ENSG00000252098,Y_RNA,technical,0.0,Treehouse Tumor Compendium 25.01 PolyA median TPM,treehouse_polya_25_01_median_v1
ENSG00000252115,Y_RNA,technical,0.0,Treehouse Tumor Compendium 25.01 PolyA median TPM,treehouse_polya_25_01_median_v1
ENSG00000252171,Y_RNA,technical,0.0,Treehouse Tumor Compendium 25.01 PolyA median TPM,treehouse_polya_25_01_median_v1
ENSG00000252198,Y_RNA,technical,0.0,Treehouse Tumor Compendium 25.01 PolyA median TPM,treehouse_polya_25_01_median_v1
ENSG00000252202,Y_RNA,technical,0.0,Treehouse Tumor Compendium 25.01 PolyA median TPM,treehouse_polya_25_01_median_v1
ENSG00000252210,Y_RNA,technical,0.0,Treehouse Tumor Compendium 25.01 PolyA median TPM,treehouse_polya_25_01_median_v1
ENSG00000252217,Y_RNA,technical,0.0,Treehouse Tumor Compendium 25.01 PolyA median TPM,treehouse_polya_25_01_median_v1
ENSG00000252225,Y_RNA,technical,0.0,Treehouse Tumor Compendium 25.01 PolyA median TPM,treehouse_polya_25_01_median_v1
ENSG00000252250,Y_RNA,technical,0.0,Treehouse Tumor Compendium 25.01 PolyA median TPM,treehouse_polya_25_01_median_v1
ENSG00000252254,Y_RNA,technical,0.0,Treehouse Tumor Compendium 25.01 PolyA median TPM,treehouse_polya_25_01_median_v1
ENSG00000252266,Y_RNA,technical,0.0,Treehouse Tumor Compendium 25.01 PolyA median TPM,treehouse_polya_25_01_median_v1
ENSG00000252317,Y_RNA,technical,0.0,Treehouse Tumor Compendium 25.01 PolyA median TPM,treehouse_polya_25_01_median_v1
ENSG00000252319,Y_RNA,technical,0.0,Treehouse Tumor Compendium 25.01 PolyA median TPM,treehouse_polya_25_01_median_v1
ENSG00000252341,Y_RNA,technical,0.0,Treehouse Tumor Compendium 25.01 PolyA median TPM,treehouse_polya_25_01_median_v1
ENSG00000252357,Y_RNA,technical,0.0,Treehouse Tumor Compendium 25.01 PolyA median TPM,treehouse_polya_25_01_median_v1
ENSG00000252367,Y_RNA,technical,0.0,Treehouse Tumor Compendium 25.01 PolyA median TPM,treehouse_polya_25_01_median_v1
ENSG00000252374,Y_RNA,technical,0.0,Treehouse Tumor Compendium 25.01 PolyA median TPM,treehouse_polya_25_01_median_v1
ENSG00000252398,Y_RNA,technical,0.0,Treehouse Tumor Compendium 25.01 PolyA median TPM,treehouse_polya_25_01_median_v1
ENSG00000252412,Y_RNA,technical,0.0,Treehouse Tumor Compendium 25.01 PolyA median TPM,treehouse_polya_25_01_median_v1
ENSG00000252420,Y_RNA,technical,0.0,Treehouse Tumor Compendium 25.01 PolyA median TPM,treehouse_polya_25_01_median_v1
ENSG00000252436,Y_RNA,technical,0.0,Treehouse Tumor Compendium 25.01 PolyA median TPM,treehouse_polya_25_01_median_v1
ENSG00000252450,Y_RNA,technical,0.0,Treehouse Tumor Compendium 25.01 PolyA median TPM,treehouse_polya_25_01_median_v1
ENSG00000252486,Y_RNA,technical,0.0,Treehouse Tumor Compendium 25.01 PolyA median TPM,treehouse_polya_25_01_median_v1
ENSG00000252524,Y_RNA,technical,0.0,Treehouse Tumor Compendium 25.01 PolyA median TPM,treehouse_polya_25_01_median_v1
ENSG00000252534,Y_RNA,technical,0.0,Treehouse Tumor Compendium 25.01 PolyA median TPM,treehouse_polya_25_01_median_v1
ENSG00000252585,Y_RNA,technical,0.0,Treehouse Tumor Compendium 25.01 PolyA median TPM,treehouse_polya_25_01_median_v1
ENSG00000252607,Y_RNA,technical,0.0,Treehouse Tumor Compendium 25.01 PolyA median TPM,treehouse_polya_25_01_median_v1
ENSG00000252612,Y_RNA,technical,0.0,Treehouse Tumor Compendium 25.01 PolyA median TPM,treehouse_polya_25_01_median_v1
ENSG00000252615,Y_RNA,technical,0.0,Treehouse Tumor Compendium 25.01 PolyA median TPM,treehouse_polya_25_01_median_v1
ENSG00000252621,Y_RNA,technical,0.0,Treehouse Tumor Compendium 25.01 PolyA median TPM,treehouse_polya_25_01_median_v1
ENSG00000252652,Y_RNA,technical,0.0,Treehouse Tumor Compendium 25.01 PolyA median TPM,treehouse_polya_25_01_median_v1
ENSG00000252655,Y_RNA,technical,0.0,Treehouse Tumor Compendium 25.01 PolyA median TPM,treehouse_polya_25_01_median_v1
ENSG00000252660,Y_RNA,technical,0.0,Treehouse Tumor Compendium 25.01 PolyA median TPM,treehouse_polya_25_01_median_v1
ENSG00000252671,Y_RNA,technical,0.0,Treehouse Tumor Compendium 25.01 PolyA median TPM,treehouse_polya_25_01_median_v1
ENSG00000252742,Y_RNA,technical,0.0,Treehouse Tumor Compendium 25.01 PolyA median TPM,treehouse_polya_25_01_median_v1
ENSG00000252744,Y_RNA,technical,0.0,Treehouse Tumor Compendium 25.01 PolyA median TPM,treehouse_polya_25_01_median_v1
ENSG00000252759,Y_RNA,technical,0.0,Treehouse Tumor Compendium 25.01 PolyA median TPM,treehouse_polya_25_01_median_v1
ENSG00000252761,Y_RNA,technical,0.0,Treehouse Tumor Compendium 25.01 PolyA median TPM,treehouse_polya_25_01_median_v1
ENSG00000252784,Y_RNA,technical,0.0,Treehouse Tumor Compendium 25.01 PolyA median TPM,treehouse_polya_25_01_median_v1
ENSG00000252802,Y_RNA,technical,0.0,Treehouse Tumor Compendium 25.01 PolyA median TPM,treehouse_polya_25_01_median_v1
ENSG00000252820,Y_RNA,technical,0.0,Treehouse Tumor Compendium 25.01 PolyA median TPM,treehouse_polya_25_01_median_v1
ENSG00000252822,Y_RNA,technical,0.0,Treehouse Tumor Compendium 25.01 PolyA median TPM,treehouse_polya_25_01_median_v1
ENSG00000252874,Y_RNA,technical,0.0,Treehouse Tumor Compendium 25.01 PolyA median TPM,treehouse_polya_25_01_median_v1
ENSG00000252891,Y_RNA,technical,0.0,Treehouse Tumor Compendium 25.01 PolyA median TPM,treehouse_polya_25_01_median_v1
ENSG00000252894,Y_RNA,technical,0.0,Treehouse Tumor Compendium 25.01 PolyA median TPM,treehouse_polya_25_01_median_v1
ENSG00000252915,Y_RNA,technical,0.0,Treehouse Tumor Compendium 25.01 PolyA median TPM,treehouse_polya_25_01_median_v1
ENSG00000252919,Y_RNA,technical,0.0,Treehouse Tumor Compendium 25.01 PolyA median TPM,treehouse_polya_25_01_median_v1
ENSG00000252965,Y_RNA,technical,0.0,Treehouse Tumor Compendium 25.01 PolyA median TPM,treehouse_polya_25_01_median_v1
ENSG00000252975,Y_RNA,technical,0.0,Treehouse Tumor Compendium 25.01 PolyA median TPM,treehouse_polya_25_01_median_v1
ENSG00000253016,Y_RNA,technical,0.0,Treehouse Tumor Compendium 25.01 PolyA median TPM,treehouse_polya_25_01_median_v1
ENSG00000253088,Y_RNA,technical,0.0,Treehouse Tumor Compendium 25.01 PolyA median TPM,treehouse_polya_25_01_median_v1
ENSG00000253096,Y_RNA,technical,0.0,Treehouse Tumor Compendium 25.01 PolyA median TPM,treehouse_polya_25_01_median_v1
ENSG00000265889,Y_RNA,technical,0.0,Treehouse Tumor Compendium 25.01 PolyA median TPM,treehouse_polya_25_01_median_v1
ENSG00000265961,Y_RNA,technical,0.0,Treehouse Tumor Compendium 25.01 PolyA median TPM,treehouse_polya_25_01_median_v1
ENSG00000267828,Y_RNA,technical,0.0,Treehouse Tumor Compendium 25.01 PolyA median TPM,treehouse_polya_25_01_median_v1
ENSG00000272051,Y_RNA,technical,0.0,Treehouse Tumor Compendium 25.01 PolyA median TPM,treehouse_polya_25_01_median_v1
ENSG00000272113,Y_RNA,technical,0.0,Treehouse Tumor Compendium 25.01 PolyA median TPM,treehouse_polya_25_01_median_v1
ENSG00000273927,Y_RNA,technical,0.0,Treehouse Tumor Compendium 25.01 PolyA median TPM,treehouse_polya_25_01_median_v1
ENSG00000273964,Y_RNA,technical,0.0,Treehouse Tumor Compendium 25.01 PolyA median TPM,treehouse_polya_25_01_median_v1
ENSG00000274046,Y_RNA,technical,0.0,Treehouse Tumor Compendium 25.01 PolyA median TPM,treehouse_polya_25_01_median_v1
ENSG00000274118,Y_RNA,technical,0.0,Treehouse Tumor Compendium 25.01 PolyA median TPM,treehouse_polya_25_01_median_v1
ENSG00000274284,Y_RNA,technical,0.0,Treehouse Tumor Compendium 25.01 PolyA median TPM,treehouse_polya_25_01_median_v1
ENSG00000274472,Y_RNA,technical,0.0,Treehouse Tumor Compendium 25.01 PolyA median TPM,treehouse_polya_25_01_median_v1
ENSG00000274484,Y_RNA,technical,0.0,Treehouse Tumor Compendium 25.01 PolyA median TPM,treehouse_polya_25_01_median_v1
ENSG00000274603,Y_RNA,technical,0.0,Treehouse Tumor Compendium 25.01 PolyA median TPM,treehouse_polya_25_01_median_v1
ENSG00000274790,Y_RNA,technical,0.0,Treehouse Tumor Compendium 25.01 PolyA median TPM,treehouse_polya_25_01_median_v1
ENSG00000274967,Y_RNA,technical,0.0,Treehouse Tumor Compendium 25.01 PolyA median TPM,treehouse_polya_25_01_median_v1
ENSG00000274984,Y_RNA,technical,0.0,Treehouse Tumor Compendium 25.01 PolyA median TPM,treehouse_polya_25_01_median_v1
ENSG00000275006,Y_RNA,technical,0.0,Treehouse Tumor Compendium 25.01 PolyA median TPM,treehouse_polya_25_01_median_v1
ENSG00000275745,Y_RNA,technical,0.0,Treehouse Tumor Compendium 25.01 PolyA median TPM,treehouse_polya_25_01_median_v1
ENSG00000275904,Y_RNA,technical,0.0,Treehouse Tumor Compendium 25.01 PolyA median TPM,treehouse_polya_25_01_median_v1
ENSG00000275930,Y_RNA,technical,0.0,Treehouse Tumor Compendium 25.01 PolyA median TPM,treehouse_polya_25_01_median_v1
ENSG00000275982,Y_RNA,technical,0.0,Treehouse Tumor Compendium 25.01 PolyA median TPM,treehouse_polya_25_01_median_v1
ENSG00000276178,Y_RNA,technical,0.0,Treehouse Tumor Compendium 25.01 PolyA median TPM,treehouse_polya_25_01_median_v1
ENSG00000276546,Y_RNA,technical,0.0,Treehouse Tumor Compendium 25.01 PolyA median TPM,treehouse_polya_25_01_median_v1
ENSG00000276696,Y_RNA,technical,0.0,Treehouse Tumor Compendium 25.01 PolyA median TPM,treehouse_polya_25_01_median_v1
ENSG00000276723,Y_RNA,technical,0.0,Treehouse Tumor Compendium 25.01 PolyA median TPM,treehouse_polya_25_01_median_v1
ENSG00000276902,Y_RNA,technical,0.0,Treehouse Tumor Compendium 25.01 PolyA median TPM,treehouse_polya_25_01_median_v1
ENSG00000277604,Y_RNA,technical,0.0,Treehouse Tumor Compendium 25.01 PolyA median TPM,treehouse_polya_25_01_median_v1
ENSG00000277634,Y_RNA,technical,0.0,Treehouse Tumor Compendium 25.01 PolyA median TPM,treehouse_polya_25_01_median_v1
ENSG00000277777,Y_RNA,technical,0.0,Treehouse Tumor Compendium 25.01 PolyA median TPM,treehouse_polya_25_01_median_v1
ENSG00000277818,Y_RNA,technical,0.0,Treehouse Tumor Compendium 25.01 PolyA median TPM,treehouse_polya_25_01_median_v1
ENSG00000278028,Y_RNA,technical,0.0,Treehouse Tumor Compendium 25.01 PolyA median TPM,treehouse_polya_25_01_median_v1
ENSG00000278523,Y_RNA,technical,0.0,Treehouse Tumor Compendium 25.01 PolyA median TPM,treehouse_polya_25_01_median_v1
ENSG00000283592,Y_RNA,technical,0.0,Treehouse Tumor Compendium 25.01 PolyA median TPM,treehouse_polya_25_01_median_v1
ENSG00000283691,Y_RNA,technical,0.0,Treehouse Tumor Compendium 25.01 PolyA median TPM,treehouse_polya_25_01_median_v1
ENSG00000281780,snoZ196,technical,0.0,Treehouse Tumor Compendium 25.01 PolyA median TPM,treehouse_polya_25_01_median_v1
ENSG00000199196,,technical,0.0,Treehouse Tumor Compendium 25.01 PolyA median TPM,treehouse_polya_25_01_median_v1
ENSG00000199231,,technical,0.0,Treehouse Tumor Compendium 25.01 PolyA median TPM,treehouse_polya_25_01_median_v1
ENSG00000199282,,technical,0.0,Treehouse Tumor Compendium 25.01 PolyA median TPM,treehouse_polya_25_01_median_v1
ENSG00000199321,,technical,0.0,Treehouse Tumor Compendium 25.01 PolyA median TPM,treehouse_polya_25_01_median_v1
ENSG00000199392,,technical,0.0,Treehouse Tumor Compendium 25.01 PolyA median TPM,treehouse_polya_25_01_median_v1
ENSG00000199470,,technical,0.0,Treehouse Tumor Compendium 25.01 PolyA median TPM,treehouse_polya_25_01_median_v1
ENSG00000199474,,technical,0.0,Treehouse Tumor Compendium 25.01 PolyA median TPM,treehouse_polya_25_01_median_v1
ENSG00000199566,,technical,0.0,Treehouse Tumor Compendium 25.01 PolyA median TPM,treehouse_polya_25_01_median_v1
ENSG00000199571,,technical,0.0,Treehouse Tumor Compendium 25.01 PolyA median TPM,treehouse_polya_25_01_median_v1
ENSG00000199783,,technical,0.0,Treehouse Tumor Compendium 25.01 PolyA median TPM,treehouse_polya_25_01_median_v1
ENSG00000199815,,technical,0.0,Treehouse Tumor Compendium 25.01 PolyA median TPM,treehouse_polya_25_01_median_v1
ENSG00000199857,,technical,0.0,Treehouse Tumor Compendium 25.01 PolyA median TPM,treehouse_polya_25_01_median_v1
ENSG00000199894,,technical,0.0,Treehouse Tumor Compendium 25.01 PolyA median TPM,treehouse_polya_25_01_median_v1
ENSG00000199927,,technical,0.0,Treehouse Tumor Compendium 25.01 PolyA median TPM,treehouse_polya_25_01_median_v1
ENSG00000199959,,technical,0.0,Treehouse Tumor Compendium 25.01 PolyA median TPM,treehouse_polya_25_01_median_v1
ENSG00000200051,,technical,0.0,Treehouse Tumor Compendium 25.01 PolyA median TPM,treehouse_polya_25_01_median_v1
ENSG00000200063,,technical,0.0,Treehouse Tumor Compendium 25.01 PolyA median TPM,treehouse_polya_25_01_median_v1
ENSG00000200072,,technical,0.0,Treehouse Tumor Compendium 25.01 PolyA median TPM,treehouse_polya_25_01_median_v1
ENSG00000200075,,technical,0.0,Treehouse Tumor Compendium 25.01 PolyA median TPM,treehouse_polya_25_01_median_v1
ENSG00000200112,,technical,0.0,Treehouse Tumor Compendium 25.01 PolyA median TPM,treehouse_polya_25_01_median_v1
ENSG00000200113,,technical,0.0,Treehouse Tumor Compendium 25.01 PolyA median TPM,treehouse_polya_25_01_median_v1
ENSG00000200150,,technical,0.0,Treehouse Tumor Compendium 25.01 PolyA median TPM,treehouse_polya_25_01_median_v1
ENSG00000200206,,technical,0.0,Treehouse Tumor Compendium 25.01 PolyA median TPM,treehouse_polya_25_01_median_v1
ENSG00000200235,,technical,0.0,Treehouse Tumor Compendium 25.01 PolyA median TPM,treehouse_polya_25_01_median_v1
ENSG00000200288,,technical,0.0,Treehouse Tumor Compendium 25.01 PolyA median TPM,treehouse_polya_25_01_median_v1
ENSG00000200294,,technical,0.0,Treehouse Tumor Compendium 25.01 PolyA median TPM,treehouse_polya_25_01_median_v1
ENSG00000200377,,technical,0.0,Treehouse Tumor Compendium 25.01 PolyA median TPM,treehouse_polya_25_01_median_v1
ENSG00000200385,,technical,0.0,Treehouse Tumor Compendium 25.01 PolyA median TPM,treehouse_polya_25_01_median_v1
ENSG00000200422,,technical,0.0,Treehouse Tumor Compendium 25.01 PolyA median TPM,treehouse_polya_25_01_median_v1
ENSG00000200536,,technical,0.0,Treehouse Tumor Compendium 25.01 PolyA median TPM,treehouse_polya_25_01_median_v1
ENSG00000200620,,technical,0.0,Treehouse Tumor Compendium 25.01 PolyA median TPM,treehouse_polya_25_01_median_v1
ENSG00000200652,,technical,0.0,Treehouse Tumor Compendium 25.01 PolyA median TPM,treehouse_polya_25_01_median_v1
ENSG00000200706,,technical,0.0,Treehouse Tumor Compendium 25.01 PolyA median TPM,treehouse_polya_25_01_median_v1
ENSG00000200733,,technical,0.0,Treehouse Tumor Compendium 25.01 PolyA median TPM,treehouse_polya_25_01_median_v1
ENSG00000200753,,technical,0.0,Treehouse Tumor Compendium 25.01 PolyA median TPM,treehouse_polya_25_01_median_v1
ENSG00000200891,,technical,0.0,Treehouse Tumor Compendium 25.01 PolyA median TPM,treehouse_polya_25_01_median_v1
ENSG00000200897,,technical,0.0,Treehouse Tumor Compendium 25.01 PolyA median TPM,treehouse_polya_25_01_median_v1
ENSG00000200969,,technical,0.0,Treehouse Tumor Compendium 25.01 PolyA median TPM,treehouse_polya_25_01_median_v1
ENSG00000200991,,technical,0.0,Treehouse Tumor Compendium 25.01 PolyA median TPM,treehouse_polya_25_01_median_v1
ENSG00000200999,,technical,0.0,Treehouse Tumor Compendium 25.01 PolyA median TPM,treehouse_polya_25_01_median_v1
ENSG00000201003,,technical,0.0,Treehouse Tumor Compendium 25.01 PolyA median TPM,treehouse_polya_25_01_median_v1
ENSG00000201009,,technical,0.0,Treehouse Tumor Compendium 25.01 PolyA median TPM,treehouse_polya_25_01_median_v1
ENSG00000201036,,technical,0.0,Treehouse Tumor Compendium 25.01 PolyA median TPM,treehouse_polya_25_01_median_v1
ENSG00000201042,,technical,0.0,Treehouse Tumor Compendium 25.01 PolyA median TPM,treehouse_polya_25_01_median_v1
ENSG00000201133,,technical,0.0,Treehouse Tumor Compendium 25.01 PolyA median TPM,treehouse_polya_25_01_median_v1
ENSG00000201151,,technical,0.0,Treehouse Tumor Compendium 25.01 PolyA median TPM,treehouse_polya_25_01_median_v1
ENSG00000201245,,technical,0.0,Treehouse Tumor Compendium 25.01 PolyA median TPM,treehouse_polya_25_01_median_v1
ENSG00000201316,,technical,0.0,Treehouse Tumor Compendium 25.01 PolyA median TPM,treehouse_polya_25_01_median_v1
ENSG00000201384,,technical,0.0,Treehouse Tumor Compendium 25.01 PolyA median TPM,treehouse_polya_25_01_median_v1
ENSG00000201407,,technical,0.0,Treehouse Tumor Compendium 25.01 PolyA median TPM,treehouse_polya_25_01_median_v1
ENSG00000201410,,technical,0.0,Treehouse Tumor Compendium 25.01 PolyA median TPM,treehouse_polya_25_01_median_v1
ENSG00000201465,,technical,0.0,Treehouse Tumor Compendium 25.01 PolyA median TPM,treehouse_polya_25_01_median_v1
ENSG00000201467,,technical,0.0,Treehouse Tumor Compendium 25.01 PolyA median TPM,treehouse_polya_25_01_median_v1
ENSG00000201500,,technical,0.0,Treehouse Tumor Compendium 25.01 PolyA median TPM,treehouse_polya_25_01_median_v1
ENSG00000201502,,technical,0.0,Treehouse Tumor Compendium 25.01 PolyA median TPM,treehouse_polya_25_01_median_v1
ENSG00000201516,,technical,0.0,Treehouse Tumor Compendium 25.01 PolyA median TPM,treehouse_polya_25_01_median_v1
ENSG00000201541,,technical,0.0,Treehouse Tumor Compendium 25.01 PolyA median TPM,treehouse_polya_25_01_median_v1
ENSG00000201592,,technical,0.0,Treehouse Tumor Compendium 25.01 PolyA median TPM,treehouse_polya_25_01_median_v1
ENSG00000201619,,technical,0.0,Treehouse Tumor Compendium 25.01 PolyA median TPM,treehouse_polya_25_01_median_v1
ENSG00000201660,,technical,0.0,Treehouse Tumor Compendium 25.01 PolyA median TPM,treehouse_polya_25_01_median_v1
ENSG00000201666,,technical,0.0,Treehouse Tumor Compendium 25.01 PolyA median TPM,treehouse_polya_25_01_median_v1
ENSG00000201701,,technical,0.0,Treehouse Tumor Compendium 25.01 PolyA median TPM,treehouse_polya_25_01_median_v1
ENSG00000201710,,technical,0.0,Treehouse Tumor Compendium 25.01 PolyA median TPM,treehouse_polya_25_01_median_v1
ENSG00000201733,,technical,0.0,Treehouse Tumor Compendium 25.01 PolyA median TPM,treehouse_polya_25_01_median_v1
ENSG00000201807,,technical,0.0,Treehouse Tumor Compendium 25.01 PolyA median TPM,treehouse_polya_25_01_median_v1
ENSG00000201827,,technical,0.0,Treehouse Tumor Compendium 25.01 PolyA median TPM,treehouse_polya_25_01_median_v1
ENSG00000201863,,technical,0.0,Treehouse Tumor Compendium 25.01 PolyA median TPM,treehouse_polya_25_01_median_v1
ENSG00000201882,,technical,0.0,Treehouse Tumor Compendium 25.01 PolyA median TPM,treehouse_polya_25_01_median_v1
ENSG00000201957,,technical,0.0,Treehouse Tumor Compendium 25.01 PolyA median TPM,treehouse_polya_25_01_median_v1
ENSG00000202059,,technical,0.0,Treehouse Tumor Compendium 25.01 PolyA median TPM,treehouse_polya_25_01_median_v1
ENSG00000202183,,technical,0.0,Treehouse Tumor Compendium 25.01 PolyA median TPM,treehouse_polya_25_01_median_v1
ENSG00000202216,,technical,0.0,Treehouse Tumor Compendium 25.01 PolyA median TPM,treehouse_polya_25_01_median_v1
ENSG00000202231,,technical,0.0,Treehouse Tumor Compendium 25.01 PolyA median TPM,treehouse_polya_25_01_median_v1
ENSG00000202275,,technical,0.0,Treehouse Tumor Compendium 25.01 PolyA median TPM,treehouse_polya_25_01_median_v1
ENSG00000202283,,technical,0.0,Treehouse Tumor Compendium 25.01 PolyA median TPM,treehouse_polya_25_01_median_v1
ENSG00000202335,,technical,0.0,Treehouse Tumor Compendium 25.01 PolyA median TPM,treehouse_polya_25_01_median_v1
ENSG00000202343,,technical,0.0,Treehouse Tumor Compendium 25.01 PolyA median TPM,treehouse_polya_25_01_median_v1
ENSG00000202434,,technical,0.0,Treehouse Tumor Compendium 25.01 PolyA median TPM,treehouse_polya_25_01_median_v1
ENSG00000202517,,technical,0.0,Treehouse Tumor Compendium 25.01 PolyA median TPM,treehouse_polya_25_01_median_v1
ENSG00000206592,,technical,0.0,Treehouse Tumor Compendium 25.01 PolyA median TPM,treehouse_polya_25_01_median_v1
ENSG00000206647,,technical,0.0,Treehouse Tumor Compendium 25.01 PolyA median TPM,treehouse_polya_25_01_median_v1
ENSG00000206649,,technical,0.0,Treehouse Tumor Compendium 25.01 PolyA median TPM,treehouse_polya_25_01_median_v1
ENSG00000206731,,technical,0.0,Treehouse Tumor Compendium 25.01 PolyA median TPM,treehouse_polya_25_01_median_v1
ENSG00000206776,,technical,0.0,Treehouse Tumor Compendium 25.01 PolyA median TPM,treehouse_polya_25_01_median_v1
ENSG00000206849,,technical,0.0,Treehouse Tumor Compendium 25.01 PolyA median TPM,treehouse_polya_25_01_median_v1
ENSG00000206853,,technical,0.0,Treehouse Tumor Compendium 25.01 PolyA median TPM,treehouse_polya_25_01_median_v1
ENSG00000206878,,technical,0.0,Treehouse Tumor Compendium 25.01 PolyA median TPM,treehouse_polya_25_01_median_v1
ENSG00000206898,,technical,0.0,Treehouse Tumor Compendium 25.01 PolyA median TPM,treehouse_polya_25_01_median_v1
ENSG00000206913,,technical,0.0,Treehouse Tumor Compendium 25.01 PolyA median TPM,treehouse_polya_25_01_median_v1
ENSG00000206961,,technical,0.0,Treehouse Tumor Compendium 25.01 PolyA median TPM,treehouse_polya_25_01_median_v1
ENSG00000206976,,technical,0.0,Treehouse Tumor Compendium 25.01 PolyA median TPM,treehouse_polya_25_01_median_v1
ENSG00000206977,,technical,0.0,Treehouse Tumor Compendium 25.01 PolyA median TPM,treehouse_polya_25_01_median_v1
ENSG00000207002,,technical,0.0,Treehouse Tumor Compendium 25.01 PolyA median TPM,treehouse_polya_25_01_median_v1
ENSG00000207022,,technical,0.0,Treehouse Tumor Compendium 25.01 PolyA median TPM,treehouse_polya_25_01_median_v1
ENSG00000207027,,technical,0.0,Treehouse Tumor Compendium 25.01 PolyA median TPM,treehouse_polya_25_01_median_v1
ENSG00000207094,,technical,0.0,Treehouse Tumor Compendium 25.01 PolyA median TPM,treehouse_polya_25_01_median_v1
ENSG00000207100,,technical,0.0,Treehouse Tumor Compendium 25.01 PolyA median TPM,treehouse_polya_25_01_median_v1
ENSG00000207130,,technical,0.0,Treehouse Tumor Compendium 25.01 PolyA median TPM,treehouse_polya_25_01_median_v1
ENSG00000207147,,technical,0.0,Treehouse Tumor Compendium 25.01 PolyA median TPM,treehouse_polya_25_01_median_v1
ENSG00000207171,,technical,0.0,Treehouse Tumor Compendium 25.01 PolyA median TPM,treehouse_polya_25_01_median_v1
ENSG00000207177,,technical,0.0,Treehouse Tumor Compendium 25.01 PolyA median TPM,treehouse_polya_25_01_median_v1
ENSG00000207299,,technical,0.0,Treehouse Tumor Compendium 25.01 PolyA median TPM,treehouse_polya_25_01_median_v1
ENSG00000207407,,technical,0.0,Treehouse Tumor Compendium 25.01 PolyA median TPM,treehouse_polya_25_01_median_v1
ENSG00000207410,,technical,0.0,Treehouse Tumor Compendium 25.01 PolyA median TPM,treehouse_polya_25_01_median_v1
ENSG00000207419,,technical,0.0,Treehouse Tumor Compendium 25.01 PolyA median TPM,treehouse_polya_25_01_median_v1
ENSG00000207502,,technical,0.0,Treehouse Tumor Compendium 25.01 PolyA median TPM,treehouse_polya_25_01_median_v1
ENSG00000207503,,technical,0.0,Treehouse Tumor Compendium 25.01 PolyA median TPM,treehouse_polya_25_01_median_v1
ENSG00000212134,,technical,0.0,Treehouse Tumor Compendium 25.01 PolyA median TPM,treehouse_polya_25_01_median_v1
ENSG00000212149,,technical,0.0,Treehouse Tumor Compendium 25.01 PolyA median TPM,treehouse_polya_25_01_median_v1
ENSG00000212161,,technical,0.0,Treehouse Tumor Compendium 25.01 PolyA median TPM,treehouse_polya_25_01_median_v1
ENSG00000212168,,technical,0.0,Treehouse Tumor Compendium 25.01 PolyA median TPM,treehouse_polya_25_01_median_v1
ENSG00000212175,,technical,0.0,Treehouse Tumor Compendium 25.01 PolyA median TPM,treehouse_polya_25_01_median_v1
ENSG00000212181,,technical,0.0,Treehouse Tumor Compendium 25.01 PolyA median TPM,treehouse_polya_25_01_median_v1
ENSG00000212187,,technical,0.0,Treehouse Tumor Compendium 25.01 PolyA median TPM,treehouse_polya_25_01_median_v1
ENSG00000212191,,technical,0.0,Treehouse Tumor Compendium 25.01 PolyA median TPM,treehouse_polya_25_01_median_v1
ENSG00000212206,,technical,0.0,Treehouse Tumor Compendium 25.01 PolyA median TPM,treehouse_polya_25_01_median_v1
ENSG00000212224,,technical,0.0,Treehouse Tumor Compendium 25.01 PolyA median TPM,treehouse_polya_25_01_median_v1
ENSG00000212228,,technical,0.0,Treehouse Tumor Compendium 25.01 PolyA median TPM,treehouse_polya_25_01_median_v1
ENSG00000212229,,technical,0.0,Treehouse Tumor Compendium 25.01 PolyA median TPM,treehouse_polya_25_01_median_v1
ENSG00000212266,,technical,0.0,Treehouse Tumor Compendium 25.01 PolyA median TPM,treehouse_polya_25_01_median_v1
ENSG00000212270,,technical,0.0,Treehouse Tumor Compendium 25.01 PolyA median TPM,treehouse_polya_25_01_median_v1
ENSG00000212273,,technical,0.0,Treehouse Tumor Compendium 25.01 PolyA median TPM,treehouse_polya_25_01_median_v1
ENSG00000212279,,technical,0.0,Treehouse Tumor Compendium 25.01 PolyA median TPM,treehouse_polya_25_01_median_v1
ENSG00000212293,,technical,0.0,Treehouse Tumor Compendium 25.01 PolyA median TPM,treehouse_polya_25_01_median_v1
ENSG00000212302,,technical,0.0,Treehouse Tumor Compendium 25.01 PolyA median TPM,treehouse_polya_25_01_median_v1
ENSG00000212338,,technical,0.0,Treehouse Tumor Compendium 25.01 PolyA median TPM,treehouse_polya_25_01_median_v1
ENSG00000212342,,technical,0.0,Treehouse Tumor Compendium 25.01 PolyA median TPM,treehouse_polya_25_01_median_v1
ENSG00000212347,,technical,0.0,Treehouse Tumor Compendium 25.01 PolyA median TPM,treehouse_polya_25_01_median_v1
ENSG00000212363,,technical,0.0,Treehouse Tumor Compendium 25.01 PolyA median TPM,treehouse_polya_25_01_median_v1
ENSG00000212371,,technical,0.0,Treehouse Tumor Compendium 25.01 PolyA median TPM,treehouse_polya_25_01_median_v1
ENSG00000212377,,technical,0.0,Treehouse Tumor Compendium 25.01 PolyA median TPM,treehouse_polya_25_01_median_v1
ENSG00000212378,,technical,0.0,Treehouse Tumor Compendium 25.01 PolyA median TPM,treehouse_polya_25_01_median_v1
ENSG00000212383,,technical,0.0,Treehouse Tumor Compendium 25.01 PolyA median TPM,treehouse_polya_25_01_median_v1
ENSG00000212391,,technical,0.0,Treehouse Tumor Compendium 25.01 PolyA median TPM,treehouse_polya_25_01_median_v1
ENSG00000212395,,technical,0.0,Treehouse Tumor Compendium 25.01 PolyA median TPM,treehouse_polya_25_01_median_v1
ENSG00000212397,,technical,0.0,Treehouse Tumor Compendium 25.01 PolyA median TPM,treehouse_polya_25_01_median_v1
ENSG00000212415,,technical,0.0,Treehouse Tumor Compendium 25.01 PolyA median TPM,treehouse_polya_25_01_median_v1
ENSG00000212421,,technical,0.0,Treehouse Tumor Compendium 25.01 PolyA median TPM,treehouse_polya_25_01_median_v1
ENSG00000212445,,technical,0.0,Treehouse Tumor Compendium 25.01 PolyA median TPM,treehouse_polya_25_01_median_v1
ENSG00000212455,,technical,0.0,Treehouse Tumor Compendium 25.01 PolyA median TPM,treehouse_polya_25_01_median_v1
ENSG00000212458,,technical,0.0,Treehouse Tumor Compendium 25.01 PolyA median TPM,treehouse_polya_25_01_median_v1
ENSG00000212461,,technical,0.0,Treehouse Tumor Compendium 25.01 PolyA median TPM,treehouse_polya_25_01_median_v1
ENSG00000212490,,technical,0.0,Treehouse Tumor Compendium 25.01 PolyA median TPM,treehouse_polya_25_01_median_v1
ENSG00000212517,,technical,0.0,Treehouse Tumor Compendium 25.01 PolyA median TPM,treehouse_polya_25_01_median_v1
ENSG00000212529,,technical,0.0,Treehouse Tumor Compendium 25.01 PolyA median TPM,treehouse_polya_25_01_median_v1
ENSG00000212532,,technical,0.0,Treehouse Tumor Compendium 25.01 PolyA median TPM,treehouse_polya_25_01_median_v1
ENSG00000212558,,technical,0.0,Treehouse Tumor Compendium 25.01 PolyA median TPM,treehouse_polya_25_01_median_v1
ENSG00000212565,,technical,0.0,Treehouse Tumor Compendium 25.01 PolyA median TPM,treehouse_polya_25_01_median_v1
ENSG00000212567,,technical,0.0,Treehouse Tumor Compendium 25.01 PolyA median TPM,treehouse_polya_25_01_median_v1
ENSG00000212579,,technical,0.0,Treehouse Tumor Compendium 25.01 PolyA median TPM,treehouse_polya_25_01_median_v1
ENSG00000212586,,technical,0.0,Treehouse Tumor Compendium 25.01 PolyA median TPM,treehouse_polya_25_01_median_v1
ENSG00000212589,,technical,0.0,Treehouse Tumor Compendium 25.01 PolyA median TPM,treehouse_polya_25_01_median_v1
ENSG00000212590,,technical,0.0,Treehouse Tumor Compendium 25.01 PolyA median TPM,treehouse_polya_25_01_median_v1
ENSG00000212604,,technical,0.0,Treehouse Tumor Compendium 25.01 PolyA median TPM,treehouse_polya_25_01_median_v1
ENSG00000212608,,technical,0.0,Treehouse Tumor Compendium 25.01 PolyA median TPM,treehouse_polya_25_01_median_v1
ENSG00000212618,,technical,0.0,Treehouse Tumor Compendium 25.01 PolyA median TPM,treehouse_polya_25_01_median_v1
ENSG00000212624,,technical,0.0,Treehouse Tumor Compendium 25.01 PolyA median TPM,treehouse_polya_25_01_median_v1
ENSG00000212626,,technical,0.0,Treehouse Tumor Compendium 25.01 PolyA median TPM,treehouse_polya_25_01_median_v1
ENSG00000220986,,technical,0.0,Treehouse Tumor Compendium 25.01 PolyA median TPM,treehouse_polya_25_01_median_v1
ENSG00000221031,,technical,0.0,Treehouse Tumor Compendium 25.01 PolyA median TPM,treehouse_polya_25_01_median_v1
ENSG00000221042,,technical,0.0,Treehouse Tumor Compendium 25.01 PolyA median TPM,treehouse_polya_25_01_median_v1
ENSG00000221060,,technical,0.0,Treehouse Tumor Compendium 25.01 PolyA median TPM,treehouse_polya_25_01_median_v1
ENSG00000221083,,technical,0.0,Treehouse Tumor Compendium 25.01 PolyA median TPM,treehouse_polya_25_01_median_v1
ENSG00000221093,,technical,0.0,Treehouse Tumor Compendium 25.01 PolyA median TPM,treehouse_polya_25_01_median_v1
ENSG00000221139,,technical,0.0,Treehouse Tumor Compendium 25.01 PolyA median TPM,treehouse_polya_25_01_median_v1
ENSG00000221148,,technical,0.0,Treehouse Tumor Compendium 25.01 PolyA median TPM,treehouse_polya_25_01_median_v1
ENSG00000221245,,technical,0.0,Treehouse Tumor Compendium 25.01 PolyA median TPM,treehouse_polya_25_01_median_v1
ENSG00000221300,,technical,0.0,Treehouse Tumor Compendium 25.01 PolyA median TPM,treehouse_polya_25_01_median_v1
ENSG00000221398,,technical,0.0,Treehouse Tumor Compendium 25.01 PolyA median TPM,treehouse_polya_25_01_median_v1
ENSG00000221498,,technical,0.0,Treehouse Tumor Compendium 25.01 PolyA median TPM,treehouse_polya_25_01_median_v1
ENSG00000221611,,technical,0.0,Treehouse Tumor Compendium 25.01 PolyA median TPM,treehouse_polya_25_01_median_v1
ENSG00000221639,,technical,0.0,Treehouse Tumor Compendium 25.01 PolyA median TPM,treehouse_polya_25_01_median_v1
ENSG00000221711,,technical,0.0,Treehouse Tumor Compendium 25.01 PolyA median TPM,treehouse_polya_25_01_median_v1
ENSG00000222095,,technical,0.0,Treehouse Tumor Compendium 25.01 PolyA median TPM,treehouse_polya_25_01_median_v1
ENSG00000222185,,technical,0.0,Treehouse Tumor Compendium 25.01 PolyA median TPM,treehouse_polya_25_01_median_v1
ENSG00000222588,,technical,0.0,Treehouse Tumor Compendium 25.01 PolyA median TPM,treehouse_polya_25_01_median_v1
ENSG00000222604,,technical,0.0,Treehouse Tumor Compendium 25.01 PolyA median TPM,treehouse_polya_25_01_median_v1
ENSG00000222966,,technical,0.0,Treehouse Tumor Compendium 25.01 PolyA median TPM,treehouse_polya_25_01_median_v1
ENSG00000223027,,technical,0.0,Treehouse Tumor Compendium 25.01 PolyA median TPM,treehouse_polya_25_01_median_v1
ENSG00000238295,,technical,0.0,Treehouse Tumor Compendium 25.01 PolyA median TPM,treehouse_polya_25_01_median_v1
ENSG00000238316,,technical,0.0,Treehouse Tumor Compendium 25.01 PolyA median TPM,treehouse_polya_25_01_median_v1
ENSG00000238326,,technical,0.0,Treehouse Tumor Compendium 25.01 PolyA median TPM,treehouse_polya_25_01_median_v1
ENSG00000238371,,technical,0.0,Treehouse Tumor Compendium 25.01 PolyA median TPM,treehouse_polya_25_01_median_v1
ENSG00000238372,,technical,0.0,Treehouse Tumor Compendium 25.01 PolyA median TPM,treehouse_polya_25_01_median_v1
ENSG00000238387,,technical,0.0,Treehouse Tumor Compendium 25.01 PolyA median TPM,treehouse_polya_25_01_median_v1
ENSG00000238390,,technical,0.0,Treehouse Tumor Compendium 25.01 PolyA median TPM,treehouse_polya_25_01_median_v1
ENSG00000238410,,technical,0.0,Treehouse Tumor Compendium 25.01 PolyA median TPM,treehouse_polya_25_01_median_v1
ENSG00000238440,,technical,0.0,Treehouse Tumor Compendium 25.01 PolyA median TPM,treehouse_polya_25_01_median_v1
ENSG00000238485,,technical,0.0,Treehouse Tumor Compendium 25.01 PolyA median TPM,treehouse_polya_25_01_median_v1
ENSG00000238570,,technical,0.0,Treehouse Tumor Compendium 25.01 PolyA median TPM,treehouse_polya_25_01_median_v1
ENSG00000238575,,technical,0.0,Treehouse Tumor Compendium 25.01 PolyA median TPM,treehouse_polya_25_01_median_v1
ENSG00000238594,,technical,0.0,Treehouse Tumor Compendium 25.01 PolyA median TPM,treehouse_polya_25_01_median_v1
ENSG00000238628,,technical,0.0,Treehouse Tumor Compendium 25.01 PolyA median TPM,treehouse_polya_25_01_median_v1
ENSG00000238645,,technical,0.0,Treehouse Tumor Compendium 25.01 PolyA median TPM,treehouse_polya_25_01_median_v1
ENSG00000238685,,technical,0.0,Treehouse Tumor Compendium 25.01 PolyA median TPM,treehouse_polya_25_01_median_v1
ENSG00000238694,,technical,0.0,Treehouse Tumor Compendium 25.01 PolyA median TPM,treehouse_polya_25_01_median_v1
ENSG00000238707,,technical,0.0,Treehouse Tumor Compendium 25.01 PolyA median TPM,treehouse_polya_25_01_median_v1
ENSG00000238724,,technical,0.0,Treehouse Tumor Compendium 25.01 PolyA median TPM,treehouse_polya_25_01_median_v1
ENSG00000238745,,technical,0.0,Treehouse Tumor Compendium 25.01 PolyA median TPM,treehouse_polya_25_01_median_v1
ENSG00000238761,,technical,0.0,Treehouse Tumor Compendium 25.01 PolyA median TPM,treehouse_polya_25_01_median_v1
ENSG00000238764,,technical,0.0,Treehouse Tumor Compendium 25.01 PolyA median TPM,treehouse_polya_25_01_median_v1
ENSG00000238804,,technical,0.0,Treehouse Tumor Compendium 25.01 PolyA median TPM,treehouse_polya_25_01_median_v1
ENSG00000238819,,technical,0.0,Treehouse Tumor Compendium 25.01 PolyA median TPM,treehouse_polya_25_01_median_v1
ENSG00000238832,,technical,0.0,Treehouse Tumor Compendium 25.01 PolyA median TPM,treehouse_polya_25_01_median_v1
ENSG00000238854,,technical,0.0,Treehouse Tumor Compendium 25.01 PolyA median TPM,treehouse_polya_25_01_median_v1
ENSG00000238901,,technical,0.0,Treehouse Tumor Compendium 25.01 PolyA median TPM,treehouse_polya_25_01_median_v1
ENSG00000238902,,technical,0.0,Treehouse Tumor Compendium 25.01 PolyA median TPM,treehouse_polya_25_01_median_v1
ENSG00000238906,,technical,0.0,Treehouse Tumor Compendium 25.01 PolyA median TPM,treehouse_polya_25_01_median_v1
ENSG00000238934,,technical,0.0,Treehouse Tumor Compendium 25.01 PolyA median TPM,treehouse_polya_25_01_median_v1
ENSG00000238966,,technical,0.0,Treehouse Tumor Compendium 25.01 PolyA median TPM,treehouse_polya_25_01_median_v1
ENSG00000239005,,technical,0.0,Treehouse Tumor Compendium 25.01 PolyA median TPM,treehouse_polya_25_01_median_v1
ENSG00000239008,,technical,0.0,Treehouse Tumor Compendium 25.01 PolyA median TPM,treehouse_polya_25_01_median_v1
ENSG00000239041,,technical,0.0,Treehouse Tumor Compendium 25.01 PolyA median TPM,treehouse_polya_25_01_median_v1
ENSG00000239079,,technical,0.0,Treehouse Tumor Compendium 25.01 PolyA median TPM,treehouse_polya_25_01_median_v1
ENSG00000239080,,technical,0.0,Treehouse Tumor Compendium 25.01 PolyA median TPM,treehouse_polya_25_01_median_v1
ENSG00000239093,,technical,0.0,Treehouse Tumor Compendium 25.01 PolyA median TPM,treehouse_polya_25_01_median_v1
ENSG00000239096,,technical,0.0,Treehouse Tumor Compendium 25.01 PolyA median TPM,treehouse_polya_25_01_median_v1
ENSG00000239129,,technical,0.0,Treehouse Tumor Compendium 25.01 PolyA median TPM,treehouse_polya_25_01_median_v1
ENSG00000239137,,technical,0.0,Treehouse Tumor Compendium 25.01 PolyA median TPM,treehouse_polya_25_01_median_v1
ENSG00000239153,,technical,0.0,Treehouse Tumor Compendium 25.01 PolyA median TPM,treehouse_polya_25_01_median_v1
ENSG00000239182,,technical,0.0,Treehouse Tumor Compendium 25.01 PolyA median TPM,treehouse_polya_25_01_median_v1
ENSG00000239197,,technical,0.0,Treehouse Tumor Compendium 25.01 PolyA median TPM,treehouse_polya_25_01_median_v1
ENSG00000251704,,technical,0.0,Treehouse Tumor Compendium 25.01 PolyA median TPM,treehouse_polya_25_01_median_v1
ENSG00000251715,,technical,0.0,Treehouse Tumor Compendium 25.01 PolyA median TPM,treehouse_polya_25_01_median_v1
ENSG00000251730,,technical,0.0,Treehouse Tumor Compendium 25.01 PolyA median TPM,treehouse_polya_25_01_median_v1
ENSG00000251735,,technical,0.0,Treehouse Tumor Compendium 25.01 PolyA median TPM,treehouse_polya_25_01_median_v1
ENSG00000251744,,technical,0.0,Treehouse Tumor Compendium 25.01 PolyA median TPM,treehouse_polya_25_01_median_v1
ENSG00000251775,,technical,0.0,Treehouse Tumor Compendium 25.01 PolyA median TPM,treehouse_polya_25_01_median_v1
ENSG00000251778,,technical,0.0,Treehouse Tumor Compendium 25.01 PolyA median TPM,treehouse_polya_25_01_median_v1
ENSG00000251802,,technical,0.0,Treehouse Tumor Compendium 25.01 PolyA median TPM,treehouse_polya_25_01_median_v1
ENSG00000251805,,technical,0.0,Treehouse Tumor Compendium 25.01 PolyA median TPM,treehouse_polya_25_01_median_v1
ENSG00000251818,,technical,0.0,Treehouse Tumor Compendium 25.01 PolyA median TPM,treehouse_polya_25_01_median_v1
ENSG00000251822,,technical,0.0,Treehouse Tumor Compendium 25.01 PolyA median TPM,treehouse_polya_25_01_median_v1
ENSG00000251828,,technical,0.0,Treehouse Tumor Compendium 25.01 PolyA median TPM,treehouse_polya_25_01_median_v1
ENSG00000251830,,technical,0.0,Treehouse Tumor Compendium 25.01 PolyA median TPM,treehouse_polya_25_01_median_v1
ENSG00000251838,,technical,0.0,Treehouse Tumor Compendium 25.01 PolyA median TPM,treehouse_polya_25_01_median_v1
ENSG00000251844,,technical,0.0,Treehouse Tumor Compendium 25.01 PolyA median TPM,treehouse_polya_25_01_median_v1
ENSG00000251858,,technical,0.0,Treehouse Tumor Compendium 25.01 PolyA median TPM,treehouse_polya_25_01_median_v1
ENSG00000251861,,technical,0.0,Treehouse Tumor Compendium 25.01 PolyA median TPM,treehouse_polya_25_01_median_v1
ENSG00000251922,,technical,0.0,Treehouse Tumor Compendium 25.01 PolyA median TPM,treehouse_polya_25_01_median_v1
ENSG00000251940,,technical,0.0,Treehouse Tumor Compendium 25.01 PolyA median TPM,treehouse_polya_25_01_median_v1
ENSG00000251942,,technical,0.0,Treehouse Tumor Compendium 25.01 PolyA median TPM,treehouse_polya_25_01_median_v1
ENSG00000251967,,technical,0.0,Treehouse Tumor Compendium 25.01 PolyA median TPM,treehouse_polya_25_01_median_v1
ENSG00000251974,,technical,0.0,Treehouse Tumor Compendium 25.01 PolyA median TPM,treehouse_polya_25_01_median_v1
ENSG00000251999,,technical,0.0,Treehouse Tumor Compendium 25.01 PolyA median TPM,treehouse_polya_25_01_median_v1
ENSG00000252011,,technical,0.0,Treehouse Tumor Compendium 25.01 PolyA median TPM,treehouse_polya_25_01_median_v1
ENSG00000252016,,technical,0.0,Treehouse Tumor Compendium 25.01 PolyA median TPM,treehouse_polya_25_01_median_v1
ENSG00000252020,,technical,0.0,Treehouse Tumor Compendium 25.01 PolyA median TPM,treehouse_polya_25_01_median_v1
ENSG00000252040,,technical,0.0,Treehouse Tumor Compendium 25.01 PolyA median TPM,treehouse_polya_25_01_median_v1
ENSG00000252045,,technical,0.0,Treehouse Tumor Compendium 25.01 PolyA median TPM,treehouse_polya_25_01_median_v1
ENSG00000252049,,technical,0.0,Treehouse Tumor Compendium 25.01 PolyA median TPM,treehouse_polya_25_01_median_v1
ENSG00000252050,,technical,0.0,Treehouse Tumor Compendium 25.01 PolyA median TPM,treehouse_polya_25_01_median_v1
ENSG00000252083,,technical,0.0,Treehouse Tumor Compendium 25.01 PolyA median TPM,treehouse_polya_25_01_median_v1
ENSG00000252096,,technical,0.0,Treehouse Tumor Compendium 25.01 PolyA median TPM,treehouse_polya_25_01_median_v1
ENSG00000252119,,technical,0.0,Treehouse Tumor Compendium 25.01 PolyA median TPM,treehouse_polya_25_01_median_v1
ENSG00000252122,,technical,0.0,Treehouse Tumor Compendium 25.01 PolyA median TPM,treehouse_polya_25_01_median_v1
ENSG00000252136,,technical,0.0,Treehouse Tumor Compendium 25.01 PolyA median TPM,treehouse_polya_25_01_median_v1
ENSG00000252138,,technical,0.0,Treehouse Tumor Compendium 25.01 PolyA median TPM,treehouse_polya_25_01_median_v1
ENSG00000252139,,technical,0.0,Treehouse Tumor Compendium 25.01 PolyA median TPM,treehouse_polya_25_01_median_v1
ENSG00000252143,,technical,0.0,Treehouse Tumor Compendium 25.01 PolyA median TPM,treehouse_polya_25_01_median_v1
ENSG00000252170,,technical,0.0,Treehouse Tumor Compendium 25.01 PolyA median TPM,treehouse_polya_25_01_median_v1
ENSG00000252188,,technical,0.0,Treehouse Tumor Compendium 25.01 PolyA median TPM,treehouse_polya_25_01_median_v1
ENSG00000252190,,technical,0.0,Treehouse Tumor Compendium 25.01 PolyA median TPM,treehouse_polya_25_01_median_v1
ENSG00000252192,,technical,0.0,Treehouse Tumor Compendium 25.01 PolyA median TPM,treehouse_polya_25_01_median_v1
ENSG00000252193,,technical,0.0,Treehouse Tumor Compendium 25.01 PolyA median TPM,treehouse_polya_25_01_median_v1
ENSG00000252200,,technical,0.0,Treehouse Tumor Compendium 25.01 PolyA median TPM,treehouse_polya_25_01_median_v1
ENSG00000252204,,technical,0.0,Treehouse Tumor Compendium 25.01 PolyA median TPM,treehouse_polya_25_01_median_v1
ENSG00000252218,,technical,0.0,Treehouse Tumor Compendium 25.01 PolyA median TPM,treehouse_polya_25_01_median_v1
ENSG00000252228,,technical,0.0,Treehouse Tumor Compendium 25.01 PolyA median TPM,treehouse_polya_25_01_median_v1
ENSG00000252230,,technical,0.0,Treehouse Tumor Compendium 25.01 PolyA median TPM,treehouse_polya_25_01_median_v1
ENSG00000252236,,technical,0.0,Treehouse Tumor Compendium 25.01 PolyA median TPM,treehouse_polya_25_01_median_v1
ENSG00000252238,,technical,0.0,Treehouse Tumor Compendium 25.01 PolyA median TPM,treehouse_polya_25_01_median_v1
ENSG00000252249,,technical,0.0,Treehouse Tumor Compendium 25.01 PolyA median TPM,treehouse_polya_25_01_median_v1
ENSG00000252274,,technical,0.0,Treehouse Tumor Compendium 25.01 PolyA median TPM,treehouse_polya_25_01_median_v1
ENSG00000252290,,technical,0.0,Treehouse Tumor Compendium 25.01 PolyA median TPM,treehouse_polya_25_01_median_v1
ENSG00000252291,,technical,0.0,Treehouse Tumor Compendium 25.01 PolyA median TPM,treehouse_polya_25_01_median_v1
ENSG00000252296,,technical,0.0,Treehouse Tumor Compendium 25.01 PolyA median TPM,treehouse_polya_25_01_median_v1
ENSG00000252329,,technical,0.0,Treehouse Tumor Compendium 25.01 PolyA median TPM,treehouse_polya_25_01_median_v1
ENSG00000252337,,technical,0.0,Treehouse Tumor Compendium 25.01 PolyA median TPM,treehouse_polya_25_01_median_v1
ENSG00000252349,,technical,0.0,Treehouse Tumor Compendium 25.01 PolyA median TPM,treehouse_polya_25_01_median_v1
ENSG00000252352,,technical,0.0,Treehouse Tumor Compendium 25.01 PolyA median TPM,treehouse_polya_25_01_median_v1
ENSG00000252404,,technical,0.0,Treehouse Tumor Compendium 25.01 PolyA median TPM,treehouse_polya_25_01_median_v1
ENSG00000252408,,technical,0.0,Treehouse Tumor Compendium 25.01 PolyA median TPM,treehouse_polya_25_01_median_v1
ENSG00000252409,,technical,0.0,Treehouse Tumor Compendium 25.01 PolyA median TPM,treehouse_polya_25_01_median_v1
ENSG00000252425,,technical,0.0,Treehouse Tumor Compendium 25.01 PolyA median TPM,treehouse_polya_25_01_median_v1
ENSG00000252427,,technical,0.0,Treehouse Tumor Compendium 25.01 PolyA median TPM,treehouse_polya_25_01_median_v1
ENSG00000252433,,technical,0.0,Treehouse Tumor Compendium 25.01 PolyA median TPM,treehouse_polya_25_01_median_v1
ENSG00000252438,,technical,0.0,Treehouse Tumor Compendium 25.01 PolyA median TPM,treehouse_polya_25_01_median_v1
ENSG00000252441,,technical,0.0,Treehouse Tumor Compendium 25.01 PolyA median TPM,treehouse_polya_25_01_median_v1
ENSG00000252458,,technical,0.0,Treehouse Tumor Compendium 25.01 PolyA median TPM,treehouse_polya_25_01_median_v1
ENSG00000252459,,technical,0.0,Treehouse Tumor Compendium 25.01 PolyA median TPM,treehouse_polya_25_01_median_v1
ENSG00000252461,,technical,0.0,Treehouse Tumor Compendium 25.01 PolyA median TPM,treehouse_polya_25_01_median_v1
ENSG00000252473,,technical,0.0,Treehouse Tumor Compendium 25.01 PolyA median TPM,treehouse_polya_25_01_median_v1
ENSG00000252517,,technical,0.0,Treehouse Tumor Compendium 25.01 PolyA median TPM,treehouse_polya_25_01_median_v1
ENSG00000252537,,technical,0.0,Treehouse Tumor Compendium 25.01 PolyA median TPM,treehouse_polya_25_01_median_v1
ENSG00000252550,,technical,0.0,Treehouse Tumor Compendium 25.01 PolyA median TPM,treehouse_polya_25_01_median_v1
ENSG00000252580,,technical,0.0,Treehouse Tumor Compendium 25.01 PolyA median TPM,treehouse_polya_25_01_median_v1
ENSG00000252582,,technical,0.0,Treehouse Tumor Compendium 25.01 PolyA median TPM,treehouse_polya_25_01_median_v1
ENSG00000252601,,technical,0.0,Treehouse Tumor Compendium 25.01 PolyA median TPM,treehouse_polya_25_01_median_v1
ENSG00000252640,,technical,0.0,Treehouse Tumor Compendium 25.01 PolyA median TPM,treehouse_polya_25_01_median_v1
ENSG00000252677,,technical,0.0,Treehouse Tumor Compendium 25.01 PolyA median TPM,treehouse_polya_25_01_median_v1
ENSG00000252682,,technical,0.0,Treehouse Tumor Compendium 25.01 PolyA median TPM,treehouse_polya_25_01_median_v1
ENSG00000252689,,technical,0.0,Treehouse Tumor Compendium 25.01 PolyA median TPM,treehouse_polya_25_01_median_v1
ENSG00000252691,,technical,0.0,Treehouse Tumor Compendium 25.01 PolyA median TPM,treehouse_polya_25_01_median_v1
ENSG00000252692,,technical,0.0,Treehouse Tumor Compendium 25.01 PolyA median TPM,treehouse_polya_25_01_median_v1
ENSG00000252693,,technical,0.0,Treehouse Tumor Compendium 25.01 PolyA median TPM,treehouse_polya_25_01_median_v1
ENSG00000252719,,technical,0.0,Treehouse Tumor Compendium 25.01 PolyA median TPM,treehouse_polya_25_01_median_v1
ENSG00000252722,,technical,0.0,Treehouse Tumor Compendium 25.01 PolyA median TPM,treehouse_polya_25_01_median_v1
ENSG00000252727,,technical,0.0,Treehouse Tumor Compendium 25.01 PolyA median TPM,treehouse_polya_25_01_median_v1
ENSG00000252762,,technical,0.0,Treehouse Tumor Compendium 25.01 PolyA median TPM,treehouse_polya_25_01_median_v1
ENSG00000252765,,technical,0.0,Treehouse Tumor Compendium 25.01 PolyA median TPM,treehouse_polya_25_01_median_v1
ENSG00000252774,,technical,0.0,Treehouse Tumor Compendium 25.01 PolyA median TPM,treehouse_polya_25_01_median_v1
ENSG00000252777,,technical,0.0,Treehouse Tumor Compendium 25.01 PolyA median TPM,treehouse_polya_25_01_median_v1
ENSG00000252778,,technical,0.0,Treehouse Tumor Compendium 25.01 PolyA median TPM,treehouse_polya_25_01_median_v1
ENSG00000252787,,technical,0.0,Treehouse Tumor Compendium 25.01 PolyA median TPM,treehouse_polya_25_01_median_v1
ENSG00000252798,,technical,0.0,Treehouse Tumor Compendium 25.01 PolyA median TPM,treehouse_polya_25_01_median_v1
ENSG00000252800,,technical,0.0,Treehouse Tumor Compendium 25.01 PolyA median TPM,treehouse_polya_25_01_median_v1
ENSG00000252824,,technical,0.0,Treehouse Tumor Compendium 25.01 PolyA median TPM,treehouse_polya_25_01_median_v1
ENSG00000252840,,technical,0.0,Treehouse Tumor Compendium 25.01 PolyA median TPM,treehouse_polya_25_01_median_v1
ENSG00000252852,,technical,0.0,Treehouse Tumor Compendium 25.01 PolyA median TPM,treehouse_polya_25_01_median_v1
ENSG00000252868,,technical,0.0,Treehouse Tumor Compendium 25.01 PolyA median TPM,treehouse_polya_25_01_median_v1
ENSG00000252870,,technical,0.0,Treehouse Tumor Compendium 25.01 PolyA median TPM,treehouse_polya_25_01_median_v1
ENSG00000252888,,technical,0.0,Treehouse Tumor Compendium 25.01 PolyA median TPM,treehouse_polya_25_01_median_v1
ENSG00000252904,,technical,0.0,Treehouse Tumor Compendium 25.01 PolyA median TPM,treehouse_polya_25_01_median_v1
ENSG00000252920,,technical,0.0,Treehouse Tumor Compendium 25.01 PolyA median TPM,treehouse_polya_25_01_median_v1
ENSG00000252923,,technical,0.0,Treehouse Tumor Compendium 25.01 PolyA median TPM,treehouse_polya_25_01_median_v1
ENSG00000252945,,technical,0.0,Treehouse Tumor Compendium 25.01 PolyA median TPM,treehouse_polya_25_01_median_v1
ENSG00000252989,,technical,0.0,Treehouse Tumor Compendium 25.01 PolyA median TPM,treehouse_polya_25_01_median_v1
ENSG00000252992,,technical,0.0,Treehouse Tumor Compendium 25.01 PolyA median TPM,treehouse_polya_25_01_median_v1
ENSG00000252993,,technical,0.0,Treehouse Tumor Compendium 25.01 PolyA median TPM,treehouse_polya_25_01_median_v1
ENSG00000253013,,technical,0.0,Treehouse Tumor Compendium 25.01 PolyA median TPM,treehouse_polya_25_01_median_v1
ENSG00000253028,,technical,0.0,Treehouse Tumor Compendium 25.01 PolyA median TPM,treehouse_polya_25_01_median_v1
ENSG00000253041,,technical,0.0,Treehouse Tumor Compendium 25.01 PolyA median TPM,treehouse_polya_25_01_median_v1
ENSG00000253047,,technical,0.0,Treehouse Tumor Compendium 25.01 PolyA median TPM,treehouse_polya_25_01_median_v1
ENSG00000253049,,technical,0.0,Treehouse Tumor Compendium 25.01 PolyA median TPM,treehouse_polya_25_01_median_v1
ENSG00000253059,,technical,0.0,Treehouse Tumor Compendium 25.01 PolyA median TPM,treehouse_polya_25_01_median_v1
ENSG00000253060,,technical,0.0,Treehouse Tumor Compendium 25.01 PolyA median TPM,treehouse_polya_25_01_median_v1
ENSG00000253065,,technical,0.0,Treehouse Tumor Compendium 25.01 PolyA median TPM,treehouse_polya_25_01_median_v1
ENSG00000253067,,technical,0.0,Treehouse Tumor Compendium 25.01 PolyA median TPM,treehouse_polya_25_01_median_v1
ENSG00000253072,,technical,0.0,Treehouse Tumor Compendium 25.01 PolyA median TPM,treehouse_polya_25_01_median_v1
ENSG00000253085,,technical,0.0,Treehouse Tumor Compendium 25.01 PolyA median TPM,treehouse_polya_25_01_median_v1
ENSG00000253092,,technical,0.0,Treehouse Tumor Compendium 25.01 PolyA median TPM,treehouse_polya_25_01_median_v1
ENSG00000261709,,technical,0.0,Treehouse Tumor Compendium 25.01 PolyA median TPM,treehouse_polya_25_01_median_v1
ENSG00000264452,,technical,0.0,Treehouse Tumor Compendium 25.01 PolyA median TPM,treehouse_polya_25_01_median_v1
ENSG00000266692,,technical,0.0,Treehouse Tumor Compendium 25.01 PolyA median TPM,treehouse_polya_25_01_median_v1
ENSG00000271922,,technical,0.0,Treehouse Tumor Compendium 25.01 PolyA median TPM,treehouse_polya_25_01_median_v1
ENSG00000272166,,technical,0.0,Treehouse Tumor Compendium 25.01 PolyA median TPM,treehouse_polya_25_01_median_v1
ENSG00000272237,,technical,0.0,Treehouse Tumor Compendium 25.01 PolyA median TPM,treehouse_polya_25_01_median_v1
ENSG00000273499,,technical,0.0,Treehouse Tumor Compendium 25.01 PolyA median TPM,treehouse_polya_25_01_median_v1
ENSG00000273515,,technical,0.0,Treehouse Tumor Compendium 25.01 PolyA median TPM,treehouse_polya_25_01_median_v1
ENSG00000273537,,technical,0.0,Treehouse Tumor Compendium 25.01 PolyA median TPM,treehouse_polya_25_01_median_v1
ENSG00000273541,,technical,0.0,Treehouse Tumor Compendium 25.01 PolyA median TPM,treehouse_polya_25_01_median_v1
ENSG00000273570,,technical,0.0,Treehouse Tumor Compendium 25.01 PolyA median TPM,treehouse_polya_25_01_median_v1
ENSG00000273571,,technical,0.0,Treehouse Tumor Compendium 25.01 PolyA median TPM,treehouse_polya_25_01_median_v1
ENSG00000273596,,technical,0.0,Treehouse Tumor Compendium 25.01 PolyA median TPM,treehouse_polya_25_01_median_v1
ENSG00000273612,,technical,0.0,Treehouse Tumor Compendium 25.01 PolyA median TPM,treehouse_polya_25_01_median_v1
ENSG00000273621,,technical,0.0,Treehouse Tumor Compendium 25.01 PolyA median TPM,treehouse_polya_25_01_median_v1
ENSG00000273623,,technical,0.0,Treehouse Tumor Compendium 25.01 PolyA median TPM,treehouse_polya_25_01_median_v1
ENSG00000273658,,technical,0.0,Treehouse Tumor Compendium 25.01 PolyA median TPM,treehouse_polya_25_01_median_v1
ENSG00000273677,,technical,0.0,Treehouse Tumor Compendium 25.01 PolyA median TPM,treehouse_polya_25_01_median_v1
ENSG00000273701,,technical,0.0,Treehouse Tumor Compendium 25.01 PolyA median TPM,treehouse_polya_25_01_median_v1
ENSG00000273750,,technical,0.0,Treehouse Tumor Compendium 25.01 PolyA median TPM,treehouse_polya_25_01_median_v1
ENSG00000273767,,technical,0.0,Treehouse Tumor Compendium 25.01 PolyA median TPM,treehouse_polya_25_01_median_v1
ENSG00000273782,,technical,0.0,Treehouse Tumor Compendium 25.01 PolyA median TPM,treehouse_polya_25_01_median_v1
ENSG00000273885,,technical,0.0,Treehouse Tumor Compendium 25.01 PolyA median TPM,treehouse_polya_25_01_median_v1
ENSG00000273904,,technical,0.0,Treehouse Tumor Compendium 25.01 PolyA median TPM,treehouse_polya_25_01_median_v1
ENSG00000273908,,technical,0.0,Treehouse Tumor Compendium 25.01 PolyA median TPM,treehouse_polya_25_01_median_v1
ENSG00000273942,,technical,0.0,Treehouse Tumor Compendium 25.01 PolyA median TPM,treehouse_polya_25_01_median_v1
ENSG00000273948,,technical,0.0,Treehouse Tumor Compendium 25.01 PolyA median TPM,treehouse_polya_25_01_median_v1
ENSG00000273961,,technical,0.0,Treehouse Tumor Compendium 25.01 PolyA median TPM,treehouse_polya_25_01_median_v1
ENSG00000273966,,technical,0.0,Treehouse Tumor Compendium 25.01 PolyA median TPM,treehouse_polya_25_01_median_v1
ENSG00000273974,,technical,0.0,Treehouse Tumor Compendium 25.01 PolyA median TPM,treehouse_polya_25_01_median_v1
ENSG00000274004,,technical,0.0,Treehouse Tumor Compendium 25.01 PolyA median TPM,treehouse_polya_25_01_median_v1
ENSG00000274006,,technical,0.0,Treehouse Tumor Compendium 25.01 PolyA median TPM,treehouse_polya_25_01_median_v1
ENSG00000274051,,technical,0.0,Treehouse Tumor Compendium 25.01 PolyA median TPM,treehouse_polya_25_01_median_v1
ENSG00000274055,,technical,0.0,Treehouse Tumor Compendium 25.01 PolyA median TPM,treehouse_polya_25_01_median_v1
ENSG00000274072,,technical,0.0,Treehouse Tumor Compendium 25.01 PolyA median TPM,treehouse_polya_25_01_median_v1
ENSG00000274075,,technical,0.0,Treehouse Tumor Compendium 25.01 PolyA median TPM,treehouse_polya_25_01_median_v1
ENSG00000274086,,technical,0.0,Treehouse Tumor Compendium 25.01 PolyA median TPM,treehouse_polya_25_01_median_v1
ENSG00000274121,,technical,0.0,Treehouse Tumor Compendium 25.01 PolyA median TPM,treehouse_polya_25_01_median_v1
ENSG00000274127,,technical,0.0,Treehouse Tumor Compendium 25.01 PolyA median TPM,treehouse_polya_25_01_median_v1
ENSG00000274170,,technical,0.0,Treehouse Tumor Compendium 25.01 PolyA median TPM,treehouse_polya_25_01_median_v1
ENSG00000274199,,technical,0.0,Treehouse Tumor Compendium 25.01 PolyA median TPM,treehouse_polya_25_01_median_v1
ENSG00000274230,,technical,0.0,Treehouse Tumor Compendium 25.01 PolyA median TPM,treehouse_polya_25_01_median_v1
ENSG00000274293,,technical,0.0,Treehouse Tumor Compendium 25.01 PolyA median TPM,treehouse_polya_25_01_median_v1
ENSG00000274321,,technical,0.0,Treehouse Tumor Compendium 25.01 PolyA median TPM,treehouse_polya_25_01_median_v1
ENSG00000274326,,technical,0.0,Treehouse Tumor Compendium 25.01 PolyA median TPM,treehouse_polya_25_01_median_v1
ENSG00000274342,,technical,0.0,Treehouse Tumor Compendium 25.01 PolyA median TPM,treehouse_polya_25_01_median_v1
ENSG00000274344,,technical,0.0,Treehouse Tumor Compendium 25.01 PolyA median TPM,treehouse_polya_25_01_median_v1
ENSG00000274396,,technical,0.0,Treehouse Tumor Compendium 25.01 PolyA median TPM,treehouse_polya_25_01_median_v1
ENSG00000274409,,technical,0.0,Treehouse Tumor Compendium 25.01 PolyA median TPM,treehouse_polya_25_01_median_v1
ENSG00000274420,,technical,0.0,Treehouse Tumor Compendium 25.01 PolyA median TPM,treehouse_polya_25_01_median_v1
ENSG00000274430,,technical,0.0,Treehouse Tumor Compendium 25.01 PolyA median TPM,treehouse_polya_25_01_median_v1
ENSG00000274450,,technical,0.0,Treehouse Tumor Compendium 25.01 PolyA median TPM,treehouse_polya_25_01_median_v1
ENSG00000274458,,technical,0.0,Treehouse Tumor Compendium 25.01 PolyA median TPM,treehouse_polya_25_01_median_v1
ENSG00000274491,,technical,0.0,Treehouse Tumor Compendium 25.01 PolyA median TPM,treehouse_polya_25_01_median_v1
ENSG00000274500,,technical,0.0,Treehouse Tumor Compendium 25.01 PolyA median TPM,treehouse_polya_25_01_median_v1
ENSG00000274520,,technical,0.0,Treehouse Tumor Compendium 25.01 PolyA median TPM,treehouse_polya_25_01_median_v1
ENSG00000274547,,technical,0.0,Treehouse Tumor Compendium 25.01 PolyA median TPM,treehouse_polya_25_01_median_v1
ENSG00000274606,,technical,0.0,Treehouse Tumor Compendium 25.01 PolyA median TPM,treehouse_polya_25_01_median_v1
ENSG00000274617,,technical,0.0,Treehouse Tumor Compendium 25.01 PolyA median TPM,treehouse_polya_25_01_median_v1
ENSG00000274625,,technical,0.0,Treehouse Tumor Compendium 25.01 PolyA median TPM,treehouse_polya_25_01_median_v1
ENSG00000274647,,technical,0.0,Treehouse Tumor Compendium 25.01 PolyA median TPM,treehouse_polya_25_01_median_v1
ENSG00000274655,,technical,0.0,Treehouse Tumor Compendium 25.01 PolyA median TPM,treehouse_polya_25_01_median_v1
ENSG00000274693,,technical,0.0,Treehouse Tumor Compendium 25.01 PolyA median TPM,treehouse_polya_25_01_median_v1
ENSG00000274709,,technical,0.0,Treehouse Tumor Compendium 25.01 PolyA median TPM,treehouse_polya_25_01_median_v1
ENSG00000274721,,technical,0.0,Treehouse Tumor Compendium 25.01 PolyA median TPM,treehouse_polya_25_01_median_v1
ENSG00000274732,,technical,0.0,Treehouse Tumor Compendium 25.01 PolyA median TPM,treehouse_polya_25_01_median_v1
ENSG00000274740,,technical,0.0,Treehouse Tumor Compendium 25.01 PolyA median TPM,treehouse_polya_25_01_median_v1
ENSG00000274760,,technical,0.0,Treehouse Tumor Compendium 25.01 PolyA median TPM,treehouse_polya_25_01_median_v1
ENSG00000274777,,technical,0.0,Treehouse Tumor Compendium 25.01 PolyA median TPM,treehouse_polya_25_01_median_v1
ENSG00000274817,,technical,0.0,Treehouse Tumor Compendium 25.01 PolyA median TPM,treehouse_polya_25_01_median_v1
ENSG00000274819,,technical,0.0,Treehouse Tumor Compendium 25.01 PolyA median TPM,treehouse_polya_25_01_median_v1
ENSG00000274836,,technical,0.0,Treehouse Tumor Compendium 25.01 PolyA median TPM,treehouse_polya_25_01_median_v1
ENSG00000274845,,technical,0.0,Treehouse Tumor Compendium 25.01 PolyA median TPM,treehouse_polya_25_01_median_v1
ENSG00000274864,,technical,0.0,Treehouse Tumor Compendium 25.01 PolyA median TPM,treehouse_polya_25_01_median_v1
ENSG00000274866,,technical,0.0,Treehouse Tumor Compendium 25.01 PolyA median TPM,treehouse_polya_25_01_median_v1
ENSG00000274868,,technical,0.0,Treehouse Tumor Compendium 25.01 PolyA median TPM,treehouse_polya_25_01_median_v1
ENSG00000274878,,technical,0.0,Treehouse Tumor Compendium 25.01 PolyA median TPM,treehouse_polya_25_01_median_v1
ENSG00000274884,,technical,0.0,Treehouse Tumor Compendium 25.01 PolyA median TPM,treehouse_polya_25_01_median_v1
ENSG00000274915,,technical,0.0,Treehouse Tumor Compendium 25.01 PolyA median TPM,treehouse_polya_25_01_median_v1
ENSG00000274934,,technical,0.0,Treehouse Tumor Compendium 25.01 PolyA median TPM,treehouse_polya_25_01_median_v1
ENSG00000275001,,technical,0.0,Treehouse Tumor Compendium 25.01 PolyA median TPM,treehouse_polya_25_01_median_v1
ENSG00000275033,,technical,0.0,Treehouse Tumor Compendium 25.01 PolyA median TPM,treehouse_polya_25_01_median_v1
ENSG00000275054,,technical,0.0,Treehouse Tumor Compendium 25.01 PolyA median TPM,treehouse_polya_25_01_median_v1
ENSG00000275069,,technical,0.0,Treehouse Tumor Compendium 25.01 PolyA median TPM,treehouse_polya_25_01_median_v1
ENSG00000275071,,technical,0.0,Treehouse Tumor Compendium 25.01 PolyA median TPM,treehouse_polya_25_01_median_v1
ENSG00000275134,,technical,0.0,Treehouse Tumor Compendium 25.01 PolyA median TPM,treehouse_polya_25_01_median_v1
ENSG00000275146,,technical,0.0,Treehouse Tumor Compendium 25.01 PolyA median TPM,treehouse_polya_25_01_median_v1
ENSG00000275161,,technical,0.0,Treehouse Tumor Compendium 25.01 PolyA median TPM,treehouse_polya_25_01_median_v1
ENSG00000275227,,technical,0.0,Treehouse Tumor Compendium 25.01 PolyA median TPM,treehouse_polya_25_01_median_v1
ENSG00000275231,,technical,0.0,Treehouse Tumor Compendium 25.01 PolyA median TPM,treehouse_polya_25_01_median_v1
ENSG00000275254,,technical,0.0,Treehouse Tumor Compendium 25.01 PolyA median TPM,treehouse_polya_25_01_median_v1
ENSG00000275266,,technical,0.0,Treehouse Tumor Compendium 25.01 PolyA median TPM,treehouse_polya_25_01_median_v1
ENSG00000275307,,technical,0.0,Treehouse Tumor Compendium 25.01 PolyA median TPM,treehouse_polya_25_01_median_v1
ENSG00000275359,,technical,0.0,Treehouse Tumor Compendium 25.01 PolyA median TPM,treehouse_polya_25_01_median_v1
ENSG00000275372,,technical,0.0,Treehouse Tumor Compendium 25.01 PolyA median TPM,treehouse_polya_25_01_median_v1
ENSG00000275414,,technical,0.0,Treehouse Tumor Compendium 25.01 PolyA median TPM,treehouse_polya_25_01_median_v1
ENSG00000275502,,technical,0.0,Treehouse Tumor Compendium 25.01 PolyA median TPM,treehouse_polya_25_01_median_v1
ENSG00000275559,,technical,0.0,Treehouse Tumor Compendium 25.01 PolyA median TPM,treehouse_polya_25_01_median_v1
ENSG00000275589,,technical,0.0,Treehouse Tumor Compendium 25.01 PolyA median TPM,treehouse_polya_25_01_median_v1
ENSG00000275625,,technical,0.0,Treehouse Tumor Compendium 25.01 PolyA median TPM,treehouse_polya_25_01_median_v1
ENSG00000275634,,technical,0.0,Treehouse Tumor Compendium 25.01 PolyA median TPM,treehouse_polya_25_01_median_v1
ENSG00000275646,,technical,0.0,Treehouse Tumor Compendium 25.01 PolyA median TPM,treehouse_polya_25_01_median_v1
ENSG00000275656,,technical,0.0,Treehouse Tumor Compendium 25.01 PolyA median TPM,treehouse_polya_25_01_median_v1
ENSG00000275664,,technical,0.0,Treehouse Tumor Compendium 25.01 PolyA median TPM,treehouse_polya_25_01_median_v1
ENSG00000275666,,technical,0.0,Treehouse Tumor Compendium 25.01 PolyA median TPM,treehouse_polya_25_01_median_v1
ENSG00000275689,,technical,0.0,Treehouse Tumor Compendium 25.01 PolyA median TPM,treehouse_polya_25_01_median_v1
ENSG00000275693,,technical,0.0,Treehouse Tumor Compendium 25.01 PolyA median TPM,treehouse_polya_25_01_median_v1
ENSG00000275823,,technical,0.0,Treehouse Tumor Compendium 25.01 PolyA median TPM,treehouse_polya_25_01_median_v1
ENSG00000275856,,technical,0.0,Treehouse Tumor Compendium 25.01 PolyA median TPM,treehouse_polya_25_01_median_v1
ENSG00000275908,,technical,0.0,Treehouse Tumor Compendium 25.01 PolyA median TPM,treehouse_polya_25_01_median_v1
ENSG00000275915,,technical,0.0,Treehouse Tumor Compendium 25.01 PolyA median TPM,treehouse_polya_25_01_median_v1
ENSG00000275939,,technical,0.0,Treehouse Tumor Compendium 25.01 PolyA median TPM,treehouse_polya_25_01_median_v1
ENSG00000275942,,technical,0.0,Treehouse Tumor Compendium 25.01 PolyA median TPM,treehouse_polya_25_01_median_v1
ENSG00000275948,,technical,0.0,Treehouse Tumor Compendium 25.01 PolyA median TPM,treehouse_polya_25_01_median_v1
ENSG00000275958,,technical,0.0,Treehouse Tumor Compendium 25.01 PolyA median TPM,treehouse_polya_25_01_median_v1
ENSG00000275968,,technical,0.0,Treehouse Tumor Compendium 25.01 PolyA median TPM,treehouse_polya_25_01_median_v1
ENSG00000275971,,technical,0.0,Treehouse Tumor Compendium 25.01 PolyA median TPM,treehouse_polya_25_01_median_v1
ENSG00000275981,,technical,0.0,Treehouse Tumor Compendium 25.01 PolyA median TPM,treehouse_polya_25_01_median_v1
ENSG00000276003,,technical,0.0,Treehouse Tumor Compendium 25.01 PolyA median TPM,treehouse_polya_25_01_median_v1
ENSG00000276015,,technical,0.0,Treehouse Tumor Compendium 25.01 PolyA median TPM,treehouse_polya_25_01_median_v1
ENSG00000276019,,technical,0.0,Treehouse Tumor Compendium 25.01 PolyA median TPM,treehouse_polya_25_01_median_v1
ENSG00000276048,,technical,0.0,Treehouse Tumor Compendium 25.01 PolyA median TPM,treehouse_polya_25_01_median_v1
ENSG00000276055,,technical,0.0,Treehouse Tumor Compendium 25.01 PolyA median TPM,treehouse_polya_25_01_median_v1
ENSG00000276057,,technical,0.0,Treehouse Tumor Compendium 25.01 PolyA median TPM,treehouse_polya_25_01_median_v1
ENSG00000276074,,technical,0.0,Treehouse Tumor Compendium 25.01 PolyA median TPM,treehouse_polya_25_01_median_v1
ENSG00000276089,,technical,0.0,Treehouse Tumor Compendium 25.01 PolyA median TPM,treehouse_polya_25_01_median_v1
ENSG00000276100,,technical,0.0,Treehouse Tumor Compendium 25.01 PolyA median TPM,treehouse_polya_25_01_median_v1
ENSG00000276105,,technical,0.0,Treehouse Tumor Compendium 25.01 PolyA median TPM,treehouse_polya_25_01_median_v1
ENSG00000276140,,technical,0.0,Treehouse Tumor Compendium 25.01 PolyA median TPM,treehouse_polya_25_01_median_v1
ENSG00000276150,,technical,0.0,Treehouse Tumor Compendium 25.01 PolyA median TPM,treehouse_polya_25_01_median_v1
ENSG00000276179,,technical,0.0,Treehouse Tumor Compendium 25.01 PolyA median TPM,treehouse_polya_25_01_median_v1
ENSG00000276185,,technical,0.0,Treehouse Tumor Compendium 25.01 PolyA median TPM,treehouse_polya_25_01_median_v1
ENSG00000276189,,technical,0.0,Treehouse Tumor Compendium 25.01 PolyA median TPM,treehouse_polya_25_01_median_v1
ENSG00000276225,,technical,0.0,Treehouse Tumor Compendium 25.01 PolyA median TPM,treehouse_polya_25_01_median_v1
ENSG00000276229,,technical,0.0,Treehouse Tumor Compendium 25.01 PolyA median TPM,treehouse_polya_25_01_median_v1
ENSG00000276233,,technical,0.0,Treehouse Tumor Compendium 25.01 PolyA median TPM,treehouse_polya_25_01_median_v1
ENSG00000276304,,technical,0.0,Treehouse Tumor Compendium 25.01 PolyA median TPM,treehouse_polya_25_01_median_v1
ENSG00000276398,,technical,0.0,Treehouse Tumor Compendium 25.01 PolyA median TPM,treehouse_polya_25_01_median_v1
ENSG00000276426,,technical,0.0,Treehouse Tumor Compendium 25.01 PolyA median TPM,treehouse_polya_25_01_median_v1
ENSG00000276470,,technical,0.0,Treehouse Tumor Compendium 25.01 PolyA median TPM,treehouse_polya_25_01_median_v1
ENSG00000276494,,technical,0.0,Treehouse Tumor Compendium 25.01 PolyA median TPM,treehouse_polya_25_01_median_v1
ENSG00000276496,,technical,0.0,Treehouse Tumor Compendium 25.01 PolyA median TPM,treehouse_polya_25_01_median_v1
ENSG00000276514,,technical,0.0,Treehouse Tumor Compendium 25.01 PolyA median TPM,treehouse_polya_25_01_median_v1
ENSG00000276528,,technical,0.0,Treehouse Tumor Compendium 25.01 PolyA median TPM,treehouse_polya_25_01_median_v1
ENSG00000276530,,technical,0.0,Treehouse Tumor Compendium 25.01 PolyA median TPM,treehouse_polya_25_01_median_v1
ENSG00000276609,,technical,0.0,Treehouse Tumor Compendium 25.01 PolyA median TPM,treehouse_polya_25_01_median_v1
ENSG00000276642,,technical,0.0,Treehouse Tumor Compendium 25.01 PolyA median TPM,treehouse_polya_25_01_median_v1
ENSG00000276643,,technical,0.0,Treehouse Tumor Compendium 25.01 PolyA median TPM,treehouse_polya_25_01_median_v1
ENSG00000276664,,technical,0.0,Treehouse Tumor Compendium 25.01 PolyA median TPM,treehouse_polya_25_01_median_v1
ENSG00000276670,,technical,0.0,Treehouse Tumor Compendium 25.01 PolyA median TPM,treehouse_polya_25_01_median_v1
ENSG00000276673,,technical,0.0,Treehouse Tumor Compendium 25.01 PolyA median TPM,treehouse_polya_25_01_median_v1
ENSG00000276675,,technical,0.0,Treehouse Tumor Compendium 25.01 PolyA median TPM,treehouse_polya_25_01_median_v1
ENSG00000276678,,technical,0.0,Treehouse Tumor Compendium 25.01 PolyA median TPM,treehouse_polya_25_01_median_v1
ENSG00000276680,,technical,0.0,Treehouse Tumor Compendium 25.01 PolyA median TPM,treehouse_polya_25_01_median_v1
ENSG00000276685,,technical,0.0,Treehouse Tumor Compendium 25.01 PolyA median TPM,treehouse_polya_25_01_median_v1
ENSG00000276690,,technical,0.0,Treehouse Tumor Compendium 25.01 PolyA median TPM,treehouse_polya_25_01_median_v1
ENSG00000276706,,technical,0.0,Treehouse Tumor Compendium 25.01 PolyA median TPM,treehouse_polya_25_01_median_v1
ENSG00000276722,,technical,0.0,Treehouse Tumor Compendium 25.01 PolyA median TPM,treehouse_polya_25_01_median_v1
ENSG00000276730,,technical,0.0,Treehouse Tumor Compendium 25.01 PolyA median TPM,treehouse_polya_25_01_median_v1
ENSG00000276771,,technical,0.0,Treehouse Tumor Compendium 25.01 PolyA median TPM,treehouse_polya_25_01_median_v1
ENSG00000276784,,technical,0.0,Treehouse Tumor Compendium 25.01 PolyA median TPM,treehouse_polya_25_01_median_v1
ENSG00000276859,,technical,0.0,Treehouse Tumor Compendium 25.01 PolyA median TPM,treehouse_polya_25_01_median_v1
ENSG00000276873,,technical,0.0,Treehouse Tumor Compendium 25.01 PolyA median TPM,treehouse_polya_25_01_median_v1
ENSG00000276884,,technical,0.0,Treehouse Tumor Compendium 25.01 PolyA median TPM,treehouse_polya_25_01_median_v1
ENSG00000276919,,technical,0.0,Treehouse Tumor Compendium 25.01 PolyA median TPM,treehouse_polya_25_01_median_v1
ENSG00000276965,,technical,0.0,Treehouse Tumor Compendium 25.01 PolyA median TPM,treehouse_polya_25_01_median_v1
ENSG00000276991,,technical,0.0,Treehouse Tumor Compendium 25.01 PolyA median TPM,treehouse_polya_25_01_median_v1
ENSG00000277035,,technical,0.0,Treehouse Tumor Compendium 25.01 PolyA median TPM,treehouse_polya_25_01_median_v1
ENSG00000277066,,technical,0.0,Treehouse Tumor Compendium 25.01 PolyA median TPM,treehouse_polya_25_01_median_v1
ENSG00000277081,,technical,0.0,Treehouse Tumor Compendium 25.01 PolyA median TPM,treehouse_polya_25_01_median_v1
ENSG00000277119,,technical,0.0,Treehouse Tumor Compendium 25.01 PolyA median TPM,treehouse_polya_25_01_median_v1
ENSG00000277124,,technical,0.0,Treehouse Tumor Compendium 25.01 PolyA median TPM,treehouse_polya_25_01_median_v1
ENSG00000277129,,technical,0.0,Treehouse Tumor Compendium 25.01 PolyA median TPM,treehouse_polya_25_01_median_v1
ENSG00000277188,,technical,0.0,Treehouse Tumor Compendium 25.01 PolyA median TPM,treehouse_polya_25_01_median_v1
ENSG00000277217,,technical,0.0,Treehouse Tumor Compendium 25.01 PolyA median TPM,treehouse_polya_25_01_median_v1
ENSG00000277269,,technical,0.0,Treehouse Tumor Compendium 25.01 PolyA median TPM,treehouse_polya_25_01_median_v1
ENSG00000277306,,technical,0.0,Treehouse Tumor Compendium 25.01 PolyA median TPM,treehouse_polya_25_01_median_v1
ENSG00000277311,,technical,0.0,Treehouse Tumor Compendium 25.01 PolyA median TPM,treehouse_polya_25_01_median_v1
ENSG00000277320,,technical,0.0,Treehouse Tumor Compendium 25.01 PolyA median TPM,treehouse_polya_25_01_median_v1
ENSG00000277413,,technical,0.0,Treehouse Tumor Compendium 25.01 PolyA median TPM,treehouse_polya_25_01_median_v1
ENSG00000277444,,technical,0.0,Treehouse Tumor Compendium 25.01 PolyA median TPM,treehouse_polya_25_01_median_v1
ENSG00000277460,,technical,0.0,Treehouse Tumor Compendium 25.01 PolyA median TPM,treehouse_polya_25_01_median_v1
ENSG00000277465,,technical,0.0,Treehouse Tumor Compendium 25.01 PolyA median TPM,treehouse_polya_25_01_median_v1
ENSG00000277468,,technical,0.0,Treehouse Tumor Compendium 25.01 PolyA median TPM,treehouse_polya_25_01_median_v1
ENSG00000277469,,technical,0.0,Treehouse Tumor Compendium 25.01 PolyA median TPM,treehouse_polya_25_01_median_v1
ENSG00000277492,,technical,0.0,Treehouse Tumor Compendium 25.01 PolyA median TPM,treehouse_polya_25_01_median_v1
ENSG00000277502,,technical,0.0,Treehouse Tumor Compendium 25.01 PolyA median TPM,treehouse_polya_25_01_median_v1
ENSG00000277524,,technical,0.0,Treehouse Tumor Compendium 25.01 PolyA median TPM,treehouse_polya_25_01_median_v1
ENSG00000277542,,technical,0.0,Treehouse Tumor Compendium 25.01 PolyA median TPM,treehouse_polya_25_01_median_v1
ENSG00000277553,,technical,0.0,Treehouse Tumor Compendium 25.01 PolyA median TPM,treehouse_polya_25_01_median_v1
ENSG00000277563,,technical,0.0,Treehouse Tumor Compendium 25.01 PolyA median TPM,treehouse_polya_25_01_median_v1
ENSG00000277565,,technical,0.0,Treehouse Tumor Compendium 25.01 PolyA median TPM,treehouse_polya_25_01_median_v1
ENSG00000277568,,technical,0.0,Treehouse Tumor Compendium 25.01 PolyA median TPM,treehouse_polya_25_01_median_v1
ENSG00000277572,,technical,0.0,Treehouse Tumor Compendium 25.01 PolyA median TPM,treehouse_polya_25_01_median_v1
ENSG00000277577,,technical,0.0,Treehouse Tumor Compendium 25.01 PolyA median TPM,treehouse_polya_25_01_median_v1
ENSG00000277583,,technical,0.0,Treehouse Tumor Compendium 25.01 PolyA median TPM,treehouse_polya_25_01_median_v1
ENSG00000277599,,technical,0.0,Treehouse Tumor Compendium 25.01 PolyA median TPM,treehouse_polya_25_01_median_v1
ENSG00000277653,,technical,0.0,Treehouse Tumor Compendium 25.01 PolyA median TPM,treehouse_polya_25_01_median_v1
ENSG00000277671,,technical,0.0,Treehouse Tumor Compendium 25.01 PolyA median TPM,treehouse_polya_25_01_median_v1
ENSG00000277689,,technical,0.0,Treehouse Tumor Compendium 25.01 PolyA median TPM,treehouse_polya_25_01_median_v1
ENSG00000277694,,technical,0.0,Treehouse Tumor Compendium 25.01 PolyA median TPM,treehouse_polya_25_01_median_v1
ENSG00000277732,,technical,0.0,Treehouse Tumor Compendium 25.01 PolyA median TPM,treehouse_polya_25_01_median_v1
ENSG00000277752,,technical,0.0,Treehouse Tumor Compendium 25.01 PolyA median TPM,treehouse_polya_25_01_median_v1
ENSG00000277764,,technical,0.0,Treehouse Tumor Compendium 25.01 PolyA median TPM,treehouse_polya_25_01_median_v1
ENSG00000277809,,technical,0.0,Treehouse Tumor Compendium 25.01 PolyA median TPM,treehouse_polya_25_01_median_v1
ENSG00000277826,,technical,0.0,Treehouse Tumor Compendium 25.01 PolyA median TPM,treehouse_polya_25_01_median_v1
ENSG00000277828,,technical,0.0,Treehouse Tumor Compendium 25.01 PolyA median TPM,treehouse_polya_25_01_median_v1
ENSG00000277830,,technical,0.0,Treehouse Tumor Compendium 25.01 PolyA median TPM,treehouse_polya_25_01_median_v1
ENSG00000277859,,technical,0.0,Treehouse Tumor Compendium 25.01 PolyA median TPM,treehouse_polya_25_01_median_v1
ENSG00000277913,,technical,0.0,Treehouse Tumor Compendium 25.01 PolyA median TPM,treehouse_polya_25_01_median_v1
ENSG00000277916,,technical,0.0,Treehouse Tumor Compendium 25.01 PolyA median TPM,treehouse_polya_25_01_median_v1
ENSG00000277922,,technical,0.0,Treehouse Tumor Compendium 25.01 PolyA median TPM,treehouse_polya_25_01_median_v1
ENSG00000277941,,technical,0.0,Treehouse Tumor Compendium 25.01 PolyA median TPM,treehouse_polya_25_01_median_v1
ENSG00000277948,,technical,0.0,Treehouse Tumor Compendium 25.01 PolyA median TPM,treehouse_polya_25_01_median_v1
ENSG00000277966,,technical,0.0,Treehouse Tumor Compendium 25.01 PolyA median TPM,treehouse_polya_25_01_median_v1
ENSG00000277967,,technical,0.0,Treehouse Tumor Compendium 25.01 PolyA median TPM,treehouse_polya_25_01_median_v1
ENSG00000277968,,technical,0.0,Treehouse Tumor Compendium 25.01 PolyA median TPM,treehouse_polya_25_01_median_v1
ENSG00000277994,,technical,0.0,Treehouse Tumor Compendium 25.01 PolyA median TPM,treehouse_polya_25_01_median_v1
ENSG00000278004,,technical,0.0,Treehouse Tumor Compendium 25.01 PolyA median TPM,treehouse_polya_25_01_median_v1
ENSG00000278020,,technical,0.0,Treehouse Tumor Compendium 25.01 PolyA median TPM,treehouse_polya_25_01_median_v1
ENSG00000278026,,technical,0.0,Treehouse Tumor Compendium 25.01 PolyA median TPM,treehouse_polya_25_01_median_v1
ENSG00000278039,,technical,0.0,Treehouse Tumor Compendium 25.01 PolyA median TPM,treehouse_polya_25_01_median_v1
ENSG00000278040,,technical,0.0,Treehouse Tumor Compendium 25.01 PolyA median TPM,treehouse_polya_25_01_median_v1
ENSG00000278045,,technical,0.0,Treehouse Tumor Compendium 25.01 PolyA median TPM,treehouse_polya_25_01_median_v1
ENSG00000278050,,technical,0.0,Treehouse Tumor Compendium 25.01 PolyA median TPM,treehouse_polya_25_01_median_v1
ENSG00000278055,,technical,0.0,Treehouse Tumor Compendium 25.01 PolyA median TPM,treehouse_polya_25_01_median_v1
ENSG00000278072,,technical,0.0,Treehouse Tumor Compendium 25.01 PolyA median TPM,treehouse_polya_25_01_median_v1
ENSG00000278104,,technical,0.0,Treehouse Tumor Compendium 25.01 PolyA median TPM,treehouse_polya_25_01_median_v1
ENSG00000278113,,technical,0.0,Treehouse Tumor Compendium 25.01 PolyA median TPM,treehouse_polya_25_01_median_v1
ENSG00000278144,,technical,0.0,Treehouse Tumor Compendium 25.01 PolyA median TPM,treehouse_polya_25_01_median_v1
ENSG00000278151,,technical,0.0,Treehouse Tumor Compendium 25.01 PolyA median TPM,treehouse_polya_25_01_median_v1
ENSG00000278218,,technical,0.0,Treehouse Tumor Compendium 25.01 PolyA median TPM,treehouse_polya_25_01_median_v1
ENSG00000278236,,technical,0.0,Treehouse Tumor Compendium 25.01 PolyA median TPM,treehouse_polya_25_01_median_v1
ENSG00000278237,,technical,0.0,Treehouse Tumor Compendium 25.01 PolyA median TPM,treehouse_polya_25_01_median_v1
ENSG00000278287,,technical,0.0,Treehouse Tumor Compendium 25.01 PolyA median TPM,treehouse_polya_25_01_median_v1
ENSG00000278324,,technical,0.0,Treehouse Tumor Compendium 25.01 PolyA median TPM,treehouse_polya_25_01_median_v1
ENSG00000278333,,technical,0.0,Treehouse Tumor Compendium 25.01 PolyA median TPM,treehouse_polya_25_01_median_v1
ENSG00000278334,,technical,0.0,Treehouse Tumor Compendium 25.01 PolyA median TPM,treehouse_polya_25_01_median_v1
ENSG00000278391,,technical,0.0,Treehouse Tumor Compendium 25.01 PolyA median TPM,treehouse_polya_25_01_median_v1
ENSG00000278404,,technical,0.0,Treehouse Tumor Compendium 25.01 PolyA median TPM,treehouse_polya_25_01_median_v1
ENSG00000278406,,technical,0.0,Treehouse Tumor Compendium 25.01 PolyA median TPM,treehouse_polya_25_01_median_v1
ENSG00000278410,,technical,0.0,Treehouse Tumor Compendium 25.01 PolyA median TPM,treehouse_polya_25_01_median_v1
ENSG00000278413,,technical,0.0,Treehouse Tumor Compendium 25.01 PolyA median TPM,treehouse_polya_25_01_median_v1
ENSG00000278421,,technical,0.0,Treehouse Tumor Compendium 25.01 PolyA median TPM,treehouse_polya_25_01_median_v1
ENSG00000278454,,technical,0.0,Treehouse Tumor Compendium 25.01 PolyA median TPM,treehouse_polya_25_01_median_v1
ENSG00000278482,,technical,0.0,Treehouse Tumor Compendium 25.01 PolyA median TPM,treehouse_polya_25_01_median_v1
ENSG00000278498,,technical,0.0,Treehouse Tumor Compendium 25.01 PolyA median TPM,treehouse_polya_25_01_median_v1
ENSG00000278526,,technical,0.0,Treehouse Tumor Compendium 25.01 PolyA median TPM,treehouse_polya_25_01_median_v1
ENSG00000278587,,technical,0.0,Treehouse Tumor Compendium 25.01 PolyA median TPM,treehouse_polya_25_01_median_v1
ENSG00000278592,,technical,0.0,Treehouse Tumor Compendium 25.01 PolyA median TPM,treehouse_polya_25_01_median_v1
ENSG00000278643,,technical,0.0,Treehouse Tumor Compendium 25.01 PolyA median TPM,treehouse_polya_25_01_median_v1
ENSG00000278708,,technical,0.0,Treehouse Tumor Compendium 25.01 PolyA median TPM,treehouse_polya_25_01_median_v1
ENSG00000278752,,technical,0.0,Treehouse Tumor Compendium 25.01 PolyA median TPM,treehouse_polya_25_01_median_v1
ENSG00000278773,,technical,0.0,Treehouse Tumor Compendium 25.01 PolyA median TPM,treehouse_polya_25_01_median_v1
ENSG00000278775,,technical,0.0,Treehouse Tumor Compendium 25.01 PolyA median TPM,treehouse_polya_25_01_median_v1
ENSG00000278778,,technical,0.0,Treehouse Tumor Compendium 25.01 PolyA median TPM,treehouse_polya_25_01_median_v1
ENSG00000278802,,technical,0.0,Treehouse Tumor Compendium 25.01 PolyA median TPM,treehouse_polya_25_01_median_v1
ENSG00000278822,,technical,0.0,Treehouse Tumor Compendium 25.01 PolyA median TPM,treehouse_polya_25_01_median_v1
ENSG00000278852,,technical,0.0,Treehouse Tumor Compendium 25.01 PolyA median TPM,treehouse_polya_25_01_median_v1
ENSG00000280554,,technical,0.0,Treehouse Tumor Compendium 25.01 PolyA median TPM,treehouse_polya_25_01_median_v1
ENSG00000280636,,technical,0.0,Treehouse Tumor Compendium 25.01 PolyA median TPM,treehouse_polya_25_01_median_v1
ENSG00000280904,,technical,0.0,Treehouse Tumor Compendium 25.01 PolyA median TPM,treehouse_polya_25_01_median_v1
ENSG00000281010,,technical,0.0,Treehouse Tumor Compendium 25.01 PolyA median TPM,treehouse_polya_25_01_median_v1
ENSG00000281159,,technical,0.0,Treehouse Tumor Compendium 25.01 PolyA median TPM,treehouse_polya_25_01_median_v1
ENSG00000281295,,technical,0.0,Treehouse Tumor Compendium 25.01 PolyA median TPM,treehouse_polya_25_01_median_v1
ENSG00000281311,,technical,0.0,Treehouse Tumor Compendium 25.01 PolyA median TPM,treehouse_polya_25_01_median_v1
ENSG00000281516,,technical,0.0,Treehouse Tumor Compendium 25.01 PolyA median TPM,treehouse_polya_25_01_median_v1
ENSG00000281808,,technical,0.0,Treehouse Tumor Compendium 25.01 PolyA median TPM,treehouse_polya_25_01_median_v1
ENSG00000281863,,technical,0.0,Treehouse Tumor Compendium 25.01 PolyA median TPM,treehouse_polya_25_01_median_v1
ENSG00000283367,,technical,0.0,Treehouse Tumor Compendium 25.01 PolyA median TPM,treehouse_polya_25_01_median_v1
ENSG00000283452,,technical,0.0,Treehouse Tumor Compendium 25.01 PolyA median TPM,treehouse_polya_25_01_median_v1
ENSG00000283584,,technical,0.0,Treehouse Tumor Compendium 25.01 PolyA median TPM,treehouse_polya_25_01_median_v1
ENSG00000283618,,technical,0.0,Treehouse Tumor Compendium 25.01 PolyA median TPM,treehouse_polya_25_01_median_v1
ENSG00000283675,,technical,0.0,Treehouse Tumor Compendium 25.01 PolyA median TPM,treehouse_polya_25_01_median_v1
