record_id,gene_symbol,aliases,ensembl_gene_id,scope_kind,source_scope,source_record_key,driver_role,decision,tissue_frequency_percent,pancancer_frequency_percent,pmid,doi,source_locator,identifier_release,upstream_repository,upstream_ref,source_file_sha256
bailey2018-s1-0001,ABL1,,ENSG00000097007,pan_cancer,PANCAN,ABL1_PANCAN,,rescued,,1.17,PMID:29625053,DOI:10.1016/j.cell.2018.02.060,Table S1,Ensembl release 92,https://github.com/openvax/gene-lists,d0a2f0bcbc59e612fde6108df6cb28d469e0f90e,dbfb76d906e218dab2d94e90dd51f8db41dbccf6c82da11311baa418ea738fdf
bailey2018-s1-0002,ACVR1,,ENSG00000115170,source_cancer_code,UCEC,ACVR1_UCEC,oncogene,official,5.30,0.75,PMID:29625053,DOI:10.1016/j.cell.2018.02.060,Table S1,Ensembl release 92,https://github.com/openvax/gene-lists,d0a2f0bcbc59e612fde6108df6cb28d469e0f90e,dbfb76d906e218dab2d94e90dd51f8db41dbccf6c82da11311baa418ea738fdf
bailey2018-s1-0003,ACVR1B,,ENSG00000135503,pan_cancer,PANCAN,ACVR1B_PANCAN,possible tsg,official,,1.09,PMID:29625053,DOI:10.1016/j.cell.2018.02.060,Table S1,Ensembl release 92,https://github.com/openvax/gene-lists,d0a2f0bcbc59e612fde6108df6cb28d469e0f90e,dbfb76d906e218dab2d94e90dd51f8db41dbccf6c82da11311baa418ea738fdf
bailey2018-s1-0004,ACVR2A,,ENSG00000121989,source_cancer_code,COADREAD,ACVR2A_COADREAD,tsg,official,2.85,1.40,PMID:29625053,DOI:10.1016/j.cell.2018.02.060,Table S1,Ensembl release 92,https://github.com/openvax/gene-lists,d0a2f0bcbc59e612fde6108df6cb28d469e0f90e,dbfb76d906e218dab2d94e90dd51f8db41dbccf6c82da11311baa418ea738fdf
bailey2018-s1-0005,ACVR2A,,ENSG00000121989,source_cancer_code,LIHC,ACVR2A_LIHC,possible tsg,official,3.11,1.40,PMID:29625053,DOI:10.1016/j.cell.2018.02.060,Table S1,Ensembl release 92,https://github.com/openvax/gene-lists,d0a2f0bcbc59e612fde6108df6cb28d469e0f90e,dbfb76d906e218dab2d94e90dd51f8db41dbccf6c82da11311baa418ea738fdf
bailey2018-s1-0006,ACVR2A,,ENSG00000121989,pan_cancer,PANCAN,ACVR2A_PANCAN,possible tsg,official,,1.40,PMID:29625053,DOI:10.1016/j.cell.2018.02.060,Table S1,Ensembl release 92,https://github.com/openvax/gene-lists,d0a2f0bcbc59e612fde6108df6cb28d469e0f90e,dbfb76d906e218dab2d94e90dd51f8db41dbccf6c82da11311baa418ea738fdf
bailey2018-s1-0007,AJUBA,,ENSG00000129474,pan_cancer,PANCAN,AJUBA_PANCAN,tsg,official,,0.90,PMID:29625053,DOI:10.1016/j.cell.2018.02.060,Table S1,Ensembl release 92,https://github.com/openvax/gene-lists,d0a2f0bcbc59e612fde6108df6cb28d469e0f90e,dbfb76d906e218dab2d94e90dd51f8db41dbccf6c82da11311baa418ea738fdf
bailey2018-s1-0008,AJUBA,,ENSG00000129474,source_cancer_code,HNSC,AJUBA_HNSC,tsg,official,6.37,0.90,PMID:29625053,DOI:10.1016/j.cell.2018.02.060,Table S1,Ensembl release 92,https://github.com/openvax/gene-lists,d0a2f0bcbc59e612fde6108df6cb28d469e0f90e,dbfb76d906e218dab2d94e90dd51f8db41dbccf6c82da11311baa418ea738fdf
bailey2018-s1-0009,AKT1,,ENSG00000142208,source_cancer_code,CESC,AKT1_CESC,oncogene,official,2.55,1.01,PMID:29625053,DOI:10.1016/j.cell.2018.02.060,Table S1,Ensembl release 92,https://github.com/openvax/gene-lists,d0a2f0bcbc59e612fde6108df6cb28d469e0f90e,dbfb76d906e218dab2d94e90dd51f8db41dbccf6c82da11311baa418ea738fdf
bailey2018-s1-0010,AKT1,,ENSG00000142208,source_cancer_code,PRAD,AKT1_PRAD,oncogene,official,0.63,1.01,PMID:29625053,DOI:10.1016/j.cell.2018.02.060,Table S1,Ensembl release 92,https://github.com/openvax/gene-lists,d0a2f0bcbc59e612fde6108df6cb28d469e0f90e,dbfb76d906e218dab2d94e90dd51f8db41dbccf6c82da11311baa418ea738fdf
bailey2018-s1-0011,AKT1,,ENSG00000142208,pan_cancer,PANCAN,AKT1_PANCAN,oncogene,official,,1.01,PMID:29625053,DOI:10.1016/j.cell.2018.02.060,Table S1,Ensembl release 92,https://github.com/openvax/gene-lists,d0a2f0bcbc59e612fde6108df6cb28d469e0f90e,dbfb76d906e218dab2d94e90dd51f8db41dbccf6c82da11311baa418ea738fdf
bailey2018-s1-0012,AKT1,,ENSG00000142208,source_cancer_code,THCA,AKT1_THCA,oncogene,official,1.02,1.01,PMID:29625053,DOI:10.1016/j.cell.2018.02.060,Table S1,Ensembl release 92,https://github.com/openvax/gene-lists,d0a2f0bcbc59e612fde6108df6cb28d469e0f90e,dbfb76d906e218dab2d94e90dd51f8db41dbccf6c82da11311baa418ea738fdf
bailey2018-s1-0013,AKT1,,ENSG00000142208,source_cancer_code,UCEC,AKT1_UCEC,oncogene,official,3.54,1.01,PMID:29625053,DOI:10.1016/j.cell.2018.02.060,Table S1,Ensembl release 92,https://github.com/openvax/gene-lists,d0a2f0bcbc59e612fde6108df6cb28d469e0f90e,dbfb76d906e218dab2d94e90dd51f8db41dbccf6c82da11311baa418ea738fdf
bailey2018-s1-0014,AKT1,,ENSG00000142208,source_cancer_code,BRCA,AKT1_BRCA,oncogene,official,3.21,1.01,PMID:29625053,DOI:10.1016/j.cell.2018.02.060,Table S1,Ensembl release 92,https://github.com/openvax/gene-lists,d0a2f0bcbc59e612fde6108df6cb28d469e0f90e,dbfb76d906e218dab2d94e90dd51f8db41dbccf6c82da11311baa418ea738fdf
bailey2018-s1-0015,ALB,,ENSG00000163631,source_cancer_code,LIHC,ALB_LIHC,possible tsg,official,13.56,1.66,PMID:29625053,DOI:10.1016/j.cell.2018.02.060,Table S1,Ensembl release 92,https://github.com/openvax/gene-lists,d0a2f0bcbc59e612fde6108df6cb28d469e0f90e,dbfb76d906e218dab2d94e90dd51f8db41dbccf6c82da11311baa418ea738fdf
bailey2018-s1-0016,ALK,,ENSG00000171094,pan_cancer,PANCAN,ALK_PANCAN,,rescued,,2.43,PMID:29625053,DOI:10.1016/j.cell.2018.02.060,Table S1,Ensembl release 92,https://github.com/openvax/gene-lists,d0a2f0bcbc59e612fde6108df6cb28d469e0f90e,dbfb76d906e218dab2d94e90dd51f8db41dbccf6c82da11311baa418ea738fdf
bailey2018-s1-0017,AMER1,,ENSG00000184675,pan_cancer,PANCAN,AMER1_PANCAN,possible tsg,official,,2.74,PMID:29625053,DOI:10.1016/j.cell.2018.02.060,Table S1,Ensembl release 92,https://github.com/openvax/gene-lists,d0a2f0bcbc59e612fde6108df6cb28d469e0f90e,dbfb76d906e218dab2d94e90dd51f8db41dbccf6c82da11311baa418ea738fdf
bailey2018-s1-0018,AMER1,,ENSG00000184675,source_cancer_code,COADREAD,AMER1_COADREAD,possible tsg,official,11.71,2.74,PMID:29625053,DOI:10.1016/j.cell.2018.02.060,Table S1,Ensembl release 92,https://github.com/openvax/gene-lists,d0a2f0bcbc59e612fde6108df6cb28d469e0f90e,dbfb76d906e218dab2d94e90dd51f8db41dbccf6c82da11311baa418ea738fdf
bailey2018-s1-0019,APC,,ENSG00000134982,source_cancer_code,PRAD,APC_PRAD,tsg,official,2.10,5.87,PMID:29625053,DOI:10.1016/j.cell.2018.02.060,Table S1,Ensembl release 92,https://github.com/openvax/gene-lists,d0a2f0bcbc59e612fde6108df6cb28d469e0f90e,dbfb76d906e218dab2d94e90dd51f8db41dbccf6c82da11311baa418ea738fdf
bailey2018-s1-0020,APC,,ENSG00000134982,pan_cancer,PANCAN,APC_PANCAN,tsg,official,,5.87,PMID:29625053,DOI:10.1016/j.cell.2018.02.060,Table S1,Ensembl release 92,https://github.com/openvax/gene-lists,d0a2f0bcbc59e612fde6108df6cb28d469e0f90e,dbfb76d906e218dab2d94e90dd51f8db41dbccf6c82da11311baa418ea738fdf
bailey2018-s1-0021,APC,,ENSG00000134982,source_cancer_code,STAD,APC_STAD,tsg,official,8.96,5.87,PMID:29625053,DOI:10.1016/j.cell.2018.02.060,Table S1,Ensembl release 92,https://github.com/openvax/gene-lists,d0a2f0bcbc59e612fde6108df6cb28d469e0f90e,dbfb76d906e218dab2d94e90dd51f8db41dbccf6c82da11311baa418ea738fdf
bailey2018-s1-0022,APC,,ENSG00000134982,source_cancer_code,COADREAD,APC_COADREAD,tsg,official,81.96,5.87,PMID:29625053,DOI:10.1016/j.cell.2018.02.060,Table S1,Ensembl release 92,https://github.com/openvax/gene-lists,d0a2f0bcbc59e612fde6108df6cb28d469e0f90e,dbfb76d906e218dab2d94e90dd51f8db41dbccf6c82da11311baa418ea738fdf
bailey2018-s1-0023,APOB,,ENSG00000084674,source_cancer_code,LIHC,APOB_LIHC,possible tsg,official,10.17,8.08,PMID:29625053,DOI:10.1016/j.cell.2018.02.060,Table S1,Ensembl release 92,https://github.com/openvax/gene-lists,d0a2f0bcbc59e612fde6108df6cb28d469e0f90e,dbfb76d906e218dab2d94e90dd51f8db41dbccf6c82da11311baa418ea738fdf
bailey2018-s1-0024,AR,,ENSG00000169083,pan_cancer,PANCAN,AR_PANCAN,,rescued,,1.46,PMID:29625053,DOI:10.1016/j.cell.2018.02.060,Table S1,Ensembl release 92,https://github.com/openvax/gene-lists,d0a2f0bcbc59e612fde6108df6cb28d469e0f90e,dbfb76d906e218dab2d94e90dd51f8db41dbccf6c82da11311baa418ea738fdf
bailey2018-s1-0025,ARAF,,ENSG00000078061,pan_cancer,PANCAN,ARAF_PANCAN,,rescued,,0.79,PMID:29625053,DOI:10.1016/j.cell.2018.02.060,Table S1,Ensembl release 92,https://github.com/openvax/gene-lists,d0a2f0bcbc59e612fde6108df6cb28d469e0f90e,dbfb76d906e218dab2d94e90dd51f8db41dbccf6c82da11311baa418ea738fdf
bailey2018-s1-0026,ARHGAP35,,ENSG00000160007,source_cancer_code,LUSC,ARHGAP35_LUSC,tsg,official,6.03,2.58,PMID:29625053,DOI:10.1016/j.cell.2018.02.060,Table S1,Ensembl release 92,https://github.com/openvax/gene-lists,d0a2f0bcbc59e612fde6108df6cb28d469e0f90e,dbfb76d906e218dab2d94e90dd51f8db41dbccf6c82da11311baa418ea738fdf
bailey2018-s1-0027,ARHGAP35,,ENSG00000160007,pan_cancer,PANCAN,ARHGAP35_PANCAN,tsg,official,,2.58,PMID:29625053,DOI:10.1016/j.cell.2018.02.060,Table S1,Ensembl release 92,https://github.com/openvax/gene-lists,d0a2f0bcbc59e612fde6108df6cb28d469e0f90e,dbfb76d906e218dab2d94e90dd51f8db41dbccf6c82da11311baa418ea738fdf
bailey2018-s1-0028,ARHGAP35,,ENSG00000160007,source_cancer_code,UCEC,ARHGAP35_UCEC,tsg,official,13.89,2.58,PMID:29625053,DOI:10.1016/j.cell.2018.02.060,Table S1,Ensembl release 92,https://github.com/openvax/gene-lists,d0a2f0bcbc59e612fde6108df6cb28d469e0f90e,dbfb76d906e218dab2d94e90dd51f8db41dbccf6c82da11311baa418ea738fdf
bailey2018-s1-0029,ARID1A,,ENSG00000117713,source_cancer_code,ESCA,ARID1A_ESCA,tsg,official,6.98,6.69,PMID:29625053,DOI:10.1016/j.cell.2018.02.060,Table S1,Ensembl release 92,https://github.com/openvax/gene-lists,d0a2f0bcbc59e612fde6108df6cb28d469e0f90e,dbfb76d906e218dab2d94e90dd51f8db41dbccf6c82da11311baa418ea738fdf
bailey2018-s1-0030,ARID1A,,ENSG00000117713,source_cancer_code,LUAD,ARID1A_LUAD,tsg,official,4.64,6.69,PMID:29625053,DOI:10.1016/j.cell.2018.02.060,Table S1,Ensembl release 92,https://github.com/openvax/gene-lists,d0a2f0bcbc59e612fde6108df6cb28d469e0f90e,dbfb76d906e218dab2d94e90dd51f8db41dbccf6c82da11311baa418ea738fdf
bailey2018-s1-0031,ARID1A,,ENSG00000117713,source_cancer_code,LUSC,ARID1A_LUSC,tsg,official,7.33,6.69,PMID:29625053,DOI:10.1016/j.cell.2018.02.060,Table S1,Ensembl release 92,https://github.com/openvax/gene-lists,d0a2f0bcbc59e612fde6108df6cb28d469e0f90e,dbfb76d906e218dab2d94e90dd51f8db41dbccf6c82da11311baa418ea738fdf
bailey2018-s1-0032,ARID1A,,ENSG00000117713,source_cancer_code,UCS,ARID1A_UCS,tsg,official,9.09,6.69,PMID:29625053,DOI:10.1016/j.cell.2018.02.060,Table S1,Ensembl release 92,https://github.com/openvax/gene-lists,d0a2f0bcbc59e612fde6108df6cb28d469e0f90e,dbfb76d906e218dab2d94e90dd51f8db41dbccf6c82da11311baa418ea738fdf
bailey2018-s1-0033,ARID1A,,ENSG00000117713,source_cancer_code,CHOL,ARID1A_CHOL,,official,11.76,6.69,PMID:29625053,DOI:10.1016/j.cell.2018.02.060,Table S1,Ensembl release 92,https://github.com/openvax/gene-lists,d0a2f0bcbc59e612fde6108df6cb28d469e0f90e,dbfb76d906e218dab2d94e90dd51f8db41dbccf6c82da11311baa418ea738fdf
bailey2018-s1-0034,ARID1A,,ENSG00000117713,source_cancer_code,COADREAD,ARID1A_COADREAD,possible oncogene,official,5.06,6.69,PMID:29625053,DOI:10.1016/j.cell.2018.02.060,Table S1,Ensembl release 92,https://github.com/openvax/gene-lists,d0a2f0bcbc59e612fde6108df6cb28d469e0f90e,dbfb76d906e218dab2d94e90dd51f8db41dbccf6c82da11311baa418ea738fdf
bailey2018-s1-0035,ARID1A,,ENSG00000117713,source_cancer_code,CESC,ARID1A_CESC,tsg,official,5.84,6.69,PMID:29625053,DOI:10.1016/j.cell.2018.02.060,Table S1,Ensembl release 92,https://github.com/openvax/gene-lists,d0a2f0bcbc59e612fde6108df6cb28d469e0f90e,dbfb76d906e218dab2d94e90dd51f8db41dbccf6c82da11311baa418ea738fdf
bailey2018-s1-0036,ARID1A,,ENSG00000117713,source_cancer_code,LGG,ARID1A_LGG,possible tsg,official,3.92,6.69,PMID:29625053,DOI:10.1016/j.cell.2018.02.060,Table S1,Ensembl release 92,https://github.com/openvax/gene-lists,d0a2f0bcbc59e612fde6108df6cb28d469e0f90e,dbfb76d906e218dab2d94e90dd51f8db41dbccf6c82da11311baa418ea738fdf
bailey2018-s1-0037,ARID1A,,ENSG00000117713,source_cancer_code,PAAD,ARID1A_PAAD,tsg,official,5.16,6.69,PMID:29625053,DOI:10.1016/j.cell.2018.02.060,Table S1,Ensembl release 92,https://github.com/openvax/gene-lists,d0a2f0bcbc59e612fde6108df6cb28d469e0f90e,dbfb76d906e218dab2d94e90dd51f8db41dbccf6c82da11311baa418ea738fdf
bailey2018-s1-0038,ARID1A,,ENSG00000117713,source_cancer_code,BLCA,ARID1A_BLCA,tsg,official,25.91,6.69,PMID:29625053,DOI:10.1016/j.cell.2018.02.060,Table S1,Ensembl release 92,https://github.com/openvax/gene-lists,d0a2f0bcbc59e612fde6108df6cb28d469e0f90e,dbfb76d906e218dab2d94e90dd51f8db41dbccf6c82da11311baa418ea738fdf
bailey2018-s1-0039,ARID1A,,ENSG00000117713,source_cancer_code,BRCA,ARID1A_BRCA,tsg,official,3.34,6.69,PMID:29625053,DOI:10.1016/j.cell.2018.02.060,Table S1,Ensembl release 92,https://github.com/openvax/gene-lists,d0a2f0bcbc59e612fde6108df6cb28d469e0f90e,dbfb76d906e218dab2d94e90dd51f8db41dbccf6c82da11311baa418ea738fdf
bailey2018-s1-0040,ARID1A,,ENSG00000117713,source_cancer_code,LIHC,ARID1A_LIHC,tsg,official,9.04,6.69,PMID:29625053,DOI:10.1016/j.cell.2018.02.060,Table S1,Ensembl release 92,https://github.com/openvax/gene-lists,d0a2f0bcbc59e612fde6108df6cb28d469e0f90e,dbfb76d906e218dab2d94e90dd51f8db41dbccf6c82da11311baa418ea738fdf
bailey2018-s1-0041,ARID1A,,ENSG00000117713,pan_cancer,PANCAN,ARID1A_PANCAN,tsg,official,,6.69,PMID:29625053,DOI:10.1016/j.cell.2018.02.060,Table S1,Ensembl release 92,https://github.com/openvax/gene-lists,d0a2f0bcbc59e612fde6108df6cb28d469e0f90e,dbfb76d906e218dab2d94e90dd51f8db41dbccf6c82da11311baa418ea738fdf
bailey2018-s1-0042,ARID1A,,ENSG00000117713,source_cancer_code,UCEC,ARID1A_UCEC,tsg,official,39.65,6.69,PMID:29625053,DOI:10.1016/j.cell.2018.02.060,Table S1,Ensembl release 92,https://github.com/openvax/gene-lists,d0a2f0bcbc59e612fde6108df6cb28d469e0f90e,dbfb76d906e218dab2d94e90dd51f8db41dbccf6c82da11311baa418ea738fdf
bailey2018-s1-0043,ARID1A,,ENSG00000117713,source_cancer_code,STAD,ARID1A_STAD,tsg,official,15.41,6.69,PMID:29625053,DOI:10.1016/j.cell.2018.02.060,Table S1,Ensembl release 92,https://github.com/openvax/gene-lists,d0a2f0bcbc59e612fde6108df6cb28d469e0f90e,dbfb76d906e218dab2d94e90dd51f8db41dbccf6c82da11311baa418ea738fdf
bailey2018-s1-0044,ARID2,,ENSG00000189079,source_cancer_code,HNSC,ARID2_HNSC,possible tsg,official,3.78,3.16,PMID:29625053,DOI:10.1016/j.cell.2018.02.060,Table S1,Ensembl release 92,https://github.com/openvax/gene-lists,d0a2f0bcbc59e612fde6108df6cb28d469e0f90e,dbfb76d906e218dab2d94e90dd51f8db41dbccf6c82da11311baa418ea738fdf
bailey2018-s1-0045,ARID2,,ENSG00000189079,source_cancer_code,LGG,ARID2_LGG,possible tsg,official,1.96,3.16,PMID:29625053,DOI:10.1016/j.cell.2018.02.060,Table S1,Ensembl release 92,https://github.com/openvax/gene-lists,d0a2f0bcbc59e612fde6108df6cb28d469e0f90e,dbfb76d906e218dab2d94e90dd51f8db41dbccf6c82da11311baa418ea738fdf
bailey2018-s1-0046,ARID2,,ENSG00000189079,source_cancer_code,STAD,ARID2_STAD,possible tsg,official,5.32,3.16,PMID:29625053,DOI:10.1016/j.cell.2018.02.060,Table S1,Ensembl release 92,https://github.com/openvax/gene-lists,d0a2f0bcbc59e612fde6108df6cb28d469e0f90e,dbfb76d906e218dab2d94e90dd51f8db41dbccf6c82da11311baa418ea738fdf
bailey2018-s1-0047,ARID2,,ENSG00000189079,source_cancer_code,LIHC,ARID2_LIHC,tsg,official,5.65,3.16,PMID:29625053,DOI:10.1016/j.cell.2018.02.060,Table S1,Ensembl release 92,https://github.com/openvax/gene-lists,d0a2f0bcbc59e612fde6108df6cb28d469e0f90e,dbfb76d906e218dab2d94e90dd51f8db41dbccf6c82da11311baa418ea738fdf
bailey2018-s1-0048,ARID2,,ENSG00000189079,pan_cancer,PANCAN,ARID2_PANCAN,tsg,official,,3.16,PMID:29625053,DOI:10.1016/j.cell.2018.02.060,Table S1,Ensembl release 92,https://github.com/openvax/gene-lists,d0a2f0bcbc59e612fde6108df6cb28d469e0f90e,dbfb76d906e218dab2d94e90dd51f8db41dbccf6c82da11311baa418ea738fdf
bailey2018-s1-0049,ARID2,,ENSG00000189079,source_cancer_code,SKCM,ARID2_SKCM,tsg,official,12.09,3.16,PMID:29625053,DOI:10.1016/j.cell.2018.02.060,Table S1,Ensembl release 92,https://github.com/openvax/gene-lists,d0a2f0bcbc59e612fde6108df6cb28d469e0f90e,dbfb76d906e218dab2d94e90dd51f8db41dbccf6c82da11311baa418ea738fdf
bailey2018-s1-0050,ARID5B,,ENSG00000150347,source_cancer_code,UCEC,ARID5B_UCEC,possible tsg,official,12.12,1.72,PMID:29625053,DOI:10.1016/j.cell.2018.02.060,Table S1,Ensembl release 92,https://github.com/openvax/gene-lists,d0a2f0bcbc59e612fde6108df6cb28d469e0f90e,dbfb76d906e218dab2d94e90dd51f8db41dbccf6c82da11311baa418ea738fdf
bailey2018-s1-0051,ASXL1,,ENSG00000171456,pan_cancer,PANCAN,ASXL1_PANCAN,possible tsg,official,,2.10,PMID:29625053,DOI:10.1016/j.cell.2018.02.060,Table S1,Ensembl release 92,https://github.com/openvax/gene-lists,d0a2f0bcbc59e612fde6108df6cb28d469e0f90e,dbfb76d906e218dab2d94e90dd51f8db41dbccf6c82da11311baa418ea738fdf
bailey2018-s1-0052,ASXL1,,ENSG00000171456,source_cancer_code,LAML,ASXL1_LAML,tsg,official,4.32,2.10,PMID:29625053,DOI:10.1016/j.cell.2018.02.060,Table S1,Ensembl release 92,https://github.com/openvax/gene-lists,d0a2f0bcbc59e612fde6108df6cb28d469e0f90e,dbfb76d906e218dab2d94e90dd51f8db41dbccf6c82da11311baa418ea738fdf
bailey2018-s1-0053,ASXL2,,ENSG00000143970,pan_cancer,PANCAN,ASXL2_PANCAN,possible tsg,official,,1.85,PMID:29625053,DOI:10.1016/j.cell.2018.02.060,Table S1,Ensembl release 92,https://github.com/openvax/gene-lists,d0a2f0bcbc59e612fde6108df6cb28d469e0f90e,dbfb76d906e218dab2d94e90dd51f8db41dbccf6c82da11311baa418ea738fdf
bailey2018-s1-0054,ASXL2,,ENSG00000143970,source_cancer_code,BLCA,ASXL2_BLCA,possible tsg,official,7.51,1.85,PMID:29625053,DOI:10.1016/j.cell.2018.02.060,Table S1,Ensembl release 92,https://github.com/openvax/gene-lists,d0a2f0bcbc59e612fde6108df6cb28d469e0f90e,dbfb76d906e218dab2d94e90dd51f8db41dbccf6c82da11311baa418ea738fdf
bailey2018-s1-0055,ATF7IP,,ENSG00000171681,source_cancer_code,UCEC,ATF7IP_UCEC,possible tsg,official,4.80,1.75,PMID:29625053,DOI:10.1016/j.cell.2018.02.060,Table S1,Ensembl release 92,https://github.com/openvax/gene-lists,d0a2f0bcbc59e612fde6108df6cb28d469e0f90e,dbfb76d906e218dab2d94e90dd51f8db41dbccf6c82da11311baa418ea738fdf
bailey2018-s1-0056,ATF7IP,,ENSG00000171681,pan_cancer,PANCAN,ATF7IP_PANCAN,tsg,official,,1.75,PMID:29625053,DOI:10.1016/j.cell.2018.02.060,Table S1,Ensembl release 92,https://github.com/openvax/gene-lists,d0a2f0bcbc59e612fde6108df6cb28d469e0f90e,dbfb76d906e218dab2d94e90dd51f8db41dbccf6c82da11311baa418ea738fdf
bailey2018-s1-0057,ATM,,ENSG00000149311,source_cancer_code,UCEC,ATM_UCEC,tsg,official,10.35,4.12,PMID:29625053,DOI:10.1016/j.cell.2018.02.060,Table S1,Ensembl release 92,https://github.com/openvax/gene-lists,d0a2f0bcbc59e612fde6108df6cb28d469e0f90e,dbfb76d906e218dab2d94e90dd51f8db41dbccf6c82da11311baa418ea738fdf
bailey2018-s1-0058,ATM,,ENSG00000149311,source_cancer_code,BLCA,ATM_BLCA,possible tsg,official,13.47,4.12,PMID:29625053,DOI:10.1016/j.cell.2018.02.060,Table S1,Ensembl release 92,https://github.com/openvax/gene-lists,d0a2f0bcbc59e612fde6108df6cb28d469e0f90e,dbfb76d906e218dab2d94e90dd51f8db41dbccf6c82da11311baa418ea738fdf
bailey2018-s1-0059,ATM,,ENSG00000149311,pan_cancer,PANCAN,ATM_PANCAN,tsg,official,,4.12,PMID:29625053,DOI:10.1016/j.cell.2018.02.060,Table S1,Ensembl release 92,https://github.com/openvax/gene-lists,d0a2f0bcbc59e612fde6108df6cb28d469e0f90e,dbfb76d906e218dab2d94e90dd51f8db41dbccf6c82da11311baa418ea738fdf
bailey2018-s1-0060,ATM,,ENSG00000149311,source_cancer_code,LUAD,ATM_LUAD,tsg,official,7.89,4.12,PMID:29625053,DOI:10.1016/j.cell.2018.02.060,Table S1,Ensembl release 92,https://github.com/openvax/gene-lists,d0a2f0bcbc59e612fde6108df6cb28d469e0f90e,dbfb76d906e218dab2d94e90dd51f8db41dbccf6c82da11311baa418ea738fdf
bailey2018-s1-0061,ATM,,ENSG00000149311,source_cancer_code,KIRC,ATM_KIRC,tsg,official,4.08,4.12,PMID:29625053,DOI:10.1016/j.cell.2018.02.060,Table S1,Ensembl release 92,https://github.com/openvax/gene-lists,d0a2f0bcbc59e612fde6108df6cb28d469e0f90e,dbfb76d906e218dab2d94e90dd51f8db41dbccf6c82da11311baa418ea738fdf
bailey2018-s1-0062,ATR,,ENSG00000175054,pan_cancer,PANCAN,ATR_PANCAN,possible tsg,official,,2.81,PMID:29625053,DOI:10.1016/j.cell.2018.02.060,Table S1,Ensembl release 92,https://github.com/openvax/gene-lists,d0a2f0bcbc59e612fde6108df6cb28d469e0f90e,dbfb76d906e218dab2d94e90dd51f8db41dbccf6c82da11311baa418ea738fdf
bailey2018-s1-0063,ATR,,ENSG00000175054,source_cancer_code,UCEC,ATR_UCEC,possible tsg,official,4.80,2.81,PMID:29625053,DOI:10.1016/j.cell.2018.02.060,Table S1,Ensembl release 92,https://github.com/openvax/gene-lists,d0a2f0bcbc59e612fde6108df6cb28d469e0f90e,dbfb76d906e218dab2d94e90dd51f8db41dbccf6c82da11311baa418ea738fdf
bailey2018-s1-0064,ATRX,,ENSG00000085224,source_cancer_code,ACC,ATRX_ACC,possible tsg,official,4.44,5.69,PMID:29625053,DOI:10.1016/j.cell.2018.02.060,Table S1,Ensembl release 92,https://github.com/openvax/gene-lists,d0a2f0bcbc59e612fde6108df6cb28d469e0f90e,dbfb76d906e218dab2d94e90dd51f8db41dbccf6c82da11311baa418ea738fdf
bailey2018-s1-0065,ATRX,,ENSG00000085224,source_cancer_code,GBM,ATRX_GBM,tsg,official,7.40,5.69,PMID:29625053,DOI:10.1016/j.cell.2018.02.060,Table S1,Ensembl release 92,https://github.com/openvax/gene-lists,d0a2f0bcbc59e612fde6108df6cb28d469e0f90e,dbfb76d906e218dab2d94e90dd51f8db41dbccf6c82da11311baa418ea738fdf
bailey2018-s1-0066,ATRX,,ENSG00000085224,pan_cancer,PANCAN,ATRX_PANCAN,tsg,official,,5.69,PMID:29625053,DOI:10.1016/j.cell.2018.02.060,Table S1,Ensembl release 92,https://github.com/openvax/gene-lists,d0a2f0bcbc59e612fde6108df6cb28d469e0f90e,dbfb76d906e218dab2d94e90dd51f8db41dbccf6c82da11311baa418ea738fdf
bailey2018-s1-0067,ATRX,,ENSG00000085224,source_cancer_code,SARC,ATRX_SARC,tsg,official,16.67,5.69,PMID:29625053,DOI:10.1016/j.cell.2018.02.060,Table S1,Ensembl release 92,https://github.com/openvax/gene-lists,d0a2f0bcbc59e612fde6108df6cb28d469e0f90e,dbfb76d906e218dab2d94e90dd51f8db41dbccf6c82da11311baa418ea738fdf
bailey2018-s1-0068,ATRX,,ENSG00000085224,source_cancer_code,LGG,ATRX_LGG,tsg,official,38.24,5.69,PMID:29625053,DOI:10.1016/j.cell.2018.02.060,Table S1,Ensembl release 92,https://github.com/openvax/gene-lists,d0a2f0bcbc59e612fde6108df6cb28d469e0f90e,dbfb76d906e218dab2d94e90dd51f8db41dbccf6c82da11311baa418ea738fdf
bailey2018-s1-0069,ATXN3,,ENSG00000066427,pan_cancer,PANCAN,ATXN3_PANCAN,possible tsg,official,,0.40,PMID:29625053,DOI:10.1016/j.cell.2018.02.060,Table S1,Ensembl release 92,https://github.com/openvax/gene-lists,d0a2f0bcbc59e612fde6108df6cb28d469e0f90e,dbfb76d906e218dab2d94e90dd51f8db41dbccf6c82da11311baa418ea738fdf
bailey2018-s1-0070,AXIN1,,ENSG00000103126,pan_cancer,PANCAN,AXIN1_PANCAN,tsg,official,,1.41,PMID:29625053,DOI:10.1016/j.cell.2018.02.060,Table S1,Ensembl release 92,https://github.com/openvax/gene-lists,d0a2f0bcbc59e612fde6108df6cb28d469e0f90e,dbfb76d906e218dab2d94e90dd51f8db41dbccf6c82da11311baa418ea738fdf
bailey2018-s1-0071,AXIN1,,ENSG00000103126,source_cancer_code,LIHC,AXIN1_LIHC,tsg,official,7.63,1.41,PMID:29625053,DOI:10.1016/j.cell.2018.02.060,Table S1,Ensembl release 92,https://github.com/openvax/gene-lists,d0a2f0bcbc59e612fde6108df6cb28d469e0f90e,dbfb76d906e218dab2d94e90dd51f8db41dbccf6c82da11311baa418ea738fdf
bailey2018-s1-0072,AXIN2,,ENSG00000168646,pan_cancer,PANCAN,AXIN2_PANCAN,possible tsg,rescued,,1.27,PMID:29625053,DOI:10.1016/j.cell.2018.02.060,Table S1,Ensembl release 92,https://github.com/openvax/gene-lists,d0a2f0bcbc59e612fde6108df6cb28d469e0f90e,dbfb76d906e218dab2d94e90dd51f8db41dbccf6c82da11311baa418ea738fdf
bailey2018-s1-0073,B2M,,ENSG00000166710,pan_cancer,PANCAN,B2M_PANCAN,possible tsg,official,,0.91,PMID:29625053,DOI:10.1016/j.cell.2018.02.060,Table S1,Ensembl release 92,https://github.com/openvax/gene-lists,d0a2f0bcbc59e612fde6108df6cb28d469e0f90e,dbfb76d906e218dab2d94e90dd51f8db41dbccf6c82da11311baa418ea738fdf
bailey2018-s1-0074,B2M,,ENSG00000166710,source_cancer_code,DLBC,B2M_DLBC,possible tsg,official,24.32,0.91,PMID:29625053,DOI:10.1016/j.cell.2018.02.060,Table S1,Ensembl release 92,https://github.com/openvax/gene-lists,d0a2f0bcbc59e612fde6108df6cb28d469e0f90e,dbfb76d906e218dab2d94e90dd51f8db41dbccf6c82da11311baa418ea738fdf
bailey2018-s1-0075,BAP1,,ENSG00000163930,source_cancer_code,KIRP,BAP1_KIRP,possible tsg,official,5.09,2.14,PMID:29625053,DOI:10.1016/j.cell.2018.02.060,Table S1,Ensembl release 92,https://github.com/openvax/gene-lists,d0a2f0bcbc59e612fde6108df6cb28d469e0f90e,dbfb76d906e218dab2d94e90dd51f8db41dbccf6c82da11311baa418ea738fdf
bailey2018-s1-0076,BAP1,,ENSG00000163930,pan_cancer,PANCAN,BAP1_PANCAN,tsg,official,,2.14,PMID:29625053,DOI:10.1016/j.cell.2018.02.060,Table S1,Ensembl release 92,https://github.com/openvax/gene-lists,d0a2f0bcbc59e612fde6108df6cb28d469e0f90e,dbfb76d906e218dab2d94e90dd51f8db41dbccf6c82da11311baa418ea738fdf
bailey2018-s1-0077,BAP1,,ENSG00000163930,source_cancer_code,CHOL,BAP1_CHOL,tsg,official,17.65,2.14,PMID:29625053,DOI:10.1016/j.cell.2018.02.060,Table S1,Ensembl release 92,https://github.com/openvax/gene-lists,d0a2f0bcbc59e612fde6108df6cb28d469e0f90e,dbfb76d906e218dab2d94e90dd51f8db41dbccf6c82da11311baa418ea738fdf
bailey2018-s1-0078,BAP1,,ENSG00000163930,source_cancer_code,LIHC,BAP1_LIHC,tsg,official,5.93,2.14,PMID:29625053,DOI:10.1016/j.cell.2018.02.060,Table S1,Ensembl release 92,https://github.com/openvax/gene-lists,d0a2f0bcbc59e612fde6108df6cb28d469e0f90e,dbfb76d906e218dab2d94e90dd51f8db41dbccf6c82da11311baa418ea738fdf
bailey2018-s1-0079,BAP1,,ENSG00000163930,source_cancer_code,UVM,BAP1_UVM,tsg,official,16.25,2.14,PMID:29625053,DOI:10.1016/j.cell.2018.02.060,Table S1,Ensembl release 92,https://github.com/openvax/gene-lists,d0a2f0bcbc59e612fde6108df6cb28d469e0f90e,dbfb76d906e218dab2d94e90dd51f8db41dbccf6c82da11311baa418ea738fdf
bailey2018-s1-0080,BAP1,,ENSG00000163930,source_cancer_code,MESO,BAP1_MESO,tsg,official,22.22,2.14,PMID:29625053,DOI:10.1016/j.cell.2018.02.060,Table S1,Ensembl release 92,https://github.com/openvax/gene-lists,d0a2f0bcbc59e612fde6108df6cb28d469e0f90e,dbfb76d906e218dab2d94e90dd51f8db41dbccf6c82da11311baa418ea738fdf
bailey2018-s1-0081,BAP1,,ENSG00000163930,source_cancer_code,KIRC,BAP1_KIRC,tsg,official,10.60,2.14,PMID:29625053,DOI:10.1016/j.cell.2018.02.060,Table S1,Ensembl release 92,https://github.com/openvax/gene-lists,d0a2f0bcbc59e612fde6108df6cb28d469e0f90e,dbfb76d906e218dab2d94e90dd51f8db41dbccf6c82da11311baa418ea738fdf
bailey2018-s1-0082,BCL2,,ENSG00000171791,pan_cancer,PANCAN,BCL2_PANCAN,,rescued,,0.40,PMID:29625053,DOI:10.1016/j.cell.2018.02.060,Table S1,Ensembl release 92,https://github.com/openvax/gene-lists,d0a2f0bcbc59e612fde6108df6cb28d469e0f90e,dbfb76d906e218dab2d94e90dd51f8db41dbccf6c82da11311baa418ea738fdf
bailey2018-s1-0083,BCL2L11,,ENSG00000153094,source_cancer_code,UCS,BCL2L11_UCS,,official,3.64,0.54,PMID:29625053,DOI:10.1016/j.cell.2018.02.060,Table S1,Ensembl release 92,https://github.com/openvax/gene-lists,d0a2f0bcbc59e612fde6108df6cb28d469e0f90e,dbfb76d906e218dab2d94e90dd51f8db41dbccf6c82da11311baa418ea738fdf
bailey2018-s1-0084,BCOR,,ENSG00000183337,source_cancer_code,UCEC,BCOR_UCEC,possible oncogene,official,11.11,2.65,PMID:29625053,DOI:10.1016/j.cell.2018.02.060,Table S1,Ensembl release 92,https://github.com/openvax/gene-lists,d0a2f0bcbc59e612fde6108df6cb28d469e0f90e,dbfb76d906e218dab2d94e90dd51f8db41dbccf6c82da11311baa418ea738fdf
bailey2018-s1-0085,BCOR,,ENSG00000183337,source_cancer_code,STAD,BCOR_STAD,tsg,official,5.60,2.65,PMID:29625053,DOI:10.1016/j.cell.2018.02.060,Table S1,Ensembl release 92,https://github.com/openvax/gene-lists,d0a2f0bcbc59e612fde6108df6cb28d469e0f90e,dbfb76d906e218dab2d94e90dd51f8db41dbccf6c82da11311baa418ea738fdf
bailey2018-s1-0086,BCOR,,ENSG00000183337,pan_cancer,PANCAN,BCOR_PANCAN,tsg,official,,2.65,PMID:29625053,DOI:10.1016/j.cell.2018.02.060,Table S1,Ensembl release 92,https://github.com/openvax/gene-lists,d0a2f0bcbc59e612fde6108df6cb28d469e0f90e,dbfb76d906e218dab2d94e90dd51f8db41dbccf6c82da11311baa418ea738fdf
bailey2018-s1-0087,BRAF,,ENSG00000157764,source_cancer_code,PRAD,BRAF_PRAD,possible oncogene,official,1.26,7.10,PMID:29625053,DOI:10.1016/j.cell.2018.02.060,Table S1,Ensembl release 92,https://github.com/openvax/gene-lists,d0a2f0bcbc59e612fde6108df6cb28d469e0f90e,dbfb76d906e218dab2d94e90dd51f8db41dbccf6c82da11311baa418ea738fdf
bailey2018-s1-0088,BRAF,,ENSG00000157764,source_cancer_code,GBM,BRAF_GBM,oncogene,official,1.93,7.10,PMID:29625053,DOI:10.1016/j.cell.2018.02.060,Table S1,Ensembl release 92,https://github.com/openvax/gene-lists,d0a2f0bcbc59e612fde6108df6cb28d469e0f90e,dbfb76d906e218dab2d94e90dd51f8db41dbccf6c82da11311baa418ea738fdf
bailey2018-s1-0089,BRAF,,ENSG00000157764,source_cancer_code,COADREAD,BRAF_COADREAD,oncogene,official,5.06,7.10,PMID:29625053,DOI:10.1016/j.cell.2018.02.060,Table S1,Ensembl release 92,https://github.com/openvax/gene-lists,d0a2f0bcbc59e612fde6108df6cb28d469e0f90e,dbfb76d906e218dab2d94e90dd51f8db41dbccf6c82da11311baa418ea738fdf
bailey2018-s1-0090,BRAF,,ENSG00000157764,pan_cancer,PANCAN,BRAF_PANCAN,oncogene,official,,7.10,PMID:29625053,DOI:10.1016/j.cell.2018.02.060,Table S1,Ensembl release 92,https://github.com/openvax/gene-lists,d0a2f0bcbc59e612fde6108df6cb28d469e0f90e,dbfb76d906e218dab2d94e90dd51f8db41dbccf6c82da11311baa418ea738fdf
bailey2018-s1-0091,BRAF,,ENSG00000157764,source_cancer_code,LUAD,BRAF_LUAD,oncogene,official,7.19,7.10,PMID:29625053,DOI:10.1016/j.cell.2018.02.060,Table S1,Ensembl release 92,https://github.com/openvax/gene-lists,d0a2f0bcbc59e612fde6108df6cb28d469e0f90e,dbfb76d906e218dab2d94e90dd51f8db41dbccf6c82da11311baa418ea738fdf
bailey2018-s1-0092,BRAF,,ENSG00000157764,source_cancer_code,SKCM,BRAF_SKCM,oncogene,official,52.13,7.10,PMID:29625053,DOI:10.1016/j.cell.2018.02.060,Table S1,Ensembl release 92,https://github.com/openvax/gene-lists,d0a2f0bcbc59e612fde6108df6cb28d469e0f90e,dbfb76d906e218dab2d94e90dd51f8db41dbccf6c82da11311baa418ea738fdf
bailey2018-s1-0093,BRAF,,ENSG00000157764,source_cancer_code,THCA,BRAF_THCA,oncogene,official,59.15,7.10,PMID:29625053,DOI:10.1016/j.cell.2018.02.060,Table S1,Ensembl release 92,https://github.com/openvax/gene-lists,d0a2f0bcbc59e612fde6108df6cb28d469e0f90e,dbfb76d906e218dab2d94e90dd51f8db41dbccf6c82da11311baa418ea738fdf
bailey2018-s1-0094,BRCA1,,ENSG00000012048,source_cancer_code,OV,BRCA1_OV,possible tsg,official,4.41,2.05,PMID:29625053,DOI:10.1016/j.cell.2018.02.060,Table S1,Ensembl release 92,https://github.com/openvax/gene-lists,d0a2f0bcbc59e612fde6108df6cb28d469e0f90e,dbfb76d906e218dab2d94e90dd51f8db41dbccf6c82da11311baa418ea738fdf
bailey2018-s1-0095,BRCA1,,ENSG00000012048,pan_cancer,PANCAN,BRCA1_PANCAN,tsg,official,,2.05,PMID:29625053,DOI:10.1016/j.cell.2018.02.060,Table S1,Ensembl release 92,https://github.com/openvax/gene-lists,d0a2f0bcbc59e612fde6108df6cb28d469e0f90e,dbfb76d906e218dab2d94e90dd51f8db41dbccf6c82da11311baa418ea738fdf
bailey2018-s1-0096,BRCA1,,ENSG00000012048,source_cancer_code,BRCA,BRCA1_BRCA,tsg,official,3.08,2.05,PMID:29625053,DOI:10.1016/j.cell.2018.02.060,Table S1,Ensembl release 92,https://github.com/openvax/gene-lists,d0a2f0bcbc59e612fde6108df6cb28d469e0f90e,dbfb76d906e218dab2d94e90dd51f8db41dbccf6c82da11311baa418ea738fdf
bailey2018-s1-0097,BRCA2,,ENSG00000139618,pan_cancer,PANCAN,BRCA2_PANCAN,possible tsg,official,,3.27,PMID:29625053,DOI:10.1016/j.cell.2018.02.060,Table S1,Ensembl release 92,https://github.com/openvax/gene-lists,d0a2f0bcbc59e612fde6108df6cb28d469e0f90e,dbfb76d906e218dab2d94e90dd51f8db41dbccf6c82da11311baa418ea738fdf
bailey2018-s1-0098,BRD7,,ENSG00000166164,source_cancer_code,LIHC,BRD7_LIHC,tsg,official,3.11,0.85,PMID:29625053,DOI:10.1016/j.cell.2018.02.060,Table S1,Ensembl release 92,https://github.com/openvax/gene-lists,d0a2f0bcbc59e612fde6108df6cb28d469e0f90e,dbfb76d906e218dab2d94e90dd51f8db41dbccf6c82da11311baa418ea738fdf
bailey2018-s1-0099,BRD7,,ENSG00000166164,pan_cancer,PANCAN,BRD7_PANCAN,tsg,official,,0.85,PMID:29625053,DOI:10.1016/j.cell.2018.02.060,Table S1,Ensembl release 92,https://github.com/openvax/gene-lists,d0a2f0bcbc59e612fde6108df6cb28d469e0f90e,dbfb76d906e218dab2d94e90dd51f8db41dbccf6c82da11311baa418ea738fdf
bailey2018-s1-0100,BRD7,,ENSG00000166164,source_cancer_code,SKCM,BRD7_SKCM,tsg,official,2.84,0.85,PMID:29625053,DOI:10.1016/j.cell.2018.02.060,Table S1,Ensembl release 92,https://github.com/openvax/gene-lists,d0a2f0bcbc59e612fde6108df6cb28d469e0f90e,dbfb76d906e218dab2d94e90dd51f8db41dbccf6c82da11311baa418ea738fdf
bailey2018-s1-0101,BTG2,,ENSG00000159388,source_cancer_code,DLBC,BTG2_DLBC,possible tsg,official,35.14,0.57,PMID:29625053,DOI:10.1016/j.cell.2018.02.060,Table S1,Ensembl release 92,https://github.com/openvax/gene-lists,d0a2f0bcbc59e612fde6108df6cb28d469e0f90e,dbfb76d906e218dab2d94e90dd51f8db41dbccf6c82da11311baa418ea738fdf
bailey2018-s1-0102,CACNA1A,,ENSG00000141837,pan_cancer,PANCAN,CACNA1A_PANCAN,possible oncogene,official,,3.43,PMID:29625053,DOI:10.1016/j.cell.2018.02.060,Table S1,Ensembl release 92,https://github.com/openvax/gene-lists,d0a2f0bcbc59e612fde6108df6cb28d469e0f90e,dbfb76d906e218dab2d94e90dd51f8db41dbccf6c82da11311baa418ea738fdf
bailey2018-s1-0103,CARD11,,ENSG00000198286,source_cancer_code,DLBC,CARD11_DLBC,possible oncogene,official,21.62,2.80,PMID:29625053,DOI:10.1016/j.cell.2018.02.060,Table S1,Ensembl release 92,https://github.com/openvax/gene-lists,d0a2f0bcbc59e612fde6108df6cb28d469e0f90e,dbfb76d906e218dab2d94e90dd51f8db41dbccf6c82da11311baa418ea738fdf
bailey2018-s1-0104,CASP8,,ENSG00000064012,source_cancer_code,CESC,CASP8_CESC,tsg,official,4.38,1.75,PMID:29625053,DOI:10.1016/j.cell.2018.02.060,Table S1,Ensembl release 92,https://github.com/openvax/gene-lists,d0a2f0bcbc59e612fde6108df6cb28d469e0f90e,dbfb76d906e218dab2d94e90dd51f8db41dbccf6c82da11311baa418ea738fdf
bailey2018-s1-0105,CASP8,,ENSG00000064012,source_cancer_code,STAD,CASP8_STAD,possible tsg,official,2.24,1.75,PMID:29625053,DOI:10.1016/j.cell.2018.02.060,Table S1,Ensembl release 92,https://github.com/openvax/gene-lists,d0a2f0bcbc59e612fde6108df6cb28d469e0f90e,dbfb76d906e218dab2d94e90dd51f8db41dbccf6c82da11311baa418ea738fdf
bailey2018-s1-0106,CASP8,,ENSG00000064012,pan_cancer,PANCAN,CASP8_PANCAN,tsg,official,,1.75,PMID:29625053,DOI:10.1016/j.cell.2018.02.060,Table S1,Ensembl release 92,https://github.com/openvax/gene-lists,d0a2f0bcbc59e612fde6108df6cb28d469e0f90e,dbfb76d906e218dab2d94e90dd51f8db41dbccf6c82da11311baa418ea738fdf
bailey2018-s1-0107,CASP8,,ENSG00000064012,source_cancer_code,BRCA,CASP8_BRCA,possible tsg,official,2.05,1.75,PMID:29625053,DOI:10.1016/j.cell.2018.02.060,Table S1,Ensembl release 92,https://github.com/openvax/gene-lists,d0a2f0bcbc59e612fde6108df6cb28d469e0f90e,dbfb76d906e218dab2d94e90dd51f8db41dbccf6c82da11311baa418ea738fdf
bailey2018-s1-0108,CASP8,,ENSG00000064012,source_cancer_code,HNSC,CASP8_HNSC,tsg,official,10.36,1.75,PMID:29625053,DOI:10.1016/j.cell.2018.02.060,Table S1,Ensembl release 92,https://github.com/openvax/gene-lists,d0a2f0bcbc59e612fde6108df6cb28d469e0f90e,dbfb76d906e218dab2d94e90dd51f8db41dbccf6c82da11311baa418ea738fdf
bailey2018-s1-0109,CBFB,,ENSG00000067955,pan_cancer,PANCAN,CBFB_PANCAN,possible tsg,official,,0.48,PMID:29625053,DOI:10.1016/j.cell.2018.02.060,Table S1,Ensembl release 92,https://github.com/openvax/gene-lists,d0a2f0bcbc59e612fde6108df6cb28d469e0f90e,dbfb76d906e218dab2d94e90dd51f8db41dbccf6c82da11311baa418ea738fdf
bailey2018-s1-0110,CBFB,,ENSG00000067955,source_cancer_code,BRCA,CBFB_BRCA,possible tsg,official,2.31,0.48,PMID:29625053,DOI:10.1016/j.cell.2018.02.060,Table S1,Ensembl release 92,https://github.com/openvax/gene-lists,d0a2f0bcbc59e612fde6108df6cb28d469e0f90e,dbfb76d906e218dab2d94e90dd51f8db41dbccf6c82da11311baa418ea738fdf
bailey2018-s1-0111,CBWD3,ZNG1C,ENSG00000196873,pan_cancer,PANCAN,CBWD3_PANCAN,,official,,0.07,PMID:29625053,DOI:10.1016/j.cell.2018.02.060,Table S1,Ensembl release 92,https://github.com/openvax/gene-lists,d0a2f0bcbc59e612fde6108df6cb28d469e0f90e,dbfb76d906e218dab2d94e90dd51f8db41dbccf6c82da11311baa418ea738fdf
bailey2018-s1-0112,CCND1,,ENSG00000110092,pan_cancer,PANCAN,CCND1_PANCAN,possible oncogene,official,,0.77,PMID:29625053,DOI:10.1016/j.cell.2018.02.060,Table S1,Ensembl release 92,https://github.com/openvax/gene-lists,d0a2f0bcbc59e612fde6108df6cb28d469e0f90e,dbfb76d906e218dab2d94e90dd51f8db41dbccf6c82da11311baa418ea738fdf
bailey2018-s1-0113,CCND1,,ENSG00000110092,source_cancer_code,UCEC,CCND1_UCEC,possible oncogene,official,7.07,0.77,PMID:29625053,DOI:10.1016/j.cell.2018.02.060,Table S1,Ensembl release 92,https://github.com/openvax/gene-lists,d0a2f0bcbc59e612fde6108df6cb28d469e0f90e,dbfb76d906e218dab2d94e90dd51f8db41dbccf6c82da11311baa418ea738fdf
bailey2018-s1-0114,CD70,,ENSG00000125726,source_cancer_code,DLBC,CD70_DLBC,possible tsg,official,10.81,0.37,PMID:29625053,DOI:10.1016/j.cell.2018.02.060,Table S1,Ensembl release 92,https://github.com/openvax/gene-lists,d0a2f0bcbc59e612fde6108df6cb28d469e0f90e,dbfb76d906e218dab2d94e90dd51f8db41dbccf6c82da11311baa418ea738fdf
bailey2018-s1-0115,CD79B,,ENSG00000007312,source_cancer_code,DLBC,CD79B_DLBC,oncogene,official,13.51,0.39,PMID:29625053,DOI:10.1016/j.cell.2018.02.060,Table S1,Ensembl release 92,https://github.com/openvax/gene-lists,d0a2f0bcbc59e612fde6108df6cb28d469e0f90e,dbfb76d906e218dab2d94e90dd51f8db41dbccf6c82da11311baa418ea738fdf
bailey2018-s1-0116,CDH1,,ENSG00000039068,pan_cancer,PANCAN,CDH1_PANCAN,tsg,official,,2.43,PMID:29625053,DOI:10.1016/j.cell.2018.02.060,Table S1,Ensembl release 92,https://github.com/openvax/gene-lists,d0a2f0bcbc59e612fde6108df6cb28d469e0f90e,dbfb76d906e218dab2d94e90dd51f8db41dbccf6c82da11311baa418ea738fdf
bailey2018-s1-0117,CDH1,,ENSG00000039068,source_cancer_code,STAD,CDH1_STAD,oncogene,official,8.96,2.43,PMID:29625053,DOI:10.1016/j.cell.2018.02.060,Table S1,Ensembl release 92,https://github.com/openvax/gene-lists,d0a2f0bcbc59e612fde6108df6cb28d469e0f90e,dbfb76d906e218dab2d94e90dd51f8db41dbccf6c82da11311baa418ea738fdf
bailey2018-s1-0118,CDH1,,ENSG00000039068,source_cancer_code,BRCA,CDH1_BRCA,tsg,official,13.09,2.43,PMID:29625053,DOI:10.1016/j.cell.2018.02.060,Table S1,Ensembl release 92,https://github.com/openvax/gene-lists,d0a2f0bcbc59e612fde6108df6cb28d469e0f90e,dbfb76d906e218dab2d94e90dd51f8db41dbccf6c82da11311baa418ea738fdf
bailey2018-s1-0119,CDK12,,ENSG00000167258,source_cancer_code,OV,CDK12_OV,tsg,official,4.66,2.05,PMID:29625053,DOI:10.1016/j.cell.2018.02.060,Table S1,Ensembl release 92,https://github.com/openvax/gene-lists,d0a2f0bcbc59e612fde6108df6cb28d469e0f90e,dbfb76d906e218dab2d94e90dd51f8db41dbccf6c82da11311baa418ea738fdf
bailey2018-s1-0120,CDK12,,ENSG00000167258,pan_cancer,PANCAN,CDK12_PANCAN,tsg,official,,2.05,PMID:29625053,DOI:10.1016/j.cell.2018.02.060,Table S1,Ensembl release 92,https://github.com/openvax/gene-lists,d0a2f0bcbc59e612fde6108df6cb28d469e0f90e,dbfb76d906e218dab2d94e90dd51f8db41dbccf6c82da11311baa418ea738fdf
bailey2018-s1-0121,CDK4,,ENSG00000135446,pan_cancer,PANCAN,CDK4_PANCAN,oncogene,official,,0.44,PMID:29625053,DOI:10.1016/j.cell.2018.02.060,Table S1,Ensembl release 92,https://github.com/openvax/gene-lists,d0a2f0bcbc59e612fde6108df6cb28d469e0f90e,dbfb76d906e218dab2d94e90dd51f8db41dbccf6c82da11311baa418ea738fdf
bailey2018-s1-0122,CDK4,,ENSG00000135446,source_cancer_code,SKCM,CDK4_SKCM,oncogene,official,2.61,0.44,PMID:29625053,DOI:10.1016/j.cell.2018.02.060,Table S1,Ensembl release 92,https://github.com/openvax/gene-lists,d0a2f0bcbc59e612fde6108df6cb28d469e0f90e,dbfb76d906e218dab2d94e90dd51f8db41dbccf6c82da11311baa418ea738fdf
bailey2018-s1-0123,CDKN1A,,ENSG00000124762,source_cancer_code,LIHC,CDKN1A_LIHC,possible oncogene,official,2.54,0.91,PMID:29625053,DOI:10.1016/j.cell.2018.02.060,Table S1,Ensembl release 92,https://github.com/openvax/gene-lists,d0a2f0bcbc59e612fde6108df6cb28d469e0f90e,dbfb76d906e218dab2d94e90dd51f8db41dbccf6c82da11311baa418ea738fdf
bailey2018-s1-0124,CDKN1A,,ENSG00000124762,source_cancer_code,BLCA,CDKN1A_BLCA,tsg,official,9.59,0.91,PMID:29625053,DOI:10.1016/j.cell.2018.02.060,Table S1,Ensembl release 92,https://github.com/openvax/gene-lists,d0a2f0bcbc59e612fde6108df6cb28d469e0f90e,dbfb76d906e218dab2d94e90dd51f8db41dbccf6c82da11311baa418ea738fdf
bailey2018-s1-0125,CDKN1A,,ENSG00000124762,pan_cancer,PANCAN,CDKN1A_PANCAN,tsg,official,,0.91,PMID:29625053,DOI:10.1016/j.cell.2018.02.060,Table S1,Ensembl release 92,https://github.com/openvax/gene-lists,d0a2f0bcbc59e612fde6108df6cb28d469e0f90e,dbfb76d906e218dab2d94e90dd51f8db41dbccf6c82da11311baa418ea738fdf
bailey2018-s1-0126,CDKN1B,,ENSG00000111276,source_cancer_code,BRCA,CDKN1B_BRCA,possible tsg,official,1.16,0.66,PMID:29625053,DOI:10.1016/j.cell.2018.02.060,Table S1,Ensembl release 92,https://github.com/openvax/gene-lists,d0a2f0bcbc59e612fde6108df6cb28d469e0f90e,dbfb76d906e218dab2d94e90dd51f8db41dbccf6c82da11311baa418ea738fdf
bailey2018-s1-0127,CDKN1B,,ENSG00000111276,pan_cancer,PANCAN,CDKN1B_PANCAN,possible tsg,official,,0.66,PMID:29625053,DOI:10.1016/j.cell.2018.02.060,Table S1,Ensembl release 92,https://github.com/openvax/gene-lists,d0a2f0bcbc59e612fde6108df6cb28d469e0f90e,dbfb76d906e218dab2d94e90dd51f8db41dbccf6c82da11311baa418ea738fdf
bailey2018-s1-0128,CDKN2A,,ENSG00000147889,source_cancer_code,LIHC,CDKN2A_LIHC,possible tsg,official,2.82,3.99,PMID:29625053,DOI:10.1016/j.cell.2018.02.060,Table S1,Ensembl release 92,https://github.com/openvax/gene-lists,d0a2f0bcbc59e612fde6108df6cb28d469e0f90e,dbfb76d906e218dab2d94e90dd51f8db41dbccf6c82da11311baa418ea738fdf
bailey2018-s1-0129,CDKN2A,,ENSG00000147889,source_cancer_code,LUAD,CDKN2A_LUAD,possible tsg,official,3.71,3.99,PMID:29625053,DOI:10.1016/j.cell.2018.02.060,Table S1,Ensembl release 92,https://github.com/openvax/gene-lists,d0a2f0bcbc59e612fde6108df6cb28d469e0f90e,dbfb76d906e218dab2d94e90dd51f8db41dbccf6c82da11311baa418ea738fdf
bailey2018-s1-0130,CDKN2A,,ENSG00000147889,source_cancer_code,STAD,CDKN2A_STAD,possible tsg,official,3.92,3.99,PMID:29625053,DOI:10.1016/j.cell.2018.02.060,Table S1,Ensembl release 92,https://github.com/openvax/gene-lists,d0a2f0bcbc59e612fde6108df6cb28d469e0f90e,dbfb76d906e218dab2d94e90dd51f8db41dbccf6c82da11311baa418ea738fdf
bailey2018-s1-0131,CDKN2A,,ENSG00000147889,source_cancer_code,BLCA,CDKN2A_BLCA,tsg,official,5.18,3.99,PMID:29625053,DOI:10.1016/j.cell.2018.02.060,Table S1,Ensembl release 92,https://github.com/openvax/gene-lists,d0a2f0bcbc59e612fde6108df6cb28d469e0f90e,dbfb76d906e218dab2d94e90dd51f8db41dbccf6c82da11311baa418ea738fdf
bailey2018-s1-0132,CDKN2A,,ENSG00000147889,source_cancer_code,ESCA,CDKN2A_ESCA,possible tsg,official,8.14,3.99,PMID:29625053,DOI:10.1016/j.cell.2018.02.060,Table S1,Ensembl release 92,https://github.com/openvax/gene-lists,d0a2f0bcbc59e612fde6108df6cb28d469e0f90e,dbfb76d906e218dab2d94e90dd51f8db41dbccf6c82da11311baa418ea738fdf
bailey2018-s1-0133,CDKN2A,,ENSG00000147889,pan_cancer,PANCAN,CDKN2A_PANCAN,tsg,official,,3.99,PMID:29625053,DOI:10.1016/j.cell.2018.02.060,Table S1,Ensembl release 92,https://github.com/openvax/gene-lists,d0a2f0bcbc59e612fde6108df6cb28d469e0f90e,dbfb76d906e218dab2d94e90dd51f8db41dbccf6c82da11311baa418ea738fdf
bailey2018-s1-0134,CDKN2A,,ENSG00000147889,source_cancer_code,LUSC,CDKN2A_LUSC,tsg,official,16.16,3.99,PMID:29625053,DOI:10.1016/j.cell.2018.02.060,Table S1,Ensembl release 92,https://github.com/openvax/gene-lists,d0a2f0bcbc59e612fde6108df6cb28d469e0f90e,dbfb76d906e218dab2d94e90dd51f8db41dbccf6c82da11311baa418ea738fdf
bailey2018-s1-0135,CDKN2A,,ENSG00000147889,source_cancer_code,SKCM,CDKN2A_SKCM,tsg,official,11.37,3.99,PMID:29625053,DOI:10.1016/j.cell.2018.02.060,Table S1,Ensembl release 92,https://github.com/openvax/gene-lists,d0a2f0bcbc59e612fde6108df6cb28d469e0f90e,dbfb76d906e218dab2d94e90dd51f8db41dbccf6c82da11311baa418ea738fdf
bailey2018-s1-0136,CDKN2A,,ENSG00000147889,source_cancer_code,HNSC,CDKN2A_HNSC,tsg,official,20.72,3.99,PMID:29625053,DOI:10.1016/j.cell.2018.02.060,Table S1,Ensembl release 92,https://github.com/openvax/gene-lists,d0a2f0bcbc59e612fde6108df6cb28d469e0f90e,dbfb76d906e218dab2d94e90dd51f8db41dbccf6c82da11311baa418ea738fdf
bailey2018-s1-0137,CDKN2A,,ENSG00000147889,source_cancer_code,PAAD,CDKN2A_PAAD,tsg,official,22.58,3.99,PMID:29625053,DOI:10.1016/j.cell.2018.02.060,Table S1,Ensembl release 92,https://github.com/openvax/gene-lists,d0a2f0bcbc59e612fde6108df6cb28d469e0f90e,dbfb76d906e218dab2d94e90dd51f8db41dbccf6c82da11311baa418ea738fdf
bailey2018-s1-0138,CDKN2C,,ENSG00000123080,pan_cancer,PANCAN,CDKN2C_PANCAN,possible tsg,rescued,,0.37,PMID:29625053,DOI:10.1016/j.cell.2018.02.060,Table S1,Ensembl release 92,https://github.com/openvax/gene-lists,d0a2f0bcbc59e612fde6108df6cb28d469e0f90e,dbfb76d906e218dab2d94e90dd51f8db41dbccf6c82da11311baa418ea738fdf
bailey2018-s1-0139,CEBPA,,ENSG00000245848,source_cancer_code,LAML,CEBPA_LAML,possible oncogene,rescued,0.72,0.19,PMID:29625053,DOI:10.1016/j.cell.2018.02.060,Table S1,Ensembl release 92,https://github.com/openvax/gene-lists,d0a2f0bcbc59e612fde6108df6cb28d469e0f90e,dbfb76d906e218dab2d94e90dd51f8db41dbccf6c82da11311baa418ea738fdf
bailey2018-s1-0140,CHD3,,ENSG00000170004,pan_cancer,PANCAN,CHD3_PANCAN,possible tsg,official,,2.03,PMID:29625053,DOI:10.1016/j.cell.2018.02.060,Table S1,Ensembl release 92,https://github.com/openvax/gene-lists,d0a2f0bcbc59e612fde6108df6cb28d469e0f90e,dbfb76d906e218dab2d94e90dd51f8db41dbccf6c82da11311baa418ea738fdf
bailey2018-s1-0141,CHD3,,ENSG00000170004,source_cancer_code,UCEC,CHD3_UCEC,possible tsg,official,10.86,2.03,PMID:29625053,DOI:10.1016/j.cell.2018.02.060,Table S1,Ensembl release 92,https://github.com/openvax/gene-lists,d0a2f0bcbc59e612fde6108df6cb28d469e0f90e,dbfb76d906e218dab2d94e90dd51f8db41dbccf6c82da11311baa418ea738fdf
bailey2018-s1-0142,CHD4,,ENSG00000111642,source_cancer_code,BRCA,CHD4_BRCA,oncogene,official,2.57,3.10,PMID:29625053,DOI:10.1016/j.cell.2018.02.060,Table S1,Ensembl release 92,https://github.com/openvax/gene-lists,d0a2f0bcbc59e612fde6108df6cb28d469e0f90e,dbfb76d906e218dab2d94e90dd51f8db41dbccf6c82da11311baa418ea738fdf
bailey2018-s1-0143,CHD4,,ENSG00000111642,source_cancer_code,UCS,CHD4_UCS,possible tsg,official,14.55,3.10,PMID:29625053,DOI:10.1016/j.cell.2018.02.060,Table S1,Ensembl release 92,https://github.com/openvax/gene-lists,d0a2f0bcbc59e612fde6108df6cb28d469e0f90e,dbfb76d906e218dab2d94e90dd51f8db41dbccf6c82da11311baa418ea738fdf
bailey2018-s1-0144,CHD4,,ENSG00000111642,source_cancer_code,UCEC,CHD4_UCEC,possible oncogene,official,16.92,3.10,PMID:29625053,DOI:10.1016/j.cell.2018.02.060,Table S1,Ensembl release 92,https://github.com/openvax/gene-lists,d0a2f0bcbc59e612fde6108df6cb28d469e0f90e,dbfb76d906e218dab2d94e90dd51f8db41dbccf6c82da11311baa418ea738fdf
bailey2018-s1-0145,CHD4,,ENSG00000111642,pan_cancer,PANCAN,CHD4_PANCAN,possible oncogene,official,,3.10,PMID:29625053,DOI:10.1016/j.cell.2018.02.060,Table S1,Ensembl release 92,https://github.com/openvax/gene-lists,d0a2f0bcbc59e612fde6108df6cb28d469e0f90e,dbfb76d906e218dab2d94e90dd51f8db41dbccf6c82da11311baa418ea738fdf
bailey2018-s1-0146,CHD8,,ENSG00000100888,pan_cancer,PANCAN,CHD8_PANCAN,tsg,official,,2.29,PMID:29625053,DOI:10.1016/j.cell.2018.02.060,Table S1,Ensembl release 92,https://github.com/openvax/gene-lists,d0a2f0bcbc59e612fde6108df6cb28d469e0f90e,dbfb76d906e218dab2d94e90dd51f8db41dbccf6c82da11311baa418ea738fdf
bailey2018-s1-0147,CHEK2,,ENSG00000183765,pan_cancer,PANCAN,CHEK2_PANCAN,possible tsg,official,,0.87,PMID:29625053,DOI:10.1016/j.cell.2018.02.060,Table S1,Ensembl release 92,https://github.com/openvax/gene-lists,d0a2f0bcbc59e612fde6108df6cb28d469e0f90e,dbfb76d906e218dab2d94e90dd51f8db41dbccf6c82da11311baa418ea738fdf
bailey2018-s1-0148,CIC,,ENSG00000079432,pan_cancer,PANCAN,CIC_PANCAN,possible tsg,official,,2.76,PMID:29625053,DOI:10.1016/j.cell.2018.02.060,Table S1,Ensembl release 92,https://github.com/openvax/gene-lists,d0a2f0bcbc59e612fde6108df6cb28d469e0f90e,dbfb76d906e218dab2d94e90dd51f8db41dbccf6c82da11311baa418ea738fdf
bailey2018-s1-0149,CIC,,ENSG00000079432,source_cancer_code,LGG,CIC_LGG,possible tsg,official,21.37,2.76,PMID:29625053,DOI:10.1016/j.cell.2018.02.060,Table S1,Ensembl release 92,https://github.com/openvax/gene-lists,d0a2f0bcbc59e612fde6108df6cb28d469e0f90e,dbfb76d906e218dab2d94e90dd51f8db41dbccf6c82da11311baa418ea738fdf
bailey2018-s1-0150,CNBD1,,ENSG00000176571,source_cancer_code,STAD,CNBD1_STAD,oncogene,official,4.20,1.41,PMID:29625053,DOI:10.1016/j.cell.2018.02.060,Table S1,Ensembl release 92,https://github.com/openvax/gene-lists,d0a2f0bcbc59e612fde6108df6cb28d469e0f90e,dbfb76d906e218dab2d94e90dd51f8db41dbccf6c82da11311baa418ea738fdf
bailey2018-s1-0151,COL5A1,,ENSG00000130635,source_cancer_code,SKCM,COL5A1_SKCM,oncogene,official,17.77,3.97,PMID:29625053,DOI:10.1016/j.cell.2018.02.060,Table S1,Ensembl release 92,https://github.com/openvax/gene-lists,d0a2f0bcbc59e612fde6108df6cb28d469e0f90e,dbfb76d906e218dab2d94e90dd51f8db41dbccf6c82da11311baa418ea738fdf
bailey2018-s1-0152,CREB3L3,,ENSG00000060566,source_cancer_code,LIHC,CREB3L3_LIHC,possible tsg,official,1.69,0.96,PMID:29625053,DOI:10.1016/j.cell.2018.02.060,Table S1,Ensembl release 92,https://github.com/openvax/gene-lists,d0a2f0bcbc59e612fde6108df6cb28d469e0f90e,dbfb76d906e218dab2d94e90dd51f8db41dbccf6c82da11311baa418ea738fdf
bailey2018-s1-0153,CREBBP,,ENSG00000005339,source_cancer_code,BLCA,CREBBP_BLCA,tsg,official,12.69,3.66,PMID:29625053,DOI:10.1016/j.cell.2018.02.060,Table S1,Ensembl release 92,https://github.com/openvax/gene-lists,d0a2f0bcbc59e612fde6108df6cb28d469e0f90e,dbfb76d906e218dab2d94e90dd51f8db41dbccf6c82da11311baa418ea738fdf
bailey2018-s1-0154,CREBBP,,ENSG00000005339,pan_cancer,PANCAN,CREBBP_PANCAN,tsg,official,,3.66,PMID:29625053,DOI:10.1016/j.cell.2018.02.060,Table S1,Ensembl release 92,https://github.com/openvax/gene-lists,d0a2f0bcbc59e612fde6108df6cb28d469e0f90e,dbfb76d906e218dab2d94e90dd51f8db41dbccf6c82da11311baa418ea738fdf
bailey2018-s1-0155,CSDE1,,ENSG00000009307,source_cancer_code,PCPG,CSDE1_PCPG,tsg,official,2.23,1.18,PMID:29625053,DOI:10.1016/j.cell.2018.02.060,Table S1,Ensembl release 92,https://github.com/openvax/gene-lists,d0a2f0bcbc59e612fde6108df6cb28d469e0f90e,dbfb76d906e218dab2d94e90dd51f8db41dbccf6c82da11311baa418ea738fdf
bailey2018-s1-0156,CTCF,,ENSG00000102974,source_cancer_code,BRCA,CTCF_BRCA,possible tsg,official,2.57,1.94,PMID:29625053,DOI:10.1016/j.cell.2018.02.060,Table S1,Ensembl release 92,https://github.com/openvax/gene-lists,d0a2f0bcbc59e612fde6108df6cb28d469e0f90e,dbfb76d906e218dab2d94e90dd51f8db41dbccf6c82da11311baa418ea738fdf
bailey2018-s1-0157,CTCF,,ENSG00000102974,pan_cancer,PANCAN,CTCF_PANCAN,tsg,official,,1.94,PMID:29625053,DOI:10.1016/j.cell.2018.02.060,Table S1,Ensembl release 92,https://github.com/openvax/gene-lists,d0a2f0bcbc59e612fde6108df6cb28d469e0f90e,dbfb76d906e218dab2d94e90dd51f8db41dbccf6c82da11311baa418ea738fdf
bailey2018-s1-0158,CTCF,,ENSG00000102974,source_cancer_code,UCEC,CTCF_UCEC,tsg,official,18.43,1.94,PMID:29625053,DOI:10.1016/j.cell.2018.02.060,Table S1,Ensembl release 92,https://github.com/openvax/gene-lists,d0a2f0bcbc59e612fde6108df6cb28d469e0f90e,dbfb76d906e218dab2d94e90dd51f8db41dbccf6c82da11311baa418ea738fdf
bailey2018-s1-0159,CTNNB1,,ENSG00000168036,source_cancer_code,BLCA,CTNNB1_BLCA,oncogene,official,3.11,3.57,PMID:29625053,DOI:10.1016/j.cell.2018.02.060,Table S1,Ensembl release 92,https://github.com/openvax/gene-lists,d0a2f0bcbc59e612fde6108df6cb28d469e0f90e,dbfb76d906e218dab2d94e90dd51f8db41dbccf6c82da11311baa418ea738fdf
bailey2018-s1-0160,CTNNB1,,ENSG00000168036,source_cancer_code,COADREAD,CTNNB1_COADREAD,oncogene,official,3.80,3.57,PMID:29625053,DOI:10.1016/j.cell.2018.02.060,Table S1,Ensembl release 92,https://github.com/openvax/gene-lists,d0a2f0bcbc59e612fde6108df6cb28d469e0f90e,dbfb76d906e218dab2d94e90dd51f8db41dbccf6c82da11311baa418ea738fdf
bailey2018-s1-0161,CTNNB1,,ENSG00000168036,source_cancer_code,SKCM,CTNNB1_SKCM,oncogene,official,5.21,3.57,PMID:29625053,DOI:10.1016/j.cell.2018.02.060,Table S1,Ensembl release 92,https://github.com/openvax/gene-lists,d0a2f0bcbc59e612fde6108df6cb28d469e0f90e,dbfb76d906e218dab2d94e90dd51f8db41dbccf6c82da11311baa418ea738fdf
bailey2018-s1-0162,CTNNB1,,ENSG00000168036,source_cancer_code,PRAD,CTNNB1_PRAD,oncogene,official,1.89,3.57,PMID:29625053,DOI:10.1016/j.cell.2018.02.060,Table S1,Ensembl release 92,https://github.com/openvax/gene-lists,d0a2f0bcbc59e612fde6108df6cb28d469e0f90e,dbfb76d906e218dab2d94e90dd51f8db41dbccf6c82da11311baa418ea738fdf
bailey2018-s1-0163,CTNNB1,,ENSG00000168036,source_cancer_code,STAD,CTNNB1_STAD,oncogene,official,4.76,3.57,PMID:29625053,DOI:10.1016/j.cell.2018.02.060,Table S1,Ensembl release 92,https://github.com/openvax/gene-lists,d0a2f0bcbc59e612fde6108df6cb28d469e0f90e,dbfb76d906e218dab2d94e90dd51f8db41dbccf6c82da11311baa418ea738fdf
bailey2018-s1-0164,CTNNB1,,ENSG00000168036,source_cancer_code,LUAD,CTNNB1_LUAD,oncogene,official,3.94,3.57,PMID:29625053,DOI:10.1016/j.cell.2018.02.060,Table S1,Ensembl release 92,https://github.com/openvax/gene-lists,d0a2f0bcbc59e612fde6108df6cb28d469e0f90e,dbfb76d906e218dab2d94e90dd51f8db41dbccf6c82da11311baa418ea738fdf
bailey2018-s1-0165,CTNNB1,,ENSG00000168036,pan_cancer,PANCAN,CTNNB1_PANCAN,oncogene,official,,3.57,PMID:29625053,DOI:10.1016/j.cell.2018.02.060,Table S1,Ensembl release 92,https://github.com/openvax/gene-lists,d0a2f0bcbc59e612fde6108df6cb28d469e0f90e,dbfb76d906e218dab2d94e90dd51f8db41dbccf6c82da11311baa418ea738fdf
bailey2018-s1-0166,CTNNB1,,ENSG00000168036,source_cancer_code,UCEC,CTNNB1_UCEC,oncogene,official,21.46,3.57,PMID:29625053,DOI:10.1016/j.cell.2018.02.060,Table S1,Ensembl release 92,https://github.com/openvax/gene-lists,d0a2f0bcbc59e612fde6108df6cb28d469e0f90e,dbfb76d906e218dab2d94e90dd51f8db41dbccf6c82da11311baa418ea738fdf
bailey2018-s1-0167,CTNNB1,,ENSG00000168036,source_cancer_code,ACC,CTNNB1_ACC,oncogene,official,15.56,3.57,PMID:29625053,DOI:10.1016/j.cell.2018.02.060,Table S1,Ensembl release 92,https://github.com/openvax/gene-lists,d0a2f0bcbc59e612fde6108df6cb28d469e0f90e,dbfb76d906e218dab2d94e90dd51f8db41dbccf6c82da11311baa418ea738fdf
bailey2018-s1-0168,CTNNB1,,ENSG00000168036,source_cancer_code,LIHC,CTNNB1_LIHC,oncogene,official,26.27,3.57,PMID:29625053,DOI:10.1016/j.cell.2018.02.060,Table S1,Ensembl release 92,https://github.com/openvax/gene-lists,d0a2f0bcbc59e612fde6108df6cb28d469e0f90e,dbfb76d906e218dab2d94e90dd51f8db41dbccf6c82da11311baa418ea738fdf
bailey2018-s1-0169,CTNND1,,ENSG00000198561,source_cancer_code,UCEC,CTNND1_UCEC,tsg,official,6.31,1.53,PMID:29625053,DOI:10.1016/j.cell.2018.02.060,Table S1,Ensembl release 92,https://github.com/openvax/gene-lists,d0a2f0bcbc59e612fde6108df6cb28d469e0f90e,dbfb76d906e218dab2d94e90dd51f8db41dbccf6c82da11311baa418ea738fdf
bailey2018-s1-0170,CTNND1,,ENSG00000198561,pan_cancer,PANCAN,CTNND1_PANCAN,tsg,official,,1.53,PMID:29625053,DOI:10.1016/j.cell.2018.02.060,Table S1,Ensembl release 92,https://github.com/openvax/gene-lists,d0a2f0bcbc59e612fde6108df6cb28d469e0f90e,dbfb76d906e218dab2d94e90dd51f8db41dbccf6c82da11311baa418ea738fdf
bailey2018-s1-0171,CUL1,,ENSG00000055130,source_cancer_code,BLCA,CUL1_BLCA,oncogene,official,4.66,1.20,PMID:29625053,DOI:10.1016/j.cell.2018.02.060,Table S1,Ensembl release 92,https://github.com/openvax/gene-lists,d0a2f0bcbc59e612fde6108df6cb28d469e0f90e,dbfb76d906e218dab2d94e90dd51f8db41dbccf6c82da11311baa418ea738fdf
bailey2018-s1-0172,CUL1,,ENSG00000055130,pan_cancer,PANCAN,CUL1_PANCAN,oncogene,official,,1.20,PMID:29625053,DOI:10.1016/j.cell.2018.02.060,Table S1,Ensembl release 92,https://github.com/openvax/gene-lists,d0a2f0bcbc59e612fde6108df6cb28d469e0f90e,dbfb76d906e218dab2d94e90dd51f8db41dbccf6c82da11311baa418ea738fdf
bailey2018-s1-0173,CUL3,,ENSG00000036257,source_cancer_code,HNSC,CUL3_HNSC,possible tsg,official,3.59,1.40,PMID:29625053,DOI:10.1016/j.cell.2018.02.060,Table S1,Ensembl release 92,https://github.com/openvax/gene-lists,d0a2f0bcbc59e612fde6108df6cb28d469e0f90e,dbfb76d906e218dab2d94e90dd51f8db41dbccf6c82da11311baa418ea738fdf
bailey2018-s1-0174,CUL3,,ENSG00000036257,source_cancer_code,LUSC,CUL3_LUSC,tsg,official,5.60,1.40,PMID:29625053,DOI:10.1016/j.cell.2018.02.060,Table S1,Ensembl release 92,https://github.com/openvax/gene-lists,d0a2f0bcbc59e612fde6108df6cb28d469e0f90e,dbfb76d906e218dab2d94e90dd51f8db41dbccf6c82da11311baa418ea738fdf
bailey2018-s1-0175,CUL3,,ENSG00000036257,pan_cancer,PANCAN,CUL3_PANCAN,tsg,official,,1.40,PMID:29625053,DOI:10.1016/j.cell.2018.02.060,Table S1,Ensembl release 92,https://github.com/openvax/gene-lists,d0a2f0bcbc59e612fde6108df6cb28d469e0f90e,dbfb76d906e218dab2d94e90dd51f8db41dbccf6c82da11311baa418ea738fdf
bailey2018-s1-0176,CUL3,,ENSG00000036257,source_cancer_code,KIRP,CUL3_KIRP,tsg,official,3.64,1.40,PMID:29625053,DOI:10.1016/j.cell.2018.02.060,Table S1,Ensembl release 92,https://github.com/openvax/gene-lists,d0a2f0bcbc59e612fde6108df6cb28d469e0f90e,dbfb76d906e218dab2d94e90dd51f8db41dbccf6c82da11311baa418ea738fdf
bailey2018-s1-0177,CYLD,,ENSG00000083799,source_cancer_code,HNSC,CYLD_HNSC,possible tsg,official,2.39,0.98,PMID:29625053,DOI:10.1016/j.cell.2018.02.060,Table S1,Ensembl release 92,https://github.com/openvax/gene-lists,d0a2f0bcbc59e612fde6108df6cb28d469e0f90e,dbfb76d906e218dab2d94e90dd51f8db41dbccf6c82da11311baa418ea738fdf
bailey2018-s1-0178,CYSLTR2,,ENSG00000152207,source_cancer_code,UVM,CYSLTR2_UVM,oncogene,official,3.75,0.74,PMID:29625053,DOI:10.1016/j.cell.2018.02.060,Table S1,Ensembl release 92,https://github.com/openvax/gene-lists,d0a2f0bcbc59e612fde6108df6cb28d469e0f90e,dbfb76d906e218dab2d94e90dd51f8db41dbccf6c82da11311baa418ea738fdf
bailey2018-s1-0179,DACH1,,ENSG00000276644,source_cancer_code,SKCM,DACH1_SKCM,oncogene,official,8.53,1.76,PMID:29625053,DOI:10.1016/j.cell.2018.02.060,Table S1,Ensembl release 92,https://github.com/openvax/gene-lists,d0a2f0bcbc59e612fde6108df6cb28d469e0f90e,dbfb76d906e218dab2d94e90dd51f8db41dbccf6c82da11311baa418ea738fdf
bailey2018-s1-0180,DAZAP1,,ENSG00000071626,pan_cancer,PANCAN,DAZAP1_PANCAN,possible tsg,official,,0.87,PMID:29625053,DOI:10.1016/j.cell.2018.02.060,Table S1,Ensembl release 92,https://github.com/openvax/gene-lists,d0a2f0bcbc59e612fde6108df6cb28d469e0f90e,dbfb76d906e218dab2d94e90dd51f8db41dbccf6c82da11311baa418ea738fdf
bailey2018-s1-0181,DDX3X,,ENSG00000215301,source_cancer_code,SKCM,DDX3X_SKCM,tsg,official,5.45,1.44,PMID:29625053,DOI:10.1016/j.cell.2018.02.060,Table S1,Ensembl release 92,https://github.com/openvax/gene-lists,d0a2f0bcbc59e612fde6108df6cb28d469e0f90e,dbfb76d906e218dab2d94e90dd51f8db41dbccf6c82da11311baa418ea738fdf
bailey2018-s1-0182,DDX3X,,ENSG00000215301,pan_cancer,PANCAN,DDX3X_PANCAN,tsg,official,,1.44,PMID:29625053,DOI:10.1016/j.cell.2018.02.060,Table S1,Ensembl release 92,https://github.com/openvax/gene-lists,d0a2f0bcbc59e612fde6108df6cb28d469e0f90e,dbfb76d906e218dab2d94e90dd51f8db41dbccf6c82da11311baa418ea738fdf
bailey2018-s1-0183,DHX9,,ENSG00000135829,source_cancer_code,LIHC,DHX9_LIHC,possible oncogene,official,3.11,1.31,PMID:29625053,DOI:10.1016/j.cell.2018.02.060,Table S1,Ensembl release 92,https://github.com/openvax/gene-lists,d0a2f0bcbc59e612fde6108df6cb28d469e0f90e,dbfb76d906e218dab2d94e90dd51f8db41dbccf6c82da11311baa418ea738fdf
bailey2018-s1-0184,DIAPH2,,ENSG00000147202,source_cancer_code,BLCA,DIAPH2_BLCA,possible oncogene,official,5.44,1.60,PMID:29625053,DOI:10.1016/j.cell.2018.02.060,Table S1,Ensembl release 92,https://github.com/openvax/gene-lists,d0a2f0bcbc59e612fde6108df6cb28d469e0f90e,dbfb76d906e218dab2d94e90dd51f8db41dbccf6c82da11311baa418ea738fdf
bailey2018-s1-0185,DICER1,,ENSG00000100697,source_cancer_code,UCEC,DICER1_UCEC,possible oncogene,official,6.31,1.93,PMID:29625053,DOI:10.1016/j.cell.2018.02.060,Table S1,Ensembl release 92,https://github.com/openvax/gene-lists,d0a2f0bcbc59e612fde6108df6cb28d469e0f90e,dbfb76d906e218dab2d94e90dd51f8db41dbccf6c82da11311baa418ea738fdf
bailey2018-s1-0186,DMD,,ENSG00000198947,source_cancer_code,STAD,DMD_STAD,oncogene,official,10.64,7.03,PMID:29625053,DOI:10.1016/j.cell.2018.02.060,Table S1,Ensembl release 92,https://github.com/openvax/gene-lists,d0a2f0bcbc59e612fde6108df6cb28d469e0f90e,dbfb76d906e218dab2d94e90dd51f8db41dbccf6c82da11311baa418ea738fdf
bailey2018-s1-0187,DNMT3A,,ENSG00000119772,pan_cancer,PANCAN,DNMT3A_PANCAN,tsg,official,,2.06,PMID:29625053,DOI:10.1016/j.cell.2018.02.060,Table S1,Ensembl release 92,https://github.com/openvax/gene-lists,d0a2f0bcbc59e612fde6108df6cb28d469e0f90e,dbfb76d906e218dab2d94e90dd51f8db41dbccf6c82da11311baa418ea738fdf
bailey2018-s1-0188,DNMT3A,,ENSG00000119772,source_cancer_code,THCA,DNMT3A_THCA,tsg,official,0.81,2.06,PMID:29625053,DOI:10.1016/j.cell.2018.02.060,Table S1,Ensembl release 92,https://github.com/openvax/gene-lists,d0a2f0bcbc59e612fde6108df6cb28d469e0f90e,dbfb76d906e218dab2d94e90dd51f8db41dbccf6c82da11311baa418ea738fdf
bailey2018-s1-0189,DNMT3A,,ENSG00000119772,source_cancer_code,LAML,DNMT3A_LAML,tsg,official,12.23,2.06,PMID:29625053,DOI:10.1016/j.cell.2018.02.060,Table S1,Ensembl release 92,https://github.com/openvax/gene-lists,d0a2f0bcbc59e612fde6108df6cb28d469e0f90e,dbfb76d906e218dab2d94e90dd51f8db41dbccf6c82da11311baa418ea738fdf
bailey2018-s1-0190,EEF1A1,,ENSG00000156508,pan_cancer,PANCAN,EEF1A1_PANCAN,possible oncogene,official,,1.12,PMID:29625053,DOI:10.1016/j.cell.2018.02.060,Table S1,Ensembl release 92,https://github.com/openvax/gene-lists,d0a2f0bcbc59e612fde6108df6cb28d469e0f90e,dbfb76d906e218dab2d94e90dd51f8db41dbccf6c82da11311baa418ea738fdf
bailey2018-s1-0191,EEF1A1,,ENSG00000156508,source_cancer_code,LIHC,EEF1A1_LIHC,oncogene,official,2.82,1.12,PMID:29625053,DOI:10.1016/j.cell.2018.02.060,Table S1,Ensembl release 92,https://github.com/openvax/gene-lists,d0a2f0bcbc59e612fde6108df6cb28d469e0f90e,dbfb76d906e218dab2d94e90dd51f8db41dbccf6c82da11311baa418ea738fdf
bailey2018-s1-0192,EEF2,,ENSG00000167658,source_cancer_code,PAAD,EEF2_PAAD,tsg,official,1.94,1.07,PMID:29625053,DOI:10.1016/j.cell.2018.02.060,Table S1,Ensembl release 92,https://github.com/openvax/gene-lists,d0a2f0bcbc59e612fde6108df6cb28d469e0f90e,dbfb76d906e218dab2d94e90dd51f8db41dbccf6c82da11311baa418ea738fdf
bailey2018-s1-0193,EGFR,,ENSG00000146648,pan_cancer,PANCAN,EGFR_PANCAN,oncogene,official,,3.78,PMID:29625053,DOI:10.1016/j.cell.2018.02.060,Table S1,Ensembl release 92,https://github.com/openvax/gene-lists,d0a2f0bcbc59e612fde6108df6cb28d469e0f90e,dbfb76d906e218dab2d94e90dd51f8db41dbccf6c82da11311baa418ea738fdf
bailey2018-s1-0194,EGFR,,ENSG00000146648,source_cancer_code,GBM,EGFR_GBM,oncogene,official,23.15,3.78,PMID:29625053,DOI:10.1016/j.cell.2018.02.060,Table S1,Ensembl release 92,https://github.com/openvax/gene-lists,d0a2f0bcbc59e612fde6108df6cb28d469e0f90e,dbfb76d906e218dab2d94e90dd51f8db41dbccf6c82da11311baa418ea738fdf
bailey2018-s1-0195,EGFR,,ENSG00000146648,source_cancer_code,LUAD,EGFR_LUAD,oncogene,official,13.92,3.78,PMID:29625053,DOI:10.1016/j.cell.2018.02.060,Table S1,Ensembl release 92,https://github.com/openvax/gene-lists,d0a2f0bcbc59e612fde6108df6cb28d469e0f90e,dbfb76d906e218dab2d94e90dd51f8db41dbccf6c82da11311baa418ea738fdf
bailey2018-s1-0196,EGFR,,ENSG00000146648,source_cancer_code,LGG,EGFR_LGG,oncogene,official,6.86,3.78,PMID:29625053,DOI:10.1016/j.cell.2018.02.060,Table S1,Ensembl release 92,https://github.com/openvax/gene-lists,d0a2f0bcbc59e612fde6108df6cb28d469e0f90e,dbfb76d906e218dab2d94e90dd51f8db41dbccf6c82da11311baa418ea738fdf
bailey2018-s1-0197,EGR3,,ENSG00000179388,pan_cancer,PANCAN,EGR3_PANCAN,,rescued,,0.61,PMID:29625053,DOI:10.1016/j.cell.2018.02.060,Table S1,Ensembl release 92,https://github.com/openvax/gene-lists,d0a2f0bcbc59e612fde6108df6cb28d469e0f90e,dbfb76d906e218dab2d94e90dd51f8db41dbccf6c82da11311baa418ea738fdf
bailey2018-s1-0198,EIF1AX,,ENSG00000173674,pan_cancer,PANCAN,EIF1AX_PANCAN,possible oncogene,official,,0.62,PMID:29625053,DOI:10.1016/j.cell.2018.02.060,Table S1,Ensembl release 92,https://github.com/openvax/gene-lists,d0a2f0bcbc59e612fde6108df6cb28d469e0f90e,dbfb76d906e218dab2d94e90dd51f8db41dbccf6c82da11311baa418ea738fdf
bailey2018-s1-0199,EIF1AX,,ENSG00000173674,source_cancer_code,THCA,EIF1AX_THCA,oncogene,official,1.42,0.62,PMID:29625053,DOI:10.1016/j.cell.2018.02.060,Table S1,Ensembl release 92,https://github.com/openvax/gene-lists,d0a2f0bcbc59e612fde6108df6cb28d469e0f90e,dbfb76d906e218dab2d94e90dd51f8db41dbccf6c82da11311baa418ea738fdf
bailey2018-s1-0200,EIF1AX,,ENSG00000173674,source_cancer_code,UVM,EIF1AX_UVM,oncogene,official,12.50,0.62,PMID:29625053,DOI:10.1016/j.cell.2018.02.060,Table S1,Ensembl release 92,https://github.com/openvax/gene-lists,d0a2f0bcbc59e612fde6108df6cb28d469e0f90e,dbfb76d906e218dab2d94e90dd51f8db41dbccf6c82da11311baa418ea738fdf
bailey2018-s1-0201,ELF3,,ENSG00000163435,pan_cancer,PANCAN,ELF3_PANCAN,possible tsg,official,,1.33,PMID:29625053,DOI:10.1016/j.cell.2018.02.060,Table S1,Ensembl release 92,https://github.com/openvax/gene-lists,d0a2f0bcbc59e612fde6108df6cb28d469e0f90e,dbfb76d906e218dab2d94e90dd51f8db41dbccf6c82da11311baa418ea738fdf
bailey2018-s1-0202,ELF3,,ENSG00000163435,source_cancer_code,BLCA,ELF3_BLCA,possible tsg,official,13.99,1.33,PMID:29625053,DOI:10.1016/j.cell.2018.02.060,Table S1,Ensembl release 92,https://github.com/openvax/gene-lists,d0a2f0bcbc59e612fde6108df6cb28d469e0f90e,dbfb76d906e218dab2d94e90dd51f8db41dbccf6c82da11311baa418ea738fdf
bailey2018-s1-0203,EP300,,ENSG00000100393,source_cancer_code,UCEC,EP300_UCEC,tsg,official,9.09,3.30,PMID:29625053,DOI:10.1016/j.cell.2018.02.060,Table S1,Ensembl release 92,https://github.com/openvax/gene-lists,d0a2f0bcbc59e612fde6108df6cb28d469e0f90e,dbfb76d906e218dab2d94e90dd51f8db41dbccf6c82da11311baa418ea738fdf
bailey2018-s1-0204,EP300,,ENSG00000100393,source_cancer_code,LUSC,EP300_LUSC,oncogene,official,3.66,3.30,PMID:29625053,DOI:10.1016/j.cell.2018.02.060,Table S1,Ensembl release 92,https://github.com/openvax/gene-lists,d0a2f0bcbc59e612fde6108df6cb28d469e0f90e,dbfb76d906e218dab2d94e90dd51f8db41dbccf6c82da11311baa418ea738fdf
bailey2018-s1-0205,EP300,,ENSG00000100393,pan_cancer,PANCAN,EP300_PANCAN,tsg,official,,3.30,PMID:29625053,DOI:10.1016/j.cell.2018.02.060,Table S1,Ensembl release 92,https://github.com/openvax/gene-lists,d0a2f0bcbc59e612fde6108df6cb28d469e0f90e,dbfb76d906e218dab2d94e90dd51f8db41dbccf6c82da11311baa418ea738fdf
bailey2018-s1-0206,EP300,,ENSG00000100393,source_cancer_code,BLCA,EP300_BLCA,tsg,official,13.73,3.30,PMID:29625053,DOI:10.1016/j.cell.2018.02.060,Table S1,Ensembl release 92,https://github.com/openvax/gene-lists,d0a2f0bcbc59e612fde6108df6cb28d469e0f90e,dbfb76d906e218dab2d94e90dd51f8db41dbccf6c82da11311baa418ea738fdf
bailey2018-s1-0207,EP300,,ENSG00000100393,source_cancer_code,HNSC,EP300_HNSC,possible tsg,official,7.37,3.30,PMID:29625053,DOI:10.1016/j.cell.2018.02.060,Table S1,Ensembl release 92,https://github.com/openvax/gene-lists,d0a2f0bcbc59e612fde6108df6cb28d469e0f90e,dbfb76d906e218dab2d94e90dd51f8db41dbccf6c82da11311baa418ea738fdf
bailey2018-s1-0208,EP300,,ENSG00000100393,source_cancer_code,CESC,EP300_CESC,tsg,official,10.95,3.30,PMID:29625053,DOI:10.1016/j.cell.2018.02.060,Table S1,Ensembl release 92,https://github.com/openvax/gene-lists,d0a2f0bcbc59e612fde6108df6cb28d469e0f90e,dbfb76d906e218dab2d94e90dd51f8db41dbccf6c82da11311baa418ea738fdf
bailey2018-s1-0209,EPAS1,,ENSG00000116016,source_cancer_code,PCPG,EPAS1_PCPG,oncogene,official,4.47,1.33,PMID:29625053,DOI:10.1016/j.cell.2018.02.060,Table S1,Ensembl release 92,https://github.com/openvax/gene-lists,d0a2f0bcbc59e612fde6108df6cb28d469e0f90e,dbfb76d906e218dab2d94e90dd51f8db41dbccf6c82da11311baa418ea738fdf
bailey2018-s1-0210,EPHA2,,ENSG00000142627,source_cancer_code,CHOL,EPHA2_CHOL,tsg,official,11.76,1.58,PMID:29625053,DOI:10.1016/j.cell.2018.02.060,Table S1,Ensembl release 92,https://github.com/openvax/gene-lists,d0a2f0bcbc59e612fde6108df6cb28d469e0f90e,dbfb76d906e218dab2d94e90dd51f8db41dbccf6c82da11311baa418ea738fdf
bailey2018-s1-0211,EPHA2,,ENSG00000142627,pan_cancer,PANCAN,EPHA2_PANCAN,tsg,official,,1.58,PMID:29625053,DOI:10.1016/j.cell.2018.02.060,Table S1,Ensembl release 92,https://github.com/openvax/gene-lists,d0a2f0bcbc59e612fde6108df6cb28d469e0f90e,dbfb76d906e218dab2d94e90dd51f8db41dbccf6c82da11311baa418ea738fdf
bailey2018-s1-0212,EPHA2,,ENSG00000142627,source_cancer_code,HNSC,EPHA2_HNSC,tsg,official,4.78,1.58,PMID:29625053,DOI:10.1016/j.cell.2018.02.060,Table S1,Ensembl release 92,https://github.com/openvax/gene-lists,d0a2f0bcbc59e612fde6108df6cb28d469e0f90e,dbfb76d906e218dab2d94e90dd51f8db41dbccf6c82da11311baa418ea738fdf
bailey2018-s1-0213,EPHA3,,ENSG00000044524,pan_cancer,PANCAN,EPHA3_PANCAN,,rescued,,3.61,PMID:29625053,DOI:10.1016/j.cell.2018.02.060,Table S1,Ensembl release 92,https://github.com/openvax/gene-lists,d0a2f0bcbc59e612fde6108df6cb28d469e0f90e,dbfb76d906e218dab2d94e90dd51f8db41dbccf6c82da11311baa418ea738fdf
bailey2018-s1-0214,ERBB2,,ENSG00000141736,source_cancer_code,ESCA,ERBB2_ESCA,possible oncogene,official,4.65,2.28,PMID:29625053,DOI:10.1016/j.cell.2018.02.060,Table S1,Ensembl release 92,https://github.com/openvax/gene-lists,d0a2f0bcbc59e612fde6108df6cb28d469e0f90e,dbfb76d906e218dab2d94e90dd51f8db41dbccf6c82da11311baa418ea738fdf
bailey2018-s1-0215,ERBB2,,ENSG00000141736,source_cancer_code,STAD,ERBB2_STAD,oncogene,official,4.20,2.28,PMID:29625053,DOI:10.1016/j.cell.2018.02.060,Table S1,Ensembl release 92,https://github.com/openvax/gene-lists,d0a2f0bcbc59e612fde6108df6cb28d469e0f90e,dbfb76d906e218dab2d94e90dd51f8db41dbccf6c82da11311baa418ea738fdf
bailey2018-s1-0216,ERBB2,,ENSG00000141736,source_cancer_code,UCEC,ERBB2_UCEC,oncogene,official,4.55,2.28,PMID:29625053,DOI:10.1016/j.cell.2018.02.060,Table S1,Ensembl release 92,https://github.com/openvax/gene-lists,d0a2f0bcbc59e612fde6108df6cb28d469e0f90e,dbfb76d906e218dab2d94e90dd51f8db41dbccf6c82da11311baa418ea738fdf
bailey2018-s1-0217,ERBB2,,ENSG00000141736,source_cancer_code,CESC,ERBB2_CESC,oncogene,official,5.11,2.28,PMID:29625053,DOI:10.1016/j.cell.2018.02.060,Table S1,Ensembl release 92,https://github.com/openvax/gene-lists,d0a2f0bcbc59e612fde6108df6cb28d469e0f90e,dbfb76d906e218dab2d94e90dd51f8db41dbccf6c82da11311baa418ea738fdf
bailey2018-s1-0218,ERBB2,,ENSG00000141736,source_cancer_code,BLCA,ERBB2_BLCA,oncogene,official,12.95,2.28,PMID:29625053,DOI:10.1016/j.cell.2018.02.060,Table S1,Ensembl release 92,https://github.com/openvax/gene-lists,d0a2f0bcbc59e612fde6108df6cb28d469e0f90e,dbfb76d906e218dab2d94e90dd51f8db41dbccf6c82da11311baa418ea738fdf
bailey2018-s1-0219,ERBB2,,ENSG00000141736,pan_cancer,PANCAN,ERBB2_PANCAN,oncogene,official,,2.28,PMID:29625053,DOI:10.1016/j.cell.2018.02.060,Table S1,Ensembl release 92,https://github.com/openvax/gene-lists,d0a2f0bcbc59e612fde6108df6cb28d469e0f90e,dbfb76d906e218dab2d94e90dd51f8db41dbccf6c82da11311baa418ea738fdf
bailey2018-s1-0220,ERBB2,,ENSG00000141736,source_cancer_code,BRCA,ERBB2_BRCA,oncogene,official,2.57,2.28,PMID:29625053,DOI:10.1016/j.cell.2018.02.060,Table S1,Ensembl release 92,https://github.com/openvax/gene-lists,d0a2f0bcbc59e612fde6108df6cb28d469e0f90e,dbfb76d906e218dab2d94e90dd51f8db41dbccf6c82da11311baa418ea738fdf
bailey2018-s1-0221,ERBB3,,ENSG00000065361,source_cancer_code,CESC,ERBB3_CESC,oncogene,official,5.11,2.57,PMID:29625053,DOI:10.1016/j.cell.2018.02.060,Table S1,Ensembl release 92,https://github.com/openvax/gene-lists,d0a2f0bcbc59e612fde6108df6cb28d469e0f90e,dbfb76d906e218dab2d94e90dd51f8db41dbccf6c82da11311baa418ea738fdf
bailey2018-s1-0222,ERBB3,,ENSG00000065361,source_cancer_code,BLCA,ERBB3_BLCA,oncogene,official,11.92,2.57,PMID:29625053,DOI:10.1016/j.cell.2018.02.060,Table S1,Ensembl release 92,https://github.com/openvax/gene-lists,d0a2f0bcbc59e612fde6108df6cb28d469e0f90e,dbfb76d906e218dab2d94e90dd51f8db41dbccf6c82da11311baa418ea738fdf
bailey2018-s1-0223,ERBB3,,ENSG00000065361,pan_cancer,PANCAN,ERBB3_PANCAN,possible oncogene,official,,2.57,PMID:29625053,DOI:10.1016/j.cell.2018.02.060,Table S1,Ensembl release 92,https://github.com/openvax/gene-lists,d0a2f0bcbc59e612fde6108df6cb28d469e0f90e,dbfb76d906e218dab2d94e90dd51f8db41dbccf6c82da11311baa418ea738fdf
bailey2018-s1-0224,ERBB3,,ENSG00000065361,source_cancer_code,UCEC,ERBB3_UCEC,oncogene,official,7.83,2.57,PMID:29625053,DOI:10.1016/j.cell.2018.02.060,Table S1,Ensembl release 92,https://github.com/openvax/gene-lists,d0a2f0bcbc59e612fde6108df6cb28d469e0f90e,dbfb76d906e218dab2d94e90dd51f8db41dbccf6c82da11311baa418ea738fdf
bailey2018-s1-0225,ERBB4,,ENSG00000178568,source_cancer_code,STAD,ERBB4_STAD,oncogene,official,9.80,3.86,PMID:29625053,DOI:10.1016/j.cell.2018.02.060,Table S1,Ensembl release 92,https://github.com/openvax/gene-lists,d0a2f0bcbc59e612fde6108df6cb28d469e0f90e,dbfb76d906e218dab2d94e90dd51f8db41dbccf6c82da11311baa418ea738fdf
bailey2018-s1-0226,ERCC2,,ENSG00000104884,pan_cancer,PANCAN,ERCC2_PANCAN,possible oncogene,official,,1.13,PMID:29625053,DOI:10.1016/j.cell.2018.02.060,Table S1,Ensembl release 92,https://github.com/openvax/gene-lists,d0a2f0bcbc59e612fde6108df6cb28d469e0f90e,dbfb76d906e218dab2d94e90dd51f8db41dbccf6c82da11311baa418ea738fdf
bailey2018-s1-0227,ERCC2,,ENSG00000104884,source_cancer_code,BLCA,ERCC2_BLCA,oncogene,official,9.33,1.13,PMID:29625053,DOI:10.1016/j.cell.2018.02.060,Table S1,Ensembl release 92,https://github.com/openvax/gene-lists,d0a2f0bcbc59e612fde6108df6cb28d469e0f90e,dbfb76d906e218dab2d94e90dd51f8db41dbccf6c82da11311baa418ea738fdf
bailey2018-s1-0228,ESR1,,ENSG00000091831,pan_cancer,PANCAN,ESR1_PANCAN,,rescued,,1.12,PMID:29625053,DOI:10.1016/j.cell.2018.02.060,Table S1,Ensembl release 92,https://github.com/openvax/gene-lists,d0a2f0bcbc59e612fde6108df6cb28d469e0f90e,dbfb76d906e218dab2d94e90dd51f8db41dbccf6c82da11311baa418ea738fdf
bailey2018-s1-0229,EZH2,,ENSG00000106462,source_cancer_code,LAML,EZH2_LAML,,rescued,0.00,0.82,PMID:29625053,DOI:10.1016/j.cell.2018.02.060,Table S1,Ensembl release 92,https://github.com/openvax/gene-lists,d0a2f0bcbc59e612fde6108df6cb28d469e0f90e,dbfb76d906e218dab2d94e90dd51f8db41dbccf6c82da11311baa418ea738fdf
bailey2018-s1-0230,FAM46D,TENT5D,ENSG00000174016,source_cancer_code,STAD,FAM46D_STAD,oncogene,official,1.96,1.10,PMID:29625053,DOI:10.1016/j.cell.2018.02.060,Table S1,Ensembl release 92,https://github.com/openvax/gene-lists,d0a2f0bcbc59e612fde6108df6cb28d469e0f90e,dbfb76d906e218dab2d94e90dd51f8db41dbccf6c82da11311baa418ea738fdf
bailey2018-s1-0231,FAT1,,ENSG00000083857,source_cancer_code,CESC,FAT1_CESC,possible tsg,official,8.03,6.22,PMID:29625053,DOI:10.1016/j.cell.2018.02.060,Table S1,Ensembl release 92,https://github.com/openvax/gene-lists,d0a2f0bcbc59e612fde6108df6cb28d469e0f90e,dbfb76d906e218dab2d94e90dd51f8db41dbccf6c82da11311baa418ea738fdf
bailey2018-s1-0232,FAT1,,ENSG00000083857,source_cancer_code,UCEC,FAT1_UCEC,tsg,official,15.15,6.22,PMID:29625053,DOI:10.1016/j.cell.2018.02.060,Table S1,Ensembl release 92,https://github.com/openvax/gene-lists,d0a2f0bcbc59e612fde6108df6cb28d469e0f90e,dbfb76d906e218dab2d94e90dd51f8db41dbccf6c82da11311baa418ea738fdf
bailey2018-s1-0233,FAT1,,ENSG00000083857,source_cancer_code,BLCA,FAT1_BLCA,tsg,official,11.66,6.22,PMID:29625053,DOI:10.1016/j.cell.2018.02.060,Table S1,Ensembl release 92,https://github.com/openvax/gene-lists,d0a2f0bcbc59e612fde6108df6cb28d469e0f90e,dbfb76d906e218dab2d94e90dd51f8db41dbccf6c82da11311baa418ea738fdf
bailey2018-s1-0234,FAT1,,ENSG00000083857,pan_cancer,PANCAN,FAT1_PANCAN,tsg,official,,6.22,PMID:29625053,DOI:10.1016/j.cell.2018.02.060,Table S1,Ensembl release 92,https://github.com/openvax/gene-lists,d0a2f0bcbc59e612fde6108df6cb28d469e0f90e,dbfb76d906e218dab2d94e90dd51f8db41dbccf6c82da11311baa418ea738fdf
bailey2018-s1-0235,FAT1,,ENSG00000083857,source_cancer_code,LUSC,FAT1_LUSC,tsg,official,15.52,6.22,PMID:29625053,DOI:10.1016/j.cell.2018.02.060,Table S1,Ensembl release 92,https://github.com/openvax/gene-lists,d0a2f0bcbc59e612fde6108df6cb28d469e0f90e,dbfb76d906e218dab2d94e90dd51f8db41dbccf6c82da11311baa418ea738fdf
bailey2018-s1-0236,FAT1,,ENSG00000083857,source_cancer_code,HNSC,FAT1_HNSC,tsg,official,24.10,6.22,PMID:29625053,DOI:10.1016/j.cell.2018.02.060,Table S1,Ensembl release 92,https://github.com/openvax/gene-lists,d0a2f0bcbc59e612fde6108df6cb28d469e0f90e,dbfb76d906e218dab2d94e90dd51f8db41dbccf6c82da11311baa418ea738fdf
bailey2018-s1-0237,FBXW7,,ENSG00000109670,source_cancer_code,BRCA,FBXW7_BRCA,possible oncogene,official,1.80,3.77,PMID:29625053,DOI:10.1016/j.cell.2018.02.060,Table S1,Ensembl release 92,https://github.com/openvax/gene-lists,d0a2f0bcbc59e612fde6108df6cb28d469e0f90e,dbfb76d906e218dab2d94e90dd51f8db41dbccf6c82da11311baa418ea738fdf
bailey2018-s1-0238,FBXW7,,ENSG00000109670,source_cancer_code,ESCA,FBXW7_ESCA,tsg,official,5.23,3.77,PMID:29625053,DOI:10.1016/j.cell.2018.02.060,Table S1,Ensembl release 92,https://github.com/openvax/gene-lists,d0a2f0bcbc59e612fde6108df6cb28d469e0f90e,dbfb76d906e218dab2d94e90dd51f8db41dbccf6c82da11311baa418ea738fdf
bailey2018-s1-0239,FBXW7,,ENSG00000109670,source_cancer_code,STAD,FBXW7_STAD,tsg,official,3.08,3.77,PMID:29625053,DOI:10.1016/j.cell.2018.02.060,Table S1,Ensembl release 92,https://github.com/openvax/gene-lists,d0a2f0bcbc59e612fde6108df6cb28d469e0f90e,dbfb76d906e218dab2d94e90dd51f8db41dbccf6c82da11311baa418ea738fdf
bailey2018-s1-0240,FBXW7,,ENSG00000109670,source_cancer_code,LUSC,FBXW7_LUSC,possible tsg,official,5.60,3.77,PMID:29625053,DOI:10.1016/j.cell.2018.02.060,Table S1,Ensembl release 92,https://github.com/openvax/gene-lists,d0a2f0bcbc59e612fde6108df6cb28d469e0f90e,dbfb76d906e218dab2d94e90dd51f8db41dbccf6c82da11311baa418ea738fdf
bailey2018-s1-0241,FBXW7,,ENSG00000109670,source_cancer_code,UCEC,FBXW7_UCEC,possible oncogene,official,16.41,3.77,PMID:29625053,DOI:10.1016/j.cell.2018.02.060,Table S1,Ensembl release 92,https://github.com/openvax/gene-lists,d0a2f0bcbc59e612fde6108df6cb28d469e0f90e,dbfb76d906e218dab2d94e90dd51f8db41dbccf6c82da11311baa418ea738fdf
bailey2018-s1-0242,FBXW7,,ENSG00000109670,source_cancer_code,BLCA,FBXW7_BLCA,tsg,official,9.07,3.77,PMID:29625053,DOI:10.1016/j.cell.2018.02.060,Table S1,Ensembl release 92,https://github.com/openvax/gene-lists,d0a2f0bcbc59e612fde6108df6cb28d469e0f90e,dbfb76d906e218dab2d94e90dd51f8db41dbccf6c82da11311baa418ea738fdf
bailey2018-s1-0243,FBXW7,,ENSG00000109670,source_cancer_code,COADREAD,FBXW7_COADREAD,tsg,official,12.03,3.77,PMID:29625053,DOI:10.1016/j.cell.2018.02.060,Table S1,Ensembl release 92,https://github.com/openvax/gene-lists,d0a2f0bcbc59e612fde6108df6cb28d469e0f90e,dbfb76d906e218dab2d94e90dd51f8db41dbccf6c82da11311baa418ea738fdf
bailey2018-s1-0244,FBXW7,,ENSG00000109670,pan_cancer,PANCAN,FBXW7_PANCAN,tsg,official,,3.77,PMID:29625053,DOI:10.1016/j.cell.2018.02.060,Table S1,Ensembl release 92,https://github.com/openvax/gene-lists,d0a2f0bcbc59e612fde6108df6cb28d469e0f90e,dbfb76d906e218dab2d94e90dd51f8db41dbccf6c82da11311baa418ea738fdf
bailey2018-s1-0245,FBXW7,,ENSG00000109670,source_cancer_code,CESC,FBXW7_CESC,possible tsg,official,11.31,3.77,PMID:29625053,DOI:10.1016/j.cell.2018.02.060,Table S1,Ensembl release 92,https://github.com/openvax/gene-lists,d0a2f0bcbc59e612fde6108df6cb28d469e0f90e,dbfb76d906e218dab2d94e90dd51f8db41dbccf6c82da11311baa418ea738fdf
bailey2018-s1-0246,FBXW7,,ENSG00000109670,source_cancer_code,UCS,FBXW7_UCS,oncogene,official,38.18,3.77,PMID:29625053,DOI:10.1016/j.cell.2018.02.060,Table S1,Ensembl release 92,https://github.com/openvax/gene-lists,d0a2f0bcbc59e612fde6108df6cb28d469e0f90e,dbfb76d906e218dab2d94e90dd51f8db41dbccf6c82da11311baa418ea738fdf
bailey2018-s1-0247,FBXW7,,ENSG00000109670,source_cancer_code,HNSC,FBXW7_HNSC,possible tsg,official,7.57,3.77,PMID:29625053,DOI:10.1016/j.cell.2018.02.060,Table S1,Ensembl release 92,https://github.com/openvax/gene-lists,d0a2f0bcbc59e612fde6108df6cb28d469e0f90e,dbfb76d906e218dab2d94e90dd51f8db41dbccf6c82da11311baa418ea738fdf
bailey2018-s1-0248,FGFR1,,ENSG00000077782,pan_cancer,PANCAN,FGFR1_PANCAN,,rescued,,1.15,PMID:29625053,DOI:10.1016/j.cell.2018.02.060,Table S1,Ensembl release 92,https://github.com/openvax/gene-lists,d0a2f0bcbc59e612fde6108df6cb28d469e0f90e,dbfb76d906e218dab2d94e90dd51f8db41dbccf6c82da11311baa418ea738fdf
bailey2018-s1-0249,FGFR2,,ENSG00000066468,source_cancer_code,LUSC,FGFR2_LUSC,oncogene,official,3.02,1.94,PMID:29625053,DOI:10.1016/j.cell.2018.02.060,Table S1,Ensembl release 92,https://github.com/openvax/gene-lists,d0a2f0bcbc59e612fde6108df6cb28d469e0f90e,dbfb76d906e218dab2d94e90dd51f8db41dbccf6c82da11311baa418ea738fdf
bailey2018-s1-0250,FGFR2,,ENSG00000066468,pan_cancer,PANCAN,FGFR2_PANCAN,oncogene,official,,1.94,PMID:29625053,DOI:10.1016/j.cell.2018.02.060,Table S1,Ensembl release 92,https://github.com/openvax/gene-lists,d0a2f0bcbc59e612fde6108df6cb28d469e0f90e,dbfb76d906e218dab2d94e90dd51f8db41dbccf6c82da11311baa418ea738fdf
bailey2018-s1-0251,FGFR2,,ENSG00000066468,source_cancer_code,UCEC,FGFR2_UCEC,oncogene,official,12.12,1.94,PMID:29625053,DOI:10.1016/j.cell.2018.02.060,Table S1,Ensembl release 92,https://github.com/openvax/gene-lists,d0a2f0bcbc59e612fde6108df6cb28d469e0f90e,dbfb76d906e218dab2d94e90dd51f8db41dbccf6c82da11311baa418ea738fdf
bailey2018-s1-0252,FGFR3,,ENSG00000068078,pan_cancer,PANCAN,FGFR3_PANCAN,oncogene,official,,1.53,PMID:29625053,DOI:10.1016/j.cell.2018.02.060,Table S1,Ensembl release 92,https://github.com/openvax/gene-lists,d0a2f0bcbc59e612fde6108df6cb28d469e0f90e,dbfb76d906e218dab2d94e90dd51f8db41dbccf6c82da11311baa418ea738fdf
bailey2018-s1-0253,FGFR3,,ENSG00000068078,source_cancer_code,HNSC,FGFR3_HNSC,oncogene,official,1.79,1.53,PMID:29625053,DOI:10.1016/j.cell.2018.02.060,Table S1,Ensembl release 92,https://github.com/openvax/gene-lists,d0a2f0bcbc59e612fde6108df6cb28d469e0f90e,dbfb76d906e218dab2d94e90dd51f8db41dbccf6c82da11311baa418ea738fdf
bailey2018-s1-0254,FGFR3,,ENSG00000068078,source_cancer_code,BLCA,FGFR3_BLCA,oncogene,official,15.28,1.53,PMID:29625053,DOI:10.1016/j.cell.2018.02.060,Table S1,Ensembl release 92,https://github.com/openvax/gene-lists,d0a2f0bcbc59e612fde6108df6cb28d469e0f90e,dbfb76d906e218dab2d94e90dd51f8db41dbccf6c82da11311baa418ea738fdf
bailey2018-s1-0255,FLNA,,ENSG00000196924,source_cancer_code,HNSC,FLNA_HNSC,tsg,official,3.59,3.24,PMID:29625053,DOI:10.1016/j.cell.2018.02.060,Table S1,Ensembl release 92,https://github.com/openvax/gene-lists,d0a2f0bcbc59e612fde6108df6cb28d469e0f90e,dbfb76d906e218dab2d94e90dd51f8db41dbccf6c82da11311baa418ea738fdf
bailey2018-s1-0256,FLT3,,ENSG00000122025,source_cancer_code,LAML,FLT3_LAML,oncogene,official,5.04,1.76,PMID:29625053,DOI:10.1016/j.cell.2018.02.060,Table S1,Ensembl release 92,https://github.com/openvax/gene-lists,d0a2f0bcbc59e612fde6108df6cb28d469e0f90e,dbfb76d906e218dab2d94e90dd51f8db41dbccf6c82da11311baa418ea738fdf
bailey2018-s1-0257,FOXA1,,ENSG00000129514,source_cancer_code,BLCA,FOXA1_BLCA,possible tsg,official,3.89,1.34,PMID:29625053,DOI:10.1016/j.cell.2018.02.060,Table S1,Ensembl release 92,https://github.com/openvax/gene-lists,d0a2f0bcbc59e612fde6108df6cb28d469e0f90e,dbfb76d906e218dab2d94e90dd51f8db41dbccf6c82da11311baa418ea738fdf
bailey2018-s1-0258,FOXA1,,ENSG00000129514,pan_cancer,PANCAN,FOXA1_PANCAN,possible oncogene,official,,1.34,PMID:29625053,DOI:10.1016/j.cell.2018.02.060,Table S1,Ensembl release 92,https://github.com/openvax/gene-lists,d0a2f0bcbc59e612fde6108df6cb28d469e0f90e,dbfb76d906e218dab2d94e90dd51f8db41dbccf6c82da11311baa418ea738fdf
bailey2018-s1-0259,FOXA1,,ENSG00000129514,source_cancer_code,PRAD,FOXA1_PRAD,possible oncogene,official,6.50,1.34,PMID:29625053,DOI:10.1016/j.cell.2018.02.060,Table S1,Ensembl release 92,https://github.com/openvax/gene-lists,d0a2f0bcbc59e612fde6108df6cb28d469e0f90e,dbfb76d906e218dab2d94e90dd51f8db41dbccf6c82da11311baa418ea738fdf
bailey2018-s1-0260,FOXA1,,ENSG00000129514,source_cancer_code,BRCA,FOXA1_BRCA,oncogene,official,3.47,1.34,PMID:29625053,DOI:10.1016/j.cell.2018.02.060,Table S1,Ensembl release 92,https://github.com/openvax/gene-lists,d0a2f0bcbc59e612fde6108df6cb28d469e0f90e,dbfb76d906e218dab2d94e90dd51f8db41dbccf6c82da11311baa418ea738fdf
bailey2018-s1-0261,FOXA2,,ENSG00000125798,source_cancer_code,UCEC,FOXA2_UCEC,possible tsg,official,5.56,0.93,PMID:29625053,DOI:10.1016/j.cell.2018.02.060,Table S1,Ensembl release 92,https://github.com/openvax/gene-lists,d0a2f0bcbc59e612fde6108df6cb28d469e0f90e,dbfb76d906e218dab2d94e90dd51f8db41dbccf6c82da11311baa418ea738fdf
bailey2018-s1-0262,FOXA2,,ENSG00000125798,pan_cancer,PANCAN,FOXA2_PANCAN,possible tsg,official,,0.93,PMID:29625053,DOI:10.1016/j.cell.2018.02.060,Table S1,Ensembl release 92,https://github.com/openvax/gene-lists,d0a2f0bcbc59e612fde6108df6cb28d469e0f90e,dbfb76d906e218dab2d94e90dd51f8db41dbccf6c82da11311baa418ea738fdf
bailey2018-s1-0263,FOXQ1,,ENSG00000164379,source_cancer_code,BLCA,FOXQ1_BLCA,possible tsg,official,3.89,0.53,PMID:29625053,DOI:10.1016/j.cell.2018.02.060,Table S1,Ensembl release 92,https://github.com/openvax/gene-lists,d0a2f0bcbc59e612fde6108df6cb28d469e0f90e,dbfb76d906e218dab2d94e90dd51f8db41dbccf6c82da11311baa418ea738fdf
bailey2018-s1-0264,FUBP1,,ENSG00000162613,pan_cancer,PANCAN,FUBP1_PANCAN,tsg,official,,1.33,PMID:29625053,DOI:10.1016/j.cell.2018.02.060,Table S1,Ensembl release 92,https://github.com/openvax/gene-lists,d0a2f0bcbc59e612fde6108df6cb28d469e0f90e,dbfb76d906e218dab2d94e90dd51f8db41dbccf6c82da11311baa418ea738fdf
bailey2018-s1-0265,FUBP1,,ENSG00000162613,source_cancer_code,LGG,FUBP1_LGG,possible tsg,official,9.22,1.33,PMID:29625053,DOI:10.1016/j.cell.2018.02.060,Table S1,Ensembl release 92,https://github.com/openvax/gene-lists,d0a2f0bcbc59e612fde6108df6cb28d469e0f90e,dbfb76d906e218dab2d94e90dd51f8db41dbccf6c82da11311baa418ea738fdf
bailey2018-s1-0266,GABRA6,,ENSG00000145863,source_cancer_code,GBM,GABRA6_GBM,,official,4.50,1.96,PMID:29625053,DOI:10.1016/j.cell.2018.02.060,Table S1,Ensembl release 92,https://github.com/openvax/gene-lists,d0a2f0bcbc59e612fde6108df6cb28d469e0f90e,dbfb76d906e218dab2d94e90dd51f8db41dbccf6c82da11311baa418ea738fdf
bailey2018-s1-0267,GATA3,,ENSG00000107485,pan_cancer,PANCAN,GATA3_PANCAN,possible tsg,official,,2.40,PMID:29625053,DOI:10.1016/j.cell.2018.02.060,Table S1,Ensembl release 92,https://github.com/openvax/gene-lists,d0a2f0bcbc59e612fde6108df6cb28d469e0f90e,dbfb76d906e218dab2d94e90dd51f8db41dbccf6c82da11311baa418ea738fdf
bailey2018-s1-0268,GATA3,,ENSG00000107485,source_cancer_code,BRCA,GATA3_BRCA,possible tsg,official,12.58,2.40,PMID:29625053,DOI:10.1016/j.cell.2018.02.060,Table S1,Ensembl release 92,https://github.com/openvax/gene-lists,d0a2f0bcbc59e612fde6108df6cb28d469e0f90e,dbfb76d906e218dab2d94e90dd51f8db41dbccf6c82da11311baa418ea738fdf
bailey2018-s1-0269,GNA11,,ENSG00000088256,source_cancer_code,SKCM,GNA11_SKCM,oncogene,official,1.90,0.78,PMID:29625053,DOI:10.1016/j.cell.2018.02.060,Table S1,Ensembl release 92,https://github.com/openvax/gene-lists,d0a2f0bcbc59e612fde6108df6cb28d469e0f90e,dbfb76d906e218dab2d94e90dd51f8db41dbccf6c82da11311baa418ea738fdf
bailey2018-s1-0270,GNA11,,ENSG00000088256,pan_cancer,PANCAN,GNA11_PANCAN,oncogene,official,,0.78,PMID:29625053,DOI:10.1016/j.cell.2018.02.060,Table S1,Ensembl release 92,https://github.com/openvax/gene-lists,d0a2f0bcbc59e612fde6108df6cb28d469e0f90e,dbfb76d906e218dab2d94e90dd51f8db41dbccf6c82da11311baa418ea738fdf
bailey2018-s1-0271,GNA11,,ENSG00000088256,source_cancer_code,UVM,GNA11_UVM,oncogene,official,45.00,0.78,PMID:29625053,DOI:10.1016/j.cell.2018.02.060,Table S1,Ensembl release 92,https://github.com/openvax/gene-lists,d0a2f0bcbc59e612fde6108df6cb28d469e0f90e,dbfb76d906e218dab2d94e90dd51f8db41dbccf6c82da11311baa418ea738fdf
bailey2018-s1-0272,GNA13,,ENSG00000120063,source_cancer_code,BLCA,GNA13_BLCA,oncogene,official,3.37,0.59,PMID:29625053,DOI:10.1016/j.cell.2018.02.060,Table S1,Ensembl release 92,https://github.com/openvax/gene-lists,d0a2f0bcbc59e612fde6108df6cb28d469e0f90e,dbfb76d906e218dab2d94e90dd51f8db41dbccf6c82da11311baa418ea738fdf
bailey2018-s1-0273,GNAQ,,ENSG00000156052,pan_cancer,PANCAN,GNAQ_PANCAN,oncogene,official,,0.91,PMID:29625053,DOI:10.1016/j.cell.2018.02.060,Table S1,Ensembl release 92,https://github.com/openvax/gene-lists,d0a2f0bcbc59e612fde6108df6cb28d469e0f90e,dbfb76d906e218dab2d94e90dd51f8db41dbccf6c82da11311baa418ea738fdf
bailey2018-s1-0274,GNAQ,,ENSG00000156052,source_cancer_code,UVM,GNAQ_UVM,oncogene,official,50.00,0.91,PMID:29625053,DOI:10.1016/j.cell.2018.02.060,Table S1,Ensembl release 92,https://github.com/openvax/gene-lists,d0a2f0bcbc59e612fde6108df6cb28d469e0f90e,dbfb76d906e218dab2d94e90dd51f8db41dbccf6c82da11311baa418ea738fdf
bailey2018-s1-0275,GNAS,,ENSG00000087460,source_cancer_code,COADREAD,GNAS_COADREAD,oncogene,official,3.48,2.00,PMID:29625053,DOI:10.1016/j.cell.2018.02.060,Table S1,Ensembl release 92,https://github.com/openvax/gene-lists,d0a2f0bcbc59e612fde6108df6cb28d469e0f90e,dbfb76d906e218dab2d94e90dd51f8db41dbccf6c82da11311baa418ea738fdf
bailey2018-s1-0276,GNAS,,ENSG00000087460,source_cancer_code,LIHC,GNAS_LIHC,oncogene,official,2.82,2.00,PMID:29625053,DOI:10.1016/j.cell.2018.02.060,Table S1,Ensembl release 92,https://github.com/openvax/gene-lists,d0a2f0bcbc59e612fde6108df6cb28d469e0f90e,dbfb76d906e218dab2d94e90dd51f8db41dbccf6c82da11311baa418ea738fdf
bailey2018-s1-0277,GNAS,,ENSG00000087460,source_cancer_code,PAAD,GNAS_PAAD,oncogene,official,3.87,2.00,PMID:29625053,DOI:10.1016/j.cell.2018.02.060,Table S1,Ensembl release 92,https://github.com/openvax/gene-lists,d0a2f0bcbc59e612fde6108df6cb28d469e0f90e,dbfb76d906e218dab2d94e90dd51f8db41dbccf6c82da11311baa418ea738fdf
bailey2018-s1-0278,GPS2,,ENSG00000132522,source_cancer_code,BRCA,GPS2_BRCA,possible tsg,official,1.03,0.51,PMID:29625053,DOI:10.1016/j.cell.2018.02.060,Table S1,Ensembl release 92,https://github.com/openvax/gene-lists,d0a2f0bcbc59e612fde6108df6cb28d469e0f90e,dbfb76d906e218dab2d94e90dd51f8db41dbccf6c82da11311baa418ea738fdf
bailey2018-s1-0279,GPS2,,ENSG00000132522,pan_cancer,PANCAN,GPS2_PANCAN,tsg,official,,0.51,PMID:29625053,DOI:10.1016/j.cell.2018.02.060,Table S1,Ensembl release 92,https://github.com/openvax/gene-lists,d0a2f0bcbc59e612fde6108df6cb28d469e0f90e,dbfb76d906e218dab2d94e90dd51f8db41dbccf6c82da11311baa418ea738fdf
bailey2018-s1-0280,GRIN2D,,ENSG00000105464,pan_cancer,PANCAN,GRIN2D_PANCAN,possible oncogene,official,,1.18,PMID:29625053,DOI:10.1016/j.cell.2018.02.060,Table S1,Ensembl release 92,https://github.com/openvax/gene-lists,d0a2f0bcbc59e612fde6108df6cb28d469e0f90e,dbfb76d906e218dab2d94e90dd51f8db41dbccf6c82da11311baa418ea738fdf
bailey2018-s1-0281,GTF2I,,ENSG00000263001,pan_cancer,PANCAN,GTF2I_PANCAN,oncogene,official,,1.45,PMID:29625053,DOI:10.1016/j.cell.2018.02.060,Table S1,Ensembl release 92,https://github.com/openvax/gene-lists,d0a2f0bcbc59e612fde6108df6cb28d469e0f90e,dbfb76d906e218dab2d94e90dd51f8db41dbccf6c82da11311baa418ea738fdf
bailey2018-s1-0282,GTF2I,,ENSG00000263001,source_cancer_code,THYM,GTF2I_THYM,oncogene,official,49.59,1.45,PMID:29625053,DOI:10.1016/j.cell.2018.02.060,Table S1,Ensembl release 92,https://github.com/openvax/gene-lists,d0a2f0bcbc59e612fde6108df6cb28d469e0f90e,dbfb76d906e218dab2d94e90dd51f8db41dbccf6c82da11311baa418ea738fdf
bailey2018-s1-0283,H3F3A,H3-3A,ENSG00000163041,pan_cancer,PANCAN,H3F3A_PANCAN,possible oncogene,official,,0.34,PMID:29625053,DOI:10.1016/j.cell.2018.02.060,Table S1,Ensembl release 92,https://github.com/openvax/gene-lists,d0a2f0bcbc59e612fde6108df6cb28d469e0f90e,dbfb76d906e218dab2d94e90dd51f8db41dbccf6c82da11311baa418ea738fdf
bailey2018-s1-0284,H3F3C,H3-5,ENSG00000188375,pan_cancer,PANCAN,H3F3C_PANCAN,,official,,0.70,PMID:29625053,DOI:10.1016/j.cell.2018.02.060,Table S1,Ensembl release 92,https://github.com/openvax/gene-lists,d0a2f0bcbc59e612fde6108df6cb28d469e0f90e,dbfb76d906e218dab2d94e90dd51f8db41dbccf6c82da11311baa418ea738fdf
bailey2018-s1-0285,HGF,,ENSG00000019991,pan_cancer,PANCAN,HGF_PANCAN,,rescued,,2.31,PMID:29625053,DOI:10.1016/j.cell.2018.02.060,Table S1,Ensembl release 92,https://github.com/openvax/gene-lists,d0a2f0bcbc59e612fde6108df6cb28d469e0f90e,dbfb76d906e218dab2d94e90dd51f8db41dbccf6c82da11311baa418ea738fdf
bailey2018-s1-0286,HIST1H1C,H1-2,ENSG00000187837,pan_cancer,PANCAN,HIST1H1C_PANCAN,,rescued,,1.13,PMID:29625053,DOI:10.1016/j.cell.2018.02.060,Table S1,Ensembl release 92,https://github.com/openvax/gene-lists,d0a2f0bcbc59e612fde6108df6cb28d469e0f90e,dbfb76d906e218dab2d94e90dd51f8db41dbccf6c82da11311baa418ea738fdf
bailey2018-s1-0287,HIST1H1E,H1-4,ENSG00000168298,source_cancer_code,DLBC,HIST1H1E_DLBC,possible oncogene,official,27.03,1.08,PMID:29625053,DOI:10.1016/j.cell.2018.02.060,Table S1,Ensembl release 92,https://github.com/openvax/gene-lists,d0a2f0bcbc59e612fde6108df6cb28d469e0f90e,dbfb76d906e218dab2d94e90dd51f8db41dbccf6c82da11311baa418ea738fdf
bailey2018-s1-0288,HIST1H1E,H1-4,ENSG00000168298,source_cancer_code,LIHC,HIST1H1E_LIHC,possible tsg,official,1.41,1.08,PMID:29625053,DOI:10.1016/j.cell.2018.02.060,Table S1,Ensembl release 92,https://github.com/openvax/gene-lists,d0a2f0bcbc59e612fde6108df6cb28d469e0f90e,dbfb76d906e218dab2d94e90dd51f8db41dbccf6c82da11311baa418ea738fdf
bailey2018-s1-0289,HLA-A,,ENSG00000206503,source_cancer_code,LUSC,HLA-A_LUSC,possible tsg,official,1.29,0.70,PMID:29625053,DOI:10.1016/j.cell.2018.02.060,Table S1,Ensembl release 92,https://github.com/openvax/gene-lists,d0a2f0bcbc59e612fde6108df6cb28d469e0f90e,dbfb76d906e218dab2d94e90dd51f8db41dbccf6c82da11311baa418ea738fdf
bailey2018-s1-0290,HLA-A,,ENSG00000206503,source_cancer_code,HNSC,HLA-A_HNSC,possible tsg,official,4.38,0.70,PMID:29625053,DOI:10.1016/j.cell.2018.02.060,Table S1,Ensembl release 92,https://github.com/openvax/gene-lists,d0a2f0bcbc59e612fde6108df6cb28d469e0f90e,dbfb76d906e218dab2d94e90dd51f8db41dbccf6c82da11311baa418ea738fdf
bailey2018-s1-0291,HLA-A,,ENSG00000206503,pan_cancer,PANCAN,HLA-A_PANCAN,tsg,official,,0.70,PMID:29625053,DOI:10.1016/j.cell.2018.02.060,Table S1,Ensembl release 92,https://github.com/openvax/gene-lists,d0a2f0bcbc59e612fde6108df6cb28d469e0f90e,dbfb76d906e218dab2d94e90dd51f8db41dbccf6c82da11311baa418ea738fdf
bailey2018-s1-0292,HLA-B,,ENSG00000234745,source_cancer_code,DLBC,HLA-B_DLBC,tsg,official,10.81,0.91,PMID:29625053,DOI:10.1016/j.cell.2018.02.060,Table S1,Ensembl release 92,https://github.com/openvax/gene-lists,d0a2f0bcbc59e612fde6108df6cb28d469e0f90e,dbfb76d906e218dab2d94e90dd51f8db41dbccf6c82da11311baa418ea738fdf
bailey2018-s1-0293,HLA-B,,ENSG00000234745,source_cancer_code,HNSC,HLA-B_HNSC,tsg,official,3.98,0.91,PMID:29625053,DOI:10.1016/j.cell.2018.02.060,Table S1,Ensembl release 92,https://github.com/openvax/gene-lists,d0a2f0bcbc59e612fde6108df6cb28d469e0f90e,dbfb76d906e218dab2d94e90dd51f8db41dbccf6c82da11311baa418ea738fdf
bailey2018-s1-0294,HLA-B,,ENSG00000234745,pan_cancer,PANCAN,HLA-B_PANCAN,tsg,official,,0.91,PMID:29625053,DOI:10.1016/j.cell.2018.02.060,Table S1,Ensembl release 92,https://github.com/openvax/gene-lists,d0a2f0bcbc59e612fde6108df6cb28d469e0f90e,dbfb76d906e218dab2d94e90dd51f8db41dbccf6c82da11311baa418ea738fdf
bailey2018-s1-0295,HLA-B,,ENSG00000234745,source_cancer_code,CESC,HLA-B_CESC,tsg,official,3.65,0.91,PMID:29625053,DOI:10.1016/j.cell.2018.02.060,Table S1,Ensembl release 92,https://github.com/openvax/gene-lists,d0a2f0bcbc59e612fde6108df6cb28d469e0f90e,dbfb76d906e218dab2d94e90dd51f8db41dbccf6c82da11311baa418ea738fdf
bailey2018-s1-0296,HRAS,,ENSG00000174775,source_cancer_code,SKCM,HRAS_SKCM,oncogene,official,1.66,1.45,PMID:29625053,DOI:10.1016/j.cell.2018.02.060,Table S1,Ensembl release 92,https://github.com/openvax/gene-lists,d0a2f0bcbc59e612fde6108df6cb28d469e0f90e,dbfb76d906e218dab2d94e90dd51f8db41dbccf6c82da11311baa418ea738fdf
bailey2018-s1-0297,HRAS,,ENSG00000174775,source_cancer_code,LUSC,HRAS_LUSC,oncogene,official,1.72,1.45,PMID:29625053,DOI:10.1016/j.cell.2018.02.060,Table S1,Ensembl release 92,https://github.com/openvax/gene-lists,d0a2f0bcbc59e612fde6108df6cb28d469e0f90e,dbfb76d906e218dab2d94e90dd51f8db41dbccf6c82da11311baa418ea738fdf
bailey2018-s1-0298,HRAS,,ENSG00000174775,source_cancer_code,PRAD,HRAS_PRAD,oncogene,official,0.84,1.45,PMID:29625053,DOI:10.1016/j.cell.2018.02.060,Table S1,Ensembl release 92,https://github.com/openvax/gene-lists,d0a2f0bcbc59e612fde6108df6cb28d469e0f90e,dbfb76d906e218dab2d94e90dd51f8db41dbccf6c82da11311baa418ea738fdf
bailey2018-s1-0299,HRAS,,ENSG00000174775,source_cancer_code,BLCA,HRAS_BLCA,oncogene,official,4.92,1.45,PMID:29625053,DOI:10.1016/j.cell.2018.02.060,Table S1,Ensembl release 92,https://github.com/openvax/gene-lists,d0a2f0bcbc59e612fde6108df6cb28d469e0f90e,dbfb76d906e218dab2d94e90dd51f8db41dbccf6c82da11311baa418ea738fdf
bailey2018-s1-0300,HRAS,,ENSG00000174775,source_cancer_code,HNSC,HRAS_HNSC,oncogene,official,6.37,1.45,PMID:29625053,DOI:10.1016/j.cell.2018.02.060,Table S1,Ensembl release 92,https://github.com/openvax/gene-lists,d0a2f0bcbc59e612fde6108df6cb28d469e0f90e,dbfb76d906e218dab2d94e90dd51f8db41dbccf6c82da11311baa418ea738fdf
bailey2018-s1-0301,HRAS,,ENSG00000174775,pan_cancer,PANCAN,HRAS_PANCAN,oncogene,official,,1.45,PMID:29625053,DOI:10.1016/j.cell.2018.02.060,Table S1,Ensembl release 92,https://github.com/openvax/gene-lists,d0a2f0bcbc59e612fde6108df6cb28d469e0f90e,dbfb76d906e218dab2d94e90dd51f8db41dbccf6c82da11311baa418ea738fdf
bailey2018-s1-0302,HRAS,,ENSG00000174775,source_cancer_code,THYM,HRAS_THYM,oncogene,official,8.26,1.45,PMID:29625053,DOI:10.1016/j.cell.2018.02.060,Table S1,Ensembl release 92,https://github.com/openvax/gene-lists,d0a2f0bcbc59e612fde6108df6cb28d469e0f90e,dbfb76d906e218dab2d94e90dd51f8db41dbccf6c82da11311baa418ea738fdf
bailey2018-s1-0303,HRAS,,ENSG00000174775,source_cancer_code,THCA,HRAS_THCA,oncogene,official,3.46,1.45,PMID:29625053,DOI:10.1016/j.cell.2018.02.060,Table S1,Ensembl release 92,https://github.com/openvax/gene-lists,d0a2f0bcbc59e612fde6108df6cb28d469e0f90e,dbfb76d906e218dab2d94e90dd51f8db41dbccf6c82da11311baa418ea738fdf
bailey2018-s1-0304,HRAS,,ENSG00000174775,source_cancer_code,PCPG,HRAS_PCPG,oncogene,official,10.06,1.45,PMID:29625053,DOI:10.1016/j.cell.2018.02.060,Table S1,Ensembl release 92,https://github.com/openvax/gene-lists,d0a2f0bcbc59e612fde6108df6cb28d469e0f90e,dbfb76d906e218dab2d94e90dd51f8db41dbccf6c82da11311baa418ea738fdf
bailey2018-s1-0305,HUWE1,,ENSG00000086758,source_cancer_code,HNSC,HUWE1_HNSC,possible tsg,official,10.16,4.88,PMID:29625053,DOI:10.1016/j.cell.2018.02.060,Table S1,Ensembl release 92,https://github.com/openvax/gene-lists,d0a2f0bcbc59e612fde6108df6cb28d469e0f90e,dbfb76d906e218dab2d94e90dd51f8db41dbccf6c82da11311baa418ea738fdf
bailey2018-s1-0306,IDH1,,ENSG00000138413,source_cancer_code,LIHC,IDH1_LIHC,oncogene,official,1.98,5.56,PMID:29625053,DOI:10.1016/j.cell.2018.02.060,Table S1,Ensembl release 92,https://github.com/openvax/gene-lists,d0a2f0bcbc59e612fde6108df6cb28d469e0f90e,dbfb76d906e218dab2d94e90dd51f8db41dbccf6c82da11311baa418ea738fdf
bailey2018-s1-0307,IDH1,,ENSG00000138413,source_cancer_code,PRAD,IDH1_PRAD,oncogene,official,0.84,5.56,PMID:29625053,DOI:10.1016/j.cell.2018.02.060,Table S1,Ensembl release 92,https://github.com/openvax/gene-lists,d0a2f0bcbc59e612fde6108df6cb28d469e0f90e,dbfb76d906e218dab2d94e90dd51f8db41dbccf6c82da11311baa418ea738fdf
bailey2018-s1-0308,IDH1,,ENSG00000138413,source_cancer_code,LAML,IDH1_LAML,oncogene,official,3.60,5.56,PMID:29625053,DOI:10.1016/j.cell.2018.02.060,Table S1,Ensembl release 92,https://github.com/openvax/gene-lists,d0a2f0bcbc59e612fde6108df6cb28d469e0f90e,dbfb76d906e218dab2d94e90dd51f8db41dbccf6c82da11311baa418ea738fdf
bailey2018-s1-0309,IDH1,,ENSG00000138413,source_cancer_code,CHOL,IDH1_CHOL,oncogene,official,14.71,5.56,PMID:29625053,DOI:10.1016/j.cell.2018.02.060,Table S1,Ensembl release 92,https://github.com/openvax/gene-lists,d0a2f0bcbc59e612fde6108df6cb28d469e0f90e,dbfb76d906e218dab2d94e90dd51f8db41dbccf6c82da11311baa418ea738fdf
bailey2018-s1-0310,IDH1,,ENSG00000138413,source_cancer_code,GBM,IDH1_GBM,oncogene,official,5.14,5.56,PMID:29625053,DOI:10.1016/j.cell.2018.02.060,Table S1,Ensembl release 92,https://github.com/openvax/gene-lists,d0a2f0bcbc59e612fde6108df6cb28d469e0f90e,dbfb76d906e218dab2d94e90dd51f8db41dbccf6c82da11311baa418ea738fdf
bailey2018-s1-0311,IDH1,,ENSG00000138413,source_cancer_code,SKCM,IDH1_SKCM,oncogene,official,5.69,5.56,PMID:29625053,DOI:10.1016/j.cell.2018.02.060,Table S1,Ensembl release 92,https://github.com/openvax/gene-lists,d0a2f0bcbc59e612fde6108df6cb28d469e0f90e,dbfb76d906e218dab2d94e90dd51f8db41dbccf6c82da11311baa418ea738fdf
bailey2018-s1-0312,IDH1,,ENSG00000138413,pan_cancer,PANCAN,IDH1_PANCAN,oncogene,official,,5.56,PMID:29625053,DOI:10.1016/j.cell.2018.02.060,Table S1,Ensembl release 92,https://github.com/openvax/gene-lists,d0a2f0bcbc59e612fde6108df6cb28d469e0f90e,dbfb76d906e218dab2d94e90dd51f8db41dbccf6c82da11311baa418ea738fdf
bailey2018-s1-0313,IDH1,,ENSG00000138413,source_cancer_code,LGG,IDH1_LGG,oncogene,official,77.84,5.56,PMID:29625053,DOI:10.1016/j.cell.2018.02.060,Table S1,Ensembl release 92,https://github.com/openvax/gene-lists,d0a2f0bcbc59e612fde6108df6cb28d469e0f90e,dbfb76d906e218dab2d94e90dd51f8db41dbccf6c82da11311baa418ea738fdf
bailey2018-s1-0314,IDH2,,ENSG00000182054,pan_cancer,PANCAN,IDH2_PANCAN,possible oncogene,official,,0.65,PMID:29625053,DOI:10.1016/j.cell.2018.02.060,Table S1,Ensembl release 92,https://github.com/openvax/gene-lists,d0a2f0bcbc59e612fde6108df6cb28d469e0f90e,dbfb76d906e218dab2d94e90dd51f8db41dbccf6c82da11311baa418ea738fdf
bailey2018-s1-0315,IDH2,,ENSG00000182054,source_cancer_code,LAML,IDH2_LAML,oncogene,official,5.76,0.65,PMID:29625053,DOI:10.1016/j.cell.2018.02.060,Table S1,Ensembl release 92,https://github.com/openvax/gene-lists,d0a2f0bcbc59e612fde6108df6cb28d469e0f90e,dbfb76d906e218dab2d94e90dd51f8db41dbccf6c82da11311baa418ea738fdf
bailey2018-s1-0316,IDH2,,ENSG00000182054,source_cancer_code,LGG,IDH2_LGG,oncogene,official,4.12,0.65,PMID:29625053,DOI:10.1016/j.cell.2018.02.060,Table S1,Ensembl release 92,https://github.com/openvax/gene-lists,d0a2f0bcbc59e612fde6108df6cb28d469e0f90e,dbfb76d906e218dab2d94e90dd51f8db41dbccf6c82da11311baa418ea738fdf
bailey2018-s1-0317,IL6ST,,ENSG00000134352,source_cancer_code,LIHC,IL6ST_LIHC,possible tsg,official,3.39,0.98,PMID:29625053,DOI:10.1016/j.cell.2018.02.060,Table S1,Ensembl release 92,https://github.com/openvax/gene-lists,d0a2f0bcbc59e612fde6108df6cb28d469e0f90e,dbfb76d906e218dab2d94e90dd51f8db41dbccf6c82da11311baa418ea738fdf
bailey2018-s1-0318,IL7R,,ENSG00000168685,pan_cancer,PANCAN,IL7R_PANCAN,,rescued,,1.91,PMID:29625053,DOI:10.1016/j.cell.2018.02.060,Table S1,Ensembl release 92,https://github.com/openvax/gene-lists,d0a2f0bcbc59e612fde6108df6cb28d469e0f90e,dbfb76d906e218dab2d94e90dd51f8db41dbccf6c82da11311baa418ea738fdf
bailey2018-s1-0319,INPPL1,,ENSG00000165458,pan_cancer,PANCAN,INPPL1_PANCAN,possible tsg,official,,1.87,PMID:29625053,DOI:10.1016/j.cell.2018.02.060,Table S1,Ensembl release 92,https://github.com/openvax/gene-lists,d0a2f0bcbc59e612fde6108df6cb28d469e0f90e,dbfb76d906e218dab2d94e90dd51f8db41dbccf6c82da11311baa418ea738fdf
bailey2018-s1-0320,INPPL1,,ENSG00000165458,source_cancer_code,UCEC,INPPL1_UCEC,possible tsg,official,10.35,1.87,PMID:29625053,DOI:10.1016/j.cell.2018.02.060,Table S1,Ensembl release 92,https://github.com/openvax/gene-lists,d0a2f0bcbc59e612fde6108df6cb28d469e0f90e,dbfb76d906e218dab2d94e90dd51f8db41dbccf6c82da11311baa418ea738fdf
bailey2018-s1-0321,IRF2,,ENSG00000168310,pan_cancer,PANCAN,IRF2_PANCAN,tsg,official,,0.82,PMID:29625053,DOI:10.1016/j.cell.2018.02.060,Table S1,Ensembl release 92,https://github.com/openvax/gene-lists,d0a2f0bcbc59e612fde6108df6cb28d469e0f90e,dbfb76d906e218dab2d94e90dd51f8db41dbccf6c82da11311baa418ea738fdf
bailey2018-s1-0322,IRF6,,ENSG00000117595,pan_cancer,PANCAN,IRF6_PANCAN,possible tsg,official,,0.77,PMID:29625053,DOI:10.1016/j.cell.2018.02.060,Table S1,Ensembl release 92,https://github.com/openvax/gene-lists,d0a2f0bcbc59e612fde6108df6cb28d469e0f90e,dbfb76d906e218dab2d94e90dd51f8db41dbccf6c82da11311baa418ea738fdf
bailey2018-s1-0323,JAK1,,ENSG00000162434,pan_cancer,PANCAN,JAK1_PANCAN,tsg,official,,1.37,PMID:29625053,DOI:10.1016/j.cell.2018.02.060,Table S1,Ensembl release 92,https://github.com/openvax/gene-lists,d0a2f0bcbc59e612fde6108df6cb28d469e0f90e,dbfb76d906e218dab2d94e90dd51f8db41dbccf6c82da11311baa418ea738fdf
bailey2018-s1-0324,JAK2,,ENSG00000096968,pan_cancer,PANCAN,JAK2_PANCAN,,rescued,,1.10,PMID:29625053,DOI:10.1016/j.cell.2018.02.060,Table S1,Ensembl release 92,https://github.com/openvax/gene-lists,d0a2f0bcbc59e612fde6108df6cb28d469e0f90e,dbfb76d906e218dab2d94e90dd51f8db41dbccf6c82da11311baa418ea738fdf
bailey2018-s1-0325,JAK3,,ENSG00000105639,pan_cancer,PANCAN,JAK3_PANCAN,,rescued,,1.54,PMID:29625053,DOI:10.1016/j.cell.2018.02.060,Table S1,Ensembl release 92,https://github.com/openvax/gene-lists,d0a2f0bcbc59e612fde6108df6cb28d469e0f90e,dbfb76d906e218dab2d94e90dd51f8db41dbccf6c82da11311baa418ea738fdf
bailey2018-s1-0326,KANSL1,,ENSG00000120071,source_cancer_code,BLCA,KANSL1_BLCA,tsg,official,5.18,1.81,PMID:29625053,DOI:10.1016/j.cell.2018.02.060,Table S1,Ensembl release 92,https://github.com/openvax/gene-lists,d0a2f0bcbc59e612fde6108df6cb28d469e0f90e,dbfb76d906e218dab2d94e90dd51f8db41dbccf6c82da11311baa418ea738fdf
bailey2018-s1-0327,KANSL1,,ENSG00000120071,source_cancer_code,UCEC,KANSL1_UCEC,tsg,official,9.34,1.81,PMID:29625053,DOI:10.1016/j.cell.2018.02.060,Table S1,Ensembl release 92,https://github.com/openvax/gene-lists,d0a2f0bcbc59e612fde6108df6cb28d469e0f90e,dbfb76d906e218dab2d94e90dd51f8db41dbccf6c82da11311baa418ea738fdf
bailey2018-s1-0328,KANSL1,,ENSG00000120071,pan_cancer,PANCAN,KANSL1_PANCAN,tsg,official,,1.81,PMID:29625053,DOI:10.1016/j.cell.2018.02.060,Table S1,Ensembl release 92,https://github.com/openvax/gene-lists,d0a2f0bcbc59e612fde6108df6cb28d469e0f90e,dbfb76d906e218dab2d94e90dd51f8db41dbccf6c82da11311baa418ea738fdf
bailey2018-s1-0329,KDM5C,,ENSG00000126012,pan_cancer,PANCAN,KDM5C_PANCAN,possible tsg,official,,1.54,PMID:29625053,DOI:10.1016/j.cell.2018.02.060,Table S1,Ensembl release 92,https://github.com/openvax/gene-lists,d0a2f0bcbc59e612fde6108df6cb28d469e0f90e,dbfb76d906e218dab2d94e90dd51f8db41dbccf6c82da11311baa418ea738fdf
bailey2018-s1-0330,KDM5C,,ENSG00000126012,source_cancer_code,KIRC,KDM5C_KIRC,tsg,official,5.43,1.54,PMID:29625053,DOI:10.1016/j.cell.2018.02.060,Table S1,Ensembl release 92,https://github.com/openvax/gene-lists,d0a2f0bcbc59e612fde6108df6cb28d469e0f90e,dbfb76d906e218dab2d94e90dd51f8db41dbccf6c82da11311baa418ea738fdf
bailey2018-s1-0331,KDM6A,,ENSG00000147050,source_cancer_code,HNSC,KDM6A_HNSC,tsg,official,3.78,2.94,PMID:29625053,DOI:10.1016/j.cell.2018.02.060,Table S1,Ensembl release 92,https://github.com/openvax/gene-lists,d0a2f0bcbc59e612fde6108df6cb28d469e0f90e,dbfb76d906e218dab2d94e90dd51f8db41dbccf6c82da11311baa418ea738fdf
bailey2018-s1-0332,KDM6A,,ENSG00000147050,source_cancer_code,PAAD,KDM6A_PAAD,tsg,official,4.52,2.94,PMID:29625053,DOI:10.1016/j.cell.2018.02.060,Table S1,Ensembl release 92,https://github.com/openvax/gene-lists,d0a2f0bcbc59e612fde6108df6cb28d469e0f90e,dbfb76d906e218dab2d94e90dd51f8db41dbccf6c82da11311baa418ea738fdf
bailey2018-s1-0333,KDM6A,,ENSG00000147050,source_cancer_code,PRAD,KDM6A_PRAD,possible tsg,official,2.31,2.94,PMID:29625053,DOI:10.1016/j.cell.2018.02.060,Table S1,Ensembl release 92,https://github.com/openvax/gene-lists,d0a2f0bcbc59e612fde6108df6cb28d469e0f90e,dbfb76d906e218dab2d94e90dd51f8db41dbccf6c82da11311baa418ea738fdf
bailey2018-s1-0334,KDM6A,,ENSG00000147050,source_cancer_code,LUSC,KDM6A_LUSC,tsg,official,5.17,2.94,PMID:29625053,DOI:10.1016/j.cell.2018.02.060,Table S1,Ensembl release 92,https://github.com/openvax/gene-lists,d0a2f0bcbc59e612fde6108df6cb28d469e0f90e,dbfb76d906e218dab2d94e90dd51f8db41dbccf6c82da11311baa418ea738fdf
bailey2018-s1-0335,KDM6A,,ENSG00000147050,source_cancer_code,BLCA,KDM6A_BLCA,tsg,official,26.42,2.94,PMID:29625053,DOI:10.1016/j.cell.2018.02.060,Table S1,Ensembl release 92,https://github.com/openvax/gene-lists,d0a2f0bcbc59e612fde6108df6cb28d469e0f90e,dbfb76d906e218dab2d94e90dd51f8db41dbccf6c82da11311baa418ea738fdf
bailey2018-s1-0336,KDM6A,,ENSG00000147050,source_cancer_code,KIRP,KDM6A_KIRP,tsg,official,3.27,2.94,PMID:29625053,DOI:10.1016/j.cell.2018.02.060,Table S1,Ensembl release 92,https://github.com/openvax/gene-lists,d0a2f0bcbc59e612fde6108df6cb28d469e0f90e,dbfb76d906e218dab2d94e90dd51f8db41dbccf6c82da11311baa418ea738fdf
bailey2018-s1-0337,KDM6A,,ENSG00000147050,pan_cancer,PANCAN,KDM6A_PANCAN,tsg,official,,2.94,PMID:29625053,DOI:10.1016/j.cell.2018.02.060,Table S1,Ensembl release 92,https://github.com/openvax/gene-lists,d0a2f0bcbc59e612fde6108df6cb28d469e0f90e,dbfb76d906e218dab2d94e90dd51f8db41dbccf6c82da11311baa418ea738fdf
bailey2018-s1-0338,KEAP1,,ENSG00000079999,source_cancer_code,LIHC,KEAP1_LIHC,possible tsg,official,5.08,2.43,PMID:29625053,DOI:10.1016/j.cell.2018.02.060,Table S1,Ensembl release 92,https://github.com/openvax/gene-lists,d0a2f0bcbc59e612fde6108df6cb28d469e0f90e,dbfb76d906e218dab2d94e90dd51f8db41dbccf6c82da11311baa418ea738fdf
bailey2018-s1-0339,KEAP1,,ENSG00000079999,source_cancer_code,HNSC,KEAP1_HNSC,possible oncogene,official,4.58,2.43,PMID:29625053,DOI:10.1016/j.cell.2018.02.060,Table S1,Ensembl release 92,https://github.com/openvax/gene-lists,d0a2f0bcbc59e612fde6108df6cb28d469e0f90e,dbfb76d906e218dab2d94e90dd51f8db41dbccf6c82da11311baa418ea738fdf
bailey2018-s1-0340,KEAP1,,ENSG00000079999,pan_cancer,PANCAN,KEAP1_PANCAN,possible tsg,official,,2.43,PMID:29625053,DOI:10.1016/j.cell.2018.02.060,Table S1,Ensembl release 92,https://github.com/openvax/gene-lists,d0a2f0bcbc59e612fde6108df6cb28d469e0f90e,dbfb76d906e218dab2d94e90dd51f8db41dbccf6c82da11311baa418ea738fdf
bailey2018-s1-0341,KEAP1,,ENSG00000079999,source_cancer_code,LUAD,KEAP1_LUAD,possible tsg,official,17.17,2.43,PMID:29625053,DOI:10.1016/j.cell.2018.02.060,Table S1,Ensembl release 92,https://github.com/openvax/gene-lists,d0a2f0bcbc59e612fde6108df6cb28d469e0f90e,dbfb76d906e218dab2d94e90dd51f8db41dbccf6c82da11311baa418ea738fdf
bailey2018-s1-0342,KEAP1,,ENSG00000079999,source_cancer_code,LUSC,KEAP1_LUSC,oncogene,official,10.99,2.43,PMID:29625053,DOI:10.1016/j.cell.2018.02.060,Table S1,Ensembl release 92,https://github.com/openvax/gene-lists,d0a2f0bcbc59e612fde6108df6cb28d469e0f90e,dbfb76d906e218dab2d94e90dd51f8db41dbccf6c82da11311baa418ea738fdf
bailey2018-s1-0343,KEL,,ENSG00000197993,source_cancer_code,GBM,KEL_GBM,,official,5.47,2.09,PMID:29625053,DOI:10.1016/j.cell.2018.02.060,Table S1,Ensembl release 92,https://github.com/openvax/gene-lists,d0a2f0bcbc59e612fde6108df6cb28d469e0f90e,dbfb76d906e218dab2d94e90dd51f8db41dbccf6c82da11311baa418ea738fdf
bailey2018-s1-0344,KIF1A,,ENSG00000130294,source_cancer_code,KIRC,KIF1A_KIRC,tsg,official,1.63,2.56,PMID:29625053,DOI:10.1016/j.cell.2018.02.060,Table S1,Ensembl release 92,https://github.com/openvax/gene-lists,d0a2f0bcbc59e612fde6108df6cb28d469e0f90e,dbfb76d906e218dab2d94e90dd51f8db41dbccf6c82da11311baa418ea738fdf
bailey2018-s1-0345,KIT,,ENSG00000157404,source_cancer_code,LAML,KIT_LAML,oncogene,official,2.16,2.09,PMID:29625053,DOI:10.1016/j.cell.2018.02.060,Table S1,Ensembl release 92,https://github.com/openvax/gene-lists,d0a2f0bcbc59e612fde6108df6cb28d469e0f90e,dbfb76d906e218dab2d94e90dd51f8db41dbccf6c82da11311baa418ea738fdf
bailey2018-s1-0346,KIT,,ENSG00000157404,pan_cancer,PANCAN,KIT_PANCAN,possible oncogene,official,,2.09,PMID:29625053,DOI:10.1016/j.cell.2018.02.060,Table S1,Ensembl release 92,https://github.com/openvax/gene-lists,d0a2f0bcbc59e612fde6108df6cb28d469e0f90e,dbfb76d906e218dab2d94e90dd51f8db41dbccf6c82da11311baa418ea738fdf
bailey2018-s1-0347,KIT,,ENSG00000157404,source_cancer_code,SKCM,KIT_SKCM,oncogene,official,4.27,2.09,PMID:29625053,DOI:10.1016/j.cell.2018.02.060,Table S1,Ensembl release 92,https://github.com/openvax/gene-lists,d0a2f0bcbc59e612fde6108df6cb28d469e0f90e,dbfb76d906e218dab2d94e90dd51f8db41dbccf6c82da11311baa418ea738fdf
bailey2018-s1-0348,KIT,,ENSG00000157404,source_cancer_code,TGCT,KIT_TGCT,oncogene,official,14.48,2.09,PMID:29625053,DOI:10.1016/j.cell.2018.02.060,Table S1,Ensembl release 92,https://github.com/openvax/gene-lists,d0a2f0bcbc59e612fde6108df6cb28d469e0f90e,dbfb76d906e218dab2d94e90dd51f8db41dbccf6c82da11311baa418ea738fdf
bailey2018-s1-0349,KLF5,,ENSG00000102554,pan_cancer,PANCAN,KLF5_PANCAN,possible oncogene,official,,0.97,PMID:29625053,DOI:10.1016/j.cell.2018.02.060,Table S1,Ensembl release 92,https://github.com/openvax/gene-lists,d0a2f0bcbc59e612fde6108df6cb28d469e0f90e,dbfb76d906e218dab2d94e90dd51f8db41dbccf6c82da11311baa418ea738fdf
bailey2018-s1-0350,KLF5,,ENSG00000102554,source_cancer_code,BLCA,KLF5_BLCA,possible oncogene,official,5.44,0.97,PMID:29625053,DOI:10.1016/j.cell.2018.02.060,Table S1,Ensembl release 92,https://github.com/openvax/gene-lists,d0a2f0bcbc59e612fde6108df6cb28d469e0f90e,dbfb76d906e218dab2d94e90dd51f8db41dbccf6c82da11311baa418ea738fdf
bailey2018-s1-0351,KLF5,,ENSG00000102554,source_cancer_code,LUSC,KLF5_LUSC,oncogene,official,2.59,0.97,PMID:29625053,DOI:10.1016/j.cell.2018.02.060,Table S1,Ensembl release 92,https://github.com/openvax/gene-lists,d0a2f0bcbc59e612fde6108df6cb28d469e0f90e,dbfb76d906e218dab2d94e90dd51f8db41dbccf6c82da11311baa418ea738fdf
bailey2018-s1-0352,KLF5,,ENSG00000102554,source_cancer_code,CESC,KLF5_CESC,possible oncogene,official,3.28,0.97,PMID:29625053,DOI:10.1016/j.cell.2018.02.060,Table S1,Ensembl release 92,https://github.com/openvax/gene-lists,d0a2f0bcbc59e612fde6108df6cb28d469e0f90e,dbfb76d906e218dab2d94e90dd51f8db41dbccf6c82da11311baa418ea738fdf
bailey2018-s1-0353,KMT2A,,ENSG00000118058,pan_cancer,PANCAN,KMT2A_PANCAN,tsg,official,,3.66,PMID:29625053,DOI:10.1016/j.cell.2018.02.060,Table S1,Ensembl release 92,https://github.com/openvax/gene-lists,d0a2f0bcbc59e612fde6108df6cb28d469e0f90e,dbfb76d906e218dab2d94e90dd51f8db41dbccf6c82da11311baa418ea738fdf
bailey2018-s1-0354,KMT2B,,ENSG00000272333,pan_cancer,PANCAN,KMT2B_PANCAN,tsg,official,,3.21,PMID:29625053,DOI:10.1016/j.cell.2018.02.060,Table S1,Ensembl release 92,https://github.com/openvax/gene-lists,d0a2f0bcbc59e612fde6108df6cb28d469e0f90e,dbfb76d906e218dab2d94e90dd51f8db41dbccf6c82da11311baa418ea738fdf
bailey2018-s1-0355,KMT2B,,ENSG00000272333,source_cancer_code,UCEC,KMT2B_UCEC,tsg,official,17.68,3.21,PMID:29625053,DOI:10.1016/j.cell.2018.02.060,Table S1,Ensembl release 92,https://github.com/openvax/gene-lists,d0a2f0bcbc59e612fde6108df6cb28d469e0f90e,dbfb76d906e218dab2d94e90dd51f8db41dbccf6c82da11311baa418ea738fdf
bailey2018-s1-0356,KMT2C,,ENSG00000055609,source_cancer_code,UCEC,KMT2C_UCEC,tsg,official,16.16,8.11,PMID:29625053,DOI:10.1016/j.cell.2018.02.060,Table S1,Ensembl release 92,https://github.com/openvax/gene-lists,d0a2f0bcbc59e612fde6108df6cb28d469e0f90e,dbfb76d906e218dab2d94e90dd51f8db41dbccf6c82da11311baa418ea738fdf
bailey2018-s1-0357,KMT2C,,ENSG00000055609,source_cancer_code,BLCA,KMT2C_BLCA,tsg,official,20.21,8.11,PMID:29625053,DOI:10.1016/j.cell.2018.02.060,Table S1,Ensembl release 92,https://github.com/openvax/gene-lists,d0a2f0bcbc59e612fde6108df6cb28d469e0f90e,dbfb76d906e218dab2d94e90dd51f8db41dbccf6c82da11311baa418ea738fdf
bailey2018-s1-0358,KMT2C,,ENSG00000055609,pan_cancer,PANCAN,KMT2C_PANCAN,tsg,official,,8.11,PMID:29625053,DOI:10.1016/j.cell.2018.02.060,Table S1,Ensembl release 92,https://github.com/openvax/gene-lists,d0a2f0bcbc59e612fde6108df6cb28d469e0f90e,dbfb76d906e218dab2d94e90dd51f8db41dbccf6c82da11311baa418ea738fdf
bailey2018-s1-0359,KMT2C,,ENSG00000055609,source_cancer_code,BRCA,KMT2C_BRCA,tsg,official,9.50,8.11,PMID:29625053,DOI:10.1016/j.cell.2018.02.060,Table S1,Ensembl release 92,https://github.com/openvax/gene-lists,d0a2f0bcbc59e612fde6108df6cb28d469e0f90e,dbfb76d906e218dab2d94e90dd51f8db41dbccf6c82da11311baa418ea738fdf
bailey2018-s1-0360,KMT2C,,ENSG00000055609,source_cancer_code,CESC,KMT2C_CESC,tsg,official,17.52,8.11,PMID:29625053,DOI:10.1016/j.cell.2018.02.060,Table S1,Ensembl release 92,https://github.com/openvax/gene-lists,d0a2f0bcbc59e612fde6108df6cb28d469e0f90e,dbfb76d906e218dab2d94e90dd51f8db41dbccf6c82da11311baa418ea738fdf
bailey2018-s1-0361,KMT2D,,ENSG00000167548,source_cancer_code,ESCA,KMT2D_ESCA,tsg,official,12.79,8.33,PMID:29625053,DOI:10.1016/j.cell.2018.02.060,Table S1,Ensembl release 92,https://github.com/openvax/gene-lists,d0a2f0bcbc59e612fde6108df6cb28d469e0f90e,dbfb76d906e218dab2d94e90dd51f8db41dbccf6c82da11311baa418ea738fdf
bailey2018-s1-0362,KMT2D,,ENSG00000167548,source_cancer_code,BLCA,KMT2D_BLCA,tsg,official,26.94,8.33,PMID:29625053,DOI:10.1016/j.cell.2018.02.060,Table S1,Ensembl release 92,https://github.com/openvax/gene-lists,d0a2f0bcbc59e612fde6108df6cb28d469e0f90e,dbfb76d906e218dab2d94e90dd51f8db41dbccf6c82da11311baa418ea738fdf
bailey2018-s1-0363,KMT2D,,ENSG00000167548,source_cancer_code,PRAD,KMT2D_PRAD,tsg,official,5.66,8.33,PMID:29625053,DOI:10.1016/j.cell.2018.02.060,Table S1,Ensembl release 92,https://github.com/openvax/gene-lists,d0a2f0bcbc59e612fde6108df6cb28d469e0f90e,dbfb76d906e218dab2d94e90dd51f8db41dbccf6c82da11311baa418ea738fdf
bailey2018-s1-0364,KMT2D,,ENSG00000167548,source_cancer_code,CESC,KMT2D_CESC,tsg,official,14.96,8.33,PMID:29625053,DOI:10.1016/j.cell.2018.02.060,Table S1,Ensembl release 92,https://github.com/openvax/gene-lists,d0a2f0bcbc59e612fde6108df6cb28d469e0f90e,dbfb76d906e218dab2d94e90dd51f8db41dbccf6c82da11311baa418ea738fdf
bailey2018-s1-0365,KMT2D,,ENSG00000167548,pan_cancer,PANCAN,KMT2D_PANCAN,tsg,official,,8.33,PMID:29625053,DOI:10.1016/j.cell.2018.02.060,Table S1,Ensembl release 92,https://github.com/openvax/gene-lists,d0a2f0bcbc59e612fde6108df6cb28d469e0f90e,dbfb76d906e218dab2d94e90dd51f8db41dbccf6c82da11311baa418ea738fdf
bailey2018-s1-0366,KMT2D,,ENSG00000167548,source_cancer_code,HNSC,KMT2D_HNSC,tsg,official,15.14,8.33,PMID:29625053,DOI:10.1016/j.cell.2018.02.060,Table S1,Ensembl release 92,https://github.com/openvax/gene-lists,d0a2f0bcbc59e612fde6108df6cb28d469e0f90e,dbfb76d906e218dab2d94e90dd51f8db41dbccf6c82da11311baa418ea738fdf
bailey2018-s1-0367,KMT2D,,ENSG00000167548,source_cancer_code,LUSC,KMT2D_LUSC,tsg,official,22.41,8.33,PMID:29625053,DOI:10.1016/j.cell.2018.02.060,Table S1,Ensembl release 92,https://github.com/openvax/gene-lists,d0a2f0bcbc59e612fde6108df6cb28d469e0f90e,dbfb76d906e218dab2d94e90dd51f8db41dbccf6c82da11311baa418ea738fdf
bailey2018-s1-0368,KMT2D,,ENSG00000167548,source_cancer_code,DLBC,KMT2D_DLBC,tsg,official,35.14,8.33,PMID:29625053,DOI:10.1016/j.cell.2018.02.060,Table S1,Ensembl release 92,https://github.com/openvax/gene-lists,d0a2f0bcbc59e612fde6108df6cb28d469e0f90e,dbfb76d906e218dab2d94e90dd51f8db41dbccf6c82da11311baa418ea738fdf
bailey2018-s1-0369,KRAS,,ENSG00000133703,source_cancer_code,SKCM,KRAS_SKCM,oncogene,official,2.13,6.95,PMID:29625053,DOI:10.1016/j.cell.2018.02.060,Table S1,Ensembl release 92,https://github.com/openvax/gene-lists,d0a2f0bcbc59e612fde6108df6cb28d469e0f90e,dbfb76d906e218dab2d94e90dd51f8db41dbccf6c82da11311baa418ea738fdf
bailey2018-s1-0370,KRAS,,ENSG00000133703,source_cancer_code,THCA,KRAS_THCA,oncogene,official,0.81,6.95,PMID:29625053,DOI:10.1016/j.cell.2018.02.060,Table S1,Ensembl release 92,https://github.com/openvax/gene-lists,d0a2f0bcbc59e612fde6108df6cb28d469e0f90e,dbfb76d906e218dab2d94e90dd51f8db41dbccf6c82da11311baa418ea738fdf
bailey2018-s1-0371,KRAS,,ENSG00000133703,source_cancer_code,BRCA,KRAS_BRCA,oncogene,official,0.90,6.95,PMID:29625053,DOI:10.1016/j.cell.2018.02.060,Table S1,Ensembl release 92,https://github.com/openvax/gene-lists,d0a2f0bcbc59e612fde6108df6cb28d469e0f90e,dbfb76d906e218dab2d94e90dd51f8db41dbccf6c82da11311baa418ea738fdf
bailey2018-s1-0372,KRAS,,ENSG00000133703,source_cancer_code,KIRP,KRAS_KIRP,oncogene,official,1.82,6.95,PMID:29625053,DOI:10.1016/j.cell.2018.02.060,Table S1,Ensembl release 92,https://github.com/openvax/gene-lists,d0a2f0bcbc59e612fde6108df6cb28d469e0f90e,dbfb76d906e218dab2d94e90dd51f8db41dbccf6c82da11311baa418ea738fdf
bailey2018-s1-0373,KRAS,,ENSG00000133703,source_cancer_code,LIHC,KRAS_LIHC,oncogene,official,1.69,6.95,PMID:29625053,DOI:10.1016/j.cell.2018.02.060,Table S1,Ensembl release 92,https://github.com/openvax/gene-lists,d0a2f0bcbc59e612fde6108df6cb28d469e0f90e,dbfb76d906e218dab2d94e90dd51f8db41dbccf6c82da11311baa418ea738fdf
bailey2018-s1-0374,KRAS,,ENSG00000133703,source_cancer_code,OV,KRAS_OV,oncogene,official,1.47,6.95,PMID:29625053,DOI:10.1016/j.cell.2018.02.060,Table S1,Ensembl release 92,https://github.com/openvax/gene-lists,d0a2f0bcbc59e612fde6108df6cb28d469e0f90e,dbfb76d906e218dab2d94e90dd51f8db41dbccf6c82da11311baa418ea738fdf
bailey2018-s1-0375,KRAS,,ENSG00000133703,source_cancer_code,STAD,KRAS_STAD,oncogene,official,7.00,6.95,PMID:29625053,DOI:10.1016/j.cell.2018.02.060,Table S1,Ensembl release 92,https://github.com/openvax/gene-lists,d0a2f0bcbc59e612fde6108df6cb28d469e0f90e,dbfb76d906e218dab2d94e90dd51f8db41dbccf6c82da11311baa418ea738fdf
bailey2018-s1-0376,KRAS,,ENSG00000133703,source_cancer_code,BLCA,KRAS_BLCA,oncogene,official,4.15,6.95,PMID:29625053,DOI:10.1016/j.cell.2018.02.060,Table S1,Ensembl release 92,https://github.com/openvax/gene-lists,d0a2f0bcbc59e612fde6108df6cb28d469e0f90e,dbfb76d906e218dab2d94e90dd51f8db41dbccf6c82da11311baa418ea738fdf
bailey2018-s1-0377,KRAS,,ENSG00000133703,source_cancer_code,CESC,KRAS_CESC,oncogene,official,6.20,6.95,PMID:29625053,DOI:10.1016/j.cell.2018.02.060,Table S1,Ensembl release 92,https://github.com/openvax/gene-lists,d0a2f0bcbc59e612fde6108df6cb28d469e0f90e,dbfb76d906e218dab2d94e90dd51f8db41dbccf6c82da11311baa418ea738fdf
bailey2018-s1-0378,KRAS,,ENSG00000133703,source_cancer_code,LAML,KRAS_LAML,oncogene,official,4.32,6.95,PMID:29625053,DOI:10.1016/j.cell.2018.02.060,Table S1,Ensembl release 92,https://github.com/openvax/gene-lists,d0a2f0bcbc59e612fde6108df6cb28d469e0f90e,dbfb76d906e218dab2d94e90dd51f8db41dbccf6c82da11311baa418ea738fdf
bailey2018-s1-0379,KRAS,,ENSG00000133703,source_cancer_code,TGCT,KRAS_TGCT,oncogene,official,8.28,6.95,PMID:29625053,DOI:10.1016/j.cell.2018.02.060,Table S1,Ensembl release 92,https://github.com/openvax/gene-lists,d0a2f0bcbc59e612fde6108df6cb28d469e0f90e,dbfb76d906e218dab2d94e90dd51f8db41dbccf6c82da11311baa418ea738fdf
bailey2018-s1-0380,KRAS,,ENSG00000133703,source_cancer_code,UCEC,KRAS_UCEC,oncogene,official,20.96,6.95,PMID:29625053,DOI:10.1016/j.cell.2018.02.060,Table S1,Ensembl release 92,https://github.com/openvax/gene-lists,d0a2f0bcbc59e612fde6108df6cb28d469e0f90e,dbfb76d906e218dab2d94e90dd51f8db41dbccf6c82da11311baa418ea738fdf
bailey2018-s1-0381,KRAS,,ENSG00000133703,source_cancer_code,UCS,KRAS_UCS,oncogene,official,12.73,6.95,PMID:29625053,DOI:10.1016/j.cell.2018.02.060,Table S1,Ensembl release 92,https://github.com/openvax/gene-lists,d0a2f0bcbc59e612fde6108df6cb28d469e0f90e,dbfb76d906e218dab2d94e90dd51f8db41dbccf6c82da11311baa418ea738fdf
bailey2018-s1-0382,KRAS,,ENSG00000133703,pan_cancer,PANCAN,KRAS_PANCAN,oncogene,official,,6.95,PMID:29625053,DOI:10.1016/j.cell.2018.02.060,Table S1,Ensembl release 92,https://github.com/openvax/gene-lists,d0a2f0bcbc59e612fde6108df6cb28d469e0f90e,dbfb76d906e218dab2d94e90dd51f8db41dbccf6c82da11311baa418ea738fdf
bailey2018-s1-0383,KRAS,,ENSG00000133703,source_cancer_code,COADREAD,KRAS_COADREAD,oncogene,official,47.78,6.95,PMID:29625053,DOI:10.1016/j.cell.2018.02.060,Table S1,Ensembl release 92,https://github.com/openvax/gene-lists,d0a2f0bcbc59e612fde6108df6cb28d469e0f90e,dbfb76d906e218dab2d94e90dd51f8db41dbccf6c82da11311baa418ea738fdf
bailey2018-s1-0384,KRAS,,ENSG00000133703,source_cancer_code,LUAD,KRAS_LUAD,oncogene,official,31.55,6.95,PMID:29625053,DOI:10.1016/j.cell.2018.02.060,Table S1,Ensembl release 92,https://github.com/openvax/gene-lists,d0a2f0bcbc59e612fde6108df6cb28d469e0f90e,dbfb76d906e218dab2d94e90dd51f8db41dbccf6c82da11311baa418ea738fdf
bailey2018-s1-0385,KRAS,,ENSG00000133703,source_cancer_code,PAAD,KRAS_PAAD,oncogene,official,73.55,6.95,PMID:29625053,DOI:10.1016/j.cell.2018.02.060,Table S1,Ensembl release 92,https://github.com/openvax/gene-lists,d0a2f0bcbc59e612fde6108df6cb28d469e0f90e,dbfb76d906e218dab2d94e90dd51f8db41dbccf6c82da11311baa418ea738fdf
bailey2018-s1-0386,KRT222,,ENSG00000213424,pan_cancer,PANCAN,KRT222_PANCAN,possible tsg,official,,0.34,PMID:29625053,DOI:10.1016/j.cell.2018.02.060,Table S1,Ensembl release 92,https://github.com/openvax/gene-lists,d0a2f0bcbc59e612fde6108df6cb28d469e0f90e,dbfb76d906e218dab2d94e90dd51f8db41dbccf6c82da11311baa418ea738fdf
bailey2018-s1-0387,LATS1,,ENSG00000131023,source_cancer_code,CESC,LATS1_CESC,tsg,official,3.65,1.45,PMID:29625053,DOI:10.1016/j.cell.2018.02.060,Table S1,Ensembl release 92,https://github.com/openvax/gene-lists,d0a2f0bcbc59e612fde6108df6cb28d469e0f90e,dbfb76d906e218dab2d94e90dd51f8db41dbccf6c82da11311baa418ea738fdf
bailey2018-s1-0388,LATS2,,ENSG00000150457,source_cancer_code,MESO,LATS2_MESO,tsg,official,9.88,1.31,PMID:29625053,DOI:10.1016/j.cell.2018.02.060,Table S1,Ensembl release 92,https://github.com/openvax/gene-lists,d0a2f0bcbc59e612fde6108df6cb28d469e0f90e,dbfb76d906e218dab2d94e90dd51f8db41dbccf6c82da11311baa418ea738fdf
bailey2018-s1-0389,LEMD2,,ENSG00000161904,pan_cancer,PANCAN,LEMD2_PANCAN,,official,,0.44,PMID:29625053,DOI:10.1016/j.cell.2018.02.060,Table S1,Ensembl release 92,https://github.com/openvax/gene-lists,d0a2f0bcbc59e612fde6108df6cb28d469e0f90e,dbfb76d906e218dab2d94e90dd51f8db41dbccf6c82da11311baa418ea738fdf
bailey2018-s1-0390,LZTR1,,ENSG00000099949,source_cancer_code,GBM,LZTR1_GBM,possible oncogene,official,3.54,1.49,PMID:29625053,DOI:10.1016/j.cell.2018.02.060,Table S1,Ensembl release 92,https://github.com/openvax/gene-lists,d0a2f0bcbc59e612fde6108df6cb28d469e0f90e,dbfb76d906e218dab2d94e90dd51f8db41dbccf6c82da11311baa418ea738fdf
bailey2018-s1-0391,LZTR1,,ENSG00000099949,source_cancer_code,LIHC,LZTR1_LIHC,possible tsg,official,3.95,1.49,PMID:29625053,DOI:10.1016/j.cell.2018.02.060,Table S1,Ensembl release 92,https://github.com/openvax/gene-lists,d0a2f0bcbc59e612fde6108df6cb28d469e0f90e,dbfb76d906e218dab2d94e90dd51f8db41dbccf6c82da11311baa418ea738fdf
bailey2018-s1-0392,MACF1,,ENSG00000127603,pan_cancer,PANCAN,MACF1_PANCAN,possible oncogene,rescued,,5.98,PMID:29625053,DOI:10.1016/j.cell.2018.02.060,Table S1,Ensembl release 92,https://github.com/openvax/gene-lists,d0a2f0bcbc59e612fde6108df6cb28d469e0f90e,dbfb76d906e218dab2d94e90dd51f8db41dbccf6c82da11311baa418ea738fdf
bailey2018-s1-0393,MAP2K1,,ENSG00000169032,pan_cancer,PANCAN,MAP2K1_PANCAN,oncogene,official,,0.88,PMID:29625053,DOI:10.1016/j.cell.2018.02.060,Table S1,Ensembl release 92,https://github.com/openvax/gene-lists,d0a2f0bcbc59e612fde6108df6cb28d469e0f90e,dbfb76d906e218dab2d94e90dd51f8db41dbccf6c82da11311baa418ea738fdf
bailey2018-s1-0394,MAP2K1,,ENSG00000169032,source_cancer_code,SKCM,MAP2K1_SKCM,oncogene,official,6.16,0.88,PMID:29625053,DOI:10.1016/j.cell.2018.02.060,Table S1,Ensembl release 92,https://github.com/openvax/gene-lists,d0a2f0bcbc59e612fde6108df6cb28d469e0f90e,dbfb76d906e218dab2d94e90dd51f8db41dbccf6c82da11311baa418ea738fdf
bailey2018-s1-0395,MAP2K4,,ENSG00000065559,pan_cancer,PANCAN,MAP2K4_PANCAN,tsg,official,,1.19,PMID:29625053,DOI:10.1016/j.cell.2018.02.060,Table S1,Ensembl release 92,https://github.com/openvax/gene-lists,d0a2f0bcbc59e612fde6108df6cb28d469e0f90e,dbfb76d906e218dab2d94e90dd51f8db41dbccf6c82da11311baa418ea738fdf
bailey2018-s1-0396,MAP2K4,,ENSG00000065559,source_cancer_code,BRCA,MAP2K4_BRCA,tsg,official,3.98,1.19,PMID:29625053,DOI:10.1016/j.cell.2018.02.060,Table S1,Ensembl release 92,https://github.com/openvax/gene-lists,d0a2f0bcbc59e612fde6108df6cb28d469e0f90e,dbfb76d906e218dab2d94e90dd51f8db41dbccf6c82da11311baa418ea738fdf
bailey2018-s1-0397,MAP3K1,,ENSG00000095015,source_cancer_code,CESC,MAP3K1_CESC,tsg,official,1.46,2.07,PMID:29625053,DOI:10.1016/j.cell.2018.02.060,Table S1,Ensembl release 92,https://github.com/openvax/gene-lists,d0a2f0bcbc59e612fde6108df6cb28d469e0f90e,dbfb76d906e218dab2d94e90dd51f8db41dbccf6c82da11311baa418ea738fdf
bailey2018-s1-0398,MAP3K1,,ENSG00000095015,pan_cancer,PANCAN,MAP3K1_PANCAN,tsg,official,,2.07,PMID:29625053,DOI:10.1016/j.cell.2018.02.060,Table S1,Ensembl release 92,https://github.com/openvax/gene-lists,d0a2f0bcbc59e612fde6108df6cb28d469e0f90e,dbfb76d906e218dab2d94e90dd51f8db41dbccf6c82da11311baa418ea738fdf
bailey2018-s1-0399,MAP3K1,,ENSG00000095015,source_cancer_code,UCEC,MAP3K1_UCEC,tsg,official,7.07,2.07,PMID:29625053,DOI:10.1016/j.cell.2018.02.060,Table S1,Ensembl release 92,https://github.com/openvax/gene-lists,d0a2f0bcbc59e612fde6108df6cb28d469e0f90e,dbfb76d906e218dab2d94e90dd51f8db41dbccf6c82da11311baa418ea738fdf
bailey2018-s1-0400,MAP3K1,,ENSG00000095015,source_cancer_code,BRCA,MAP3K1_BRCA,tsg,official,8.34,2.07,PMID:29625053,DOI:10.1016/j.cell.2018.02.060,Table S1,Ensembl release 92,https://github.com/openvax/gene-lists,d0a2f0bcbc59e612fde6108df6cb28d469e0f90e,dbfb76d906e218dab2d94e90dd51f8db41dbccf6c82da11311baa418ea738fdf
bailey2018-s1-0401,MAP3K4,,ENSG00000085511,source_cancer_code,UCS,MAP3K4_UCS,possible tsg,official,5.45,1.80,PMID:29625053,DOI:10.1016/j.cell.2018.02.060,Table S1,Ensembl release 92,https://github.com/openvax/gene-lists,d0a2f0bcbc59e612fde6108df6cb28d469e0f90e,dbfb76d906e218dab2d94e90dd51f8db41dbccf6c82da11311baa418ea738fdf
bailey2018-s1-0402,MAPK1,,ENSG00000100030,pan_cancer,PANCAN,MAPK1_PANCAN,oncogene,official,,0.68,PMID:29625053,DOI:10.1016/j.cell.2018.02.060,Table S1,Ensembl release 92,https://github.com/openvax/gene-lists,d0a2f0bcbc59e612fde6108df6cb28d469e0f90e,dbfb76d906e218dab2d94e90dd51f8db41dbccf6c82da11311baa418ea738fdf
bailey2018-s1-0403,MAPK1,,ENSG00000100030,source_cancer_code,HNSC,MAPK1_HNSC,oncogene,official,1.79,0.68,PMID:29625053,DOI:10.1016/j.cell.2018.02.060,Table S1,Ensembl release 92,https://github.com/openvax/gene-lists,d0a2f0bcbc59e612fde6108df6cb28d469e0f90e,dbfb76d906e218dab2d94e90dd51f8db41dbccf6c82da11311baa418ea738fdf
bailey2018-s1-0404,MAPK1,,ENSG00000100030,source_cancer_code,CESC,MAPK1_CESC,oncogene,official,4.74,0.68,PMID:29625053,DOI:10.1016/j.cell.2018.02.060,Table S1,Ensembl release 92,https://github.com/openvax/gene-lists,d0a2f0bcbc59e612fde6108df6cb28d469e0f90e,dbfb76d906e218dab2d94e90dd51f8db41dbccf6c82da11311baa418ea738fdf
bailey2018-s1-0405,MAX,,ENSG00000125952,source_cancer_code,UCEC,MAX_UCEC,oncogene,official,4.55,0.65,PMID:29625053,DOI:10.1016/j.cell.2018.02.060,Table S1,Ensembl release 92,https://github.com/openvax/gene-lists,d0a2f0bcbc59e612fde6108df6cb28d469e0f90e,dbfb76d906e218dab2d94e90dd51f8db41dbccf6c82da11311baa418ea738fdf
bailey2018-s1-0406,MAX,,ENSG00000125952,source_cancer_code,LGG,MAX_LGG,oncogene,official,0.78,0.65,PMID:29625053,DOI:10.1016/j.cell.2018.02.060,Table S1,Ensembl release 92,https://github.com/openvax/gene-lists,d0a2f0bcbc59e612fde6108df6cb28d469e0f90e,dbfb76d906e218dab2d94e90dd51f8db41dbccf6c82da11311baa418ea738fdf
bailey2018-s1-0407,MECOM,,ENSG00000085276,source_cancer_code,SKCM,MECOM_SKCM,possible oncogene,official,18.25,2.70,PMID:29625053,DOI:10.1016/j.cell.2018.02.060,Table S1,Ensembl release 92,https://github.com/openvax/gene-lists,d0a2f0bcbc59e612fde6108df6cb28d469e0f90e,dbfb76d906e218dab2d94e90dd51f8db41dbccf6c82da11311baa418ea738fdf
bailey2018-s1-0408,MED12,,ENSG00000184634,source_cancer_code,PRAD,MED12_PRAD,oncogene,official,1.47,3.21,PMID:29625053,DOI:10.1016/j.cell.2018.02.060,Table S1,Ensembl release 92,https://github.com/openvax/gene-lists,d0a2f0bcbc59e612fde6108df6cb28d469e0f90e,dbfb76d906e218dab2d94e90dd51f8db41dbccf6c82da11311baa418ea738fdf
bailey2018-s1-0409,MEN1,,ENSG00000133895,source_cancer_code,ACC,MEN1_ACC,tsg,official,7.78,0.82,PMID:29625053,DOI:10.1016/j.cell.2018.02.060,Table S1,Ensembl release 92,https://github.com/openvax/gene-lists,d0a2f0bcbc59e612fde6108df6cb28d469e0f90e,dbfb76d906e218dab2d94e90dd51f8db41dbccf6c82da11311baa418ea738fdf
bailey2018-s1-0410,MET,,ENSG00000105976,source_cancer_code,LUAD,MET_LUAD,possible tsg,official,4.41,1.93,PMID:29625053,DOI:10.1016/j.cell.2018.02.060,Table S1,Ensembl release 92,https://github.com/openvax/gene-lists,d0a2f0bcbc59e612fde6108df6cb28d469e0f90e,dbfb76d906e218dab2d94e90dd51f8db41dbccf6c82da11311baa418ea738fdf
bailey2018-s1-0411,MET,,ENSG00000105976,source_cancer_code,KIRP,MET_KIRP,oncogene,official,8.00,1.93,PMID:29625053,DOI:10.1016/j.cell.2018.02.060,Table S1,Ensembl release 92,https://github.com/openvax/gene-lists,d0a2f0bcbc59e612fde6108df6cb28d469e0f90e,dbfb76d906e218dab2d94e90dd51f8db41dbccf6c82da11311baa418ea738fdf
bailey2018-s1-0412,MGA,,ENSG00000174197,source_cancer_code,LUAD,MGA_LUAD,tsg,official,6.96,3.27,PMID:29625053,DOI:10.1016/j.cell.2018.02.060,Table S1,Ensembl release 92,https://github.com/openvax/gene-lists,d0a2f0bcbc59e612fde6108df6cb28d469e0f90e,dbfb76d906e218dab2d94e90dd51f8db41dbccf6c82da11311baa418ea738fdf
bailey2018-s1-0413,MGA,,ENSG00000174197,pan_cancer,PANCAN,MGA_PANCAN,tsg,official,,3.27,PMID:29625053,DOI:10.1016/j.cell.2018.02.060,Table S1,Ensembl release 92,https://github.com/openvax/gene-lists,d0a2f0bcbc59e612fde6108df6cb28d469e0f90e,dbfb76d906e218dab2d94e90dd51f8db41dbccf6c82da11311baa418ea738fdf
bailey2018-s1-0414,MGMT,,ENSG00000170430,pan_cancer,PANCAN,MGMT_PANCAN,,rescued,,0.29,PMID:29625053,DOI:10.1016/j.cell.2018.02.060,Table S1,Ensembl release 92,https://github.com/openvax/gene-lists,d0a2f0bcbc59e612fde6108df6cb28d469e0f90e,dbfb76d906e218dab2d94e90dd51f8db41dbccf6c82da11311baa418ea738fdf
bailey2018-s1-0415,MLH1,,ENSG00000076242,pan_cancer,PANCAN,MLH1_PANCAN,,rescued,,0.97,PMID:29625053,DOI:10.1016/j.cell.2018.02.060,Table S1,Ensembl release 92,https://github.com/openvax/gene-lists,d0a2f0bcbc59e612fde6108df6cb28d469e0f90e,dbfb76d906e218dab2d94e90dd51f8db41dbccf6c82da11311baa418ea738fdf
bailey2018-s1-0416,MSH2,,ENSG00000095002,pan_cancer,PANCAN,MSH2_PANCAN,,rescued,,0.83,PMID:29625053,DOI:10.1016/j.cell.2018.02.060,Table S1,Ensembl release 92,https://github.com/openvax/gene-lists,d0a2f0bcbc59e612fde6108df6cb28d469e0f90e,dbfb76d906e218dab2d94e90dd51f8db41dbccf6c82da11311baa418ea738fdf
bailey2018-s1-0417,MSH3,,ENSG00000113318,pan_cancer,PANCAN,MSH3_PANCAN,possible oncogene,rescued,,1.00,PMID:29625053,DOI:10.1016/j.cell.2018.02.060,Table S1,Ensembl release 92,https://github.com/openvax/gene-lists,d0a2f0bcbc59e612fde6108df6cb28d469e0f90e,dbfb76d906e218dab2d94e90dd51f8db41dbccf6c82da11311baa418ea738fdf
bailey2018-s1-0418,MSH6,,ENSG00000116062,source_cancer_code,UCEC,MSH6_UCEC,tsg,official,4.29,1.06,PMID:29625053,DOI:10.1016/j.cell.2018.02.060,Table S1,Ensembl release 92,https://github.com/openvax/gene-lists,d0a2f0bcbc59e612fde6108df6cb28d469e0f90e,dbfb76d906e218dab2d94e90dd51f8db41dbccf6c82da11311baa418ea738fdf
bailey2018-s1-0419,MTOR,,ENSG00000198793,pan_cancer,PANCAN,MTOR_PANCAN,possible oncogene,official,,2.70,PMID:29625053,DOI:10.1016/j.cell.2018.02.060,Table S1,Ensembl release 92,https://github.com/openvax/gene-lists,d0a2f0bcbc59e612fde6108df6cb28d469e0f90e,dbfb76d906e218dab2d94e90dd51f8db41dbccf6c82da11311baa418ea738fdf
bailey2018-s1-0420,MTOR,,ENSG00000198793,source_cancer_code,KIRC,MTOR_KIRC,oncogene,official,9.24,2.70,PMID:29625053,DOI:10.1016/j.cell.2018.02.060,Table S1,Ensembl release 92,https://github.com/openvax/gene-lists,d0a2f0bcbc59e612fde6108df6cb28d469e0f90e,dbfb76d906e218dab2d94e90dd51f8db41dbccf6c82da11311baa418ea738fdf
bailey2018-s1-0421,MUC6,,ENSG00000184956,source_cancer_code,STAD,MUC6_STAD,possible tsg,official,6.72,2.43,PMID:29625053,DOI:10.1016/j.cell.2018.02.060,Table S1,Ensembl release 92,https://github.com/openvax/gene-lists,d0a2f0bcbc59e612fde6108df6cb28d469e0f90e,dbfb76d906e218dab2d94e90dd51f8db41dbccf6c82da11311baa418ea738fdf
bailey2018-s1-0422,MYC,,ENSG00000136997,pan_cancer,PANCAN,MYC_PANCAN,oncogene,official,,0.82,PMID:29625053,DOI:10.1016/j.cell.2018.02.060,Table S1,Ensembl release 92,https://github.com/openvax/gene-lists,d0a2f0bcbc59e612fde6108df6cb28d469e0f90e,dbfb76d906e218dab2d94e90dd51f8db41dbccf6c82da11311baa418ea738fdf
bailey2018-s1-0423,MYCN,,ENSG00000134323,source_cancer_code,UCEC,MYCN_UCEC,oncogene,official,3.28,0.84,PMID:29625053,DOI:10.1016/j.cell.2018.02.060,Table S1,Ensembl release 92,https://github.com/openvax/gene-lists,d0a2f0bcbc59e612fde6108df6cb28d469e0f90e,dbfb76d906e218dab2d94e90dd51f8db41dbccf6c82da11311baa418ea738fdf
bailey2018-s1-0424,MYD88,,ENSG00000172936,source_cancer_code,DLBC,MYD88_DLBC,oncogene,official,18.92,0.47,PMID:29625053,DOI:10.1016/j.cell.2018.02.060,Table S1,Ensembl release 92,https://github.com/openvax/gene-lists,d0a2f0bcbc59e612fde6108df6cb28d469e0f90e,dbfb76d906e218dab2d94e90dd51f8db41dbccf6c82da11311baa418ea738fdf
bailey2018-s1-0425,MYH9,,ENSG00000100345,source_cancer_code,HNSC,MYH9_HNSC,oncogene,official,5.18,2.78,PMID:29625053,DOI:10.1016/j.cell.2018.02.060,Table S1,Ensembl release 92,https://github.com/openvax/gene-lists,d0a2f0bcbc59e612fde6108df6cb28d469e0f90e,dbfb76d906e218dab2d94e90dd51f8db41dbccf6c82da11311baa418ea738fdf
bailey2018-s1-0426,NCOR1,,ENSG00000141027,pan_cancer,PANCAN,NCOR1_PANCAN,tsg,official,,3.01,PMID:29625053,DOI:10.1016/j.cell.2018.02.060,Table S1,Ensembl release 92,https://github.com/openvax/gene-lists,d0a2f0bcbc59e612fde6108df6cb28d469e0f90e,dbfb76d906e218dab2d94e90dd51f8db41dbccf6c82da11311baa418ea738fdf
bailey2018-s1-0427,NCOR1,,ENSG00000141027,source_cancer_code,BRCA,NCOR1_BRCA,tsg,official,4.75,3.01,PMID:29625053,DOI:10.1016/j.cell.2018.02.060,Table S1,Ensembl release 92,https://github.com/openvax/gene-lists,d0a2f0bcbc59e612fde6108df6cb28d469e0f90e,dbfb76d906e218dab2d94e90dd51f8db41dbccf6c82da11311baa418ea738fdf
bailey2018-s1-0428,NF1,,ENSG00000196712,source_cancer_code,LUSC,NF1_LUSC,tsg,official,11.42,5.29,PMID:29625053,DOI:10.1016/j.cell.2018.02.060,Table S1,Ensembl release 92,https://github.com/openvax/gene-lists,d0a2f0bcbc59e612fde6108df6cb28d469e0f90e,dbfb76d906e218dab2d94e90dd51f8db41dbccf6c82da11311baa418ea738fdf
bailey2018-s1-0429,NF1,,ENSG00000196712,source_cancer_code,BRCA,NF1_BRCA,tsg,official,3.85,5.29,PMID:29625053,DOI:10.1016/j.cell.2018.02.060,Table S1,Ensembl release 92,https://github.com/openvax/gene-lists,d0a2f0bcbc59e612fde6108df6cb28d469e0f90e,dbfb76d906e218dab2d94e90dd51f8db41dbccf6c82da11311baa418ea738fdf
bailey2018-s1-0430,NF1,,ENSG00000196712,pan_cancer,PANCAN,NF1_PANCAN,tsg,official,,5.29,PMID:29625053,DOI:10.1016/j.cell.2018.02.060,Table S1,Ensembl release 92,https://github.com/openvax/gene-lists,d0a2f0bcbc59e612fde6108df6cb28d469e0f90e,dbfb76d906e218dab2d94e90dd51f8db41dbccf6c82da11311baa418ea738fdf
bailey2018-s1-0431,NF1,,ENSG00000196712,source_cancer_code,PCPG,NF1_PCPG,tsg,official,8.94,5.29,PMID:29625053,DOI:10.1016/j.cell.2018.02.060,Table S1,Ensembl release 92,https://github.com/openvax/gene-lists,d0a2f0bcbc59e612fde6108df6cb28d469e0f90e,dbfb76d906e218dab2d94e90dd51f8db41dbccf6c82da11311baa418ea738fdf
bailey2018-s1-0432,NF1,,ENSG00000196712,source_cancer_code,SKCM,NF1_SKCM,tsg,official,12.80,5.29,PMID:29625053,DOI:10.1016/j.cell.2018.02.060,Table S1,Ensembl release 92,https://github.com/openvax/gene-lists,d0a2f0bcbc59e612fde6108df6cb28d469e0f90e,dbfb76d906e218dab2d94e90dd51f8db41dbccf6c82da11311baa418ea738fdf
bailey2018-s1-0433,NF1,,ENSG00000196712,source_cancer_code,LUAD,NF1_LUAD,tsg,official,12.06,5.29,PMID:29625053,DOI:10.1016/j.cell.2018.02.060,Table S1,Ensembl release 92,https://github.com/openvax/gene-lists,d0a2f0bcbc59e612fde6108df6cb28d469e0f90e,dbfb76d906e218dab2d94e90dd51f8db41dbccf6c82da11311baa418ea738fdf
bailey2018-s1-0434,NF1,,ENSG00000196712,source_cancer_code,GBM,NF1_GBM,tsg,official,10.29,5.29,PMID:29625053,DOI:10.1016/j.cell.2018.02.060,Table S1,Ensembl release 92,https://github.com/openvax/gene-lists,d0a2f0bcbc59e612fde6108df6cb28d469e0f90e,dbfb76d906e218dab2d94e90dd51f8db41dbccf6c82da11311baa418ea738fdf
bailey2018-s1-0435,NF1,,ENSG00000196712,source_cancer_code,OV,NF1_OV,tsg,official,7.60,5.29,PMID:29625053,DOI:10.1016/j.cell.2018.02.060,Table S1,Ensembl release 92,https://github.com/openvax/gene-lists,d0a2f0bcbc59e612fde6108df6cb28d469e0f90e,dbfb76d906e218dab2d94e90dd51f8db41dbccf6c82da11311baa418ea738fdf
bailey2018-s1-0436,NF1,,ENSG00000196712,source_cancer_code,LGG,NF1_LGG,tsg,official,5.88,5.29,PMID:29625053,DOI:10.1016/j.cell.2018.02.060,Table S1,Ensembl release 92,https://github.com/openvax/gene-lists,d0a2f0bcbc59e612fde6108df6cb28d469e0f90e,dbfb76d906e218dab2d94e90dd51f8db41dbccf6c82da11311baa418ea738fdf
bailey2018-s1-0437,NF2,,ENSG00000186575,source_cancer_code,KIRP,NF2_KIRP,tsg,official,3.27,1.19,PMID:29625053,DOI:10.1016/j.cell.2018.02.060,Table S1,Ensembl release 92,https://github.com/openvax/gene-lists,d0a2f0bcbc59e612fde6108df6cb28d469e0f90e,dbfb76d906e218dab2d94e90dd51f8db41dbccf6c82da11311baa418ea738fdf
bailey2018-s1-0438,NF2,,ENSG00000186575,pan_cancer,PANCAN,NF2_PANCAN,tsg,official,,1.19,PMID:29625053,DOI:10.1016/j.cell.2018.02.060,Table S1,Ensembl release 92,https://github.com/openvax/gene-lists,d0a2f0bcbc59e612fde6108df6cb28d469e0f90e,dbfb76d906e218dab2d94e90dd51f8db41dbccf6c82da11311baa418ea738fdf
bailey2018-s1-0439,NF2,,ENSG00000186575,source_cancer_code,MESO,NF2_MESO,tsg,official,23.46,1.19,PMID:29625053,DOI:10.1016/j.cell.2018.02.060,Table S1,Ensembl release 92,https://github.com/openvax/gene-lists,d0a2f0bcbc59e612fde6108df6cb28d469e0f90e,dbfb76d906e218dab2d94e90dd51f8db41dbccf6c82da11311baa418ea738fdf
bailey2018-s1-0440,NFE2L2,,ENSG00000116044,source_cancer_code,BLCA,NFE2L2_BLCA,oncogene,official,6.48,2.78,PMID:29625053,DOI:10.1016/j.cell.2018.02.060,Table S1,Ensembl release 92,https://github.com/openvax/gene-lists,d0a2f0bcbc59e612fde6108df6cb28d469e0f90e,dbfb76d906e218dab2d94e90dd51f8db41dbccf6c82da11311baa418ea738fdf
bailey2018-s1-0441,NFE2L2,,ENSG00000116044,pan_cancer,PANCAN,NFE2L2_PANCAN,oncogene,official,,2.78,PMID:29625053,DOI:10.1016/j.cell.2018.02.060,Table S1,Ensembl release 92,https://github.com/openvax/gene-lists,d0a2f0bcbc59e612fde6108df6cb28d469e0f90e,dbfb76d906e218dab2d94e90dd51f8db41dbccf6c82da11311baa418ea738fdf
bailey2018-s1-0442,NFE2L2,,ENSG00000116044,source_cancer_code,UCEC,NFE2L2_UCEC,oncogene,official,7.83,2.78,PMID:29625053,DOI:10.1016/j.cell.2018.02.060,Table S1,Ensembl release 92,https://github.com/openvax/gene-lists,d0a2f0bcbc59e612fde6108df6cb28d469e0f90e,dbfb76d906e218dab2d94e90dd51f8db41dbccf6c82da11311baa418ea738fdf
bailey2018-s1-0443,NFE2L2,,ENSG00000116044,source_cancer_code,HNSC,NFE2L2_HNSC,oncogene,official,6.18,2.78,PMID:29625053,DOI:10.1016/j.cell.2018.02.060,Table S1,Ensembl release 92,https://github.com/openvax/gene-lists,d0a2f0bcbc59e612fde6108df6cb28d469e0f90e,dbfb76d906e218dab2d94e90dd51f8db41dbccf6c82da11311baa418ea738fdf
bailey2018-s1-0444,NFE2L2,,ENSG00000116044,source_cancer_code,CESC,NFE2L2_CESC,oncogene,official,4.74,2.78,PMID:29625053,DOI:10.1016/j.cell.2018.02.060,Table S1,Ensembl release 92,https://github.com/openvax/gene-lists,d0a2f0bcbc59e612fde6108df6cb28d469e0f90e,dbfb76d906e218dab2d94e90dd51f8db41dbccf6c82da11311baa418ea738fdf
bailey2018-s1-0445,NFE2L2,,ENSG00000116044,source_cancer_code,LIHC,NFE2L2_LIHC,oncogene,official,3.39,2.78,PMID:29625053,DOI:10.1016/j.cell.2018.02.060,Table S1,Ensembl release 92,https://github.com/openvax/gene-lists,d0a2f0bcbc59e612fde6108df6cb28d469e0f90e,dbfb76d906e218dab2d94e90dd51f8db41dbccf6c82da11311baa418ea738fdf
bailey2018-s1-0446,NFE2L2,,ENSG00000116044,source_cancer_code,ESCA,NFE2L2_ESCA,oncogene,official,11.05,2.78,PMID:29625053,DOI:10.1016/j.cell.2018.02.060,Table S1,Ensembl release 92,https://github.com/openvax/gene-lists,d0a2f0bcbc59e612fde6108df6cb28d469e0f90e,dbfb76d906e218dab2d94e90dd51f8db41dbccf6c82da11311baa418ea738fdf
bailey2018-s1-0447,NFE2L2,,ENSG00000116044,source_cancer_code,LUSC,NFE2L2_LUSC,oncogene,official,15.30,2.78,PMID:29625053,DOI:10.1016/j.cell.2018.02.060,Table S1,Ensembl release 92,https://github.com/openvax/gene-lists,d0a2f0bcbc59e612fde6108df6cb28d469e0f90e,dbfb76d906e218dab2d94e90dd51f8db41dbccf6c82da11311baa418ea738fdf
bailey2018-s1-0448,NIPBL,,ENSG00000164190,pan_cancer,PANCAN,NIPBL_PANCAN,tsg,official,,3.40,PMID:29625053,DOI:10.1016/j.cell.2018.02.060,Table S1,Ensembl release 92,https://github.com/openvax/gene-lists,d0a2f0bcbc59e612fde6108df6cb28d469e0f90e,dbfb76d906e218dab2d94e90dd51f8db41dbccf6c82da11311baa418ea738fdf
bailey2018-s1-0449,NIPBL,,ENSG00000164190,source_cancer_code,LGG,NIPBL_LGG,tsg,official,3.53,3.40,PMID:29625053,DOI:10.1016/j.cell.2018.02.060,Table S1,Ensembl release 92,https://github.com/openvax/gene-lists,d0a2f0bcbc59e612fde6108df6cb28d469e0f90e,dbfb76d906e218dab2d94e90dd51f8db41dbccf6c82da11311baa418ea738fdf
bailey2018-s1-0450,NOTCH1,,ENSG00000148400,source_cancer_code,ESCA,NOTCH1_ESCA,tsg,official,8.72,3.94,PMID:29625053,DOI:10.1016/j.cell.2018.02.060,Table S1,Ensembl release 92,https://github.com/openvax/gene-lists,d0a2f0bcbc59e612fde6108df6cb28d469e0f90e,dbfb76d906e218dab2d94e90dd51f8db41dbccf6c82da11311baa418ea738fdf
bailey2018-s1-0451,NOTCH1,,ENSG00000148400,source_cancer_code,CESC,NOTCH1_CESC,possible tsg,official,6.57,3.94,PMID:29625053,DOI:10.1016/j.cell.2018.02.060,Table S1,Ensembl release 92,https://github.com/openvax/gene-lists,d0a2f0bcbc59e612fde6108df6cb28d469e0f90e,dbfb76d906e218dab2d94e90dd51f8db41dbccf6c82da11311baa418ea738fdf
bailey2018-s1-0452,NOTCH1,,ENSG00000148400,source_cancer_code,LUSC,NOTCH1_LUSC,tsg,official,8.84,3.94,PMID:29625053,DOI:10.1016/j.cell.2018.02.060,Table S1,Ensembl release 92,https://github.com/openvax/gene-lists,d0a2f0bcbc59e612fde6108df6cb28d469e0f90e,dbfb76d906e218dab2d94e90dd51f8db41dbccf6c82da11311baa418ea738fdf
bailey2018-s1-0453,NOTCH1,,ENSG00000148400,pan_cancer,PANCAN,NOTCH1_PANCAN,tsg,official,,3.94,PMID:29625053,DOI:10.1016/j.cell.2018.02.060,Table S1,Ensembl release 92,https://github.com/openvax/gene-lists,d0a2f0bcbc59e612fde6108df6cb28d469e0f90e,dbfb76d906e218dab2d94e90dd51f8db41dbccf6c82da11311baa418ea738fdf
bailey2018-s1-0454,NOTCH1,,ENSG00000148400,source_cancer_code,LGG,NOTCH1_LGG,possible tsg,official,7.25,3.94,PMID:29625053,DOI:10.1016/j.cell.2018.02.060,Table S1,Ensembl release 92,https://github.com/openvax/gene-lists,d0a2f0bcbc59e612fde6108df6cb28d469e0f90e,dbfb76d906e218dab2d94e90dd51f8db41dbccf6c82da11311baa418ea738fdf
bailey2018-s1-0455,NOTCH1,,ENSG00000148400,source_cancer_code,HNSC,NOTCH1_HNSC,tsg,official,18.13,3.94,PMID:29625053,DOI:10.1016/j.cell.2018.02.060,Table S1,Ensembl release 92,https://github.com/openvax/gene-lists,d0a2f0bcbc59e612fde6108df6cb28d469e0f90e,dbfb76d906e218dab2d94e90dd51f8db41dbccf6c82da11311baa418ea738fdf
bailey2018-s1-0456,NOTCH2,,ENSG00000134250,pan_cancer,PANCAN,NOTCH2_PANCAN,,rescued,,2.41,PMID:29625053,DOI:10.1016/j.cell.2018.02.060,Table S1,Ensembl release 92,https://github.com/openvax/gene-lists,d0a2f0bcbc59e612fde6108df6cb28d469e0f90e,dbfb76d906e218dab2d94e90dd51f8db41dbccf6c82da11311baa418ea738fdf
bailey2018-s1-0457,NPM1,,ENSG00000181163,source_cancer_code,LAML,NPM1_LAML,oncogene,official,6.47,0.51,PMID:29625053,DOI:10.1016/j.cell.2018.02.060,Table S1,Ensembl release 92,https://github.com/openvax/gene-lists,d0a2f0bcbc59e612fde6108df6cb28d469e0f90e,dbfb76d906e218dab2d94e90dd51f8db41dbccf6c82da11311baa418ea738fdf
bailey2018-s1-0458,NRAS,,ENSG00000213281,source_cancer_code,LIHC,NRAS_LIHC,possible tsg,official,1.41,2.68,PMID:29625053,DOI:10.1016/j.cell.2018.02.060,Table S1,Ensembl release 92,https://github.com/openvax/gene-lists,d0a2f0bcbc59e612fde6108df6cb28d469e0f90e,dbfb76d906e218dab2d94e90dd51f8db41dbccf6c82da11311baa418ea738fdf
bailey2018-s1-0459,NRAS,,ENSG00000213281,source_cancer_code,BLCA,NRAS_BLCA,oncogene,official,2.07,2.68,PMID:29625053,DOI:10.1016/j.cell.2018.02.060,Table S1,Ensembl release 92,https://github.com/openvax/gene-lists,d0a2f0bcbc59e612fde6108df6cb28d469e0f90e,dbfb76d906e218dab2d94e90dd51f8db41dbccf6c82da11311baa418ea738fdf
bailey2018-s1-0460,NRAS,,ENSG00000213281,source_cancer_code,UCEC,NRAS_UCEC,oncogene,official,3.28,2.68,PMID:29625053,DOI:10.1016/j.cell.2018.02.060,Table S1,Ensembl release 92,https://github.com/openvax/gene-lists,d0a2f0bcbc59e612fde6108df6cb28d469e0f90e,dbfb76d906e218dab2d94e90dd51f8db41dbccf6c82da11311baa418ea738fdf
bailey2018-s1-0461,NRAS,,ENSG00000213281,source_cancer_code,LGG,NRAS_LGG,oncogene,official,0.78,2.68,PMID:29625053,DOI:10.1016/j.cell.2018.02.060,Table S1,Ensembl release 92,https://github.com/openvax/gene-lists,d0a2f0bcbc59e612fde6108df6cb28d469e0f90e,dbfb76d906e218dab2d94e90dd51f8db41dbccf6c82da11311baa418ea738fdf
bailey2018-s1-0462,NRAS,,ENSG00000213281,source_cancer_code,OV,NRAS_OV,oncogene,official,1.23,2.68,PMID:29625053,DOI:10.1016/j.cell.2018.02.060,Table S1,Ensembl release 92,https://github.com/openvax/gene-lists,d0a2f0bcbc59e612fde6108df6cb28d469e0f90e,dbfb76d906e218dab2d94e90dd51f8db41dbccf6c82da11311baa418ea738fdf
bailey2018-s1-0463,NRAS,,ENSG00000213281,source_cancer_code,COADREAD,NRAS_COADREAD,oncogene,official,6.01,2.68,PMID:29625053,DOI:10.1016/j.cell.2018.02.060,Table S1,Ensembl release 92,https://github.com/openvax/gene-lists,d0a2f0bcbc59e612fde6108df6cb28d469e0f90e,dbfb76d906e218dab2d94e90dd51f8db41dbccf6c82da11311baa418ea738fdf
bailey2018-s1-0464,NRAS,,ENSG00000213281,source_cancer_code,THYM,NRAS_THYM,possible oncogene,official,2.48,2.68,PMID:29625053,DOI:10.1016/j.cell.2018.02.060,Table S1,Ensembl release 92,https://github.com/openvax/gene-lists,d0a2f0bcbc59e612fde6108df6cb28d469e0f90e,dbfb76d906e218dab2d94e90dd51f8db41dbccf6c82da11311baa418ea738fdf
bailey2018-s1-0465,NRAS,,ENSG00000213281,source_cancer_code,TGCT,NRAS_TGCT,oncogene,official,3.45,2.68,PMID:29625053,DOI:10.1016/j.cell.2018.02.060,Table S1,Ensembl release 92,https://github.com/openvax/gene-lists,d0a2f0bcbc59e612fde6108df6cb28d469e0f90e,dbfb76d906e218dab2d94e90dd51f8db41dbccf6c82da11311baa418ea738fdf
bailey2018-s1-0466,NRAS,,ENSG00000213281,pan_cancer,PANCAN,NRAS_PANCAN,oncogene,official,,2.68,PMID:29625053,DOI:10.1016/j.cell.2018.02.060,Table S1,Ensembl release 92,https://github.com/openvax/gene-lists,d0a2f0bcbc59e612fde6108df6cb28d469e0f90e,dbfb76d906e218dab2d94e90dd51f8db41dbccf6c82da11311baa418ea738fdf
bailey2018-s1-0467,NRAS,,ENSG00000213281,source_cancer_code,SKCM,NRAS_SKCM,oncogene,official,27.73,2.68,PMID:29625053,DOI:10.1016/j.cell.2018.02.060,Table S1,Ensembl release 92,https://github.com/openvax/gene-lists,d0a2f0bcbc59e612fde6108df6cb28d469e0f90e,dbfb76d906e218dab2d94e90dd51f8db41dbccf6c82da11311baa418ea738fdf
bailey2018-s1-0468,NRAS,,ENSG00000213281,source_cancer_code,THCA,NRAS_THCA,oncogene,official,7.93,2.68,PMID:29625053,DOI:10.1016/j.cell.2018.02.060,Table S1,Ensembl release 92,https://github.com/openvax/gene-lists,d0a2f0bcbc59e612fde6108df6cb28d469e0f90e,dbfb76d906e218dab2d94e90dd51f8db41dbccf6c82da11311baa418ea738fdf
bailey2018-s1-0469,NSD1,,ENSG00000165671,source_cancer_code,ESCA,NSD1_ESCA,tsg,official,4.07,3.17,PMID:29625053,DOI:10.1016/j.cell.2018.02.060,Table S1,Ensembl release 92,https://github.com/openvax/gene-lists,d0a2f0bcbc59e612fde6108df6cb28d469e0f90e,dbfb76d906e218dab2d94e90dd51f8db41dbccf6c82da11311baa418ea738fdf
bailey2018-s1-0470,NSD1,,ENSG00000165671,pan_cancer,PANCAN,NSD1_PANCAN,tsg,official,,3.17,PMID:29625053,DOI:10.1016/j.cell.2018.02.060,Table S1,Ensembl release 92,https://github.com/openvax/gene-lists,d0a2f0bcbc59e612fde6108df6cb28d469e0f90e,dbfb76d906e218dab2d94e90dd51f8db41dbccf6c82da11311baa418ea738fdf
bailey2018-s1-0471,NSD1,,ENSG00000165671,source_cancer_code,HNSC,NSD1_HNSC,tsg,official,11.35,3.17,PMID:29625053,DOI:10.1016/j.cell.2018.02.060,Table S1,Ensembl release 92,https://github.com/openvax/gene-lists,d0a2f0bcbc59e612fde6108df6cb28d469e0f90e,dbfb76d906e218dab2d94e90dd51f8db41dbccf6c82da11311baa418ea738fdf
bailey2018-s1-0472,NUP133,,ENSG00000069248,source_cancer_code,LIHC,NUP133_LIHC,possible tsg,official,3.67,1.26,PMID:29625053,DOI:10.1016/j.cell.2018.02.060,Table S1,Ensembl release 92,https://github.com/openvax/gene-lists,d0a2f0bcbc59e612fde6108df6cb28d469e0f90e,dbfb76d906e218dab2d94e90dd51f8db41dbccf6c82da11311baa418ea738fdf
bailey2018-s1-0473,NUP93,,ENSG00000102900,source_cancer_code,THCA,NUP93_THCA,possible tsg,official,0.81,0.84,PMID:29625053,DOI:10.1016/j.cell.2018.02.060,Table S1,Ensembl release 92,https://github.com/openvax/gene-lists,d0a2f0bcbc59e612fde6108df6cb28d469e0f90e,dbfb76d906e218dab2d94e90dd51f8db41dbccf6c82da11311baa418ea738fdf
bailey2018-s1-0474,PAX5,,ENSG00000196092,pan_cancer,PANCAN,PAX5_PANCAN,,rescued,,0.82,PMID:29625053,DOI:10.1016/j.cell.2018.02.060,Table S1,Ensembl release 92,https://github.com/openvax/gene-lists,d0a2f0bcbc59e612fde6108df6cb28d469e0f90e,dbfb76d906e218dab2d94e90dd51f8db41dbccf6c82da11311baa418ea738fdf
bailey2018-s1-0475,PBRM1,,ENSG00000163939,source_cancer_code,UCEC,PBRM1_UCEC,tsg,official,5.81,3.73,PMID:29625053,DOI:10.1016/j.cell.2018.02.060,Table S1,Ensembl release 92,https://github.com/openvax/gene-lists,d0a2f0bcbc59e612fde6108df6cb28d469e0f90e,dbfb76d906e218dab2d94e90dd51f8db41dbccf6c82da11311baa418ea738fdf
bailey2018-s1-0476,PBRM1,,ENSG00000163939,pan_cancer,PANCAN,PBRM1_PANCAN,tsg,official,,3.73,PMID:29625053,DOI:10.1016/j.cell.2018.02.060,Table S1,Ensembl release 92,https://github.com/openvax/gene-lists,d0a2f0bcbc59e612fde6108df6cb28d469e0f90e,dbfb76d906e218dab2d94e90dd51f8db41dbccf6c82da11311baa418ea738fdf
bailey2018-s1-0477,PBRM1,,ENSG00000163939,source_cancer_code,CHOL,PBRM1_CHOL,tsg,official,17.65,3.73,PMID:29625053,DOI:10.1016/j.cell.2018.02.060,Table S1,Ensembl release 92,https://github.com/openvax/gene-lists,d0a2f0bcbc59e612fde6108df6cb28d469e0f90e,dbfb76d906e218dab2d94e90dd51f8db41dbccf6c82da11311baa418ea738fdf
bailey2018-s1-0478,PBRM1,,ENSG00000163939,source_cancer_code,KIRC,PBRM1_KIRC,tsg,official,42.12,3.73,PMID:29625053,DOI:10.1016/j.cell.2018.02.060,Table S1,Ensembl release 92,https://github.com/openvax/gene-lists,d0a2f0bcbc59e612fde6108df6cb28d469e0f90e,dbfb76d906e218dab2d94e90dd51f8db41dbccf6c82da11311baa418ea738fdf
bailey2018-s1-0479,PCBP1,,ENSG00000169564,pan_cancer,PANCAN,PCBP1_PANCAN,oncogene,official,,0.68,PMID:29625053,DOI:10.1016/j.cell.2018.02.060,Table S1,Ensembl release 92,https://github.com/openvax/gene-lists,d0a2f0bcbc59e612fde6108df6cb28d469e0f90e,dbfb76d906e218dab2d94e90dd51f8db41dbccf6c82da11311baa418ea738fdf
bailey2018-s1-0480,PCBP1,,ENSG00000169564,source_cancer_code,COADREAD,PCBP1_COADREAD,oncogene,official,5.38,0.68,PMID:29625053,DOI:10.1016/j.cell.2018.02.060,Table S1,Ensembl release 92,https://github.com/openvax/gene-lists,d0a2f0bcbc59e612fde6108df6cb28d469e0f90e,dbfb76d906e218dab2d94e90dd51f8db41dbccf6c82da11311baa418ea738fdf
bailey2018-s1-0481,PDGFRA,,ENSG00000134853,source_cancer_code,GBM,PDGFRA_GBM,possible oncogene,official,4.18,2.43,PMID:29625053,DOI:10.1016/j.cell.2018.02.060,Table S1,Ensembl release 92,https://github.com/openvax/gene-lists,d0a2f0bcbc59e612fde6108df6cb28d469e0f90e,dbfb76d906e218dab2d94e90dd51f8db41dbccf6c82da11311baa418ea738fdf
bailey2018-s1-0482,PDS5B,,ENSG00000083642,source_cancer_code,UCEC,PDS5B_UCEC,tsg,official,6.31,1.41,PMID:29625053,DOI:10.1016/j.cell.2018.02.060,Table S1,Ensembl release 92,https://github.com/openvax/gene-lists,d0a2f0bcbc59e612fde6108df6cb28d469e0f90e,dbfb76d906e218dab2d94e90dd51f8db41dbccf6c82da11311baa418ea738fdf
bailey2018-s1-0483,PGR,,ENSG00000082175,pan_cancer,PANCAN,PGR_PANCAN,possible tsg,official,,1.49,PMID:29625053,DOI:10.1016/j.cell.2018.02.060,Table S1,Ensembl release 92,https://github.com/openvax/gene-lists,d0a2f0bcbc59e612fde6108df6cb28d469e0f90e,dbfb76d906e218dab2d94e90dd51f8db41dbccf6c82da11311baa418ea738fdf
bailey2018-s1-0484,PHF6,,ENSG00000156531,source_cancer_code,LAML,PHF6_LAML,possible tsg,rescued,2.16,0.75,PMID:29625053,DOI:10.1016/j.cell.2018.02.060,Table S1,Ensembl release 92,https://github.com/openvax/gene-lists,d0a2f0bcbc59e612fde6108df6cb28d469e0f90e,dbfb76d906e218dab2d94e90dd51f8db41dbccf6c82da11311baa418ea738fdf
bailey2018-s1-0485,PIK3CA,,ENSG00000121879,source_cancer_code,KIRC,PIK3CA_KIRC,possible oncogene,official,1.63,11.75,PMID:29625053,DOI:10.1016/j.cell.2018.02.060,Table S1,Ensembl release 92,https://github.com/openvax/gene-lists,d0a2f0bcbc59e612fde6108df6cb28d469e0f90e,dbfb76d906e218dab2d94e90dd51f8db41dbccf6c82da11311baa418ea738fdf
bailey2018-s1-0486,PIK3CA,,ENSG00000121879,source_cancer_code,KIRP,PIK3CA_KIRP,oncogene,official,1.09,11.75,PMID:29625053,DOI:10.1016/j.cell.2018.02.060,Table S1,Ensembl release 92,https://github.com/openvax/gene-lists,d0a2f0bcbc59e612fde6108df6cb28d469e0f90e,dbfb76d906e218dab2d94e90dd51f8db41dbccf6c82da11311baa418ea738fdf
bailey2018-s1-0487,PIK3CA,,ENSG00000121879,source_cancer_code,TGCT,PIK3CA_TGCT,oncogene,official,2.07,11.75,PMID:29625053,DOI:10.1016/j.cell.2018.02.060,Table S1,Ensembl release 92,https://github.com/openvax/gene-lists,d0a2f0bcbc59e612fde6108df6cb28d469e0f90e,dbfb76d906e218dab2d94e90dd51f8db41dbccf6c82da11311baa418ea738fdf
bailey2018-s1-0488,PIK3CA,,ENSG00000121879,source_cancer_code,GBM,PIK3CA_GBM,oncogene,official,10.93,11.75,PMID:29625053,DOI:10.1016/j.cell.2018.02.060,Table S1,Ensembl release 92,https://github.com/openvax/gene-lists,d0a2f0bcbc59e612fde6108df6cb28d469e0f90e,dbfb76d906e218dab2d94e90dd51f8db41dbccf6c82da11311baa418ea738fdf
bailey2018-s1-0489,PIK3CA,,ENSG00000121879,source_cancer_code,LIHC,PIK3CA_LIHC,oncogene,official,3.39,11.75,PMID:29625053,DOI:10.1016/j.cell.2018.02.060,Table S1,Ensembl release 92,https://github.com/openvax/gene-lists,d0a2f0bcbc59e612fde6108df6cb28d469e0f90e,dbfb76d906e218dab2d94e90dd51f8db41dbccf6c82da11311baa418ea738fdf
bailey2018-s1-0490,PIK3CA,,ENSG00000121879,source_cancer_code,PRAD,PIK3CA_PRAD,oncogene,official,2.52,11.75,PMID:29625053,DOI:10.1016/j.cell.2018.02.060,Table S1,Ensembl release 92,https://github.com/openvax/gene-lists,d0a2f0bcbc59e612fde6108df6cb28d469e0f90e,dbfb76d906e218dab2d94e90dd51f8db41dbccf6c82da11311baa418ea738fdf
bailey2018-s1-0491,PIK3CA,,ENSG00000121879,source_cancer_code,ESCA,PIK3CA_ESCA,oncogene,official,9.88,11.75,PMID:29625053,DOI:10.1016/j.cell.2018.02.060,Table S1,Ensembl release 92,https://github.com/openvax/gene-lists,d0a2f0bcbc59e612fde6108df6cb28d469e0f90e,dbfb76d906e218dab2d94e90dd51f8db41dbccf6c82da11311baa418ea738fdf
bailey2018-s1-0492,PIK3CA,,ENSG00000121879,source_cancer_code,BLCA,PIK3CA_BLCA,oncogene,official,21.24,11.75,PMID:29625053,DOI:10.1016/j.cell.2018.02.060,Table S1,Ensembl release 92,https://github.com/openvax/gene-lists,d0a2f0bcbc59e612fde6108df6cb28d469e0f90e,dbfb76d906e218dab2d94e90dd51f8db41dbccf6c82da11311baa418ea738fdf
bailey2018-s1-0493,PIK3CA,,ENSG00000121879,source_cancer_code,LGG,PIK3CA_LGG,oncogene,official,8.04,11.75,PMID:29625053,DOI:10.1016/j.cell.2018.02.060,Table S1,Ensembl release 92,https://github.com/openvax/gene-lists,d0a2f0bcbc59e612fde6108df6cb28d469e0f90e,dbfb76d906e218dab2d94e90dd51f8db41dbccf6c82da11311baa418ea738fdf
bailey2018-s1-0494,PIK3CA,,ENSG00000121879,source_cancer_code,LUAD,PIK3CA_LUAD,oncogene,official,4.18,11.75,PMID:29625053,DOI:10.1016/j.cell.2018.02.060,Table S1,Ensembl release 92,https://github.com/openvax/gene-lists,d0a2f0bcbc59e612fde6108df6cb28d469e0f90e,dbfb76d906e218dab2d94e90dd51f8db41dbccf6c82da11311baa418ea738fdf
bailey2018-s1-0495,PIK3CA,,ENSG00000121879,source_cancer_code,UCEC,PIK3CA_UCEC,oncogene,official,45.71,11.75,PMID:29625053,DOI:10.1016/j.cell.2018.02.060,Table S1,Ensembl release 92,https://github.com/openvax/gene-lists,d0a2f0bcbc59e612fde6108df6cb28d469e0f90e,dbfb76d906e218dab2d94e90dd51f8db41dbccf6c82da11311baa418ea738fdf
bailey2018-s1-0496,PIK3CA,,ENSG00000121879,source_cancer_code,UCS,PIK3CA_UCS,oncogene,official,34.55,11.75,PMID:29625053,DOI:10.1016/j.cell.2018.02.060,Table S1,Ensembl release 92,https://github.com/openvax/gene-lists,d0a2f0bcbc59e612fde6108df6cb28d469e0f90e,dbfb76d906e218dab2d94e90dd51f8db41dbccf6c82da11311baa418ea738fdf
bailey2018-s1-0497,PIK3CA,,ENSG00000121879,source_cancer_code,COADREAD,PIK3CA_COADREAD,oncogene,official,23.10,11.75,PMID:29625053,DOI:10.1016/j.cell.2018.02.060,Table S1,Ensembl release 92,https://github.com/openvax/gene-lists,d0a2f0bcbc59e612fde6108df6cb28d469e0f90e,dbfb76d906e218dab2d94e90dd51f8db41dbccf6c82da11311baa418ea738fdf
bailey2018-s1-0498,PIK3CA,,ENSG00000121879,pan_cancer,PANCAN,PIK3CA_PANCAN,oncogene,official,,11.75,PMID:29625053,DOI:10.1016/j.cell.2018.02.060,Table S1,Ensembl release 92,https://github.com/openvax/gene-lists,d0a2f0bcbc59e612fde6108df6cb28d469e0f90e,dbfb76d906e218dab2d94e90dd51f8db41dbccf6c82da11311baa418ea738fdf
bailey2018-s1-0499,PIK3CA,,ENSG00000121879,source_cancer_code,STAD,PIK3CA_STAD,oncogene,official,10.64,11.75,PMID:29625053,DOI:10.1016/j.cell.2018.02.060,Table S1,Ensembl release 92,https://github.com/openvax/gene-lists,d0a2f0bcbc59e612fde6108df6cb28d469e0f90e,dbfb76d906e218dab2d94e90dd51f8db41dbccf6c82da11311baa418ea738fdf
bailey2018-s1-0500,PIK3CA,,ENSG00000121879,source_cancer_code,HNSC,PIK3CA_HNSC,oncogene,official,17.93,11.75,PMID:29625053,DOI:10.1016/j.cell.2018.02.060,Table S1,Ensembl release 92,https://github.com/openvax/gene-lists,d0a2f0bcbc59e612fde6108df6cb28d469e0f90e,dbfb76d906e218dab2d94e90dd51f8db41dbccf6c82da11311baa418ea738fdf
bailey2018-s1-0501,PIK3CA,,ENSG00000121879,source_cancer_code,LUSC,PIK3CA_LUSC,oncogene,official,12.50,11.75,PMID:29625053,DOI:10.1016/j.cell.2018.02.060,Table S1,Ensembl release 92,https://github.com/openvax/gene-lists,d0a2f0bcbc59e612fde6108df6cb28d469e0f90e,dbfb76d906e218dab2d94e90dd51f8db41dbccf6c82da11311baa418ea738fdf
bailey2018-s1-0502,PIK3CA,,ENSG00000121879,source_cancer_code,CESC,PIK3CA_CESC,oncogene,official,26.64,11.75,PMID:29625053,DOI:10.1016/j.cell.2018.02.060,Table S1,Ensembl release 92,https://github.com/openvax/gene-lists,d0a2f0bcbc59e612fde6108df6cb28d469e0f90e,dbfb76d906e218dab2d94e90dd51f8db41dbccf6c82da11311baa418ea738fdf
bailey2018-s1-0503,PIK3CA,,ENSG00000121879,source_cancer_code,BRCA,PIK3CA_BRCA,oncogene,official,34.40,11.75,PMID:29625053,DOI:10.1016/j.cell.2018.02.060,Table S1,Ensembl release 92,https://github.com/openvax/gene-lists,d0a2f0bcbc59e612fde6108df6cb28d469e0f90e,dbfb76d906e218dab2d94e90dd51f8db41dbccf6c82da11311baa418ea738fdf
bailey2018-s1-0504,PIK3CB,,ENSG00000051382,pan_cancer,PANCAN,PIK3CB_PANCAN,,rescued,,1.23,PMID:29625053,DOI:10.1016/j.cell.2018.02.060,Table S1,Ensembl release 92,https://github.com/openvax/gene-lists,d0a2f0bcbc59e612fde6108df6cb28d469e0f90e,dbfb76d906e218dab2d94e90dd51f8db41dbccf6c82da11311baa418ea738fdf
bailey2018-s1-0505,PIK3CG,,ENSG00000105851,pan_cancer,PANCAN,PIK3CG_PANCAN,possible oncogene,rescued,,2.64,PMID:29625053,DOI:10.1016/j.cell.2018.02.060,Table S1,Ensembl release 92,https://github.com/openvax/gene-lists,d0a2f0bcbc59e612fde6108df6cb28d469e0f90e,dbfb76d906e218dab2d94e90dd51f8db41dbccf6c82da11311baa418ea738fdf
bailey2018-s1-0506,PIK3R1,,ENSG00000145675,source_cancer_code,BRCA,PIK3R1_BRCA,possible oncogene,official,2.70,3.21,PMID:29625053,DOI:10.1016/j.cell.2018.02.060,Table S1,Ensembl release 92,https://github.com/openvax/gene-lists,d0a2f0bcbc59e612fde6108df6cb28d469e0f90e,dbfb76d906e218dab2d94e90dd51f8db41dbccf6c82da11311baa418ea738fdf
bailey2018-s1-0507,PIK3R1,,ENSG00000145675,source_cancer_code,LGG,PIK3R1_LGG,possible oncogene,official,4.51,3.21,PMID:29625053,DOI:10.1016/j.cell.2018.02.060,Table S1,Ensembl release 92,https://github.com/openvax/gene-lists,d0a2f0bcbc59e612fde6108df6cb28d469e0f90e,dbfb76d906e218dab2d94e90dd51f8db41dbccf6c82da11311baa418ea738fdf
bailey2018-s1-0508,PIK3R1,,ENSG00000145675,source_cancer_code,UCS,PIK3R1_UCS,possible tsg,official,10.91,3.21,PMID:29625053,DOI:10.1016/j.cell.2018.02.060,Table S1,Ensembl release 92,https://github.com/openvax/gene-lists,d0a2f0bcbc59e612fde6108df6cb28d469e0f90e,dbfb76d906e218dab2d94e90dd51f8db41dbccf6c82da11311baa418ea738fdf
bailey2018-s1-0509,PIK3R1,,ENSG00000145675,pan_cancer,PANCAN,PIK3R1_PANCAN,tsg,official,,3.21,PMID:29625053,DOI:10.1016/j.cell.2018.02.060,Table S1,Ensembl release 92,https://github.com/openvax/gene-lists,d0a2f0bcbc59e612fde6108df6cb28d469e0f90e,dbfb76d906e218dab2d94e90dd51f8db41dbccf6c82da11311baa418ea738fdf
bailey2018-s1-0510,PIK3R1,,ENSG00000145675,source_cancer_code,UCEC,PIK3R1_UCEC,tsg,official,29.80,3.21,PMID:29625053,DOI:10.1016/j.cell.2018.02.060,Table S1,Ensembl release 92,https://github.com/openvax/gene-lists,d0a2f0bcbc59e612fde6108df6cb28d469e0f90e,dbfb76d906e218dab2d94e90dd51f8db41dbccf6c82da11311baa418ea738fdf
bailey2018-s1-0511,PIK3R1,,ENSG00000145675,source_cancer_code,GBM,PIK3R1_GBM,possible tsg,official,10.29,3.21,PMID:29625053,DOI:10.1016/j.cell.2018.02.060,Table S1,Ensembl release 92,https://github.com/openvax/gene-lists,d0a2f0bcbc59e612fde6108df6cb28d469e0f90e,dbfb76d906e218dab2d94e90dd51f8db41dbccf6c82da11311baa418ea738fdf
bailey2018-s1-0512,PIK3R2,,ENSG00000105647,pan_cancer,PANCAN,PIK3R2_PANCAN,oncogene,official,,0.93,PMID:29625053,DOI:10.1016/j.cell.2018.02.060,Table S1,Ensembl release 92,https://github.com/openvax/gene-lists,d0a2f0bcbc59e612fde6108df6cb28d469e0f90e,dbfb76d906e218dab2d94e90dd51f8db41dbccf6c82da11311baa418ea738fdf
bailey2018-s1-0513,PIK3R2,,ENSG00000105647,source_cancer_code,UCEC,PIK3R2_UCEC,oncogene,official,5.30,0.93,PMID:29625053,DOI:10.1016/j.cell.2018.02.060,Table S1,Ensembl release 92,https://github.com/openvax/gene-lists,d0a2f0bcbc59e612fde6108df6cb28d469e0f90e,dbfb76d906e218dab2d94e90dd51f8db41dbccf6c82da11311baa418ea738fdf
bailey2018-s1-0514,PIM1,,ENSG00000137193,source_cancer_code,DLBC,PIM1_DLBC,oncogene,official,27.03,0.56,PMID:29625053,DOI:10.1016/j.cell.2018.02.060,Table S1,Ensembl release 92,https://github.com/openvax/gene-lists,d0a2f0bcbc59e612fde6108df6cb28d469e0f90e,dbfb76d906e218dab2d94e90dd51f8db41dbccf6c82da11311baa418ea738fdf
bailey2018-s1-0515,PLCB4,,ENSG00000101333,source_cancer_code,UVM,PLCB4_UVM,oncogene,official,2.50,2.73,PMID:29625053,DOI:10.1016/j.cell.2018.02.060,Table S1,Ensembl release 92,https://github.com/openvax/gene-lists,d0a2f0bcbc59e612fde6108df6cb28d469e0f90e,dbfb76d906e218dab2d94e90dd51f8db41dbccf6c82da11311baa418ea738fdf
bailey2018-s1-0516,PLCG1,,ENSG00000124181,source_cancer_code,LGG,PLCG1_LGG,oncogene,official,0.78,1.33,PMID:29625053,DOI:10.1016/j.cell.2018.02.060,Table S1,Ensembl release 92,https://github.com/openvax/gene-lists,d0a2f0bcbc59e612fde6108df6cb28d469e0f90e,dbfb76d906e218dab2d94e90dd51f8db41dbccf6c82da11311baa418ea738fdf
bailey2018-s1-0517,PLXNB2,,ENSG00000196576,pan_cancer,PANCAN,PLXNB2_PANCAN,possible oncogene,official,,2.63,PMID:29625053,DOI:10.1016/j.cell.2018.02.060,Table S1,Ensembl release 92,https://github.com/openvax/gene-lists,d0a2f0bcbc59e612fde6108df6cb28d469e0f90e,dbfb76d906e218dab2d94e90dd51f8db41dbccf6c82da11311baa418ea738fdf
bailey2018-s1-0518,PMS1,,ENSG00000064933,pan_cancer,PANCAN,PMS1_PANCAN,possible oncogene,rescued,,0.96,PMID:29625053,DOI:10.1016/j.cell.2018.02.060,Table S1,Ensembl release 92,https://github.com/openvax/gene-lists,d0a2f0bcbc59e612fde6108df6cb28d469e0f90e,dbfb76d906e218dab2d94e90dd51f8db41dbccf6c82da11311baa418ea738fdf
bailey2018-s1-0519,PMS2,,ENSG00000122512,pan_cancer,PANCAN,PMS2_PANCAN,possible tsg,rescued,,1.05,PMID:29625053,DOI:10.1016/j.cell.2018.02.060,Table S1,Ensembl release 92,https://github.com/openvax/gene-lists,d0a2f0bcbc59e612fde6108df6cb28d469e0f90e,dbfb76d906e218dab2d94e90dd51f8db41dbccf6c82da11311baa418ea738fdf
bailey2018-s1-0520,POLE,,ENSG00000177084,pan_cancer,PANCAN,POLE_PANCAN,,rescued,,2.37,PMID:29625053,DOI:10.1016/j.cell.2018.02.060,Table S1,Ensembl release 92,https://github.com/openvax/gene-lists,d0a2f0bcbc59e612fde6108df6cb28d469e0f90e,dbfb76d906e218dab2d94e90dd51f8db41dbccf6c82da11311baa418ea738fdf
bailey2018-s1-0521,POLQ,,ENSG00000051341,pan_cancer,PANCAN,POLQ_PANCAN,,official,,3.03,PMID:29625053,DOI:10.1016/j.cell.2018.02.060,Table S1,Ensembl release 92,https://github.com/openvax/gene-lists,d0a2f0bcbc59e612fde6108df6cb28d469e0f90e,dbfb76d906e218dab2d94e90dd51f8db41dbccf6c82da11311baa418ea738fdf
bailey2018-s1-0522,POLRMT,,ENSG00000099821,source_cancer_code,CESC,POLRMT_CESC,oncogene,official,2.19,0.99,PMID:29625053,DOI:10.1016/j.cell.2018.02.060,Table S1,Ensembl release 92,https://github.com/openvax/gene-lists,d0a2f0bcbc59e612fde6108df6cb28d469e0f90e,dbfb76d906e218dab2d94e90dd51f8db41dbccf6c82da11311baa418ea738fdf
bailey2018-s1-0523,PPM1D,,ENSG00000170836,source_cancer_code,THCA,PPM1D_THCA,,official,0.81,0.66,PMID:29625053,DOI:10.1016/j.cell.2018.02.060,Table S1,Ensembl release 92,https://github.com/openvax/gene-lists,d0a2f0bcbc59e612fde6108df6cb28d469e0f90e,dbfb76d906e218dab2d94e90dd51f8db41dbccf6c82da11311baa418ea738fdf
bailey2018-s1-0524,PPP2R1A,,ENSG00000105568,pan_cancer,PANCAN,PPP2R1A_PANCAN,oncogene,official,,1.77,PMID:29625053,DOI:10.1016/j.cell.2018.02.060,Table S1,Ensembl release 92,https://github.com/openvax/gene-lists,d0a2f0bcbc59e612fde6108df6cb28d469e0f90e,dbfb76d906e218dab2d94e90dd51f8db41dbccf6c82da11311baa418ea738fdf
bailey2018-s1-0525,PPP2R1A,,ENSG00000105568,source_cancer_code,UCEC,PPP2R1A_UCEC,oncogene,official,16.41,1.77,PMID:29625053,DOI:10.1016/j.cell.2018.02.060,Table S1,Ensembl release 92,https://github.com/openvax/gene-lists,d0a2f0bcbc59e612fde6108df6cb28d469e0f90e,dbfb76d906e218dab2d94e90dd51f8db41dbccf6c82da11311baa418ea738fdf
bailey2018-s1-0526,PPP2R1A,,ENSG00000105568,source_cancer_code,UCS,PPP2R1A_UCS,oncogene,official,27.27,1.77,PMID:29625053,DOI:10.1016/j.cell.2018.02.060,Table S1,Ensembl release 92,https://github.com/openvax/gene-lists,d0a2f0bcbc59e612fde6108df6cb28d469e0f90e,dbfb76d906e218dab2d94e90dd51f8db41dbccf6c82da11311baa418ea738fdf
bailey2018-s1-0527,PPP6C,,ENSG00000119414,source_cancer_code,SKCM,PPP6C_SKCM,oncogene,official,7.11,0.68,PMID:29625053,DOI:10.1016/j.cell.2018.02.060,Table S1,Ensembl release 92,https://github.com/openvax/gene-lists,d0a2f0bcbc59e612fde6108df6cb28d469e0f90e,dbfb76d906e218dab2d94e90dd51f8db41dbccf6c82da11311baa418ea738fdf
bailey2018-s1-0528,PRKAR1A,,ENSG00000108946,source_cancer_code,ACC,PRKAR1A_ACC,tsg,official,5.56,0.64,PMID:29625053,DOI:10.1016/j.cell.2018.02.060,Table S1,Ensembl release 92,https://github.com/openvax/gene-lists,d0a2f0bcbc59e612fde6108df6cb28d469e0f90e,dbfb76d906e218dab2d94e90dd51f8db41dbccf6c82da11311baa418ea738fdf
bailey2018-s1-0529,PSIP1,,ENSG00000164985,source_cancer_code,BLCA,PSIP1_BLCA,tsg,official,4.92,0.99,PMID:29625053,DOI:10.1016/j.cell.2018.02.060,Table S1,Ensembl release 92,https://github.com/openvax/gene-lists,d0a2f0bcbc59e612fde6108df6cb28d469e0f90e,dbfb76d906e218dab2d94e90dd51f8db41dbccf6c82da11311baa418ea738fdf
bailey2018-s1-0530,PSIP1,,ENSG00000164985,pan_cancer,PANCAN,PSIP1_PANCAN,tsg,official,,0.99,PMID:29625053,DOI:10.1016/j.cell.2018.02.060,Table S1,Ensembl release 92,https://github.com/openvax/gene-lists,d0a2f0bcbc59e612fde6108df6cb28d469e0f90e,dbfb76d906e218dab2d94e90dd51f8db41dbccf6c82da11311baa418ea738fdf
bailey2018-s1-0531,PTCH1,,ENSG00000185920,pan_cancer,PANCAN,PTCH1_PANCAN,possible tsg,official,,1.82,PMID:29625053,DOI:10.1016/j.cell.2018.02.060,Table S1,Ensembl release 92,https://github.com/openvax/gene-lists,d0a2f0bcbc59e612fde6108df6cb28d469e0f90e,dbfb76d906e218dab2d94e90dd51f8db41dbccf6c82da11311baa418ea738fdf
bailey2018-s1-0532,PTCH1,,ENSG00000185920,source_cancer_code,ESCA,PTCH1_ESCA,tsg,official,3.49,1.82,PMID:29625053,DOI:10.1016/j.cell.2018.02.060,Table S1,Ensembl release 92,https://github.com/openvax/gene-lists,d0a2f0bcbc59e612fde6108df6cb28d469e0f90e,dbfb76d906e218dab2d94e90dd51f8db41dbccf6c82da11311baa418ea738fdf
bailey2018-s1-0533,PTEN,,ENSG00000171862,source_cancer_code,BLCA,PTEN_BLCA,tsg,official,3.63,7.47,PMID:29625053,DOI:10.1016/j.cell.2018.02.060,Table S1,Ensembl release 92,https://github.com/openvax/gene-lists,d0a2f0bcbc59e612fde6108df6cb28d469e0f90e,dbfb76d906e218dab2d94e90dd51f8db41dbccf6c82da11311baa418ea738fdf
bailey2018-s1-0534,PTEN,,ENSG00000171862,source_cancer_code,STAD,PTEN_STAD,possible tsg,official,4.20,7.47,PMID:29625053,DOI:10.1016/j.cell.2018.02.060,Table S1,Ensembl release 92,https://github.com/openvax/gene-lists,d0a2f0bcbc59e612fde6108df6cb28d469e0f90e,dbfb76d906e218dab2d94e90dd51f8db41dbccf6c82da11311baa418ea738fdf
bailey2018-s1-0535,PTEN,,ENSG00000171862,source_cancer_code,COADREAD,PTEN_COADREAD,tsg,official,4.43,7.47,PMID:29625053,DOI:10.1016/j.cell.2018.02.060,Table S1,Ensembl release 92,https://github.com/openvax/gene-lists,d0a2f0bcbc59e612fde6108df6cb28d469e0f90e,dbfb76d906e218dab2d94e90dd51f8db41dbccf6c82da11311baa418ea738fdf
bailey2018-s1-0536,PTEN,,ENSG00000171862,source_cancer_code,KICH,PTEN_KICH,tsg,official,9.23,7.47,PMID:29625053,DOI:10.1016/j.cell.2018.02.060,Table S1,Ensembl release 92,https://github.com/openvax/gene-lists,d0a2f0bcbc59e612fde6108df6cb28d469e0f90e,dbfb76d906e218dab2d94e90dd51f8db41dbccf6c82da11311baa418ea738fdf
bailey2018-s1-0537,PTEN,,ENSG00000171862,source_cancer_code,CESC,PTEN_CESC,tsg,official,9.12,7.47,PMID:29625053,DOI:10.1016/j.cell.2018.02.060,Table S1,Ensembl release 92,https://github.com/openvax/gene-lists,d0a2f0bcbc59e612fde6108df6cb28d469e0f90e,dbfb76d906e218dab2d94e90dd51f8db41dbccf6c82da11311baa418ea738fdf
bailey2018-s1-0538,PTEN,,ENSG00000171862,source_cancer_code,HNSC,PTEN_HNSC,tsg,official,2.39,7.47,PMID:29625053,DOI:10.1016/j.cell.2018.02.060,Table S1,Ensembl release 92,https://github.com/openvax/gene-lists,d0a2f0bcbc59e612fde6108df6cb28d469e0f90e,dbfb76d906e218dab2d94e90dd51f8db41dbccf6c82da11311baa418ea738fdf
bailey2018-s1-0539,PTEN,,ENSG00000171862,source_cancer_code,LUSC,PTEN_LUSC,tsg,official,11.21,7.47,PMID:29625053,DOI:10.1016/j.cell.2018.02.060,Table S1,Ensembl release 92,https://github.com/openvax/gene-lists,d0a2f0bcbc59e612fde6108df6cb28d469e0f90e,dbfb76d906e218dab2d94e90dd51f8db41dbccf6c82da11311baa418ea738fdf
bailey2018-s1-0540,PTEN,,ENSG00000171862,source_cancer_code,PRAD,PTEN_PRAD,possible tsg,official,3.77,7.47,PMID:29625053,DOI:10.1016/j.cell.2018.02.060,Table S1,Ensembl release 92,https://github.com/openvax/gene-lists,d0a2f0bcbc59e612fde6108df6cb28d469e0f90e,dbfb76d906e218dab2d94e90dd51f8db41dbccf6c82da11311baa418ea738fdf
bailey2018-s1-0541,PTEN,,ENSG00000171862,source_cancer_code,SKCM,PTEN_SKCM,tsg,official,9.72,7.47,PMID:29625053,DOI:10.1016/j.cell.2018.02.060,Table S1,Ensembl release 92,https://github.com/openvax/gene-lists,d0a2f0bcbc59e612fde6108df6cb28d469e0f90e,dbfb76d906e218dab2d94e90dd51f8db41dbccf6c82da11311baa418ea738fdf
bailey2018-s1-0542,PTEN,,ENSG00000171862,source_cancer_code,UCEC,PTEN_UCEC,tsg,official,59.85,7.47,PMID:29625053,DOI:10.1016/j.cell.2018.02.060,Table S1,Ensembl release 92,https://github.com/openvax/gene-lists,d0a2f0bcbc59e612fde6108df6cb28d469e0f90e,dbfb76d906e218dab2d94e90dd51f8db41dbccf6c82da11311baa418ea738fdf
bailey2018-s1-0543,PTEN,,ENSG00000171862,source_cancer_code,UCS,PTEN_UCS,tsg,official,16.36,7.47,PMID:29625053,DOI:10.1016/j.cell.2018.02.060,Table S1,Ensembl release 92,https://github.com/openvax/gene-lists,d0a2f0bcbc59e612fde6108df6cb28d469e0f90e,dbfb76d906e218dab2d94e90dd51f8db41dbccf6c82da11311baa418ea738fdf
bailey2018-s1-0544,PTEN,,ENSG00000171862,source_cancer_code,BRCA,PTEN_BRCA,tsg,official,5.78,7.47,PMID:29625053,DOI:10.1016/j.cell.2018.02.060,Table S1,Ensembl release 92,https://github.com/openvax/gene-lists,d0a2f0bcbc59e612fde6108df6cb28d469e0f90e,dbfb76d906e218dab2d94e90dd51f8db41dbccf6c82da11311baa418ea738fdf
bailey2018-s1-0545,PTEN,,ENSG00000171862,source_cancer_code,GBM,PTEN_GBM,tsg,official,32.48,7.47,PMID:29625053,DOI:10.1016/j.cell.2018.02.060,Table S1,Ensembl release 92,https://github.com/openvax/gene-lists,d0a2f0bcbc59e612fde6108df6cb28d469e0f90e,dbfb76d906e218dab2d94e90dd51f8db41dbccf6c82da11311baa418ea738fdf
bailey2018-s1-0546,PTEN,,ENSG00000171862,source_cancer_code,KIRC,PTEN_KIRC,possible tsg,official,4.08,7.47,PMID:29625053,DOI:10.1016/j.cell.2018.02.060,Table S1,Ensembl release 92,https://github.com/openvax/gene-lists,d0a2f0bcbc59e612fde6108df6cb28d469e0f90e,dbfb76d906e218dab2d94e90dd51f8db41dbccf6c82da11311baa418ea738fdf
bailey2018-s1-0547,PTEN,,ENSG00000171862,source_cancer_code,LGG,PTEN_LGG,possible tsg,official,4.71,7.47,PMID:29625053,DOI:10.1016/j.cell.2018.02.060,Table S1,Ensembl release 92,https://github.com/openvax/gene-lists,d0a2f0bcbc59e612fde6108df6cb28d469e0f90e,dbfb76d906e218dab2d94e90dd51f8db41dbccf6c82da11311baa418ea738fdf
bailey2018-s1-0548,PTEN,,ENSG00000171862,pan_cancer,PANCAN,PTEN_PANCAN,tsg,official,,7.47,PMID:29625053,DOI:10.1016/j.cell.2018.02.060,Table S1,Ensembl release 92,https://github.com/openvax/gene-lists,d0a2f0bcbc59e612fde6108df6cb28d469e0f90e,dbfb76d906e218dab2d94e90dd51f8db41dbccf6c82da11311baa418ea738fdf
bailey2018-s1-0549,PTMA,,ENSG00000187514,pan_cancer,PANCAN,PTMA_PANCAN,possible tsg,official,,0.72,PMID:29625053,DOI:10.1016/j.cell.2018.02.060,Table S1,Ensembl release 92,https://github.com/openvax/gene-lists,d0a2f0bcbc59e612fde6108df6cb28d469e0f90e,dbfb76d906e218dab2d94e90dd51f8db41dbccf6c82da11311baa418ea738fdf
bailey2018-s1-0550,PTMA,,ENSG00000187514,source_cancer_code,TGCT,PTMA_TGCT,possible tsg,official,5.52,0.72,PMID:29625053,DOI:10.1016/j.cell.2018.02.060,Table S1,Ensembl release 92,https://github.com/openvax/gene-lists,d0a2f0bcbc59e612fde6108df6cb28d469e0f90e,dbfb76d906e218dab2d94e90dd51f8db41dbccf6c82da11311baa418ea738fdf
bailey2018-s1-0551,PTPDC1,,ENSG00000158079,source_cancer_code,LAML,PTPDC1_LAML,oncogene,official,2.88,0.76,PMID:29625053,DOI:10.1016/j.cell.2018.02.060,Table S1,Ensembl release 92,https://github.com/openvax/gene-lists,d0a2f0bcbc59e612fde6108df6cb28d469e0f90e,dbfb76d906e218dab2d94e90dd51f8db41dbccf6c82da11311baa418ea738fdf
bailey2018-s1-0552,PTPN11,,ENSG00000179295,source_cancer_code,LAML,PTPN11_LAML,possible oncogene,official,2.88,0.89,PMID:29625053,DOI:10.1016/j.cell.2018.02.060,Table S1,Ensembl release 92,https://github.com/openvax/gene-lists,d0a2f0bcbc59e612fde6108df6cb28d469e0f90e,dbfb76d906e218dab2d94e90dd51f8db41dbccf6c82da11311baa418ea738fdf
bailey2018-s1-0553,PTPN11,,ENSG00000179295,source_cancer_code,LGG,PTPN11_LGG,possible oncogene,official,1.37,0.89,PMID:29625053,DOI:10.1016/j.cell.2018.02.060,Table S1,Ensembl release 92,https://github.com/openvax/gene-lists,d0a2f0bcbc59e612fde6108df6cb28d469e0f90e,dbfb76d906e218dab2d94e90dd51f8db41dbccf6c82da11311baa418ea738fdf
bailey2018-s1-0554,PTPN11,,ENSG00000179295,pan_cancer,PANCAN,PTPN11_PANCAN,oncogene,official,,0.89,PMID:29625053,DOI:10.1016/j.cell.2018.02.060,Table S1,Ensembl release 92,https://github.com/openvax/gene-lists,d0a2f0bcbc59e612fde6108df6cb28d469e0f90e,dbfb76d906e218dab2d94e90dd51f8db41dbccf6c82da11311baa418ea738fdf
bailey2018-s1-0555,PTPRC,,ENSG00000081237,pan_cancer,PANCAN,PTPRC_PANCAN,possible oncogene,rescued,,3.02,PMID:29625053,DOI:10.1016/j.cell.2018.02.060,Table S1,Ensembl release 92,https://github.com/openvax/gene-lists,d0a2f0bcbc59e612fde6108df6cb28d469e0f90e,dbfb76d906e218dab2d94e90dd51f8db41dbccf6c82da11311baa418ea738fdf
bailey2018-s1-0556,PTPRD,,ENSG00000153707,source_cancer_code,BRCA,PTPRD_BRCA,,official,2.18,4.86,PMID:29625053,DOI:10.1016/j.cell.2018.02.060,Table S1,Ensembl release 92,https://github.com/openvax/gene-lists,d0a2f0bcbc59e612fde6108df6cb28d469e0f90e,dbfb76d906e218dab2d94e90dd51f8db41dbccf6c82da11311baa418ea738fdf
bailey2018-s1-0557,RAC1,,ENSG00000136238,source_cancer_code,HNSC,RAC1_HNSC,oncogene,official,2.59,0.74,PMID:29625053,DOI:10.1016/j.cell.2018.02.060,Table S1,Ensembl release 92,https://github.com/openvax/gene-lists,d0a2f0bcbc59e612fde6108df6cb28d469e0f90e,dbfb76d906e218dab2d94e90dd51f8db41dbccf6c82da11311baa418ea738fdf
bailey2018-s1-0558,RAC1,,ENSG00000136238,pan_cancer,PANCAN,RAC1_PANCAN,oncogene,official,,0.74,PMID:29625053,DOI:10.1016/j.cell.2018.02.060,Table S1,Ensembl release 92,https://github.com/openvax/gene-lists,d0a2f0bcbc59e612fde6108df6cb28d469e0f90e,dbfb76d906e218dab2d94e90dd51f8db41dbccf6c82da11311baa418ea738fdf
bailey2018-s1-0559,RAC1,,ENSG00000136238,source_cancer_code,SKCM,RAC1_SKCM,oncogene,official,4.98,0.74,PMID:29625053,DOI:10.1016/j.cell.2018.02.060,Table S1,Ensembl release 92,https://github.com/openvax/gene-lists,d0a2f0bcbc59e612fde6108df6cb28d469e0f90e,dbfb76d906e218dab2d94e90dd51f8db41dbccf6c82da11311baa418ea738fdf
bailey2018-s1-0560,RAD21,,ENSG00000164754,source_cancer_code,LAML,RAD21_LAML,,rescued,0.00,1.08,PMID:29625053,DOI:10.1016/j.cell.2018.02.060,Table S1,Ensembl release 92,https://github.com/openvax/gene-lists,d0a2f0bcbc59e612fde6108df6cb28d469e0f90e,dbfb76d906e218dab2d94e90dd51f8db41dbccf6c82da11311baa418ea738fdf
bailey2018-s1-0561,RAF1,,ENSG00000132155,pan_cancer,PANCAN,RAF1_PANCAN,,rescued,,0.68,PMID:29625053,DOI:10.1016/j.cell.2018.02.060,Table S1,Ensembl release 92,https://github.com/openvax/gene-lists,d0a2f0bcbc59e612fde6108df6cb28d469e0f90e,dbfb76d906e218dab2d94e90dd51f8db41dbccf6c82da11311baa418ea738fdf
bailey2018-s1-0562,RARA,,ENSG00000131759,pan_cancer,PANCAN,RARA_PANCAN,,rescued,,0.69,PMID:29625053,DOI:10.1016/j.cell.2018.02.060,Table S1,Ensembl release 92,https://github.com/openvax/gene-lists,d0a2f0bcbc59e612fde6108df6cb28d469e0f90e,dbfb76d906e218dab2d94e90dd51f8db41dbccf6c82da11311baa418ea738fdf
bailey2018-s1-0563,RASA1,,ENSG00000145715,source_cancer_code,STAD,RASA1_STAD,tsg,official,2.52,1.80,PMID:29625053,DOI:10.1016/j.cell.2018.02.060,Table S1,Ensembl release 92,https://github.com/openvax/gene-lists,d0a2f0bcbc59e612fde6108df6cb28d469e0f90e,dbfb76d906e218dab2d94e90dd51f8db41dbccf6c82da11311baa418ea738fdf
bailey2018-s1-0564,RASA1,,ENSG00000145715,source_cancer_code,HNSC,RASA1_HNSC,possible tsg,official,3.39,1.80,PMID:29625053,DOI:10.1016/j.cell.2018.02.060,Table S1,Ensembl release 92,https://github.com/openvax/gene-lists,d0a2f0bcbc59e612fde6108df6cb28d469e0f90e,dbfb76d906e218dab2d94e90dd51f8db41dbccf6c82da11311baa418ea738fdf
bailey2018-s1-0565,RASA1,,ENSG00000145715,source_cancer_code,LUSC,RASA1_LUSC,tsg,official,6.47,1.80,PMID:29625053,DOI:10.1016/j.cell.2018.02.060,Table S1,Ensembl release 92,https://github.com/openvax/gene-lists,d0a2f0bcbc59e612fde6108df6cb28d469e0f90e,dbfb76d906e218dab2d94e90dd51f8db41dbccf6c82da11311baa418ea738fdf
bailey2018-s1-0566,RASA1,,ENSG00000145715,pan_cancer,PANCAN,RASA1_PANCAN,tsg,official,,1.80,PMID:29625053,DOI:10.1016/j.cell.2018.02.060,Table S1,Ensembl release 92,https://github.com/openvax/gene-lists,d0a2f0bcbc59e612fde6108df6cb28d469e0f90e,dbfb76d906e218dab2d94e90dd51f8db41dbccf6c82da11311baa418ea738fdf
bailey2018-s1-0567,RB1,,ENSG00000139687,source_cancer_code,UCS,RB1_UCS,tsg,official,7.27,3.70,PMID:29625053,DOI:10.1016/j.cell.2018.02.060,Table S1,Ensembl release 92,https://github.com/openvax/gene-lists,d0a2f0bcbc59e612fde6108df6cb28d469e0f90e,dbfb76d906e218dab2d94e90dd51f8db41dbccf6c82da11311baa418ea738fdf
bailey2018-s1-0568,RB1,,ENSG00000139687,source_cancer_code,SKCM,RB1_SKCM,tsg,official,3.55,3.70,PMID:29625053,DOI:10.1016/j.cell.2018.02.060,Table S1,Ensembl release 92,https://github.com/openvax/gene-lists,d0a2f0bcbc59e612fde6108df6cb28d469e0f90e,dbfb76d906e218dab2d94e90dd51f8db41dbccf6c82da11311baa418ea738fdf
bailey2018-s1-0569,RB1,,ENSG00000139687,source_cancer_code,UCEC,RB1_UCEC,tsg,official,6.82,3.70,PMID:29625053,DOI:10.1016/j.cell.2018.02.060,Table S1,Ensembl release 92,https://github.com/openvax/gene-lists,d0a2f0bcbc59e612fde6108df6cb28d469e0f90e,dbfb76d906e218dab2d94e90dd51f8db41dbccf6c82da11311baa418ea738fdf
bailey2018-s1-0570,RB1,,ENSG00000139687,source_cancer_code,LIHC,RB1_LIHC,possible tsg,official,5.08,3.70,PMID:29625053,DOI:10.1016/j.cell.2018.02.060,Table S1,Ensembl release 92,https://github.com/openvax/gene-lists,d0a2f0bcbc59e612fde6108df6cb28d469e0f90e,dbfb76d906e218dab2d94e90dd51f8db41dbccf6c82da11311baa418ea738fdf
bailey2018-s1-0571,RB1,,ENSG00000139687,source_cancer_code,HNSC,RB1_HNSC,possible tsg,official,3.39,3.70,PMID:29625053,DOI:10.1016/j.cell.2018.02.060,Table S1,Ensembl release 92,https://github.com/openvax/gene-lists,d0a2f0bcbc59e612fde6108df6cb28d469e0f90e,dbfb76d906e218dab2d94e90dd51f8db41dbccf6c82da11311baa418ea738fdf
bailey2018-s1-0572,RB1,,ENSG00000139687,source_cancer_code,BLCA,RB1_BLCA,tsg,official,18.39,3.70,PMID:29625053,DOI:10.1016/j.cell.2018.02.060,Table S1,Ensembl release 92,https://github.com/openvax/gene-lists,d0a2f0bcbc59e612fde6108df6cb28d469e0f90e,dbfb76d906e218dab2d94e90dd51f8db41dbccf6c82da11311baa418ea738fdf
bailey2018-s1-0573,RB1,,ENSG00000139687,source_cancer_code,LUAD,RB1_LUAD,tsg,official,4.64,3.70,PMID:29625053,DOI:10.1016/j.cell.2018.02.060,Table S1,Ensembl release 92,https://github.com/openvax/gene-lists,d0a2f0bcbc59e612fde6108df6cb28d469e0f90e,dbfb76d906e218dab2d94e90dd51f8db41dbccf6c82da11311baa418ea738fdf
bailey2018-s1-0574,RB1,,ENSG00000139687,pan_cancer,PANCAN,RB1_PANCAN,tsg,official,,3.70,PMID:29625053,DOI:10.1016/j.cell.2018.02.060,Table S1,Ensembl release 92,https://github.com/openvax/gene-lists,d0a2f0bcbc59e612fde6108df6cb28d469e0f90e,dbfb76d906e218dab2d94e90dd51f8db41dbccf6c82da11311baa418ea738fdf
bailey2018-s1-0575,RB1,,ENSG00000139687,source_cancer_code,CESC,RB1_CESC,tsg,official,5.84,3.70,PMID:29625053,DOI:10.1016/j.cell.2018.02.060,Table S1,Ensembl release 92,https://github.com/openvax/gene-lists,d0a2f0bcbc59e612fde6108df6cb28d469e0f90e,dbfb76d906e218dab2d94e90dd51f8db41dbccf6c82da11311baa418ea738fdf
bailey2018-s1-0576,RB1,,ENSG00000139687,source_cancer_code,LUSC,RB1_LUSC,tsg,official,6.90,3.70,PMID:29625053,DOI:10.1016/j.cell.2018.02.060,Table S1,Ensembl release 92,https://github.com/openvax/gene-lists,d0a2f0bcbc59e612fde6108df6cb28d469e0f90e,dbfb76d906e218dab2d94e90dd51f8db41dbccf6c82da11311baa418ea738fdf
bailey2018-s1-0577,RB1,,ENSG00000139687,source_cancer_code,OV,RB1_OV,tsg,official,3.68,3.70,PMID:29625053,DOI:10.1016/j.cell.2018.02.060,Table S1,Ensembl release 92,https://github.com/openvax/gene-lists,d0a2f0bcbc59e612fde6108df6cb28d469e0f90e,dbfb76d906e218dab2d94e90dd51f8db41dbccf6c82da11311baa418ea738fdf
bailey2018-s1-0578,RB1,,ENSG00000139687,source_cancer_code,BRCA,RB1_BRCA,tsg,official,2.70,3.70,PMID:29625053,DOI:10.1016/j.cell.2018.02.060,Table S1,Ensembl release 92,https://github.com/openvax/gene-lists,d0a2f0bcbc59e612fde6108df6cb28d469e0f90e,dbfb76d906e218dab2d94e90dd51f8db41dbccf6c82da11311baa418ea738fdf
bailey2018-s1-0579,RB1,,ENSG00000139687,source_cancer_code,GBM,RB1_GBM,tsg,official,8.68,3.70,PMID:29625053,DOI:10.1016/j.cell.2018.02.060,Table S1,Ensembl release 92,https://github.com/openvax/gene-lists,d0a2f0bcbc59e612fde6108df6cb28d469e0f90e,dbfb76d906e218dab2d94e90dd51f8db41dbccf6c82da11311baa418ea738fdf
bailey2018-s1-0580,RB1,,ENSG00000139687,source_cancer_code,SARC,RB1_SARC,tsg,official,10.29,3.70,PMID:29625053,DOI:10.1016/j.cell.2018.02.060,Table S1,Ensembl release 92,https://github.com/openvax/gene-lists,d0a2f0bcbc59e612fde6108df6cb28d469e0f90e,dbfb76d906e218dab2d94e90dd51f8db41dbccf6c82da11311baa418ea738fdf
bailey2018-s1-0581,RBM10,,ENSG00000182872,source_cancer_code,BLCA,RBM10_BLCA,tsg,official,4.40,1.37,PMID:29625053,DOI:10.1016/j.cell.2018.02.060,Table S1,Ensembl release 92,https://github.com/openvax/gene-lists,d0a2f0bcbc59e612fde6108df6cb28d469e0f90e,dbfb76d906e218dab2d94e90dd51f8db41dbccf6c82da11311baa418ea738fdf
bailey2018-s1-0582,RBM10,,ENSG00000182872,pan_cancer,PANCAN,RBM10_PANCAN,tsg,official,,1.37,PMID:29625053,DOI:10.1016/j.cell.2018.02.060,Table S1,Ensembl release 92,https://github.com/openvax/gene-lists,d0a2f0bcbc59e612fde6108df6cb28d469e0f90e,dbfb76d906e218dab2d94e90dd51f8db41dbccf6c82da11311baa418ea738fdf
bailey2018-s1-0583,RBM10,,ENSG00000182872,source_cancer_code,LUAD,RBM10_LUAD,tsg,official,6.96,1.37,PMID:29625053,DOI:10.1016/j.cell.2018.02.060,Table S1,Ensembl release 92,https://github.com/openvax/gene-lists,d0a2f0bcbc59e612fde6108df6cb28d469e0f90e,dbfb76d906e218dab2d94e90dd51f8db41dbccf6c82da11311baa418ea738fdf
bailey2018-s1-0584,RET,,ENSG00000165731,source_cancer_code,PCPG,RET_PCPG,oncogene,official,3.35,2.06,PMID:29625053,DOI:10.1016/j.cell.2018.02.060,Table S1,Ensembl release 92,https://github.com/openvax/gene-lists,d0a2f0bcbc59e612fde6108df6cb28d469e0f90e,dbfb76d906e218dab2d94e90dd51f8db41dbccf6c82da11311baa418ea738fdf
bailey2018-s1-0585,RFC1,,ENSG00000035928,source_cancer_code,UCS,RFC1_UCS,possible tsg,official,3.64,0.94,PMID:29625053,DOI:10.1016/j.cell.2018.02.060,Table S1,Ensembl release 92,https://github.com/openvax/gene-lists,d0a2f0bcbc59e612fde6108df6cb28d469e0f90e,dbfb76d906e218dab2d94e90dd51f8db41dbccf6c82da11311baa418ea738fdf
bailey2018-s1-0586,RHEB,,ENSG00000106615,pan_cancer,PANCAN,RHEB_PANCAN,,rescued,,0.31,PMID:29625053,DOI:10.1016/j.cell.2018.02.060,Table S1,Ensembl release 92,https://github.com/openvax/gene-lists,d0a2f0bcbc59e612fde6108df6cb28d469e0f90e,dbfb76d906e218dab2d94e90dd51f8db41dbccf6c82da11311baa418ea738fdf
bailey2018-s1-0587,RHOA,,ENSG00000067560,source_cancer_code,BLCA,RHOA_BLCA,oncogene,official,4.92,1.01,PMID:29625053,DOI:10.1016/j.cell.2018.02.060,Table S1,Ensembl release 92,https://github.com/openvax/gene-lists,d0a2f0bcbc59e612fde6108df6cb28d469e0f90e,dbfb76d906e218dab2d94e90dd51f8db41dbccf6c82da11311baa418ea738fdf
bailey2018-s1-0588,RHOA,,ENSG00000067560,source_cancer_code,HNSC,RHOA_HNSC,oncogene,official,1.99,1.01,PMID:29625053,DOI:10.1016/j.cell.2018.02.060,Table S1,Ensembl release 92,https://github.com/openvax/gene-lists,d0a2f0bcbc59e612fde6108df6cb28d469e0f90e,dbfb76d906e218dab2d94e90dd51f8db41dbccf6c82da11311baa418ea738fdf
bailey2018-s1-0589,RHOA,,ENSG00000067560,source_cancer_code,STAD,RHOA_STAD,oncogene,official,5.60,1.01,PMID:29625053,DOI:10.1016/j.cell.2018.02.060,Table S1,Ensembl release 92,https://github.com/openvax/gene-lists,d0a2f0bcbc59e612fde6108df6cb28d469e0f90e,dbfb76d906e218dab2d94e90dd51f8db41dbccf6c82da11311baa418ea738fdf
bailey2018-s1-0590,RHOA,,ENSG00000067560,pan_cancer,PANCAN,RHOA_PANCAN,oncogene,official,,1.01,PMID:29625053,DOI:10.1016/j.cell.2018.02.060,Table S1,Ensembl release 92,https://github.com/openvax/gene-lists,d0a2f0bcbc59e612fde6108df6cb28d469e0f90e,dbfb76d906e218dab2d94e90dd51f8db41dbccf6c82da11311baa418ea738fdf
bailey2018-s1-0591,RHOB,,ENSG00000143878,source_cancer_code,BLCA,RHOB_BLCA,oncogene,official,5.96,0.67,PMID:29625053,DOI:10.1016/j.cell.2018.02.060,Table S1,Ensembl release 92,https://github.com/openvax/gene-lists,d0a2f0bcbc59e612fde6108df6cb28d469e0f90e,dbfb76d906e218dab2d94e90dd51f8db41dbccf6c82da11311baa418ea738fdf
bailey2018-s1-0592,RIT1,,ENSG00000143622,source_cancer_code,LUAD,RIT1_LUAD,,official,2.09,0.36,PMID:29625053,DOI:10.1016/j.cell.2018.02.060,Table S1,Ensembl release 92,https://github.com/openvax/gene-lists,d0a2f0bcbc59e612fde6108df6cb28d469e0f90e,dbfb76d906e218dab2d94e90dd51f8db41dbccf6c82da11311baa418ea738fdf
bailey2018-s1-0593,RNF111,,ENSG00000157450,pan_cancer,PANCAN,RNF111_PANCAN,tsg,official,,1.08,PMID:29625053,DOI:10.1016/j.cell.2018.02.060,Table S1,Ensembl release 92,https://github.com/openvax/gene-lists,d0a2f0bcbc59e612fde6108df6cb28d469e0f90e,dbfb76d906e218dab2d94e90dd51f8db41dbccf6c82da11311baa418ea738fdf
bailey2018-s1-0594,RNF43,,ENSG00000108375,pan_cancer,PANCAN,RNF43_PANCAN,tsg,official,,1.78,PMID:29625053,DOI:10.1016/j.cell.2018.02.060,Table S1,Ensembl release 92,https://github.com/openvax/gene-lists,d0a2f0bcbc59e612fde6108df6cb28d469e0f90e,dbfb76d906e218dab2d94e90dd51f8db41dbccf6c82da11311baa418ea738fdf
bailey2018-s1-0595,RNF43,,ENSG00000108375,source_cancer_code,STAD,RNF43_STAD,possible tsg,official,3.36,1.78,PMID:29625053,DOI:10.1016/j.cell.2018.02.060,Table S1,Ensembl release 92,https://github.com/openvax/gene-lists,d0a2f0bcbc59e612fde6108df6cb28d469e0f90e,dbfb76d906e218dab2d94e90dd51f8db41dbccf6c82da11311baa418ea738fdf
bailey2018-s1-0596,RNF43,,ENSG00000108375,source_cancer_code,PAAD,RNF43_PAAD,tsg,official,5.81,1.78,PMID:29625053,DOI:10.1016/j.cell.2018.02.060,Table S1,Ensembl release 92,https://github.com/openvax/gene-lists,d0a2f0bcbc59e612fde6108df6cb28d469e0f90e,dbfb76d906e218dab2d94e90dd51f8db41dbccf6c82da11311baa418ea738fdf
bailey2018-s1-0597,RPL22,,ENSG00000116251,pan_cancer,PANCAN,RPL22_PANCAN,possible tsg,official,,0.74,PMID:29625053,DOI:10.1016/j.cell.2018.02.060,Table S1,Ensembl release 92,https://github.com/openvax/gene-lists,d0a2f0bcbc59e612fde6108df6cb28d469e0f90e,dbfb76d906e218dab2d94e90dd51f8db41dbccf6c82da11311baa418ea738fdf
bailey2018-s1-0598,RPL22,,ENSG00000116251,source_cancer_code,UCEC,RPL22_UCEC,,official,10.10,0.74,PMID:29625053,DOI:10.1016/j.cell.2018.02.060,Table S1,Ensembl release 92,https://github.com/openvax/gene-lists,d0a2f0bcbc59e612fde6108df6cb28d469e0f90e,dbfb76d906e218dab2d94e90dd51f8db41dbccf6c82da11311baa418ea738fdf
bailey2018-s1-0599,RPL5,,ENSG00000122406,pan_cancer,PANCAN,RPL5_PANCAN,tsg,official,,0.67,PMID:29625053,DOI:10.1016/j.cell.2018.02.060,Table S1,Ensembl release 92,https://github.com/openvax/gene-lists,d0a2f0bcbc59e612fde6108df6cb28d469e0f90e,dbfb76d906e218dab2d94e90dd51f8db41dbccf6c82da11311baa418ea738fdf
bailey2018-s1-0600,RPS6KA3,,ENSG00000177189,source_cancer_code,LIHC,RPS6KA3_LIHC,tsg,official,4.52,0.94,PMID:29625053,DOI:10.1016/j.cell.2018.02.060,Table S1,Ensembl release 92,https://github.com/openvax/gene-lists,d0a2f0bcbc59e612fde6108df6cb28d469e0f90e,dbfb76d906e218dab2d94e90dd51f8db41dbccf6c82da11311baa418ea738fdf
bailey2018-s1-0601,RQCD1,CNOT9,ENSG00000144580,pan_cancer,PANCAN,RQCD1_PANCAN,possible oncogene,official,,0.37,PMID:29625053,DOI:10.1016/j.cell.2018.02.060,Table S1,Ensembl release 92,https://github.com/openvax/gene-lists,d0a2f0bcbc59e612fde6108df6cb28d469e0f90e,dbfb76d906e218dab2d94e90dd51f8db41dbccf6c82da11311baa418ea738fdf
bailey2018-s1-0602,RQCD1,CNOT9,ENSG00000144580,source_cancer_code,SKCM,RQCD1_SKCM,oncogene,official,3.08,0.37,PMID:29625053,DOI:10.1016/j.cell.2018.02.060,Table S1,Ensembl release 92,https://github.com/openvax/gene-lists,d0a2f0bcbc59e612fde6108df6cb28d469e0f90e,dbfb76d906e218dab2d94e90dd51f8db41dbccf6c82da11311baa418ea738fdf
bailey2018-s1-0603,RRAS2,,ENSG00000133818,source_cancer_code,UCEC,RRAS2_UCEC,oncogene,official,1.52,0.26,PMID:29625053,DOI:10.1016/j.cell.2018.02.060,Table S1,Ensembl release 92,https://github.com/openvax/gene-lists,d0a2f0bcbc59e612fde6108df6cb28d469e0f90e,dbfb76d906e218dab2d94e90dd51f8db41dbccf6c82da11311baa418ea738fdf
bailey2018-s1-0604,RUNX1,,ENSG00000159216,pan_cancer,PANCAN,RUNX1_PANCAN,tsg,official,,1.37,PMID:29625053,DOI:10.1016/j.cell.2018.02.060,Table S1,Ensembl release 92,https://github.com/openvax/gene-lists,d0a2f0bcbc59e612fde6108df6cb28d469e0f90e,dbfb76d906e218dab2d94e90dd51f8db41dbccf6c82da11311baa418ea738fdf
bailey2018-s1-0605,RUNX1,,ENSG00000159216,source_cancer_code,BRCA,RUNX1_BRCA,tsg,official,5.01,1.37,PMID:29625053,DOI:10.1016/j.cell.2018.02.060,Table S1,Ensembl release 92,https://github.com/openvax/gene-lists,d0a2f0bcbc59e612fde6108df6cb28d469e0f90e,dbfb76d906e218dab2d94e90dd51f8db41dbccf6c82da11311baa418ea738fdf
bailey2018-s1-0606,RUNX1,,ENSG00000159216,source_cancer_code,LAML,RUNX1_LAML,tsg,official,6.47,1.37,PMID:29625053,DOI:10.1016/j.cell.2018.02.060,Table S1,Ensembl release 92,https://github.com/openvax/gene-lists,d0a2f0bcbc59e612fde6108df6cb28d469e0f90e,dbfb76d906e218dab2d94e90dd51f8db41dbccf6c82da11311baa418ea738fdf
bailey2018-s1-0607,RXRA,,ENSG00000186350,source_cancer_code,BLCA,RXRA_BLCA,oncogene,official,6.74,0.99,PMID:29625053,DOI:10.1016/j.cell.2018.02.060,Table S1,Ensembl release 92,https://github.com/openvax/gene-lists,d0a2f0bcbc59e612fde6108df6cb28d469e0f90e,dbfb76d906e218dab2d94e90dd51f8db41dbccf6c82da11311baa418ea738fdf
bailey2018-s1-0608,SCAF4,,ENSG00000156304,source_cancer_code,UCEC,SCAF4_UCEC,tsg,official,8.84,1.64,PMID:29625053,DOI:10.1016/j.cell.2018.02.060,Table S1,Ensembl release 92,https://github.com/openvax/gene-lists,d0a2f0bcbc59e612fde6108df6cb28d469e0f90e,dbfb76d906e218dab2d94e90dd51f8db41dbccf6c82da11311baa418ea738fdf
bailey2018-s1-0609,SCAF4,,ENSG00000156304,pan_cancer,PANCAN,SCAF4_PANCAN,tsg,official,,1.64,PMID:29625053,DOI:10.1016/j.cell.2018.02.060,Table S1,Ensembl release 92,https://github.com/openvax/gene-lists,d0a2f0bcbc59e612fde6108df6cb28d469e0f90e,dbfb76d906e218dab2d94e90dd51f8db41dbccf6c82da11311baa418ea738fdf
bailey2018-s1-0610,SETBP1,,ENSG00000152217,pan_cancer,PANCAN,SETBP1_PANCAN,possible oncogene,rescued,,2.65,PMID:29625053,DOI:10.1016/j.cell.2018.02.060,Table S1,Ensembl release 92,https://github.com/openvax/gene-lists,d0a2f0bcbc59e612fde6108df6cb28d469e0f90e,dbfb76d906e218dab2d94e90dd51f8db41dbccf6c82da11311baa418ea738fdf
bailey2018-s1-0611,SETD2,,ENSG00000181555,source_cancer_code,KIRP,SETD2_KIRP,tsg,official,6.55,3.38,PMID:29625053,DOI:10.1016/j.cell.2018.02.060,Table S1,Ensembl release 92,https://github.com/openvax/gene-lists,d0a2f0bcbc59e612fde6108df6cb28d469e0f90e,dbfb76d906e218dab2d94e90dd51f8db41dbccf6c82da11311baa418ea738fdf
bailey2018-s1-0612,SETD2,,ENSG00000181555,source_cancer_code,LGG,SETD2_LGG,possible tsg,official,1.76,3.38,PMID:29625053,DOI:10.1016/j.cell.2018.02.060,Table S1,Ensembl release 92,https://github.com/openvax/gene-lists,d0a2f0bcbc59e612fde6108df6cb28d469e0f90e,dbfb76d906e218dab2d94e90dd51f8db41dbccf6c82da11311baa418ea738fdf
bailey2018-s1-0613,SETD2,,ENSG00000181555,source_cancer_code,LUAD,SETD2_LUAD,tsg,official,6.73,3.38,PMID:29625053,DOI:10.1016/j.cell.2018.02.060,Table S1,Ensembl release 92,https://github.com/openvax/gene-lists,d0a2f0bcbc59e612fde6108df6cb28d469e0f90e,dbfb76d906e218dab2d94e90dd51f8db41dbccf6c82da11311baa418ea738fdf
bailey2018-s1-0614,SETD2,,ENSG00000181555,source_cancer_code,MESO,SETD2_MESO,tsg,official,9.88,3.38,PMID:29625053,DOI:10.1016/j.cell.2018.02.060,Table S1,Ensembl release 92,https://github.com/openvax/gene-lists,d0a2f0bcbc59e612fde6108df6cb28d469e0f90e,dbfb76d906e218dab2d94e90dd51f8db41dbccf6c82da11311baa418ea738fdf
bailey2018-s1-0615,SETD2,,ENSG00000181555,pan_cancer,PANCAN,SETD2_PANCAN,tsg,official,,3.38,PMID:29625053,DOI:10.1016/j.cell.2018.02.060,Table S1,Ensembl release 92,https://github.com/openvax/gene-lists,d0a2f0bcbc59e612fde6108df6cb28d469e0f90e,dbfb76d906e218dab2d94e90dd51f8db41dbccf6c82da11311baa418ea738fdf
bailey2018-s1-0616,SETD2,,ENSG00000181555,source_cancer_code,KIRC,SETD2_KIRC,tsg,official,13.86,3.38,PMID:29625053,DOI:10.1016/j.cell.2018.02.060,Table S1,Ensembl release 92,https://github.com/openvax/gene-lists,d0a2f0bcbc59e612fde6108df6cb28d469e0f90e,dbfb76d906e218dab2d94e90dd51f8db41dbccf6c82da11311baa418ea738fdf
bailey2018-s1-0617,SF1,,ENSG00000168066,source_cancer_code,BLCA,SF1_BLCA,oncogene,official,2.85,0.95,PMID:29625053,DOI:10.1016/j.cell.2018.02.060,Table S1,Ensembl release 92,https://github.com/openvax/gene-lists,d0a2f0bcbc59e612fde6108df6cb28d469e0f90e,dbfb76d906e218dab2d94e90dd51f8db41dbccf6c82da11311baa418ea738fdf
bailey2018-s1-0618,SF1,,ENSG00000168066,pan_cancer,PANCAN,SF1_PANCAN,possible oncogene,official,,0.95,PMID:29625053,DOI:10.1016/j.cell.2018.02.060,Table S1,Ensembl release 92,https://github.com/openvax/gene-lists,d0a2f0bcbc59e612fde6108df6cb28d469e0f90e,dbfb76d906e218dab2d94e90dd51f8db41dbccf6c82da11311baa418ea738fdf
bailey2018-s1-0619,SF3B1,,ENSG00000115524,source_cancer_code,BLCA,SF3B1_BLCA,oncogene,official,5.44,2.17,PMID:29625053,DOI:10.1016/j.cell.2018.02.060,Table S1,Ensembl release 92,https://github.com/openvax/gene-lists,d0a2f0bcbc59e612fde6108df6cb28d469e0f90e,dbfb76d906e218dab2d94e90dd51f8db41dbccf6c82da11311baa418ea738fdf
bailey2018-s1-0620,SF3B1,,ENSG00000115524,source_cancer_code,LAML,SF3B1_LAML,oncogene,official,3.60,2.17,PMID:29625053,DOI:10.1016/j.cell.2018.02.060,Table S1,Ensembl release 92,https://github.com/openvax/gene-lists,d0a2f0bcbc59e612fde6108df6cb28d469e0f90e,dbfb76d906e218dab2d94e90dd51f8db41dbccf6c82da11311baa418ea738fdf
bailey2018-s1-0621,SF3B1,,ENSG00000115524,pan_cancer,PANCAN,SF3B1_PANCAN,oncogene,official,,2.17,PMID:29625053,DOI:10.1016/j.cell.2018.02.060,Table S1,Ensembl release 92,https://github.com/openvax/gene-lists,d0a2f0bcbc59e612fde6108df6cb28d469e0f90e,dbfb76d906e218dab2d94e90dd51f8db41dbccf6c82da11311baa418ea738fdf
bailey2018-s1-0622,SF3B1,,ENSG00000115524,source_cancer_code,BRCA,SF3B1_BRCA,oncogene,official,2.05,2.17,PMID:29625053,DOI:10.1016/j.cell.2018.02.060,Table S1,Ensembl release 92,https://github.com/openvax/gene-lists,d0a2f0bcbc59e612fde6108df6cb28d469e0f90e,dbfb76d906e218dab2d94e90dd51f8db41dbccf6c82da11311baa418ea738fdf
bailey2018-s1-0623,SF3B1,,ENSG00000115524,source_cancer_code,UVM,SF3B1_UVM,oncogene,official,22.50,2.17,PMID:29625053,DOI:10.1016/j.cell.2018.02.060,Table S1,Ensembl release 92,https://github.com/openvax/gene-lists,d0a2f0bcbc59e612fde6108df6cb28d469e0f90e,dbfb76d906e218dab2d94e90dd51f8db41dbccf6c82da11311baa418ea738fdf
bailey2018-s1-0624,SIN3A,,ENSG00000169375,pan_cancer,PANCAN,SIN3A_PANCAN,possible tsg,official,,1.65,PMID:29625053,DOI:10.1016/j.cell.2018.02.060,Table S1,Ensembl release 92,https://github.com/openvax/gene-lists,d0a2f0bcbc59e612fde6108df6cb28d469e0f90e,dbfb76d906e218dab2d94e90dd51f8db41dbccf6c82da11311baa418ea738fdf
bailey2018-s1-0625,SIN3A,,ENSG00000169375,source_cancer_code,UCEC,SIN3A_UCEC,tsg,official,8.08,1.65,PMID:29625053,DOI:10.1016/j.cell.2018.02.060,Table S1,Ensembl release 92,https://github.com/openvax/gene-lists,d0a2f0bcbc59e612fde6108df6cb28d469e0f90e,dbfb76d906e218dab2d94e90dd51f8db41dbccf6c82da11311baa418ea738fdf
bailey2018-s1-0626,SMAD2,,ENSG00000175387,source_cancer_code,STAD,SMAD2_STAD,possible tsg,official,1.40,0.82,PMID:29625053,DOI:10.1016/j.cell.2018.02.060,Table S1,Ensembl release 92,https://github.com/openvax/gene-lists,d0a2f0bcbc59e612fde6108df6cb28d469e0f90e,dbfb76d906e218dab2d94e90dd51f8db41dbccf6c82da11311baa418ea738fdf
bailey2018-s1-0627,SMAD2,,ENSG00000175387,source_cancer_code,COADREAD,SMAD2_COADREAD,possible tsg,official,3.48,0.82,PMID:29625053,DOI:10.1016/j.cell.2018.02.060,Table S1,Ensembl release 92,https://github.com/openvax/gene-lists,d0a2f0bcbc59e612fde6108df6cb28d469e0f90e,dbfb76d906e218dab2d94e90dd51f8db41dbccf6c82da11311baa418ea738fdf
bailey2018-s1-0628,SMAD2,,ENSG00000175387,pan_cancer,PANCAN,SMAD2_PANCAN,possible tsg,official,,0.82,PMID:29625053,DOI:10.1016/j.cell.2018.02.060,Table S1,Ensembl release 92,https://github.com/openvax/gene-lists,d0a2f0bcbc59e612fde6108df6cb28d469e0f90e,dbfb76d906e218dab2d94e90dd51f8db41dbccf6c82da11311baa418ea738fdf
bailey2018-s1-0629,SMAD4,,ENSG00000141646,source_cancer_code,CESC,SMAD4_CESC,possible tsg,official,3.65,2.29,PMID:29625053,DOI:10.1016/j.cell.2018.02.060,Table S1,Ensembl release 92,https://github.com/openvax/gene-lists,d0a2f0bcbc59e612fde6108df6cb28d469e0f90e,dbfb76d906e218dab2d94e90dd51f8db41dbccf6c82da11311baa418ea738fdf
bailey2018-s1-0630,SMAD4,,ENSG00000141646,source_cancer_code,ESCA,SMAD4_ESCA,possible tsg,official,6.40,2.29,PMID:29625053,DOI:10.1016/j.cell.2018.02.060,Table S1,Ensembl release 92,https://github.com/openvax/gene-lists,d0a2f0bcbc59e612fde6108df6cb28d469e0f90e,dbfb76d906e218dab2d94e90dd51f8db41dbccf6c82da11311baa418ea738fdf
bailey2018-s1-0631,SMAD4,,ENSG00000141646,source_cancer_code,COADREAD,SMAD4_COADREAD,tsg,official,12.03,2.29,PMID:29625053,DOI:10.1016/j.cell.2018.02.060,Table S1,Ensembl release 92,https://github.com/openvax/gene-lists,d0a2f0bcbc59e612fde6108df6cb28d469e0f90e,dbfb76d906e218dab2d94e90dd51f8db41dbccf6c82da11311baa418ea738fdf
bailey2018-s1-0632,SMAD4,,ENSG00000141646,pan_cancer,PANCAN,SMAD4_PANCAN,tsg,official,,2.29,PMID:29625053,DOI:10.1016/j.cell.2018.02.060,Table S1,Ensembl release 92,https://github.com/openvax/gene-lists,d0a2f0bcbc59e612fde6108df6cb28d469e0f90e,dbfb76d906e218dab2d94e90dd51f8db41dbccf6c82da11311baa418ea738fdf
bailey2018-s1-0633,SMAD4,,ENSG00000141646,source_cancer_code,PAAD,SMAD4_PAAD,tsg,official,23.23,2.29,PMID:29625053,DOI:10.1016/j.cell.2018.02.060,Table S1,Ensembl release 92,https://github.com/openvax/gene-lists,d0a2f0bcbc59e612fde6108df6cb28d469e0f90e,dbfb76d906e218dab2d94e90dd51f8db41dbccf6c82da11311baa418ea738fdf
bailey2018-s1-0634,SMAD4,,ENSG00000141646,source_cancer_code,STAD,SMAD4_STAD,oncogene,official,7.84,2.29,PMID:29625053,DOI:10.1016/j.cell.2018.02.060,Table S1,Ensembl release 92,https://github.com/openvax/gene-lists,d0a2f0bcbc59e612fde6108df6cb28d469e0f90e,dbfb76d906e218dab2d94e90dd51f8db41dbccf6c82da11311baa418ea738fdf
bailey2018-s1-0635,SMARCA1,,ENSG00000102038,pan_cancer,PANCAN,SMARCA1_PANCAN,tsg,official,,1.53,PMID:29625053,DOI:10.1016/j.cell.2018.02.060,Table S1,Ensembl release 92,https://github.com/openvax/gene-lists,d0a2f0bcbc59e612fde6108df6cb28d469e0f90e,dbfb76d906e218dab2d94e90dd51f8db41dbccf6c82da11311baa418ea738fdf
bailey2018-s1-0636,SMARCA4,,ENSG00000127616,source_cancer_code,LIHC,SMARCA4_LIHC,possible oncogene,official,2.82,3.29,PMID:29625053,DOI:10.1016/j.cell.2018.02.060,Table S1,Ensembl release 92,https://github.com/openvax/gene-lists,d0a2f0bcbc59e612fde6108df6cb28d469e0f90e,dbfb76d906e218dab2d94e90dd51f8db41dbccf6c82da11311baa418ea738fdf
bailey2018-s1-0637,SMARCA4,,ENSG00000127616,pan_cancer,PANCAN,SMARCA4_PANCAN,possible oncogene,official,,3.29,PMID:29625053,DOI:10.1016/j.cell.2018.02.060,Table S1,Ensembl release 92,https://github.com/openvax/gene-lists,d0a2f0bcbc59e612fde6108df6cb28d469e0f90e,dbfb76d906e218dab2d94e90dd51f8db41dbccf6c82da11311baa418ea738fdf
bailey2018-s1-0638,SMARCA4,,ENSG00000127616,source_cancer_code,LGG,SMARCA4_LGG,possible oncogene,official,4.90,3.29,PMID:29625053,DOI:10.1016/j.cell.2018.02.060,Table S1,Ensembl release 92,https://github.com/openvax/gene-lists,d0a2f0bcbc59e612fde6108df6cb28d469e0f90e,dbfb76d906e218dab2d94e90dd51f8db41dbccf6c82da11311baa418ea738fdf
bailey2018-s1-0639,SMARCA4,,ENSG00000127616,source_cancer_code,LUAD,SMARCA4_LUAD,possible tsg,official,7.19,3.29,PMID:29625053,DOI:10.1016/j.cell.2018.02.060,Table S1,Ensembl release 92,https://github.com/openvax/gene-lists,d0a2f0bcbc59e612fde6108df6cb28d469e0f90e,dbfb76d906e218dab2d94e90dd51f8db41dbccf6c82da11311baa418ea738fdf
bailey2018-s1-0640,SMARCB1,,ENSG00000099956,source_cancer_code,KIRP,SMARCB1_KIRP,possible oncogene,official,2.18,0.64,PMID:29625053,DOI:10.1016/j.cell.2018.02.060,Table S1,Ensembl release 92,https://github.com/openvax/gene-lists,d0a2f0bcbc59e612fde6108df6cb28d469e0f90e,dbfb76d906e218dab2d94e90dd51f8db41dbccf6c82da11311baa418ea738fdf
bailey2018-s1-0641,SMC1A,,ENSG00000072501,source_cancer_code,UCEC,SMC1A_UCEC,oncogene,official,5.30,1.39,PMID:29625053,DOI:10.1016/j.cell.2018.02.060,Table S1,Ensembl release 92,https://github.com/openvax/gene-lists,d0a2f0bcbc59e612fde6108df6cb28d469e0f90e,dbfb76d906e218dab2d94e90dd51f8db41dbccf6c82da11311baa418ea738fdf
bailey2018-s1-0642,SMC1A,,ENSG00000072501,source_cancer_code,LAML,SMC1A_LAML,oncogene,official,2.88,1.39,PMID:29625053,DOI:10.1016/j.cell.2018.02.060,Table S1,Ensembl release 92,https://github.com/openvax/gene-lists,d0a2f0bcbc59e612fde6108df6cb28d469e0f90e,dbfb76d906e218dab2d94e90dd51f8db41dbccf6c82da11311baa418ea738fdf
bailey2018-s1-0643,SMC3,,ENSG00000108055,source_cancer_code,LAML,SMC3_LAML,possible oncogene,rescued,0.72,1.09,PMID:29625053,DOI:10.1016/j.cell.2018.02.060,Table S1,Ensembl release 92,https://github.com/openvax/gene-lists,d0a2f0bcbc59e612fde6108df6cb28d469e0f90e,dbfb76d906e218dab2d94e90dd51f8db41dbccf6c82da11311baa418ea738fdf
bailey2018-s1-0644,SOS1,,ENSG00000115904,pan_cancer,PANCAN,SOS1_PANCAN,oncogene,official,,1.45,PMID:29625053,DOI:10.1016/j.cell.2018.02.060,Table S1,Ensembl release 92,https://github.com/openvax/gene-lists,d0a2f0bcbc59e612fde6108df6cb28d469e0f90e,dbfb76d906e218dab2d94e90dd51f8db41dbccf6c82da11311baa418ea738fdf
bailey2018-s1-0645,SOS1,,ENSG00000115904,source_cancer_code,UCEC,SOS1_UCEC,oncogene,official,4.29,1.45,PMID:29625053,DOI:10.1016/j.cell.2018.02.060,Table S1,Ensembl release 92,https://github.com/openvax/gene-lists,d0a2f0bcbc59e612fde6108df6cb28d469e0f90e,dbfb76d906e218dab2d94e90dd51f8db41dbccf6c82da11311baa418ea738fdf
bailey2018-s1-0646,SOX17,,ENSG00000164736,pan_cancer,PANCAN,SOX17_PANCAN,possible oncogene,official,,0.82,PMID:29625053,DOI:10.1016/j.cell.2018.02.060,Table S1,Ensembl release 92,https://github.com/openvax/gene-lists,d0a2f0bcbc59e612fde6108df6cb28d469e0f90e,dbfb76d906e218dab2d94e90dd51f8db41dbccf6c82da11311baa418ea738fdf
bailey2018-s1-0647,SOX17,,ENSG00000164736,source_cancer_code,UCEC,SOX17_UCEC,possible oncogene,official,4.80,0.82,PMID:29625053,DOI:10.1016/j.cell.2018.02.060,Table S1,Ensembl release 92,https://github.com/openvax/gene-lists,d0a2f0bcbc59e612fde6108df6cb28d469e0f90e,dbfb76d906e218dab2d94e90dd51f8db41dbccf6c82da11311baa418ea738fdf
bailey2018-s1-0648,SOX9,,ENSG00000125398,pan_cancer,PANCAN,SOX9_PANCAN,possible tsg,official,,1.43,PMID:29625053,DOI:10.1016/j.cell.2018.02.060,Table S1,Ensembl release 92,https://github.com/openvax/gene-lists,d0a2f0bcbc59e612fde6108df6cb28d469e0f90e,dbfb76d906e218dab2d94e90dd51f8db41dbccf6c82da11311baa418ea738fdf
bailey2018-s1-0649,SOX9,,ENSG00000125398,source_cancer_code,COADREAD,SOX9_COADREAD,tsg,official,12.97,1.43,PMID:29625053,DOI:10.1016/j.cell.2018.02.060,Table S1,Ensembl release 92,https://github.com/openvax/gene-lists,d0a2f0bcbc59e612fde6108df6cb28d469e0f90e,dbfb76d906e218dab2d94e90dd51f8db41dbccf6c82da11311baa418ea738fdf
bailey2018-s1-0650,SPOP,,ENSG00000121067,pan_cancer,PANCAN,SPOP_PANCAN,oncogene,official,,1.62,PMID:29625053,DOI:10.1016/j.cell.2018.02.060,Table S1,Ensembl release 92,https://github.com/openvax/gene-lists,d0a2f0bcbc59e612fde6108df6cb28d469e0f90e,dbfb76d906e218dab2d94e90dd51f8db41dbccf6c82da11311baa418ea738fdf
bailey2018-s1-0651,SPOP,,ENSG00000121067,source_cancer_code,UCEC,SPOP_UCEC,oncogene,official,9.34,1.62,PMID:29625053,DOI:10.1016/j.cell.2018.02.060,Table S1,Ensembl release 92,https://github.com/openvax/gene-lists,d0a2f0bcbc59e612fde6108df6cb28d469e0f90e,dbfb76d906e218dab2d94e90dd51f8db41dbccf6c82da11311baa418ea738fdf
bailey2018-s1-0652,SPOP,,ENSG00000121067,source_cancer_code,PRAD,SPOP_PRAD,oncogene,official,11.53,1.62,PMID:29625053,DOI:10.1016/j.cell.2018.02.060,Table S1,Ensembl release 92,https://github.com/openvax/gene-lists,d0a2f0bcbc59e612fde6108df6cb28d469e0f90e,dbfb76d906e218dab2d94e90dd51f8db41dbccf6c82da11311baa418ea738fdf
bailey2018-s1-0653,SPTA1,,ENSG00000163554,source_cancer_code,GBM,SPTA1_GBM,possible tsg,official,9.00,8.81,PMID:29625053,DOI:10.1016/j.cell.2018.02.060,Table S1,Ensembl release 92,https://github.com/openvax/gene-lists,d0a2f0bcbc59e612fde6108df6cb28d469e0f90e,dbfb76d906e218dab2d94e90dd51f8db41dbccf6c82da11311baa418ea738fdf
bailey2018-s1-0654,SPTAN1,,ENSG00000197694,source_cancer_code,BLCA,SPTAN1_BLCA,tsg,official,13.21,2.72,PMID:29625053,DOI:10.1016/j.cell.2018.02.060,Table S1,Ensembl release 92,https://github.com/openvax/gene-lists,d0a2f0bcbc59e612fde6108df6cb28d469e0f90e,dbfb76d906e218dab2d94e90dd51f8db41dbccf6c82da11311baa418ea738fdf
bailey2018-s1-0655,SRSF2,,ENSG00000161547,source_cancer_code,UVM,SRSF2_UVM,,official,3.75,0.57,PMID:29625053,DOI:10.1016/j.cell.2018.02.060,Table S1,Ensembl release 92,https://github.com/openvax/gene-lists,d0a2f0bcbc59e612fde6108df6cb28d469e0f90e,dbfb76d906e218dab2d94e90dd51f8db41dbccf6c82da11311baa418ea738fdf
bailey2018-s1-0656,STAG2,,ENSG00000101972,pan_cancer,PANCAN,STAG2_PANCAN,tsg,official,,2.41,PMID:29625053,DOI:10.1016/j.cell.2018.02.060,Table S1,Ensembl release 92,https://github.com/openvax/gene-lists,d0a2f0bcbc59e612fde6108df6cb28d469e0f90e,dbfb76d906e218dab2d94e90dd51f8db41dbccf6c82da11311baa418ea738fdf
bailey2018-s1-0657,STAG2,,ENSG00000101972,source_cancer_code,BLCA,STAG2_BLCA,tsg,official,15.54,2.41,PMID:29625053,DOI:10.1016/j.cell.2018.02.060,Table S1,Ensembl release 92,https://github.com/openvax/gene-lists,d0a2f0bcbc59e612fde6108df6cb28d469e0f90e,dbfb76d906e218dab2d94e90dd51f8db41dbccf6c82da11311baa418ea738fdf
bailey2018-s1-0658,STAG2,,ENSG00000101972,source_cancer_code,GBM,STAG2_GBM,tsg,official,4.18,2.41,PMID:29625053,DOI:10.1016/j.cell.2018.02.060,Table S1,Ensembl release 92,https://github.com/openvax/gene-lists,d0a2f0bcbc59e612fde6108df6cb28d469e0f90e,dbfb76d906e218dab2d94e90dd51f8db41dbccf6c82da11311baa418ea738fdf
bailey2018-s1-0659,STK11,,ENSG00000118046,source_cancer_code,CESC,STK11_CESC,tsg,official,5.11,1.39,PMID:29625053,DOI:10.1016/j.cell.2018.02.060,Table S1,Ensembl release 92,https://github.com/openvax/gene-lists,d0a2f0bcbc59e612fde6108df6cb28d469e0f90e,dbfb76d906e218dab2d94e90dd51f8db41dbccf6c82da11311baa418ea738fdf
bailey2018-s1-0660,STK11,,ENSG00000118046,pan_cancer,PANCAN,STK11_PANCAN,tsg,official,,1.39,PMID:29625053,DOI:10.1016/j.cell.2018.02.060,Table S1,Ensembl release 92,https://github.com/openvax/gene-lists,d0a2f0bcbc59e612fde6108df6cb28d469e0f90e,dbfb76d906e218dab2d94e90dd51f8db41dbccf6c82da11311baa418ea738fdf
bailey2018-s1-0661,STK11,,ENSG00000118046,source_cancer_code,LUAD,STK11_LUAD,tsg,official,16.24,1.39,PMID:29625053,DOI:10.1016/j.cell.2018.02.060,Table S1,Ensembl release 92,https://github.com/openvax/gene-lists,d0a2f0bcbc59e612fde6108df6cb28d469e0f90e,dbfb76d906e218dab2d94e90dd51f8db41dbccf6c82da11311baa418ea738fdf
bailey2018-s1-0662,TAF1,,ENSG00000147133,source_cancer_code,UCEC,TAF1_UCEC,oncogene,official,12.12,2.64,PMID:29625053,DOI:10.1016/j.cell.2018.02.060,Table S1,Ensembl release 92,https://github.com/openvax/gene-lists,d0a2f0bcbc59e612fde6108df6cb28d469e0f90e,dbfb76d906e218dab2d94e90dd51f8db41dbccf6c82da11311baa418ea738fdf
bailey2018-s1-0663,TBL1XR1,,ENSG00000177565,pan_cancer,PANCAN,TBL1XR1_PANCAN,possible tsg,rescued,,1.05,PMID:29625053,DOI:10.1016/j.cell.2018.02.060,Table S1,Ensembl release 92,https://github.com/openvax/gene-lists,d0a2f0bcbc59e612fde6108df6cb28d469e0f90e,dbfb76d906e218dab2d94e90dd51f8db41dbccf6c82da11311baa418ea738fdf
bailey2018-s1-0664,TBX3,,ENSG00000135111,pan_cancer,PANCAN,TBX3_PANCAN,possible tsg,official,,1.38,PMID:29625053,DOI:10.1016/j.cell.2018.02.060,Table S1,Ensembl release 92,https://github.com/openvax/gene-lists,d0a2f0bcbc59e612fde6108df6cb28d469e0f90e,dbfb76d906e218dab2d94e90dd51f8db41dbccf6c82da11311baa418ea738fdf
bailey2018-s1-0665,TBX3,,ENSG00000135111,source_cancer_code,BRCA,TBX3_BRCA,possible tsg,official,3.08,1.38,PMID:29625053,DOI:10.1016/j.cell.2018.02.060,Table S1,Ensembl release 92,https://github.com/openvax/gene-lists,d0a2f0bcbc59e612fde6108df6cb28d469e0f90e,dbfb76d906e218dab2d94e90dd51f8db41dbccf6c82da11311baa418ea738fdf
bailey2018-s1-0666,TCEB1,ELOC,ENSG00000154582,source_cancer_code,KIRC,TCEB1_KIRC,possible tsg,official,1.09,0.19,PMID:29625053,DOI:10.1016/j.cell.2018.02.060,Table S1,Ensembl release 92,https://github.com/openvax/gene-lists,d0a2f0bcbc59e612fde6108df6cb28d469e0f90e,dbfb76d906e218dab2d94e90dd51f8db41dbccf6c82da11311baa418ea738fdf
bailey2018-s1-0667,TCF12,,ENSG00000140262,source_cancer_code,GBM,TCF12_GBM,possible tsg,official,1.61,1.06,PMID:29625053,DOI:10.1016/j.cell.2018.02.060,Table S1,Ensembl release 92,https://github.com/openvax/gene-lists,d0a2f0bcbc59e612fde6108df6cb28d469e0f90e,dbfb76d906e218dab2d94e90dd51f8db41dbccf6c82da11311baa418ea738fdf
bailey2018-s1-0668,TCF12,,ENSG00000140262,pan_cancer,PANCAN,TCF12_PANCAN,tsg,official,,1.06,PMID:29625053,DOI:10.1016/j.cell.2018.02.060,Table S1,Ensembl release 92,https://github.com/openvax/gene-lists,d0a2f0bcbc59e612fde6108df6cb28d469e0f90e,dbfb76d906e218dab2d94e90dd51f8db41dbccf6c82da11311baa418ea738fdf
bailey2018-s1-0669,TCF12,,ENSG00000140262,source_cancer_code,LGG,TCF12_LGG,possible tsg,official,2.75,1.06,PMID:29625053,DOI:10.1016/j.cell.2018.02.060,Table S1,Ensembl release 92,https://github.com/openvax/gene-lists,d0a2f0bcbc59e612fde6108df6cb28d469e0f90e,dbfb76d906e218dab2d94e90dd51f8db41dbccf6c82da11311baa418ea738fdf
bailey2018-s1-0670,TCF7L2,,ENSG00000148737,source_cancer_code,COADREAD,TCF7L2_COADREAD,tsg,official,10.13,1.29,PMID:29625053,DOI:10.1016/j.cell.2018.02.060,Table S1,Ensembl release 92,https://github.com/openvax/gene-lists,d0a2f0bcbc59e612fde6108df6cb28d469e0f90e,dbfb76d906e218dab2d94e90dd51f8db41dbccf6c82da11311baa418ea738fdf
bailey2018-s1-0671,TET2,,ENSG00000168769,source_cancer_code,LAML,TET2_LAML,,rescued,0.00,1.93,PMID:29625053,DOI:10.1016/j.cell.2018.02.060,Table S1,Ensembl release 92,https://github.com/openvax/gene-lists,d0a2f0bcbc59e612fde6108df6cb28d469e0f90e,dbfb76d906e218dab2d94e90dd51f8db41dbccf6c82da11311baa418ea738fdf
bailey2018-s1-0672,TGFBR2,,ENSG00000163513,source_cancer_code,CESC,TGFBR2_CESC,possible tsg,official,3.28,1.51,PMID:29625053,DOI:10.1016/j.cell.2018.02.060,Table S1,Ensembl release 92,https://github.com/openvax/gene-lists,d0a2f0bcbc59e612fde6108df6cb28d469e0f90e,dbfb76d906e218dab2d94e90dd51f8db41dbccf6c82da11311baa418ea738fdf
bailey2018-s1-0673,TGFBR2,,ENSG00000163513,source_cancer_code,PAAD,TGFBR2_PAAD,tsg,official,4.52,1.51,PMID:29625053,DOI:10.1016/j.cell.2018.02.060,Table S1,Ensembl release 92,https://github.com/openvax/gene-lists,d0a2f0bcbc59e612fde6108df6cb28d469e0f90e,dbfb76d906e218dab2d94e90dd51f8db41dbccf6c82da11311baa418ea738fdf
bailey2018-s1-0674,TGFBR2,,ENSG00000163513,source_cancer_code,HNSC,TGFBR2_HNSC,possible tsg,official,4.78,1.51,PMID:29625053,DOI:10.1016/j.cell.2018.02.060,Table S1,Ensembl release 92,https://github.com/openvax/gene-lists,d0a2f0bcbc59e612fde6108df6cb28d469e0f90e,dbfb76d906e218dab2d94e90dd51f8db41dbccf6c82da11311baa418ea738fdf
bailey2018-s1-0675,TGFBR2,,ENSG00000163513,pan_cancer,PANCAN,TGFBR2_PANCAN,tsg,official,,1.51,PMID:29625053,DOI:10.1016/j.cell.2018.02.060,Table S1,Ensembl release 92,https://github.com/openvax/gene-lists,d0a2f0bcbc59e612fde6108df6cb28d469e0f90e,dbfb76d906e218dab2d94e90dd51f8db41dbccf6c82da11311baa418ea738fdf
bailey2018-s1-0676,TGIF1,,ENSG00000177426,source_cancer_code,COADREAD,TGIF1_COADREAD,possible tsg,official,4.11,0.66,PMID:29625053,DOI:10.1016/j.cell.2018.02.060,Table S1,Ensembl release 92,https://github.com/openvax/gene-lists,d0a2f0bcbc59e612fde6108df6cb28d469e0f90e,dbfb76d906e218dab2d94e90dd51f8db41dbccf6c82da11311baa418ea738fdf
bailey2018-s1-0677,THRAP3,,ENSG00000054118,pan_cancer,PANCAN,THRAP3_PANCAN,tsg,official,,1.17,PMID:29625053,DOI:10.1016/j.cell.2018.02.060,Table S1,Ensembl release 92,https://github.com/openvax/gene-lists,d0a2f0bcbc59e612fde6108df6cb28d469e0f90e,dbfb76d906e218dab2d94e90dd51f8db41dbccf6c82da11311baa418ea738fdf
bailey2018-s1-0678,TLR4,,ENSG00000136869,pan_cancer,PANCAN,TLR4_PANCAN,,rescued,,2.96,PMID:29625053,DOI:10.1016/j.cell.2018.02.060,Table S1,Ensembl release 92,https://github.com/openvax/gene-lists,d0a2f0bcbc59e612fde6108df6cb28d469e0f90e,dbfb76d906e218dab2d94e90dd51f8db41dbccf6c82da11311baa418ea738fdf
bailey2018-s1-0679,TMSB4X,,ENSG00000205542,source_cancer_code,DLBC,TMSB4X_DLBC,possible tsg,official,18.92,0.31,PMID:29625053,DOI:10.1016/j.cell.2018.02.060,Table S1,Ensembl release 92,https://github.com/openvax/gene-lists,d0a2f0bcbc59e612fde6108df6cb28d469e0f90e,dbfb76d906e218dab2d94e90dd51f8db41dbccf6c82da11311baa418ea738fdf
bailey2018-s1-0680,TNFAIP3,,ENSG00000118503,source_cancer_code,DLBC,TNFAIP3_DLBC,tsg,official,16.22,1.01,PMID:29625053,DOI:10.1016/j.cell.2018.02.060,Table S1,Ensembl release 92,https://github.com/openvax/gene-lists,d0a2f0bcbc59e612fde6108df6cb28d469e0f90e,dbfb76d906e218dab2d94e90dd51f8db41dbccf6c82da11311baa418ea738fdf
bailey2018-s1-0681,TP53,,ENSG00000141510,source_cancer_code,THYM,TP53_THYM,possible tsg,official,2.48,37.53,PMID:29625053,DOI:10.1016/j.cell.2018.02.060,Table S1,Ensembl release 92,https://github.com/openvax/gene-lists,d0a2f0bcbc59e612fde6108df6cb28d469e0f90e,dbfb76d906e218dab2d94e90dd51f8db41dbccf6c82da11311baa418ea738fdf
bailey2018-s1-0682,TP53,,ENSG00000141510,source_cancer_code,DLBC,TP53_DLBC,tsg,official,13.51,37.53,PMID:29625053,DOI:10.1016/j.cell.2018.02.060,Table S1,Ensembl release 92,https://github.com/openvax/gene-lists,d0a2f0bcbc59e612fde6108df6cb28d469e0f90e,dbfb76d906e218dab2d94e90dd51f8db41dbccf6c82da11311baa418ea738fdf
bailey2018-s1-0683,TP53,,ENSG00000141510,source_cancer_code,LAML,TP53_LAML,possible tsg,official,6.47,37.53,PMID:29625053,DOI:10.1016/j.cell.2018.02.060,Table S1,Ensembl release 92,https://github.com/openvax/gene-lists,d0a2f0bcbc59e612fde6108df6cb28d469e0f90e,dbfb76d906e218dab2d94e90dd51f8db41dbccf6c82da11311baa418ea738fdf
bailey2018-s1-0684,TP53,,ENSG00000141510,source_cancer_code,KIRC,TP53_KIRC,possible tsg,official,3.26,37.53,PMID:29625053,DOI:10.1016/j.cell.2018.02.060,Table S1,Ensembl release 92,https://github.com/openvax/gene-lists,d0a2f0bcbc59e612fde6108df6cb28d469e0f90e,dbfb76d906e218dab2d94e90dd51f8db41dbccf6c82da11311baa418ea738fdf
bailey2018-s1-0685,TP53,,ENSG00000141510,source_cancer_code,UCEC,TP53_UCEC,possible tsg,official,40.91,37.53,PMID:29625053,DOI:10.1016/j.cell.2018.02.060,Table S1,Ensembl release 92,https://github.com/openvax/gene-lists,d0a2f0bcbc59e612fde6108df6cb28d469e0f90e,dbfb76d906e218dab2d94e90dd51f8db41dbccf6c82da11311baa418ea738fdf
bailey2018-s1-0686,TP53,,ENSG00000141510,source_cancer_code,ACC,TP53_ACC,tsg,official,17.78,37.53,PMID:29625053,DOI:10.1016/j.cell.2018.02.060,Table S1,Ensembl release 92,https://github.com/openvax/gene-lists,d0a2f0bcbc59e612fde6108df6cb28d469e0f90e,dbfb76d906e218dab2d94e90dd51f8db41dbccf6c82da11311baa418ea738fdf
bailey2018-s1-0687,TP53,,ENSG00000141510,source_cancer_code,BLCA,TP53_BLCA,possible tsg,official,48.45,37.53,PMID:29625053,DOI:10.1016/j.cell.2018.02.060,Table S1,Ensembl release 92,https://github.com/openvax/gene-lists,d0a2f0bcbc59e612fde6108df6cb28d469e0f90e,dbfb76d906e218dab2d94e90dd51f8db41dbccf6c82da11311baa418ea738fdf
bailey2018-s1-0688,TP53,,ENSG00000141510,source_cancer_code,MESO,TP53_MESO,tsg,official,17.28,37.53,PMID:29625053,DOI:10.1016/j.cell.2018.02.060,Table S1,Ensembl release 92,https://github.com/openvax/gene-lists,d0a2f0bcbc59e612fde6108df6cb28d469e0f90e,dbfb76d906e218dab2d94e90dd51f8db41dbccf6c82da11311baa418ea738fdf
bailey2018-s1-0689,TP53,,ENSG00000141510,pan_cancer,PANCAN,TP53_PANCAN,tsg,official,,37.53,PMID:29625053,DOI:10.1016/j.cell.2018.02.060,Table S1,Ensembl release 92,https://github.com/openvax/gene-lists,d0a2f0bcbc59e612fde6108df6cb28d469e0f90e,dbfb76d906e218dab2d94e90dd51f8db41dbccf6c82da11311baa418ea738fdf
bailey2018-s1-0690,TP53,,ENSG00000141510,source_cancer_code,CESC,TP53_CESC,possible tsg,official,6.93,37.53,PMID:29625053,DOI:10.1016/j.cell.2018.02.060,Table S1,Ensembl release 92,https://github.com/openvax/gene-lists,d0a2f0bcbc59e612fde6108df6cb28d469e0f90e,dbfb76d906e218dab2d94e90dd51f8db41dbccf6c82da11311baa418ea738fdf
bailey2018-s1-0691,TP53,,ENSG00000141510,source_cancer_code,KICH,TP53_KICH,tsg,official,32.31,37.53,PMID:29625053,DOI:10.1016/j.cell.2018.02.060,Table S1,Ensembl release 92,https://github.com/openvax/gene-lists,d0a2f0bcbc59e612fde6108df6cb28d469e0f90e,dbfb76d906e218dab2d94e90dd51f8db41dbccf6c82da11311baa418ea738fdf
bailey2018-s1-0692,TP53,,ENSG00000141510,source_cancer_code,SKCM,TP53_SKCM,tsg,official,11.37,37.53,PMID:29625053,DOI:10.1016/j.cell.2018.02.060,Table S1,Ensembl release 92,https://github.com/openvax/gene-lists,d0a2f0bcbc59e612fde6108df6cb28d469e0f90e,dbfb76d906e218dab2d94e90dd51f8db41dbccf6c82da11311baa418ea738fdf
bailey2018-s1-0693,TP53,,ENSG00000141510,source_cancer_code,LUAD,TP53_LUAD,possible tsg,official,46.87,37.53,PMID:29625053,DOI:10.1016/j.cell.2018.02.060,Table S1,Ensembl release 92,https://github.com/openvax/gene-lists,d0a2f0bcbc59e612fde6108df6cb28d469e0f90e,dbfb76d906e218dab2d94e90dd51f8db41dbccf6c82da11311baa418ea738fdf
bailey2018-s1-0694,TP53,,ENSG00000141510,source_cancer_code,LUSC,TP53_LUSC,tsg,official,86.85,37.53,PMID:29625053,DOI:10.1016/j.cell.2018.02.060,Table S1,Ensembl release 92,https://github.com/openvax/gene-lists,d0a2f0bcbc59e612fde6108df6cb28d469e0f90e,dbfb76d906e218dab2d94e90dd51f8db41dbccf6c82da11311baa418ea738fdf
bailey2018-s1-0695,TP53,,ENSG00000141510,source_cancer_code,STAD,TP53_STAD,tsg,official,52.38,37.53,PMID:29625053,DOI:10.1016/j.cell.2018.02.060,Table S1,Ensembl release 92,https://github.com/openvax/gene-lists,d0a2f0bcbc59e612fde6108df6cb28d469e0f90e,dbfb76d906e218dab2d94e90dd51f8db41dbccf6c82da11311baa418ea738fdf
bailey2018-s1-0696,TP53,,ENSG00000141510,source_cancer_code,BRCA,TP53_BRCA,tsg,official,33.76,37.53,PMID:29625053,DOI:10.1016/j.cell.2018.02.060,Table S1,Ensembl release 92,https://github.com/openvax/gene-lists,d0a2f0bcbc59e612fde6108df6cb28d469e0f90e,dbfb76d906e218dab2d94e90dd51f8db41dbccf6c82da11311baa418ea738fdf
bailey2018-s1-0697,TP53,,ENSG00000141510,source_cancer_code,COADREAD,TP53_COADREAD,tsg,official,72.78,37.53,PMID:29625053,DOI:10.1016/j.cell.2018.02.060,Table S1,Ensembl release 92,https://github.com/openvax/gene-lists,d0a2f0bcbc59e612fde6108df6cb28d469e0f90e,dbfb76d906e218dab2d94e90dd51f8db41dbccf6c82da11311baa418ea738fdf
bailey2018-s1-0698,TP53,,ENSG00000141510,source_cancer_code,ESCA,TP53_ESCA,tsg,official,87.79,37.53,PMID:29625053,DOI:10.1016/j.cell.2018.02.060,Table S1,Ensembl release 92,https://github.com/openvax/gene-lists,d0a2f0bcbc59e612fde6108df6cb28d469e0f90e,dbfb76d906e218dab2d94e90dd51f8db41dbccf6c82da11311baa418ea738fdf
bailey2018-s1-0699,TP53,,ENSG00000141510,source_cancer_code,GBM,TP53_GBM,possible oncogene,official,29.26,37.53,PMID:29625053,DOI:10.1016/j.cell.2018.02.060,Table S1,Ensembl release 92,https://github.com/openvax/gene-lists,d0a2f0bcbc59e612fde6108df6cb28d469e0f90e,dbfb76d906e218dab2d94e90dd51f8db41dbccf6c82da11311baa418ea738fdf
bailey2018-s1-0700,TP53,,ENSG00000141510,source_cancer_code,HNSC,TP53_HNSC,tsg,official,70.92,37.53,PMID:29625053,DOI:10.1016/j.cell.2018.02.060,Table S1,Ensembl release 92,https://github.com/openvax/gene-lists,d0a2f0bcbc59e612fde6108df6cb28d469e0f90e,dbfb76d906e218dab2d94e90dd51f8db41dbccf6c82da11311baa418ea738fdf
bailey2018-s1-0701,TP53,,ENSG00000141510,source_cancer_code,LIHC,TP53_LIHC,tsg,official,31.36,37.53,PMID:29625053,DOI:10.1016/j.cell.2018.02.060,Table S1,Ensembl release 92,https://github.com/openvax/gene-lists,d0a2f0bcbc59e612fde6108df6cb28d469e0f90e,dbfb76d906e218dab2d94e90dd51f8db41dbccf6c82da11311baa418ea738fdf
bailey2018-s1-0702,TP53,,ENSG00000141510,source_cancer_code,OV,TP53_OV,tsg,official,91.18,37.53,PMID:29625053,DOI:10.1016/j.cell.2018.02.060,Table S1,Ensembl release 92,https://github.com/openvax/gene-lists,d0a2f0bcbc59e612fde6108df6cb28d469e0f90e,dbfb76d906e218dab2d94e90dd51f8db41dbccf6c82da11311baa418ea738fdf
bailey2018-s1-0703,TP53,,ENSG00000141510,source_cancer_code,PRAD,TP53_PRAD,possible oncogene,official,11.95,37.53,PMID:29625053,DOI:10.1016/j.cell.2018.02.060,Table S1,Ensembl release 92,https://github.com/openvax/gene-lists,d0a2f0bcbc59e612fde6108df6cb28d469e0f90e,dbfb76d906e218dab2d94e90dd51f8db41dbccf6c82da11311baa418ea738fdf
bailey2018-s1-0704,TP53,,ENSG00000141510,source_cancer_code,LGG,TP53_LGG,possible oncogene,official,48.63,37.53,PMID:29625053,DOI:10.1016/j.cell.2018.02.060,Table S1,Ensembl release 92,https://github.com/openvax/gene-lists,d0a2f0bcbc59e612fde6108df6cb28d469e0f90e,dbfb76d906e218dab2d94e90dd51f8db41dbccf6c82da11311baa418ea738fdf
bailey2018-s1-0705,TP53,,ENSG00000141510,source_cancer_code,PAAD,TP53_PAAD,tsg,official,68.39,37.53,PMID:29625053,DOI:10.1016/j.cell.2018.02.060,Table S1,Ensembl release 92,https://github.com/openvax/gene-lists,d0a2f0bcbc59e612fde6108df6cb28d469e0f90e,dbfb76d906e218dab2d94e90dd51f8db41dbccf6c82da11311baa418ea738fdf
bailey2018-s1-0706,TP53,,ENSG00000141510,source_cancer_code,SARC,TP53_SARC,tsg,official,34.31,37.53,PMID:29625053,DOI:10.1016/j.cell.2018.02.060,Table S1,Ensembl release 92,https://github.com/openvax/gene-lists,d0a2f0bcbc59e612fde6108df6cb28d469e0f90e,dbfb76d906e218dab2d94e90dd51f8db41dbccf6c82da11311baa418ea738fdf
bailey2018-s1-0707,TP53,,ENSG00000141510,source_cancer_code,UCS,TP53_UCS,tsg,official,92.73,37.53,PMID:29625053,DOI:10.1016/j.cell.2018.02.060,Table S1,Ensembl release 92,https://github.com/openvax/gene-lists,d0a2f0bcbc59e612fde6108df6cb28d469e0f90e,dbfb76d906e218dab2d94e90dd51f8db41dbccf6c82da11311baa418ea738fdf
bailey2018-s1-0708,TRAF3,,ENSG00000131323,pan_cancer,PANCAN,TRAF3_PANCAN,tsg,official,,0.82,PMID:29625053,DOI:10.1016/j.cell.2018.02.060,Table S1,Ensembl release 92,https://github.com/openvax/gene-lists,d0a2f0bcbc59e612fde6108df6cb28d469e0f90e,dbfb76d906e218dab2d94e90dd51f8db41dbccf6c82da11311baa418ea738fdf
bailey2018-s1-0709,TSC1,,ENSG00000165699,pan_cancer,PANCAN,TSC1_PANCAN,tsg,official,,1.52,PMID:29625053,DOI:10.1016/j.cell.2018.02.060,Table S1,Ensembl release 92,https://github.com/openvax/gene-lists,d0a2f0bcbc59e612fde6108df6cb28d469e0f90e,dbfb76d906e218dab2d94e90dd51f8db41dbccf6c82da11311baa418ea738fdf
bailey2018-s1-0710,TSC1,,ENSG00000165699,source_cancer_code,BLCA,TSC1_BLCA,tsg,official,9.33,1.52,PMID:29625053,DOI:10.1016/j.cell.2018.02.060,Table S1,Ensembl release 92,https://github.com/openvax/gene-lists,d0a2f0bcbc59e612fde6108df6cb28d469e0f90e,dbfb76d906e218dab2d94e90dd51f8db41dbccf6c82da11311baa418ea738fdf
bailey2018-s1-0711,TSC2,,ENSG00000103197,source_cancer_code,LIHC,TSC2_LIHC,tsg,official,3.39,2.11,PMID:29625053,DOI:10.1016/j.cell.2018.02.060,Table S1,Ensembl release 92,https://github.com/openvax/gene-lists,d0a2f0bcbc59e612fde6108df6cb28d469e0f90e,dbfb76d906e218dab2d94e90dd51f8db41dbccf6c82da11311baa418ea738fdf
bailey2018-s1-0712,TXNIP,,ENSG00000265972,source_cancer_code,BLCA,TXNIP_BLCA,possible tsg,official,4.15,0.94,PMID:29625053,DOI:10.1016/j.cell.2018.02.060,Table S1,Ensembl release 92,https://github.com/openvax/gene-lists,d0a2f0bcbc59e612fde6108df6cb28d469e0f90e,dbfb76d906e218dab2d94e90dd51f8db41dbccf6c82da11311baa418ea738fdf
bailey2018-s1-0713,U2AF1,,ENSG00000160201,source_cancer_code,UCEC,U2AF1_UCEC,oncogene,official,2.78,0.84,PMID:29625053,DOI:10.1016/j.cell.2018.02.060,Table S1,Ensembl release 92,https://github.com/openvax/gene-lists,d0a2f0bcbc59e612fde6108df6cb28d469e0f90e,dbfb76d906e218dab2d94e90dd51f8db41dbccf6c82da11311baa418ea738fdf
bailey2018-s1-0714,U2AF1,,ENSG00000160201,source_cancer_code,LAML,U2AF1_LAML,oncogene,official,3.60,0.84,PMID:29625053,DOI:10.1016/j.cell.2018.02.060,Table S1,Ensembl release 92,https://github.com/openvax/gene-lists,d0a2f0bcbc59e612fde6108df6cb28d469e0f90e,dbfb76d906e218dab2d94e90dd51f8db41dbccf6c82da11311baa418ea738fdf
bailey2018-s1-0715,U2AF1,,ENSG00000160201,source_cancer_code,PAAD,U2AF1_PAAD,oncogene,official,1.94,0.84,PMID:29625053,DOI:10.1016/j.cell.2018.02.060,Table S1,Ensembl release 92,https://github.com/openvax/gene-lists,d0a2f0bcbc59e612fde6108df6cb28d469e0f90e,dbfb76d906e218dab2d94e90dd51f8db41dbccf6c82da11311baa418ea738fdf
bailey2018-s1-0716,U2AF1,,ENSG00000160201,pan_cancer,PANCAN,U2AF1_PANCAN,oncogene,official,,0.84,PMID:29625053,DOI:10.1016/j.cell.2018.02.060,Table S1,Ensembl release 92,https://github.com/openvax/gene-lists,d0a2f0bcbc59e612fde6108df6cb28d469e0f90e,dbfb76d906e218dab2d94e90dd51f8db41dbccf6c82da11311baa418ea738fdf
bailey2018-s1-0717,U2AF1,,ENSG00000160201,source_cancer_code,LUAD,U2AF1_LUAD,oncogene,official,3.25,0.84,PMID:29625053,DOI:10.1016/j.cell.2018.02.060,Table S1,Ensembl release 92,https://github.com/openvax/gene-lists,d0a2f0bcbc59e612fde6108df6cb28d469e0f90e,dbfb76d906e218dab2d94e90dd51f8db41dbccf6c82da11311baa418ea738fdf
bailey2018-s1-0718,UNCX,,ENSG00000164853,pan_cancer,PANCAN,UNCX_PANCAN,possible oncogene,official,,0.21,PMID:29625053,DOI:10.1016/j.cell.2018.02.060,Table S1,Ensembl release 92,https://github.com/openvax/gene-lists,d0a2f0bcbc59e612fde6108df6cb28d469e0f90e,dbfb76d906e218dab2d94e90dd51f8db41dbccf6c82da11311baa418ea738fdf
bailey2018-s1-0719,USP9X,,ENSG00000124486,pan_cancer,PANCAN,USP9X_PANCAN,tsg,official,,2.81,PMID:29625053,DOI:10.1016/j.cell.2018.02.060,Table S1,Ensembl release 92,https://github.com/openvax/gene-lists,d0a2f0bcbc59e612fde6108df6cb28d469e0f90e,dbfb76d906e218dab2d94e90dd51f8db41dbccf6c82da11311baa418ea738fdf
bailey2018-s1-0720,VHL,,ENSG00000134086,pan_cancer,PANCAN,VHL_PANCAN,tsg,official,,2.22,PMID:29625053,DOI:10.1016/j.cell.2018.02.060,Table S1,Ensembl release 92,https://github.com/openvax/gene-lists,d0a2f0bcbc59e612fde6108df6cb28d469e0f90e,dbfb76d906e218dab2d94e90dd51f8db41dbccf6c82da11311baa418ea738fdf
bailey2018-s1-0721,VHL,,ENSG00000134086,source_cancer_code,KIRC,VHL_KIRC,tsg,official,46.20,2.22,PMID:29625053,DOI:10.1016/j.cell.2018.02.060,Table S1,Ensembl release 92,https://github.com/openvax/gene-lists,d0a2f0bcbc59e612fde6108df6cb28d469e0f90e,dbfb76d906e218dab2d94e90dd51f8db41dbccf6c82da11311baa418ea738fdf
bailey2018-s1-0722,WHSC1,NSD2,ENSG00000109685,source_cancer_code,LIHC,WHSC1_LIHC,oncogene,official,2.54,1.56,PMID:29625053,DOI:10.1016/j.cell.2018.02.060,Table S1,Ensembl release 92,https://github.com/openvax/gene-lists,d0a2f0bcbc59e612fde6108df6cb28d469e0f90e,dbfb76d906e218dab2d94e90dd51f8db41dbccf6c82da11311baa418ea738fdf
bailey2018-s1-0723,WT1,,ENSG00000184937,pan_cancer,PANCAN,WT1_PANCAN,possible oncogene,official,,1.41,PMID:29625053,DOI:10.1016/j.cell.2018.02.060,Table S1,Ensembl release 92,https://github.com/openvax/gene-lists,d0a2f0bcbc59e612fde6108df6cb28d469e0f90e,dbfb76d906e218dab2d94e90dd51f8db41dbccf6c82da11311baa418ea738fdf
bailey2018-s1-0724,WT1,,ENSG00000184937,source_cancer_code,LAML,WT1_LAML,possible tsg,official,2.16,1.41,PMID:29625053,DOI:10.1016/j.cell.2018.02.060,Table S1,Ensembl release 92,https://github.com/openvax/gene-lists,d0a2f0bcbc59e612fde6108df6cb28d469e0f90e,dbfb76d906e218dab2d94e90dd51f8db41dbccf6c82da11311baa418ea738fdf
bailey2018-s1-0725,XPO1,,ENSG00000082898,source_cancer_code,LIHC,XPO1_LIHC,oncogene,official,1.69,1.00,PMID:29625053,DOI:10.1016/j.cell.2018.02.060,Table S1,Ensembl release 92,https://github.com/openvax/gene-lists,d0a2f0bcbc59e612fde6108df6cb28d469e0f90e,dbfb76d906e218dab2d94e90dd51f8db41dbccf6c82da11311baa418ea738fdf
bailey2018-s1-0726,ZBTB20,,ENSG00000181722,source_cancer_code,LGG,ZBTB20_LGG,possible tsg,official,4.12,1.91,PMID:29625053,DOI:10.1016/j.cell.2018.02.060,Table S1,Ensembl release 92,https://github.com/openvax/gene-lists,d0a2f0bcbc59e612fde6108df6cb28d469e0f90e,dbfb76d906e218dab2d94e90dd51f8db41dbccf6c82da11311baa418ea738fdf
bailey2018-s1-0727,ZBTB7B,,ENSG00000160685,source_cancer_code,UCS,ZBTB7B_UCS,tsg,official,10.91,1.06,PMID:29625053,DOI:10.1016/j.cell.2018.02.060,Table S1,Ensembl release 92,https://github.com/openvax/gene-lists,d0a2f0bcbc59e612fde6108df6cb28d469e0f90e,dbfb76d906e218dab2d94e90dd51f8db41dbccf6c82da11311baa418ea738fdf
bailey2018-s1-0728,ZC3H12A,,ENSG00000163874,pan_cancer,PANCAN,ZC3H12A_PANCAN,,official,,0.86,PMID:29625053,DOI:10.1016/j.cell.2018.02.060,Table S1,Ensembl release 92,https://github.com/openvax/gene-lists,d0a2f0bcbc59e612fde6108df6cb28d469e0f90e,dbfb76d906e218dab2d94e90dd51f8db41dbccf6c82da11311baa418ea738fdf
bailey2018-s1-0729,ZCCHC12,,ENSG00000174460,source_cancer_code,LGG,ZCCHC12_LGG,oncogene,official,1.57,0.88,PMID:29625053,DOI:10.1016/j.cell.2018.02.060,Table S1,Ensembl release 92,https://github.com/openvax/gene-lists,d0a2f0bcbc59e612fde6108df6cb28d469e0f90e,dbfb76d906e218dab2d94e90dd51f8db41dbccf6c82da11311baa418ea738fdf
bailey2018-s1-0730,ZFHX3,,ENSG00000140836,source_cancer_code,UCEC,ZFHX3_UCEC,possible tsg,official,19.95,4.46,PMID:29625053,DOI:10.1016/j.cell.2018.02.060,Table S1,Ensembl release 92,https://github.com/openvax/gene-lists,d0a2f0bcbc59e612fde6108df6cb28d469e0f90e,dbfb76d906e218dab2d94e90dd51f8db41dbccf6c82da11311baa418ea738fdf
bailey2018-s1-0731,ZFP36L1,,ENSG00000185650,source_cancer_code,BLCA,ZFP36L1_BLCA,possible tsg,official,9.59,1.84,PMID:29625053,DOI:10.1016/j.cell.2018.02.060,Table S1,Ensembl release 92,https://github.com/openvax/gene-lists,d0a2f0bcbc59e612fde6108df6cb28d469e0f90e,dbfb76d906e218dab2d94e90dd51f8db41dbccf6c82da11311baa418ea738fdf
bailey2018-s1-0732,ZFP36L2,,ENSG00000152518,source_cancer_code,COADREAD,ZFP36L2_COADREAD,possible tsg,official,3.80,0.98,PMID:29625053,DOI:10.1016/j.cell.2018.02.060,Table S1,Ensembl release 92,https://github.com/openvax/gene-lists,d0a2f0bcbc59e612fde6108df6cb28d469e0f90e,dbfb76d906e218dab2d94e90dd51f8db41dbccf6c82da11311baa418ea738fdf
bailey2018-s1-0733,ZFP36L2,,ENSG00000152518,pan_cancer,PANCAN,ZFP36L2_PANCAN,possible tsg,official,,0.98,PMID:29625053,DOI:10.1016/j.cell.2018.02.060,Table S1,Ensembl release 92,https://github.com/openvax/gene-lists,d0a2f0bcbc59e612fde6108df6cb28d469e0f90e,dbfb76d906e218dab2d94e90dd51f8db41dbccf6c82da11311baa418ea738fdf
bailey2018-s1-0734,ZMYM2,,ENSG00000121741,source_cancer_code,UCEC,ZMYM2_UCEC,tsg,official,6.57,1.23,PMID:29625053,DOI:10.1016/j.cell.2018.02.060,Table S1,Ensembl release 92,https://github.com/openvax/gene-lists,d0a2f0bcbc59e612fde6108df6cb28d469e0f90e,dbfb76d906e218dab2d94e90dd51f8db41dbccf6c82da11311baa418ea738fdf
bailey2018-s1-0735,ZMYM3,,ENSG00000147130,source_cancer_code,PRAD,ZMYM3_PRAD,tsg,official,1.68,1.85,PMID:29625053,DOI:10.1016/j.cell.2018.02.060,Table S1,Ensembl release 92,https://github.com/openvax/gene-lists,d0a2f0bcbc59e612fde6108df6cb28d469e0f90e,dbfb76d906e218dab2d94e90dd51f8db41dbccf6c82da11311baa418ea738fdf
bailey2018-s1-0736,ZNF133,,ENSG00000125846,source_cancer_code,OV,ZNF133_OV,oncogene,official,2.94,0.61,PMID:29625053,DOI:10.1016/j.cell.2018.02.060,Table S1,Ensembl release 92,https://github.com/openvax/gene-lists,d0a2f0bcbc59e612fde6108df6cb28d469e0f90e,dbfb76d906e218dab2d94e90dd51f8db41dbccf6c82da11311baa418ea738fdf
bailey2018-s1-0737,ZNF750,,ENSG00000141579,pan_cancer,PANCAN,ZNF750_PANCAN,possible tsg,official,,1.15,PMID:29625053,DOI:10.1016/j.cell.2018.02.060,Table S1,Ensembl release 92,https://github.com/openvax/gene-lists,d0a2f0bcbc59e612fde6108df6cb28d469e0f90e,dbfb76d906e218dab2d94e90dd51f8db41dbccf6c82da11311baa418ea738fdf
bailey2018-s1-0738,ZNF750,,ENSG00000141579,source_cancer_code,ESCA,ZNF750_ESCA,possible tsg,official,6.98,1.15,PMID:29625053,DOI:10.1016/j.cell.2018.02.060,Table S1,Ensembl release 92,https://github.com/openvax/gene-lists,d0a2f0bcbc59e612fde6108df6cb28d469e0f90e,dbfb76d906e218dab2d94e90dd51f8db41dbccf6c82da11311baa418ea738fdf
bailey2018-s1-0739,ZNF750,,ENSG00000141579,source_cancer_code,HNSC,ZNF750_HNSC,possible tsg,official,3.78,1.15,PMID:29625053,DOI:10.1016/j.cell.2018.02.060,Table S1,Ensembl release 92,https://github.com/openvax/gene-lists,d0a2f0bcbc59e612fde6108df6cb28d469e0f90e,dbfb76d906e218dab2d94e90dd51f8db41dbccf6c82da11311baa418ea738fdf
