record_id,gene_symbol,aliases,ensembl_gene_id,ensembl_transcript_id,protein_change,variant_notation,scope_kind,source_scope,pmid,doi,source_locator,identifier_release,upstream_repository,upstream_ref,source_file_sha256
bailey2018-s4-0001,AKT1,,ENSG00000142208,ENST00000554581,p.E17K,HGVS protein,pan_cancer,TCGA PanCancer Atlas,PMID:29625053,DOI:10.1016/j.cell.2018.02.060,Table S4,Ensembl release 92,https://github.com/openvax/gene-lists,d0a2f0bcbc59e612fde6108df6cb28d469e0f90e,d568385b221f0e28f619e3358b42cec7449b6d434237516df871b7f8e9ed4549
bailey2018-s4-0002,AKT1,,ENSG00000142208,ENST00000554581,p.G311D,HGVS protein,pan_cancer,TCGA PanCancer Atlas,PMID:29625053,DOI:10.1016/j.cell.2018.02.060,Table S4,Ensembl release 92,https://github.com/openvax/gene-lists,d0a2f0bcbc59e612fde6108df6cb28d469e0f90e,d568385b221f0e28f619e3358b42cec7449b6d434237516df871b7f8e9ed4549
bailey2018-s4-0003,AKT1,,ENSG00000142208,ENST00000554581,p.L52R,HGVS protein,pan_cancer,TCGA PanCancer Atlas,PMID:29625053,DOI:10.1016/j.cell.2018.02.060,Table S4,Ensembl release 92,https://github.com/openvax/gene-lists,d0a2f0bcbc59e612fde6108df6cb28d469e0f90e,d568385b221f0e28f619e3358b42cec7449b6d434237516df871b7f8e9ed4549
bailey2018-s4-0004,BRAF,,ENSG00000157764,ENST00000288602,p.D594G,HGVS protein,pan_cancer,TCGA PanCancer Atlas,PMID:29625053,DOI:10.1016/j.cell.2018.02.060,Table S4,Ensembl release 92,https://github.com/openvax/gene-lists,d0a2f0bcbc59e612fde6108df6cb28d469e0f90e,d568385b221f0e28f619e3358b42cec7449b6d434237516df871b7f8e9ed4549
bailey2018-s4-0005,BRAF,,ENSG00000157764,ENST00000288602,p.D594N,HGVS protein,pan_cancer,TCGA PanCancer Atlas,PMID:29625053,DOI:10.1016/j.cell.2018.02.060,Table S4,Ensembl release 92,https://github.com/openvax/gene-lists,d0a2f0bcbc59e612fde6108df6cb28d469e0f90e,d568385b221f0e28f619e3358b42cec7449b6d434237516df871b7f8e9ed4549
bailey2018-s4-0006,BRAF,,ENSG00000157764,ENST00000288602,p.F468C,HGVS protein,pan_cancer,TCGA PanCancer Atlas,PMID:29625053,DOI:10.1016/j.cell.2018.02.060,Table S4,Ensembl release 92,https://github.com/openvax/gene-lists,d0a2f0bcbc59e612fde6108df6cb28d469e0f90e,d568385b221f0e28f619e3358b42cec7449b6d434237516df871b7f8e9ed4549
bailey2018-s4-0007,BRAF,,ENSG00000157764,ENST00000288602,p.G464V,HGVS protein,pan_cancer,TCGA PanCancer Atlas,PMID:29625053,DOI:10.1016/j.cell.2018.02.060,Table S4,Ensembl release 92,https://github.com/openvax/gene-lists,d0a2f0bcbc59e612fde6108df6cb28d469e0f90e,d568385b221f0e28f619e3358b42cec7449b6d434237516df871b7f8e9ed4549
bailey2018-s4-0008,BRAF,,ENSG00000157764,ENST00000288602,p.G466E,HGVS protein,pan_cancer,TCGA PanCancer Atlas,PMID:29625053,DOI:10.1016/j.cell.2018.02.060,Table S4,Ensembl release 92,https://github.com/openvax/gene-lists,d0a2f0bcbc59e612fde6108df6cb28d469e0f90e,d568385b221f0e28f619e3358b42cec7449b6d434237516df871b7f8e9ed4549
bailey2018-s4-0009,BRAF,,ENSG00000157764,ENST00000288602,p.G469A,HGVS protein,pan_cancer,TCGA PanCancer Atlas,PMID:29625053,DOI:10.1016/j.cell.2018.02.060,Table S4,Ensembl release 92,https://github.com/openvax/gene-lists,d0a2f0bcbc59e612fde6108df6cb28d469e0f90e,d568385b221f0e28f619e3358b42cec7449b6d434237516df871b7f8e9ed4549
bailey2018-s4-0010,BRAF,,ENSG00000157764,ENST00000288602,p.G469R,HGVS protein,pan_cancer,TCGA PanCancer Atlas,PMID:29625053,DOI:10.1016/j.cell.2018.02.060,Table S4,Ensembl release 92,https://github.com/openvax/gene-lists,d0a2f0bcbc59e612fde6108df6cb28d469e0f90e,d568385b221f0e28f619e3358b42cec7449b6d434237516df871b7f8e9ed4549
bailey2018-s4-0011,BRAF,,ENSG00000157764,ENST00000288602,p.G596D,HGVS protein,pan_cancer,TCGA PanCancer Atlas,PMID:29625053,DOI:10.1016/j.cell.2018.02.060,Table S4,Ensembl release 92,https://github.com/openvax/gene-lists,d0a2f0bcbc59e612fde6108df6cb28d469e0f90e,d568385b221f0e28f619e3358b42cec7449b6d434237516df871b7f8e9ed4549
bailey2018-s4-0012,BRAF,,ENSG00000157764,ENST00000288602,p.G596S,HGVS protein,pan_cancer,TCGA PanCancer Atlas,PMID:29625053,DOI:10.1016/j.cell.2018.02.060,Table S4,Ensembl release 92,https://github.com/openvax/gene-lists,d0a2f0bcbc59e612fde6108df6cb28d469e0f90e,d568385b221f0e28f619e3358b42cec7449b6d434237516df871b7f8e9ed4549
bailey2018-s4-0013,BRAF,,ENSG00000157764,ENST00000288602,p.H568D,HGVS protein,pan_cancer,TCGA PanCancer Atlas,PMID:29625053,DOI:10.1016/j.cell.2018.02.060,Table S4,Ensembl release 92,https://github.com/openvax/gene-lists,d0a2f0bcbc59e612fde6108df6cb28d469e0f90e,d568385b221f0e28f619e3358b42cec7449b6d434237516df871b7f8e9ed4549
bailey2018-s4-0014,BRAF,,ENSG00000157764,ENST00000288602,p.L597Q,HGVS protein,pan_cancer,TCGA PanCancer Atlas,PMID:29625053,DOI:10.1016/j.cell.2018.02.060,Table S4,Ensembl release 92,https://github.com/openvax/gene-lists,d0a2f0bcbc59e612fde6108df6cb28d469e0f90e,d568385b221f0e28f619e3358b42cec7449b6d434237516df871b7f8e9ed4549
bailey2018-s4-0015,BRAF,,ENSG00000157764,ENST00000288602,p.L597V,HGVS protein,pan_cancer,TCGA PanCancer Atlas,PMID:29625053,DOI:10.1016/j.cell.2018.02.060,Table S4,Ensembl release 92,https://github.com/openvax/gene-lists,d0a2f0bcbc59e612fde6108df6cb28d469e0f90e,d568385b221f0e28f619e3358b42cec7449b6d434237516df871b7f8e9ed4549
bailey2018-s4-0016,BRAF,,ENSG00000157764,ENST00000288602,p.N581I,HGVS protein,pan_cancer,TCGA PanCancer Atlas,PMID:29625053,DOI:10.1016/j.cell.2018.02.060,Table S4,Ensembl release 92,https://github.com/openvax/gene-lists,d0a2f0bcbc59e612fde6108df6cb28d469e0f90e,d568385b221f0e28f619e3358b42cec7449b6d434237516df871b7f8e9ed4549
bailey2018-s4-0017,BRAF,,ENSG00000157764,ENST00000288602,p.R575K,HGVS protein,pan_cancer,TCGA PanCancer Atlas,PMID:29625053,DOI:10.1016/j.cell.2018.02.060,Table S4,Ensembl release 92,https://github.com/openvax/gene-lists,d0a2f0bcbc59e612fde6108df6cb28d469e0f90e,d568385b221f0e28f619e3358b42cec7449b6d434237516df871b7f8e9ed4549
bailey2018-s4-0018,BRAF,,ENSG00000157764,ENST00000288602,p.S467L,HGVS protein,pan_cancer,TCGA PanCancer Atlas,PMID:29625053,DOI:10.1016/j.cell.2018.02.060,Table S4,Ensembl release 92,https://github.com/openvax/gene-lists,d0a2f0bcbc59e612fde6108df6cb28d469e0f90e,d568385b221f0e28f619e3358b42cec7449b6d434237516df871b7f8e9ed4549
bailey2018-s4-0019,BRAF,,ENSG00000157764,ENST00000288602,p.V600E,HGVS protein,pan_cancer,TCGA PanCancer Atlas,PMID:29625053,DOI:10.1016/j.cell.2018.02.060,Table S4,Ensembl release 92,https://github.com/openvax/gene-lists,d0a2f0bcbc59e612fde6108df6cb28d469e0f90e,d568385b221f0e28f619e3358b42cec7449b6d434237516df871b7f8e9ed4549
bailey2018-s4-0020,CASP8,,ENSG00000064012,ENST00000358485,p.D367G,HGVS protein,pan_cancer,TCGA PanCancer Atlas,PMID:29625053,DOI:10.1016/j.cell.2018.02.060,Table S4,Ensembl release 92,https://github.com/openvax/gene-lists,d0a2f0bcbc59e612fde6108df6cb28d469e0f90e,d568385b221f0e28f619e3358b42cec7449b6d434237516df871b7f8e9ed4549
bailey2018-s4-0021,CASP8,,ENSG00000064012,ENST00000358485,p.H363D,HGVS protein,pan_cancer,TCGA PanCancer Atlas,PMID:29625053,DOI:10.1016/j.cell.2018.02.060,Table S4,Ensembl release 92,https://github.com/openvax/gene-lists,d0a2f0bcbc59e612fde6108df6cb28d469e0f90e,d568385b221f0e28f619e3358b42cec7449b6d434237516df871b7f8e9ed4549
bailey2018-s4-0022,CASP8,,ENSG00000064012,ENST00000358485,p.P411H,HGVS protein,pan_cancer,TCGA PanCancer Atlas,PMID:29625053,DOI:10.1016/j.cell.2018.02.060,Table S4,Ensembl release 92,https://github.com/openvax/gene-lists,d0a2f0bcbc59e612fde6108df6cb28d469e0f90e,d568385b221f0e28f619e3358b42cec7449b6d434237516df871b7f8e9ed4549
bailey2018-s4-0023,CDH1,,ENSG00000039068,ENST00000261769,p.D257G,HGVS protein,pan_cancer,TCGA PanCancer Atlas,PMID:29625053,DOI:10.1016/j.cell.2018.02.060,Table S4,Ensembl release 92,https://github.com/openvax/gene-lists,d0a2f0bcbc59e612fde6108df6cb28d469e0f90e,d568385b221f0e28f619e3358b42cec7449b6d434237516df871b7f8e9ed4549
bailey2018-s4-0024,CDH1,,ENSG00000039068,ENST00000261769,p.D257N,HGVS protein,pan_cancer,TCGA PanCancer Atlas,PMID:29625053,DOI:10.1016/j.cell.2018.02.060,Table S4,Ensembl release 92,https://github.com/openvax/gene-lists,d0a2f0bcbc59e612fde6108df6cb28d469e0f90e,d568385b221f0e28f619e3358b42cec7449b6d434237516df871b7f8e9ed4549
bailey2018-s4-0025,CDH1,,ENSG00000039068,ENST00000261769,p.D290G,HGVS protein,pan_cancer,TCGA PanCancer Atlas,PMID:29625053,DOI:10.1016/j.cell.2018.02.060,Table S4,Ensembl release 92,https://github.com/openvax/gene-lists,d0a2f0bcbc59e612fde6108df6cb28d469e0f90e,d568385b221f0e28f619e3358b42cec7449b6d434237516df871b7f8e9ed4549
bailey2018-s4-0026,CDH1,,ENSG00000039068,ENST00000261769,p.R222G,HGVS protein,pan_cancer,TCGA PanCancer Atlas,PMID:29625053,DOI:10.1016/j.cell.2018.02.060,Table S4,Ensembl release 92,https://github.com/openvax/gene-lists,d0a2f0bcbc59e612fde6108df6cb28d469e0f90e,d568385b221f0e28f619e3358b42cec7449b6d434237516df871b7f8e9ed4549
bailey2018-s4-0027,CDKN2A,,ENSG00000147889,ENST00000498124,p.A118T,HGVS protein,pan_cancer,TCGA PanCancer Atlas,PMID:29625053,DOI:10.1016/j.cell.2018.02.060,Table S4,Ensembl release 92,https://github.com/openvax/gene-lists,d0a2f0bcbc59e612fde6108df6cb28d469e0f90e,d568385b221f0e28f619e3358b42cec7449b6d434237516df871b7f8e9ed4549
bailey2018-s4-0028,CDKN2A,,ENSG00000147889,ENST00000498124,p.A85P,HGVS protein,pan_cancer,TCGA PanCancer Atlas,PMID:29625053,DOI:10.1016/j.cell.2018.02.060,Table S4,Ensembl release 92,https://github.com/openvax/gene-lists,d0a2f0bcbc59e612fde6108df6cb28d469e0f90e,d568385b221f0e28f619e3358b42cec7449b6d434237516df871b7f8e9ed4549
bailey2018-s4-0029,CDKN2A,,ENSG00000147889,ENST00000498124,p.D84Y,HGVS protein,pan_cancer,TCGA PanCancer Atlas,PMID:29625053,DOI:10.1016/j.cell.2018.02.060,Table S4,Ensembl release 92,https://github.com/openvax/gene-lists,d0a2f0bcbc59e612fde6108df6cb28d469e0f90e,d568385b221f0e28f619e3358b42cec7449b6d434237516df871b7f8e9ed4549
bailey2018-s4-0030,CHEK2,,ENSG00000183765,ENST00000382580,p.D452G,HGVS protein,pan_cancer,TCGA PanCancer Atlas,PMID:29625053,DOI:10.1016/j.cell.2018.02.060,Table S4,Ensembl release 92,https://github.com/openvax/gene-lists,d0a2f0bcbc59e612fde6108df6cb28d469e0f90e,d568385b221f0e28f619e3358b42cec7449b6d434237516df871b7f8e9ed4549
bailey2018-s4-0031,CHEK2,,ENSG00000183765,ENST00000382580,p.H388L,HGVS protein,pan_cancer,TCGA PanCancer Atlas,PMID:29625053,DOI:10.1016/j.cell.2018.02.060,Table S4,Ensembl release 92,https://github.com/openvax/gene-lists,d0a2f0bcbc59e612fde6108df6cb28d469e0f90e,d568385b221f0e28f619e3358b42cec7449b6d434237516df871b7f8e9ed4549
bailey2018-s4-0032,CHEK2,,ENSG00000183765,ENST00000382580,p.H388Y,HGVS protein,pan_cancer,TCGA PanCancer Atlas,PMID:29625053,DOI:10.1016/j.cell.2018.02.060,Table S4,Ensembl release 92,https://github.com/openvax/gene-lists,d0a2f0bcbc59e612fde6108df6cb28d469e0f90e,d568385b221f0e28f619e3358b42cec7449b6d434237516df871b7f8e9ed4549
bailey2018-s4-0033,CHEK2,,ENSG00000183765,ENST00000382580,p.L381R,HGVS protein,pan_cancer,TCGA PanCancer Atlas,PMID:29625053,DOI:10.1016/j.cell.2018.02.060,Table S4,Ensembl release 92,https://github.com/openvax/gene-lists,d0a2f0bcbc59e612fde6108df6cb28d469e0f90e,d568385b221f0e28f619e3358b42cec7449b6d434237516df871b7f8e9ed4549
bailey2018-s4-0034,CHEK2,,ENSG00000183765,ENST00000382580,p.R389H,HGVS protein,pan_cancer,TCGA PanCancer Atlas,PMID:29625053,DOI:10.1016/j.cell.2018.02.060,Table S4,Ensembl release 92,https://github.com/openvax/gene-lists,d0a2f0bcbc59e612fde6108df6cb28d469e0f90e,d568385b221f0e28f619e3358b42cec7449b6d434237516df871b7f8e9ed4549
bailey2018-s4-0035,CHEK2,,ENSG00000183765,ENST00000382580,p.S415F,HGVS protein,pan_cancer,TCGA PanCancer Atlas,PMID:29625053,DOI:10.1016/j.cell.2018.02.060,Table S4,Ensembl release 92,https://github.com/openvax/gene-lists,d0a2f0bcbc59e612fde6108df6cb28d469e0f90e,d568385b221f0e28f619e3358b42cec7449b6d434237516df871b7f8e9ed4549
bailey2018-s4-0036,CTNNB1,,ENSG00000168036,ENST00000349496,p.D32V,HGVS protein,pan_cancer,TCGA PanCancer Atlas,PMID:29625053,DOI:10.1016/j.cell.2018.02.060,Table S4,Ensembl release 92,https://github.com/openvax/gene-lists,d0a2f0bcbc59e612fde6108df6cb28d469e0f90e,d568385b221f0e28f619e3358b42cec7449b6d434237516df871b7f8e9ed4549
bailey2018-s4-0037,CTNNB1,,ENSG00000168036,ENST00000349496,p.D32Y,HGVS protein,pan_cancer,TCGA PanCancer Atlas,PMID:29625053,DOI:10.1016/j.cell.2018.02.060,Table S4,Ensembl release 92,https://github.com/openvax/gene-lists,d0a2f0bcbc59e612fde6108df6cb28d469e0f90e,d568385b221f0e28f619e3358b42cec7449b6d434237516df871b7f8e9ed4549
bailey2018-s4-0038,CTNNB1,,ENSG00000168036,ENST00000349496,p.E334K,HGVS protein,pan_cancer,TCGA PanCancer Atlas,PMID:29625053,DOI:10.1016/j.cell.2018.02.060,Table S4,Ensembl release 92,https://github.com/openvax/gene-lists,d0a2f0bcbc59e612fde6108df6cb28d469e0f90e,d568385b221f0e28f619e3358b42cec7449b6d434237516df871b7f8e9ed4549
bailey2018-s4-0039,CTNNB1,,ENSG00000168036,ENST00000349496,p.G34E,HGVS protein,pan_cancer,TCGA PanCancer Atlas,PMID:29625053,DOI:10.1016/j.cell.2018.02.060,Table S4,Ensembl release 92,https://github.com/openvax/gene-lists,d0a2f0bcbc59e612fde6108df6cb28d469e0f90e,d568385b221f0e28f619e3358b42cec7449b6d434237516df871b7f8e9ed4549
bailey2018-s4-0040,CTNNB1,,ENSG00000168036,ENST00000349496,p.G34R,HGVS protein,pan_cancer,TCGA PanCancer Atlas,PMID:29625053,DOI:10.1016/j.cell.2018.02.060,Table S4,Ensembl release 92,https://github.com/openvax/gene-lists,d0a2f0bcbc59e612fde6108df6cb28d469e0f90e,d568385b221f0e28f619e3358b42cec7449b6d434237516df871b7f8e9ed4549
bailey2018-s4-0041,CTNNB1,,ENSG00000168036,ENST00000349496,p.I35S,HGVS protein,pan_cancer,TCGA PanCancer Atlas,PMID:29625053,DOI:10.1016/j.cell.2018.02.060,Table S4,Ensembl release 92,https://github.com/openvax/gene-lists,d0a2f0bcbc59e612fde6108df6cb28d469e0f90e,d568385b221f0e28f619e3358b42cec7449b6d434237516df871b7f8e9ed4549
bailey2018-s4-0042,CTNNB1,,ENSG00000168036,ENST00000349496,p.K335T,HGVS protein,pan_cancer,TCGA PanCancer Atlas,PMID:29625053,DOI:10.1016/j.cell.2018.02.060,Table S4,Ensembl release 92,https://github.com/openvax/gene-lists,d0a2f0bcbc59e612fde6108df6cb28d469e0f90e,d568385b221f0e28f619e3358b42cec7449b6d434237516df871b7f8e9ed4549
bailey2018-s4-0043,CTNNB1,,ENSG00000168036,ENST00000349496,p.N387I,HGVS protein,pan_cancer,TCGA PanCancer Atlas,PMID:29625053,DOI:10.1016/j.cell.2018.02.060,Table S4,Ensembl release 92,https://github.com/openvax/gene-lists,d0a2f0bcbc59e612fde6108df6cb28d469e0f90e,d568385b221f0e28f619e3358b42cec7449b6d434237516df871b7f8e9ed4549
bailey2018-s4-0044,CTNNB1,,ENSG00000168036,ENST00000349496,p.N387K,HGVS protein,pan_cancer,TCGA PanCancer Atlas,PMID:29625053,DOI:10.1016/j.cell.2018.02.060,Table S4,Ensembl release 92,https://github.com/openvax/gene-lists,d0a2f0bcbc59e612fde6108df6cb28d469e0f90e,d568385b221f0e28f619e3358b42cec7449b6d434237516df871b7f8e9ed4549
bailey2018-s4-0045,CTNNB1,,ENSG00000168036,ENST00000349496,p.N387Y,HGVS protein,pan_cancer,TCGA PanCancer Atlas,PMID:29625053,DOI:10.1016/j.cell.2018.02.060,Table S4,Ensembl release 92,https://github.com/openvax/gene-lists,d0a2f0bcbc59e612fde6108df6cb28d469e0f90e,d568385b221f0e28f619e3358b42cec7449b6d434237516df871b7f8e9ed4549
bailey2018-s4-0046,CTNNB1,,ENSG00000168036,ENST00000349496,p.N426D,HGVS protein,pan_cancer,TCGA PanCancer Atlas,PMID:29625053,DOI:10.1016/j.cell.2018.02.060,Table S4,Ensembl release 92,https://github.com/openvax/gene-lists,d0a2f0bcbc59e612fde6108df6cb28d469e0f90e,d568385b221f0e28f619e3358b42cec7449b6d434237516df871b7f8e9ed4549
bailey2018-s4-0047,CTNNB1,,ENSG00000168036,ENST00000349496,p.R386G,HGVS protein,pan_cancer,TCGA PanCancer Atlas,PMID:29625053,DOI:10.1016/j.cell.2018.02.060,Table S4,Ensembl release 92,https://github.com/openvax/gene-lists,d0a2f0bcbc59e612fde6108df6cb28d469e0f90e,d568385b221f0e28f619e3358b42cec7449b6d434237516df871b7f8e9ed4549
bailey2018-s4-0048,CTNNB1,,ENSG00000168036,ENST00000349496,p.W383C,HGVS protein,pan_cancer,TCGA PanCancer Atlas,PMID:29625053,DOI:10.1016/j.cell.2018.02.060,Table S4,Ensembl release 92,https://github.com/openvax/gene-lists,d0a2f0bcbc59e612fde6108df6cb28d469e0f90e,d568385b221f0e28f619e3358b42cec7449b6d434237516df871b7f8e9ed4549
bailey2018-s4-0049,CTNNB1,,ENSG00000168036,ENST00000349496,p.W383G,HGVS protein,pan_cancer,TCGA PanCancer Atlas,PMID:29625053,DOI:10.1016/j.cell.2018.02.060,Table S4,Ensembl release 92,https://github.com/openvax/gene-lists,d0a2f0bcbc59e612fde6108df6cb28d469e0f90e,d568385b221f0e28f619e3358b42cec7449b6d434237516df871b7f8e9ed4549
bailey2018-s4-0050,CTNNB1,,ENSG00000168036,ENST00000349496,p.Y333F,HGVS protein,pan_cancer,TCGA PanCancer Atlas,PMID:29625053,DOI:10.1016/j.cell.2018.02.060,Table S4,Ensembl release 92,https://github.com/openvax/gene-lists,d0a2f0bcbc59e612fde6108df6cb28d469e0f90e,d568385b221f0e28f619e3358b42cec7449b6d434237516df871b7f8e9ed4549
bailey2018-s4-0051,DDX3X,,ENSG00000215301,ENST00000399959,p.R528C,HGVS protein,pan_cancer,TCGA PanCancer Atlas,PMID:29625053,DOI:10.1016/j.cell.2018.02.060,Table S4,Ensembl release 92,https://github.com/openvax/gene-lists,d0a2f0bcbc59e612fde6108df6cb28d469e0f90e,d568385b221f0e28f619e3358b42cec7449b6d434237516df871b7f8e9ed4549
bailey2018-s4-0052,DDX3X,,ENSG00000215301,ENST00000399959,p.T532A,HGVS protein,pan_cancer,TCGA PanCancer Atlas,PMID:29625053,DOI:10.1016/j.cell.2018.02.060,Table S4,Ensembl release 92,https://github.com/openvax/gene-lists,d0a2f0bcbc59e612fde6108df6cb28d469e0f90e,d568385b221f0e28f619e3358b42cec7449b6d434237516df871b7f8e9ed4549
bailey2018-s4-0053,DDX3X,,ENSG00000215301,ENST00000399959,p.T532M,HGVS protein,pan_cancer,TCGA PanCancer Atlas,PMID:29625053,DOI:10.1016/j.cell.2018.02.060,Table S4,Ensembl release 92,https://github.com/openvax/gene-lists,d0a2f0bcbc59e612fde6108df6cb28d469e0f90e,d568385b221f0e28f619e3358b42cec7449b6d434237516df871b7f8e9ed4549
bailey2018-s4-0054,DICER1,,ENSG00000100697,ENST00000526495,p.D1709N,HGVS protein,pan_cancer,TCGA PanCancer Atlas,PMID:29625053,DOI:10.1016/j.cell.2018.02.060,Table S4,Ensembl release 92,https://github.com/openvax/gene-lists,d0a2f0bcbc59e612fde6108df6cb28d469e0f90e,d568385b221f0e28f619e3358b42cec7449b6d434237516df871b7f8e9ed4549
bailey2018-s4-0055,DICER1,,ENSG00000100697,ENST00000526495,p.D1810V,HGVS protein,pan_cancer,TCGA PanCancer Atlas,PMID:29625053,DOI:10.1016/j.cell.2018.02.060,Table S4,Ensembl release 92,https://github.com/openvax/gene-lists,d0a2f0bcbc59e612fde6108df6cb28d469e0f90e,d568385b221f0e28f619e3358b42cec7449b6d434237516df871b7f8e9ed4549
bailey2018-s4-0056,DICER1,,ENSG00000100697,ENST00000526495,p.D1810Y,HGVS protein,pan_cancer,TCGA PanCancer Atlas,PMID:29625053,DOI:10.1016/j.cell.2018.02.060,Table S4,Ensembl release 92,https://github.com/openvax/gene-lists,d0a2f0bcbc59e612fde6108df6cb28d469e0f90e,d568385b221f0e28f619e3358b42cec7449b6d434237516df871b7f8e9ed4549
bailey2018-s4-0057,DICER1,,ENSG00000100697,ENST00000526495,p.E1705K,HGVS protein,pan_cancer,TCGA PanCancer Atlas,PMID:29625053,DOI:10.1016/j.cell.2018.02.060,Table S4,Ensembl release 92,https://github.com/openvax/gene-lists,d0a2f0bcbc59e612fde6108df6cb28d469e0f90e,d568385b221f0e28f619e3358b42cec7449b6d434237516df871b7f8e9ed4549
bailey2018-s4-0058,DICER1,,ENSG00000100697,ENST00000526495,p.E1813D,HGVS protein,pan_cancer,TCGA PanCancer Atlas,PMID:29625053,DOI:10.1016/j.cell.2018.02.060,Table S4,Ensembl release 92,https://github.com/openvax/gene-lists,d0a2f0bcbc59e612fde6108df6cb28d469e0f90e,d568385b221f0e28f619e3358b42cec7449b6d434237516df871b7f8e9ed4549
bailey2018-s4-0059,DICER1,,ENSG00000100697,ENST00000526495,p.E1813G,HGVS protein,pan_cancer,TCGA PanCancer Atlas,PMID:29625053,DOI:10.1016/j.cell.2018.02.060,Table S4,Ensembl release 92,https://github.com/openvax/gene-lists,d0a2f0bcbc59e612fde6108df6cb28d469e0f90e,d568385b221f0e28f619e3358b42cec7449b6d434237516df871b7f8e9ed4549
bailey2018-s4-0060,DICER1,,ENSG00000100697,ENST00000526495,p.G1809R,HGVS protein,pan_cancer,TCGA PanCancer Atlas,PMID:29625053,DOI:10.1016/j.cell.2018.02.060,Table S4,Ensembl release 92,https://github.com/openvax/gene-lists,d0a2f0bcbc59e612fde6108df6cb28d469e0f90e,d568385b221f0e28f619e3358b42cec7449b6d434237516df871b7f8e9ed4549
bailey2018-s4-0061,DICER1,,ENSG00000100697,ENST00000526495,p.K1806N,HGVS protein,pan_cancer,TCGA PanCancer Atlas,PMID:29625053,DOI:10.1016/j.cell.2018.02.060,Table S4,Ensembl release 92,https://github.com/openvax/gene-lists,d0a2f0bcbc59e612fde6108df6cb28d469e0f90e,d568385b221f0e28f619e3358b42cec7449b6d434237516df871b7f8e9ed4549
bailey2018-s4-0062,DICER1,,ENSG00000100697,ENST00000526495,p.R1703S,HGVS protein,pan_cancer,TCGA PanCancer Atlas,PMID:29625053,DOI:10.1016/j.cell.2018.02.060,Table S4,Ensembl release 92,https://github.com/openvax/gene-lists,d0a2f0bcbc59e612fde6108df6cb28d469e0f90e,d568385b221f0e28f619e3358b42cec7449b6d434237516df871b7f8e9ed4549
bailey2018-s4-0063,EGFR,,ENSG00000146648,ENST00000275493,p.A289T,HGVS protein,pan_cancer,TCGA PanCancer Atlas,PMID:29625053,DOI:10.1016/j.cell.2018.02.060,Table S4,Ensembl release 92,https://github.com/openvax/gene-lists,d0a2f0bcbc59e612fde6108df6cb28d469e0f90e,d568385b221f0e28f619e3358b42cec7449b6d434237516df871b7f8e9ed4549
bailey2018-s4-0064,EGFR,,ENSG00000146648,ENST00000275493,p.A289V,HGVS protein,pan_cancer,TCGA PanCancer Atlas,PMID:29625053,DOI:10.1016/j.cell.2018.02.060,Table S4,Ensembl release 92,https://github.com/openvax/gene-lists,d0a2f0bcbc59e612fde6108df6cb28d469e0f90e,d568385b221f0e28f619e3358b42cec7449b6d434237516df871b7f8e9ed4549
bailey2018-s4-0065,EGFR,,ENSG00000146648,ENST00000275493,p.C628F,HGVS protein,pan_cancer,TCGA PanCancer Atlas,PMID:29625053,DOI:10.1016/j.cell.2018.02.060,Table S4,Ensembl release 92,https://github.com/openvax/gene-lists,d0a2f0bcbc59e612fde6108df6cb28d469e0f90e,d568385b221f0e28f619e3358b42cec7449b6d434237516df871b7f8e9ed4549
bailey2018-s4-0066,EGFR,,ENSG00000146648,ENST00000275493,p.G598V,HGVS protein,pan_cancer,TCGA PanCancer Atlas,PMID:29625053,DOI:10.1016/j.cell.2018.02.060,Table S4,Ensembl release 92,https://github.com/openvax/gene-lists,d0a2f0bcbc59e612fde6108df6cb28d469e0f90e,d568385b221f0e28f619e3358b42cec7449b6d434237516df871b7f8e9ed4549
bailey2018-s4-0067,EGFR,,ENSG00000146648,ENST00000275493,p.G719C,HGVS protein,pan_cancer,TCGA PanCancer Atlas,PMID:29625053,DOI:10.1016/j.cell.2018.02.060,Table S4,Ensembl release 92,https://github.com/openvax/gene-lists,d0a2f0bcbc59e612fde6108df6cb28d469e0f90e,d568385b221f0e28f619e3358b42cec7449b6d434237516df871b7f8e9ed4549
bailey2018-s4-0068,EGFR,,ENSG00000146648,ENST00000275493,p.G719D,HGVS protein,pan_cancer,TCGA PanCancer Atlas,PMID:29625053,DOI:10.1016/j.cell.2018.02.060,Table S4,Ensembl release 92,https://github.com/openvax/gene-lists,d0a2f0bcbc59e612fde6108df6cb28d469e0f90e,d568385b221f0e28f619e3358b42cec7449b6d434237516df871b7f8e9ed4549
bailey2018-s4-0069,EGFR,,ENSG00000146648,ENST00000275493,p.G724S,HGVS protein,pan_cancer,TCGA PanCancer Atlas,PMID:29625053,DOI:10.1016/j.cell.2018.02.060,Table S4,Ensembl release 92,https://github.com/openvax/gene-lists,d0a2f0bcbc59e612fde6108df6cb28d469e0f90e,d568385b221f0e28f619e3358b42cec7449b6d434237516df871b7f8e9ed4549
bailey2018-s4-0070,EGFR,,ENSG00000146648,ENST00000275493,p.I759N,HGVS protein,pan_cancer,TCGA PanCancer Atlas,PMID:29625053,DOI:10.1016/j.cell.2018.02.060,Table S4,Ensembl release 92,https://github.com/openvax/gene-lists,d0a2f0bcbc59e612fde6108df6cb28d469e0f90e,d568385b221f0e28f619e3358b42cec7449b6d434237516df871b7f8e9ed4549
bailey2018-s4-0071,EGFR,,ENSG00000146648,ENST00000275493,p.L858R,HGVS protein,pan_cancer,TCGA PanCancer Atlas,PMID:29625053,DOI:10.1016/j.cell.2018.02.060,Table S4,Ensembl release 92,https://github.com/openvax/gene-lists,d0a2f0bcbc59e612fde6108df6cb28d469e0f90e,d568385b221f0e28f619e3358b42cec7449b6d434237516df871b7f8e9ed4549
bailey2018-s4-0072,EGFR,,ENSG00000146648,ENST00000275493,p.L861Q,HGVS protein,pan_cancer,TCGA PanCancer Atlas,PMID:29625053,DOI:10.1016/j.cell.2018.02.060,Table S4,Ensembl release 92,https://github.com/openvax/gene-lists,d0a2f0bcbc59e612fde6108df6cb28d469e0f90e,d568385b221f0e28f619e3358b42cec7449b6d434237516df871b7f8e9ed4549
bailey2018-s4-0073,EGFR,,ENSG00000146648,ENST00000275493,p.P596R,HGVS protein,pan_cancer,TCGA PanCancer Atlas,PMID:29625053,DOI:10.1016/j.cell.2018.02.060,Table S4,Ensembl release 92,https://github.com/openvax/gene-lists,d0a2f0bcbc59e612fde6108df6cb28d469e0f90e,d568385b221f0e28f619e3358b42cec7449b6d434237516df871b7f8e9ed4549
bailey2018-s4-0074,EGFR,,ENSG00000146648,ENST00000275493,p.P596S,HGVS protein,pan_cancer,TCGA PanCancer Atlas,PMID:29625053,DOI:10.1016/j.cell.2018.02.060,Table S4,Ensembl release 92,https://github.com/openvax/gene-lists,d0a2f0bcbc59e612fde6108df6cb28d469e0f90e,d568385b221f0e28f619e3358b42cec7449b6d434237516df871b7f8e9ed4549
bailey2018-s4-0075,EGFR,,ENSG00000146648,ENST00000275493,p.R108G,HGVS protein,pan_cancer,TCGA PanCancer Atlas,PMID:29625053,DOI:10.1016/j.cell.2018.02.060,Table S4,Ensembl release 92,https://github.com/openvax/gene-lists,d0a2f0bcbc59e612fde6108df6cb28d469e0f90e,d568385b221f0e28f619e3358b42cec7449b6d434237516df871b7f8e9ed4549
bailey2018-s4-0076,EGFR,,ENSG00000146648,ENST00000275493,p.R108K,HGVS protein,pan_cancer,TCGA PanCancer Atlas,PMID:29625053,DOI:10.1016/j.cell.2018.02.060,Table S4,Ensembl release 92,https://github.com/openvax/gene-lists,d0a2f0bcbc59e612fde6108df6cb28d469e0f90e,d568385b221f0e28f619e3358b42cec7449b6d434237516df871b7f8e9ed4549
bailey2018-s4-0077,EGFR,,ENSG00000146648,ENST00000275493,p.R252C,HGVS protein,pan_cancer,TCGA PanCancer Atlas,PMID:29625053,DOI:10.1016/j.cell.2018.02.060,Table S4,Ensembl release 92,https://github.com/openvax/gene-lists,d0a2f0bcbc59e612fde6108df6cb28d469e0f90e,d568385b221f0e28f619e3358b42cec7449b6d434237516df871b7f8e9ed4549
bailey2018-s4-0078,EGFR,,ENSG00000146648,ENST00000275493,p.R836H,HGVS protein,pan_cancer,TCGA PanCancer Atlas,PMID:29625053,DOI:10.1016/j.cell.2018.02.060,Table S4,Ensembl release 92,https://github.com/openvax/gene-lists,d0a2f0bcbc59e612fde6108df6cb28d469e0f90e,d568385b221f0e28f619e3358b42cec7449b6d434237516df871b7f8e9ed4549
bailey2018-s4-0079,EGFR,,ENSG00000146648,ENST00000275493,p.V85M,HGVS protein,pan_cancer,TCGA PanCancer Atlas,PMID:29625053,DOI:10.1016/j.cell.2018.02.060,Table S4,Ensembl release 92,https://github.com/openvax/gene-lists,d0a2f0bcbc59e612fde6108df6cb28d469e0f90e,d568385b221f0e28f619e3358b42cec7449b6d434237516df871b7f8e9ed4549
bailey2018-s4-0080,EGFR,,ENSG00000146648,ENST00000275493,p.Y270C,HGVS protein,pan_cancer,TCGA PanCancer Atlas,PMID:29625053,DOI:10.1016/j.cell.2018.02.060,Table S4,Ensembl release 92,https://github.com/openvax/gene-lists,d0a2f0bcbc59e612fde6108df6cb28d469e0f90e,d568385b221f0e28f619e3358b42cec7449b6d434237516df871b7f8e9ed4549
bailey2018-s4-0081,EGFR,,ENSG00000146648,ENST00000275493,p.Y891C,HGVS protein,pan_cancer,TCGA PanCancer Atlas,PMID:29625053,DOI:10.1016/j.cell.2018.02.060,Table S4,Ensembl release 92,https://github.com/openvax/gene-lists,d0a2f0bcbc59e612fde6108df6cb28d469e0f90e,d568385b221f0e28f619e3358b42cec7449b6d434237516df871b7f8e9ed4549
bailey2018-s4-0082,EP300,,ENSG00000100393,ENST00000263253,p.D1399N,HGVS protein,pan_cancer,TCGA PanCancer Atlas,PMID:29625053,DOI:10.1016/j.cell.2018.02.060,Table S4,Ensembl release 92,https://github.com/openvax/gene-lists,d0a2f0bcbc59e612fde6108df6cb28d469e0f90e,d568385b221f0e28f619e3358b42cec7449b6d434237516df871b7f8e9ed4549
bailey2018-s4-0083,EP300,,ENSG00000100393,ENST00000263253,p.H1451P,HGVS protein,pan_cancer,TCGA PanCancer Atlas,PMID:29625053,DOI:10.1016/j.cell.2018.02.060,Table S4,Ensembl release 92,https://github.com/openvax/gene-lists,d0a2f0bcbc59e612fde6108df6cb28d469e0f90e,d568385b221f0e28f619e3358b42cec7449b6d434237516df871b7f8e9ed4549
bailey2018-s4-0084,EP300,,ENSG00000100393,ENST00000263253,p.L1398P,HGVS protein,pan_cancer,TCGA PanCancer Atlas,PMID:29625053,DOI:10.1016/j.cell.2018.02.060,Table S4,Ensembl release 92,https://github.com/openvax/gene-lists,d0a2f0bcbc59e612fde6108df6cb28d469e0f90e,d568385b221f0e28f619e3358b42cec7449b6d434237516df871b7f8e9ed4549
bailey2018-s4-0085,EP300,,ENSG00000100393,ENST00000263253,p.S1400I,HGVS protein,pan_cancer,TCGA PanCancer Atlas,PMID:29625053,DOI:10.1016/j.cell.2018.02.060,Table S4,Ensembl release 92,https://github.com/openvax/gene-lists,d0a2f0bcbc59e612fde6108df6cb28d469e0f90e,d568385b221f0e28f619e3358b42cec7449b6d434237516df871b7f8e9ed4549
bailey2018-s4-0086,EP300,,ENSG00000100393,ENST00000263253,p.Y1397D,HGVS protein,pan_cancer,TCGA PanCancer Atlas,PMID:29625053,DOI:10.1016/j.cell.2018.02.060,Table S4,Ensembl release 92,https://github.com/openvax/gene-lists,d0a2f0bcbc59e612fde6108df6cb28d469e0f90e,d568385b221f0e28f619e3358b42cec7449b6d434237516df871b7f8e9ed4549
bailey2018-s4-0087,EP300,,ENSG00000100393,ENST00000263253,p.Y1414C,HGVS protein,pan_cancer,TCGA PanCancer Atlas,PMID:29625053,DOI:10.1016/j.cell.2018.02.060,Table S4,Ensembl release 92,https://github.com/openvax/gene-lists,d0a2f0bcbc59e612fde6108df6cb28d469e0f90e,d568385b221f0e28f619e3358b42cec7449b6d434237516df871b7f8e9ed4549
bailey2018-s4-0088,EP300,,ENSG00000100393,ENST00000263253,p.Y1414D,HGVS protein,pan_cancer,TCGA PanCancer Atlas,PMID:29625053,DOI:10.1016/j.cell.2018.02.060,Table S4,Ensembl release 92,https://github.com/openvax/gene-lists,d0a2f0bcbc59e612fde6108df6cb28d469e0f90e,d568385b221f0e28f619e3358b42cec7449b6d434237516df871b7f8e9ed4549
bailey2018-s4-0089,EP300,,ENSG00000100393,ENST00000263253,p.Y1446C,HGVS protein,pan_cancer,TCGA PanCancer Atlas,PMID:29625053,DOI:10.1016/j.cell.2018.02.060,Table S4,Ensembl release 92,https://github.com/openvax/gene-lists,d0a2f0bcbc59e612fde6108df6cb28d469e0f90e,d568385b221f0e28f619e3358b42cec7449b6d434237516df871b7f8e9ed4549
bailey2018-s4-0090,ERBB2,,ENSG00000141736,ENST00000269571,p.L755M,HGVS protein,pan_cancer,TCGA PanCancer Atlas,PMID:29625053,DOI:10.1016/j.cell.2018.02.060,Table S4,Ensembl release 92,https://github.com/openvax/gene-lists,d0a2f0bcbc59e612fde6108df6cb28d469e0f90e,d568385b221f0e28f619e3358b42cec7449b6d434237516df871b7f8e9ed4549
bailey2018-s4-0091,ERBB2,,ENSG00000141736,ENST00000269571,p.L755S,HGVS protein,pan_cancer,TCGA PanCancer Atlas,PMID:29625053,DOI:10.1016/j.cell.2018.02.060,Table S4,Ensembl release 92,https://github.com/openvax/gene-lists,d0a2f0bcbc59e612fde6108df6cb28d469e0f90e,d568385b221f0e28f619e3358b42cec7449b6d434237516df871b7f8e9ed4549
bailey2018-s4-0092,ERBB2,,ENSG00000141736,ENST00000269571,p.S310F,HGVS protein,pan_cancer,TCGA PanCancer Atlas,PMID:29625053,DOI:10.1016/j.cell.2018.02.060,Table S4,Ensembl release 92,https://github.com/openvax/gene-lists,d0a2f0bcbc59e612fde6108df6cb28d469e0f90e,d568385b221f0e28f619e3358b42cec7449b6d434237516df871b7f8e9ed4549
bailey2018-s4-0093,ERBB3,,ENSG00000065361,ENST00000267101,p.A232T,HGVS protein,pan_cancer,TCGA PanCancer Atlas,PMID:29625053,DOI:10.1016/j.cell.2018.02.060,Table S4,Ensembl release 92,https://github.com/openvax/gene-lists,d0a2f0bcbc59e612fde6108df6cb28d469e0f90e,d568385b221f0e28f619e3358b42cec7449b6d434237516df871b7f8e9ed4549
bailey2018-s4-0094,ERBB3,,ENSG00000065361,ENST00000267101,p.A232V,HGVS protein,pan_cancer,TCGA PanCancer Atlas,PMID:29625053,DOI:10.1016/j.cell.2018.02.060,Table S4,Ensembl release 92,https://github.com/openvax/gene-lists,d0a2f0bcbc59e612fde6108df6cb28d469e0f90e,d568385b221f0e28f619e3358b42cec7449b6d434237516df871b7f8e9ed4549
bailey2018-s4-0095,ERBB3,,ENSG00000065361,ENST00000267101,p.R103H,HGVS protein,pan_cancer,TCGA PanCancer Atlas,PMID:29625053,DOI:10.1016/j.cell.2018.02.060,Table S4,Ensembl release 92,https://github.com/openvax/gene-lists,d0a2f0bcbc59e612fde6108df6cb28d469e0f90e,d568385b221f0e28f619e3358b42cec7449b6d434237516df871b7f8e9ed4549
bailey2018-s4-0096,ERBB4,,ENSG00000178568,ENST00000342788,p.G785R,HGVS protein,pan_cancer,TCGA PanCancer Atlas,PMID:29625053,DOI:10.1016/j.cell.2018.02.060,Table S4,Ensembl release 92,https://github.com/openvax/gene-lists,d0a2f0bcbc59e612fde6108df6cb28d469e0f90e,d568385b221f0e28f619e3358b42cec7449b6d434237516df871b7f8e9ed4549
bailey2018-s4-0097,ERBB4,,ENSG00000178568,ENST00000342788,p.G785V,HGVS protein,pan_cancer,TCGA PanCancer Atlas,PMID:29625053,DOI:10.1016/j.cell.2018.02.060,Table S4,Ensembl release 92,https://github.com/openvax/gene-lists,d0a2f0bcbc59e612fde6108df6cb28d469e0f90e,d568385b221f0e28f619e3358b42cec7449b6d434237516df871b7f8e9ed4549
bailey2018-s4-0098,ERBB4,,ENSG00000178568,ENST00000342788,p.P800S,HGVS protein,pan_cancer,TCGA PanCancer Atlas,PMID:29625053,DOI:10.1016/j.cell.2018.02.060,Table S4,Ensembl release 92,https://github.com/openvax/gene-lists,d0a2f0bcbc59e612fde6108df6cb28d469e0f90e,d568385b221f0e28f619e3358b42cec7449b6d434237516df871b7f8e9ed4549
bailey2018-s4-0099,FBXW7,,ENSG00000109670,ENST00000281708,p.A502V,HGVS protein,pan_cancer,TCGA PanCancer Atlas,PMID:29625053,DOI:10.1016/j.cell.2018.02.060,Table S4,Ensembl release 92,https://github.com/openvax/gene-lists,d0a2f0bcbc59e612fde6108df6cb28d469e0f90e,d568385b221f0e28f619e3358b42cec7449b6d434237516df871b7f8e9ed4549
bailey2018-s4-0100,FBXW7,,ENSG00000109670,ENST00000281708,p.D520N,HGVS protein,pan_cancer,TCGA PanCancer Atlas,PMID:29625053,DOI:10.1016/j.cell.2018.02.060,Table S4,Ensembl release 92,https://github.com/openvax/gene-lists,d0a2f0bcbc59e612fde6108df6cb28d469e0f90e,d568385b221f0e28f619e3358b42cec7449b6d434237516df871b7f8e9ed4549
bailey2018-s4-0101,FBXW7,,ENSG00000109670,ENST00000281708,p.G517E,HGVS protein,pan_cancer,TCGA PanCancer Atlas,PMID:29625053,DOI:10.1016/j.cell.2018.02.060,Table S4,Ensembl release 92,https://github.com/openvax/gene-lists,d0a2f0bcbc59e612fde6108df6cb28d469e0f90e,d568385b221f0e28f619e3358b42cec7449b6d434237516df871b7f8e9ed4549
bailey2018-s4-0102,FBXW7,,ENSG00000109670,ENST00000281708,p.G517R,HGVS protein,pan_cancer,TCGA PanCancer Atlas,PMID:29625053,DOI:10.1016/j.cell.2018.02.060,Table S4,Ensembl release 92,https://github.com/openvax/gene-lists,d0a2f0bcbc59e612fde6108df6cb28d469e0f90e,d568385b221f0e28f619e3358b42cec7449b6d434237516df871b7f8e9ed4549
bailey2018-s4-0103,FBXW7,,ENSG00000109670,ENST00000281708,p.R465C,HGVS protein,pan_cancer,TCGA PanCancer Atlas,PMID:29625053,DOI:10.1016/j.cell.2018.02.060,Table S4,Ensembl release 92,https://github.com/openvax/gene-lists,d0a2f0bcbc59e612fde6108df6cb28d469e0f90e,d568385b221f0e28f619e3358b42cec7449b6d434237516df871b7f8e9ed4549
bailey2018-s4-0104,FBXW7,,ENSG00000109670,ENST00000281708,p.R465H,HGVS protein,pan_cancer,TCGA PanCancer Atlas,PMID:29625053,DOI:10.1016/j.cell.2018.02.060,Table S4,Ensembl release 92,https://github.com/openvax/gene-lists,d0a2f0bcbc59e612fde6108df6cb28d469e0f90e,d568385b221f0e28f619e3358b42cec7449b6d434237516df871b7f8e9ed4549
bailey2018-s4-0105,FBXW7,,ENSG00000109670,ENST00000281708,p.R479Q,HGVS protein,pan_cancer,TCGA PanCancer Atlas,PMID:29625053,DOI:10.1016/j.cell.2018.02.060,Table S4,Ensembl release 92,https://github.com/openvax/gene-lists,d0a2f0bcbc59e612fde6108df6cb28d469e0f90e,d568385b221f0e28f619e3358b42cec7449b6d434237516df871b7f8e9ed4549
bailey2018-s4-0106,FBXW7,,ENSG00000109670,ENST00000281708,p.R505G,HGVS protein,pan_cancer,TCGA PanCancer Atlas,PMID:29625053,DOI:10.1016/j.cell.2018.02.060,Table S4,Ensembl release 92,https://github.com/openvax/gene-lists,d0a2f0bcbc59e612fde6108df6cb28d469e0f90e,d568385b221f0e28f619e3358b42cec7449b6d434237516df871b7f8e9ed4549
bailey2018-s4-0107,FBXW7,,ENSG00000109670,ENST00000281708,p.R505L,HGVS protein,pan_cancer,TCGA PanCancer Atlas,PMID:29625053,DOI:10.1016/j.cell.2018.02.060,Table S4,Ensembl release 92,https://github.com/openvax/gene-lists,d0a2f0bcbc59e612fde6108df6cb28d469e0f90e,d568385b221f0e28f619e3358b42cec7449b6d434237516df871b7f8e9ed4549
bailey2018-s4-0108,FBXW7,,ENSG00000109670,ENST00000281708,p.S426L,HGVS protein,pan_cancer,TCGA PanCancer Atlas,PMID:29625053,DOI:10.1016/j.cell.2018.02.060,Table S4,Ensembl release 92,https://github.com/openvax/gene-lists,d0a2f0bcbc59e612fde6108df6cb28d469e0f90e,d568385b221f0e28f619e3358b42cec7449b6d434237516df871b7f8e9ed4549
bailey2018-s4-0109,FBXW7,,ENSG00000109670,ENST00000281708,p.S516N,HGVS protein,pan_cancer,TCGA PanCancer Atlas,PMID:29625053,DOI:10.1016/j.cell.2018.02.060,Table S4,Ensembl release 92,https://github.com/openvax/gene-lists,d0a2f0bcbc59e612fde6108df6cb28d469e0f90e,d568385b221f0e28f619e3358b42cec7449b6d434237516df871b7f8e9ed4549
bailey2018-s4-0110,FBXW7,,ENSG00000109670,ENST00000281708,p.S516R,HGVS protein,pan_cancer,TCGA PanCancer Atlas,PMID:29625053,DOI:10.1016/j.cell.2018.02.060,Table S4,Ensembl release 92,https://github.com/openvax/gene-lists,d0a2f0bcbc59e612fde6108df6cb28d469e0f90e,d568385b221f0e28f619e3358b42cec7449b6d434237516df871b7f8e9ed4549
bailey2018-s4-0111,FBXW7,,ENSG00000109670,ENST00000281708,p.Y545C,HGVS protein,pan_cancer,TCGA PanCancer Atlas,PMID:29625053,DOI:10.1016/j.cell.2018.02.060,Table S4,Ensembl release 92,https://github.com/openvax/gene-lists,d0a2f0bcbc59e612fde6108df6cb28d469e0f90e,d568385b221f0e28f619e3358b42cec7449b6d434237516df871b7f8e9ed4549
bailey2018-s4-0112,FGFR2,,ENSG00000066468,ENST00000457416,p.H545Q,HGVS protein,pan_cancer,TCGA PanCancer Atlas,PMID:29625053,DOI:10.1016/j.cell.2018.02.060,Table S4,Ensembl release 92,https://github.com/openvax/gene-lists,d0a2f0bcbc59e612fde6108df6cb28d469e0f90e,d568385b221f0e28f619e3358b42cec7449b6d434237516df871b7f8e9ed4549
bailey2018-s4-0113,FGFR2,,ENSG00000066468,ENST00000457416,p.R251Q,HGVS protein,pan_cancer,TCGA PanCancer Atlas,PMID:29625053,DOI:10.1016/j.cell.2018.02.060,Table S4,Ensembl release 92,https://github.com/openvax/gene-lists,d0a2f0bcbc59e612fde6108df6cb28d469e0f90e,d568385b221f0e28f619e3358b42cec7449b6d434237516df871b7f8e9ed4549
bailey2018-s4-0114,FGFR2,,ENSG00000066468,ENST00000457416,p.S252W,HGVS protein,pan_cancer,TCGA PanCancer Atlas,PMID:29625053,DOI:10.1016/j.cell.2018.02.060,Table S4,Ensembl release 92,https://github.com/openvax/gene-lists,d0a2f0bcbc59e612fde6108df6cb28d469e0f90e,d568385b221f0e28f619e3358b42cec7449b6d434237516df871b7f8e9ed4549
bailey2018-s4-0115,FGFR3,,ENSG00000068078,ENST00000340107,p.R248C,HGVS protein,pan_cancer,TCGA PanCancer Atlas,PMID:29625053,DOI:10.1016/j.cell.2018.02.060,Table S4,Ensembl release 92,https://github.com/openvax/gene-lists,d0a2f0bcbc59e612fde6108df6cb28d469e0f90e,d568385b221f0e28f619e3358b42cec7449b6d434237516df871b7f8e9ed4549
bailey2018-s4-0116,FGFR3,,ENSG00000068078,ENST00000340107,p.S249C,HGVS protein,pan_cancer,TCGA PanCancer Atlas,PMID:29625053,DOI:10.1016/j.cell.2018.02.060,Table S4,Ensembl release 92,https://github.com/openvax/gene-lists,d0a2f0bcbc59e612fde6108df6cb28d469e0f90e,d568385b221f0e28f619e3358b42cec7449b6d434237516df871b7f8e9ed4549
bailey2018-s4-0117,FLT3,,ENSG00000122025,ENST00000241453,p.G617E,HGVS protein,pan_cancer,TCGA PanCancer Atlas,PMID:29625053,DOI:10.1016/j.cell.2018.02.060,Table S4,Ensembl release 92,https://github.com/openvax/gene-lists,d0a2f0bcbc59e612fde6108df6cb28d469e0f90e,d568385b221f0e28f619e3358b42cec7449b6d434237516df871b7f8e9ed4549
bailey2018-s4-0118,FLT3,,ENSG00000122025,ENST00000241453,p.S618L,HGVS protein,pan_cancer,TCGA PanCancer Atlas,PMID:29625053,DOI:10.1016/j.cell.2018.02.060,Table S4,Ensembl release 92,https://github.com/openvax/gene-lists,d0a2f0bcbc59e612fde6108df6cb28d469e0f90e,d568385b221f0e28f619e3358b42cec7449b6d434237516df871b7f8e9ed4549
bailey2018-s4-0119,GNA11,,ENSG00000088256,ENST00000078429,p.Q209H,HGVS protein,pan_cancer,TCGA PanCancer Atlas,PMID:29625053,DOI:10.1016/j.cell.2018.02.060,Table S4,Ensembl release 92,https://github.com/openvax/gene-lists,d0a2f0bcbc59e612fde6108df6cb28d469e0f90e,d568385b221f0e28f619e3358b42cec7449b6d434237516df871b7f8e9ed4549
bailey2018-s4-0120,GNA11,,ENSG00000088256,ENST00000078429,p.Q209L,HGVS protein,pan_cancer,TCGA PanCancer Atlas,PMID:29625053,DOI:10.1016/j.cell.2018.02.060,Table S4,Ensembl release 92,https://github.com/openvax/gene-lists,d0a2f0bcbc59e612fde6108df6cb28d469e0f90e,d568385b221f0e28f619e3358b42cec7449b6d434237516df871b7f8e9ed4549
bailey2018-s4-0121,GNA11,,ENSG00000088256,ENST00000078429,p.R183C,HGVS protein,pan_cancer,TCGA PanCancer Atlas,PMID:29625053,DOI:10.1016/j.cell.2018.02.060,Table S4,Ensembl release 92,https://github.com/openvax/gene-lists,d0a2f0bcbc59e612fde6108df6cb28d469e0f90e,d568385b221f0e28f619e3358b42cec7449b6d434237516df871b7f8e9ed4549
bailey2018-s4-0122,GNA11,,ENSG00000088256,ENST00000078429,p.R213W,HGVS protein,pan_cancer,TCGA PanCancer Atlas,PMID:29625053,DOI:10.1016/j.cell.2018.02.060,Table S4,Ensembl release 92,https://github.com/openvax/gene-lists,d0a2f0bcbc59e612fde6108df6cb28d469e0f90e,d568385b221f0e28f619e3358b42cec7449b6d434237516df871b7f8e9ed4549
bailey2018-s4-0123,GNAQ,,ENSG00000156052,ENST00000286548,p.G48V,HGVS protein,pan_cancer,TCGA PanCancer Atlas,PMID:29625053,DOI:10.1016/j.cell.2018.02.060,Table S4,Ensembl release 92,https://github.com/openvax/gene-lists,d0a2f0bcbc59e612fde6108df6cb28d469e0f90e,d568385b221f0e28f619e3358b42cec7449b6d434237516df871b7f8e9ed4549
bailey2018-s4-0124,GNAQ,,ENSG00000156052,ENST00000286548,p.Q209P,HGVS protein,pan_cancer,TCGA PanCancer Atlas,PMID:29625053,DOI:10.1016/j.cell.2018.02.060,Table S4,Ensembl release 92,https://github.com/openvax/gene-lists,d0a2f0bcbc59e612fde6108df6cb28d469e0f90e,d568385b221f0e28f619e3358b42cec7449b6d434237516df871b7f8e9ed4549
bailey2018-s4-0125,GNAQ,,ENSG00000156052,ENST00000286548,p.R183Q,HGVS protein,pan_cancer,TCGA PanCancer Atlas,PMID:29625053,DOI:10.1016/j.cell.2018.02.060,Table S4,Ensembl release 92,https://github.com/openvax/gene-lists,d0a2f0bcbc59e612fde6108df6cb28d469e0f90e,d568385b221f0e28f619e3358b42cec7449b6d434237516df871b7f8e9ed4549
bailey2018-s4-0126,GNAQ,,ENSG00000156052,ENST00000286548,p.R247G,HGVS protein,pan_cancer,TCGA PanCancer Atlas,PMID:29625053,DOI:10.1016/j.cell.2018.02.060,Table S4,Ensembl release 92,https://github.com/openvax/gene-lists,d0a2f0bcbc59e612fde6108df6cb28d469e0f90e,d568385b221f0e28f619e3358b42cec7449b6d434237516df871b7f8e9ed4549
bailey2018-s4-0127,HRAS,,ENSG00000174775,ENST00000451590,p.A59T,HGVS protein,pan_cancer,TCGA PanCancer Atlas,PMID:29625053,DOI:10.1016/j.cell.2018.02.060,Table S4,Ensembl release 92,https://github.com/openvax/gene-lists,d0a2f0bcbc59e612fde6108df6cb28d469e0f90e,d568385b221f0e28f619e3358b42cec7449b6d434237516df871b7f8e9ed4549
bailey2018-s4-0128,HRAS,,ENSG00000174775,ENST00000451590,p.G12R,HGVS protein,pan_cancer,TCGA PanCancer Atlas,PMID:29625053,DOI:10.1016/j.cell.2018.02.060,Table S4,Ensembl release 92,https://github.com/openvax/gene-lists,d0a2f0bcbc59e612fde6108df6cb28d469e0f90e,d568385b221f0e28f619e3358b42cec7449b6d434237516df871b7f8e9ed4549
bailey2018-s4-0129,HRAS,,ENSG00000174775,ENST00000451590,p.G12V,HGVS protein,pan_cancer,TCGA PanCancer Atlas,PMID:29625053,DOI:10.1016/j.cell.2018.02.060,Table S4,Ensembl release 92,https://github.com/openvax/gene-lists,d0a2f0bcbc59e612fde6108df6cb28d469e0f90e,d568385b221f0e28f619e3358b42cec7449b6d434237516df871b7f8e9ed4549
bailey2018-s4-0130,HRAS,,ENSG00000174775,ENST00000451590,p.G13R,HGVS protein,pan_cancer,TCGA PanCancer Atlas,PMID:29625053,DOI:10.1016/j.cell.2018.02.060,Table S4,Ensembl release 92,https://github.com/openvax/gene-lists,d0a2f0bcbc59e612fde6108df6cb28d469e0f90e,d568385b221f0e28f619e3358b42cec7449b6d434237516df871b7f8e9ed4549
bailey2018-s4-0131,HRAS,,ENSG00000174775,ENST00000451590,p.G13V,HGVS protein,pan_cancer,TCGA PanCancer Atlas,PMID:29625053,DOI:10.1016/j.cell.2018.02.060,Table S4,Ensembl release 92,https://github.com/openvax/gene-lists,d0a2f0bcbc59e612fde6108df6cb28d469e0f90e,d568385b221f0e28f619e3358b42cec7449b6d434237516df871b7f8e9ed4549
bailey2018-s4-0132,HRAS,,ENSG00000174775,ENST00000451590,p.G60S,HGVS protein,pan_cancer,TCGA PanCancer Atlas,PMID:29625053,DOI:10.1016/j.cell.2018.02.060,Table S4,Ensembl release 92,https://github.com/openvax/gene-lists,d0a2f0bcbc59e612fde6108df6cb28d469e0f90e,d568385b221f0e28f619e3358b42cec7449b6d434237516df871b7f8e9ed4549
bailey2018-s4-0133,HRAS,,ENSG00000174775,ENST00000451590,p.G60V,HGVS protein,pan_cancer,TCGA PanCancer Atlas,PMID:29625053,DOI:10.1016/j.cell.2018.02.060,Table S4,Ensembl release 92,https://github.com/openvax/gene-lists,d0a2f0bcbc59e612fde6108df6cb28d469e0f90e,d568385b221f0e28f619e3358b42cec7449b6d434237516df871b7f8e9ed4549
bailey2018-s4-0134,HRAS,,ENSG00000174775,ENST00000451590,p.K117N,HGVS protein,pan_cancer,TCGA PanCancer Atlas,PMID:29625053,DOI:10.1016/j.cell.2018.02.060,Table S4,Ensembl release 92,https://github.com/openvax/gene-lists,d0a2f0bcbc59e612fde6108df6cb28d469e0f90e,d568385b221f0e28f619e3358b42cec7449b6d434237516df871b7f8e9ed4549
bailey2018-s4-0135,HRAS,,ENSG00000174775,ENST00000451590,p.K117R,HGVS protein,pan_cancer,TCGA PanCancer Atlas,PMID:29625053,DOI:10.1016/j.cell.2018.02.060,Table S4,Ensembl release 92,https://github.com/openvax/gene-lists,d0a2f0bcbc59e612fde6108df6cb28d469e0f90e,d568385b221f0e28f619e3358b42cec7449b6d434237516df871b7f8e9ed4549
bailey2018-s4-0136,HRAS,,ENSG00000174775,ENST00000451590,p.Q61K,HGVS protein,pan_cancer,TCGA PanCancer Atlas,PMID:29625053,DOI:10.1016/j.cell.2018.02.060,Table S4,Ensembl release 92,https://github.com/openvax/gene-lists,d0a2f0bcbc59e612fde6108df6cb28d469e0f90e,d568385b221f0e28f619e3358b42cec7449b6d434237516df871b7f8e9ed4549
bailey2018-s4-0137,HRAS,,ENSG00000174775,ENST00000451590,p.Q61L,HGVS protein,pan_cancer,TCGA PanCancer Atlas,PMID:29625053,DOI:10.1016/j.cell.2018.02.060,Table S4,Ensembl release 92,https://github.com/openvax/gene-lists,d0a2f0bcbc59e612fde6108df6cb28d469e0f90e,d568385b221f0e28f619e3358b42cec7449b6d434237516df871b7f8e9ed4549
bailey2018-s4-0138,IDH1,,ENSG00000138413,ENST00000415913,p.R132C,HGVS protein,pan_cancer,TCGA PanCancer Atlas,PMID:29625053,DOI:10.1016/j.cell.2018.02.060,Table S4,Ensembl release 92,https://github.com/openvax/gene-lists,d0a2f0bcbc59e612fde6108df6cb28d469e0f90e,d568385b221f0e28f619e3358b42cec7449b6d434237516df871b7f8e9ed4549
bailey2018-s4-0139,IDH1,,ENSG00000138413,ENST00000415913,p.R132H,HGVS protein,pan_cancer,TCGA PanCancer Atlas,PMID:29625053,DOI:10.1016/j.cell.2018.02.060,Table S4,Ensembl release 92,https://github.com/openvax/gene-lists,d0a2f0bcbc59e612fde6108df6cb28d469e0f90e,d568385b221f0e28f619e3358b42cec7449b6d434237516df871b7f8e9ed4549
bailey2018-s4-0140,IDH2,,ENSG00000182054,ENST00000330062,p.G137E,HGVS protein,pan_cancer,TCGA PanCancer Atlas,PMID:29625053,DOI:10.1016/j.cell.2018.02.060,Table S4,Ensembl release 92,https://github.com/openvax/gene-lists,d0a2f0bcbc59e612fde6108df6cb28d469e0f90e,d568385b221f0e28f619e3358b42cec7449b6d434237516df871b7f8e9ed4549
bailey2018-s4-0141,IDH2,,ENSG00000182054,ENST00000330062,p.R140Q,HGVS protein,pan_cancer,TCGA PanCancer Atlas,PMID:29625053,DOI:10.1016/j.cell.2018.02.060,Table S4,Ensembl release 92,https://github.com/openvax/gene-lists,d0a2f0bcbc59e612fde6108df6cb28d469e0f90e,d568385b221f0e28f619e3358b42cec7449b6d434237516df871b7f8e9ed4549
bailey2018-s4-0142,IDH2,,ENSG00000182054,ENST00000330062,p.R172G,HGVS protein,pan_cancer,TCGA PanCancer Atlas,PMID:29625053,DOI:10.1016/j.cell.2018.02.060,Table S4,Ensembl release 92,https://github.com/openvax/gene-lists,d0a2f0bcbc59e612fde6108df6cb28d469e0f90e,d568385b221f0e28f619e3358b42cec7449b6d434237516df871b7f8e9ed4549
bailey2018-s4-0143,IDH2,,ENSG00000182054,ENST00000330062,p.R172K,HGVS protein,pan_cancer,TCGA PanCancer Atlas,PMID:29625053,DOI:10.1016/j.cell.2018.02.060,Table S4,Ensembl release 92,https://github.com/openvax/gene-lists,d0a2f0bcbc59e612fde6108df6cb28d469e0f90e,d568385b221f0e28f619e3358b42cec7449b6d434237516df871b7f8e9ed4549
bailey2018-s4-0144,IDH2,,ENSG00000182054,ENST00000330062,p.R172S,HGVS protein,pan_cancer,TCGA PanCancer Atlas,PMID:29625053,DOI:10.1016/j.cell.2018.02.060,Table S4,Ensembl release 92,https://github.com/openvax/gene-lists,d0a2f0bcbc59e612fde6108df6cb28d469e0f90e,d568385b221f0e28f619e3358b42cec7449b6d434237516df871b7f8e9ed4549
bailey2018-s4-0145,KEAP1,,ENSG00000079999,ENST00000171111,p.G333D,HGVS protein,pan_cancer,TCGA PanCancer Atlas,PMID:29625053,DOI:10.1016/j.cell.2018.02.060,Table S4,Ensembl release 92,https://github.com/openvax/gene-lists,d0a2f0bcbc59e612fde6108df6cb28d469e0f90e,d568385b221f0e28f619e3358b42cec7449b6d434237516df871b7f8e9ed4549
bailey2018-s4-0146,KEAP1,,ENSG00000079999,ENST00000171111,p.G333S,HGVS protein,pan_cancer,TCGA PanCancer Atlas,PMID:29625053,DOI:10.1016/j.cell.2018.02.060,Table S4,Ensembl release 92,https://github.com/openvax/gene-lists,d0a2f0bcbc59e612fde6108df6cb28d469e0f90e,d568385b221f0e28f619e3358b42cec7449b6d434237516df871b7f8e9ed4549
bailey2018-s4-0147,KEAP1,,ENSG00000079999,ENST00000171111,p.G477S,HGVS protein,pan_cancer,TCGA PanCancer Atlas,PMID:29625053,DOI:10.1016/j.cell.2018.02.060,Table S4,Ensembl release 92,https://github.com/openvax/gene-lists,d0a2f0bcbc59e612fde6108df6cb28d469e0f90e,d568385b221f0e28f619e3358b42cec7449b6d434237516df871b7f8e9ed4549
bailey2018-s4-0148,KEAP1,,ENSG00000079999,ENST00000171111,p.G524C,HGVS protein,pan_cancer,TCGA PanCancer Atlas,PMID:29625053,DOI:10.1016/j.cell.2018.02.060,Table S4,Ensembl release 92,https://github.com/openvax/gene-lists,d0a2f0bcbc59e612fde6108df6cb28d469e0f90e,d568385b221f0e28f619e3358b42cec7449b6d434237516df871b7f8e9ed4549
bailey2018-s4-0149,KEAP1,,ENSG00000079999,ENST00000171111,p.G571D,HGVS protein,pan_cancer,TCGA PanCancer Atlas,PMID:29625053,DOI:10.1016/j.cell.2018.02.060,Table S4,Ensembl release 92,https://github.com/openvax/gene-lists,d0a2f0bcbc59e612fde6108df6cb28d469e0f90e,d568385b221f0e28f619e3358b42cec7449b6d434237516df871b7f8e9ed4549
bailey2018-s4-0150,KEAP1,,ENSG00000079999,ENST00000171111,p.R413H,HGVS protein,pan_cancer,TCGA PanCancer Atlas,PMID:29625053,DOI:10.1016/j.cell.2018.02.060,Table S4,Ensembl release 92,https://github.com/openvax/gene-lists,d0a2f0bcbc59e612fde6108df6cb28d469e0f90e,d568385b221f0e28f619e3358b42cec7449b6d434237516df871b7f8e9ed4549
bailey2018-s4-0151,KEAP1,,ENSG00000079999,ENST00000171111,p.R483C,HGVS protein,pan_cancer,TCGA PanCancer Atlas,PMID:29625053,DOI:10.1016/j.cell.2018.02.060,Table S4,Ensembl release 92,https://github.com/openvax/gene-lists,d0a2f0bcbc59e612fde6108df6cb28d469e0f90e,d568385b221f0e28f619e3358b42cec7449b6d434237516df871b7f8e9ed4549
bailey2018-s4-0152,KEAP1,,ENSG00000079999,ENST00000171111,p.V152A,HGVS protein,pan_cancer,TCGA PanCancer Atlas,PMID:29625053,DOI:10.1016/j.cell.2018.02.060,Table S4,Ensembl release 92,https://github.com/openvax/gene-lists,d0a2f0bcbc59e612fde6108df6cb28d469e0f90e,d568385b221f0e28f619e3358b42cec7449b6d434237516df871b7f8e9ed4549
bailey2018-s4-0153,KEAP1,,ENSG00000079999,ENST00000171111,p.Y525C,HGVS protein,pan_cancer,TCGA PanCancer Atlas,PMID:29625053,DOI:10.1016/j.cell.2018.02.060,Table S4,Ensembl release 92,https://github.com/openvax/gene-lists,d0a2f0bcbc59e612fde6108df6cb28d469e0f90e,d568385b221f0e28f619e3358b42cec7449b6d434237516df871b7f8e9ed4549
bailey2018-s4-0154,KIT,,ENSG00000157404,ENST00000288135,p.A636V,HGVS protein,pan_cancer,TCGA PanCancer Atlas,PMID:29625053,DOI:10.1016/j.cell.2018.02.060,Table S4,Ensembl release 92,https://github.com/openvax/gene-lists,d0a2f0bcbc59e612fde6108df6cb28d469e0f90e,d568385b221f0e28f619e3358b42cec7449b6d434237516df871b7f8e9ed4549
bailey2018-s4-0155,KIT,,ENSG00000157404,ENST00000288135,p.D816V,HGVS protein,pan_cancer,TCGA PanCancer Atlas,PMID:29625053,DOI:10.1016/j.cell.2018.02.060,Table S4,Ensembl release 92,https://github.com/openvax/gene-lists,d0a2f0bcbc59e612fde6108df6cb28d469e0f90e,d568385b221f0e28f619e3358b42cec7449b6d434237516df871b7f8e9ed4549
bailey2018-s4-0156,KIT,,ENSG00000157404,ENST00000288135,p.D816Y,HGVS protein,pan_cancer,TCGA PanCancer Atlas,PMID:29625053,DOI:10.1016/j.cell.2018.02.060,Table S4,Ensembl release 92,https://github.com/openvax/gene-lists,d0a2f0bcbc59e612fde6108df6cb28d469e0f90e,d568385b221f0e28f619e3358b42cec7449b6d434237516df871b7f8e9ed4549
bailey2018-s4-0157,KIT,,ENSG00000157404,ENST00000288135,p.G812V,HGVS protein,pan_cancer,TCGA PanCancer Atlas,PMID:29625053,DOI:10.1016/j.cell.2018.02.060,Table S4,Ensembl release 92,https://github.com/openvax/gene-lists,d0a2f0bcbc59e612fde6108df6cb28d469e0f90e,d568385b221f0e28f619e3358b42cec7449b6d434237516df871b7f8e9ed4549
bailey2018-s4-0158,KIT,,ENSG00000157404,ENST00000288135,p.K642E,HGVS protein,pan_cancer,TCGA PanCancer Atlas,PMID:29625053,DOI:10.1016/j.cell.2018.02.060,Table S4,Ensembl release 92,https://github.com/openvax/gene-lists,d0a2f0bcbc59e612fde6108df6cb28d469e0f90e,d568385b221f0e28f619e3358b42cec7449b6d434237516df871b7f8e9ed4549
bailey2018-s4-0159,KIT,,ENSG00000157404,ENST00000288135,p.L576P,HGVS protein,pan_cancer,TCGA PanCancer Atlas,PMID:29625053,DOI:10.1016/j.cell.2018.02.060,Table S4,Ensembl release 92,https://github.com/openvax/gene-lists,d0a2f0bcbc59e612fde6108df6cb28d469e0f90e,d568385b221f0e28f619e3358b42cec7449b6d434237516df871b7f8e9ed4549
bailey2018-s4-0160,KIT,,ENSG00000157404,ENST00000288135,p.L637H,HGVS protein,pan_cancer,TCGA PanCancer Atlas,PMID:29625053,DOI:10.1016/j.cell.2018.02.060,Table S4,Ensembl release 92,https://github.com/openvax/gene-lists,d0a2f0bcbc59e612fde6108df6cb28d469e0f90e,d568385b221f0e28f619e3358b42cec7449b6d434237516df871b7f8e9ed4549
bailey2018-s4-0161,KIT,,ENSG00000157404,ENST00000288135,p.P573Q,HGVS protein,pan_cancer,TCGA PanCancer Atlas,PMID:29625053,DOI:10.1016/j.cell.2018.02.060,Table S4,Ensembl release 92,https://github.com/openvax/gene-lists,d0a2f0bcbc59e612fde6108df6cb28d469e0f90e,d568385b221f0e28f619e3358b42cec7449b6d434237516df871b7f8e9ed4549
bailey2018-s4-0162,KIT,,ENSG00000157404,ENST00000288135,p.V559G,HGVS protein,pan_cancer,TCGA PanCancer Atlas,PMID:29625053,DOI:10.1016/j.cell.2018.02.060,Table S4,Ensembl release 92,https://github.com/openvax/gene-lists,d0a2f0bcbc59e612fde6108df6cb28d469e0f90e,d568385b221f0e28f619e3358b42cec7449b6d434237516df871b7f8e9ed4549
bailey2018-s4-0163,KMT2C,,ENSG00000055609,ENST00000262189,p.C370Y,HGVS protein,pan_cancer,TCGA PanCancer Atlas,PMID:29625053,DOI:10.1016/j.cell.2018.02.060,Table S4,Ensembl release 92,https://github.com/openvax/gene-lists,d0a2f0bcbc59e612fde6108df6cb28d469e0f90e,d568385b221f0e28f619e3358b42cec7449b6d434237516df871b7f8e9ed4549
bailey2018-s4-0164,KMT2C,,ENSG00000055609,ENST00000262189,p.C385Y,HGVS protein,pan_cancer,TCGA PanCancer Atlas,PMID:29625053,DOI:10.1016/j.cell.2018.02.060,Table S4,Ensembl release 92,https://github.com/openvax/gene-lists,d0a2f0bcbc59e612fde6108df6cb28d469e0f90e,d568385b221f0e28f619e3358b42cec7449b6d434237516df871b7f8e9ed4549
bailey2018-s4-0165,KRAS,,ENSG00000133703,ENST00000256078,p.A59G,HGVS protein,pan_cancer,TCGA PanCancer Atlas,PMID:29625053,DOI:10.1016/j.cell.2018.02.060,Table S4,Ensembl release 92,https://github.com/openvax/gene-lists,d0a2f0bcbc59e612fde6108df6cb28d469e0f90e,d568385b221f0e28f619e3358b42cec7449b6d434237516df871b7f8e9ed4549
bailey2018-s4-0166,KRAS,,ENSG00000133703,ENST00000256078,p.A59T,HGVS protein,pan_cancer,TCGA PanCancer Atlas,PMID:29625053,DOI:10.1016/j.cell.2018.02.060,Table S4,Ensembl release 92,https://github.com/openvax/gene-lists,d0a2f0bcbc59e612fde6108df6cb28d469e0f90e,d568385b221f0e28f619e3358b42cec7449b6d434237516df871b7f8e9ed4549
bailey2018-s4-0167,KRAS,,ENSG00000133703,ENST00000256078,p.E62K,HGVS protein,pan_cancer,TCGA PanCancer Atlas,PMID:29625053,DOI:10.1016/j.cell.2018.02.060,Table S4,Ensembl release 92,https://github.com/openvax/gene-lists,d0a2f0bcbc59e612fde6108df6cb28d469e0f90e,d568385b221f0e28f619e3358b42cec7449b6d434237516df871b7f8e9ed4549
bailey2018-s4-0168,KRAS,,ENSG00000133703,ENST00000256078,p.E63K,HGVS protein,pan_cancer,TCGA PanCancer Atlas,PMID:29625053,DOI:10.1016/j.cell.2018.02.060,Table S4,Ensembl release 92,https://github.com/openvax/gene-lists,d0a2f0bcbc59e612fde6108df6cb28d469e0f90e,d568385b221f0e28f619e3358b42cec7449b6d434237516df871b7f8e9ed4549
bailey2018-s4-0169,KRAS,,ENSG00000133703,ENST00000256078,p.G12R,HGVS protein,pan_cancer,TCGA PanCancer Atlas,PMID:29625053,DOI:10.1016/j.cell.2018.02.060,Table S4,Ensembl release 92,https://github.com/openvax/gene-lists,d0a2f0bcbc59e612fde6108df6cb28d469e0f90e,d568385b221f0e28f619e3358b42cec7449b6d434237516df871b7f8e9ed4549
bailey2018-s4-0170,KRAS,,ENSG00000133703,ENST00000256078,p.G12V,HGVS protein,pan_cancer,TCGA PanCancer Atlas,PMID:29625053,DOI:10.1016/j.cell.2018.02.060,Table S4,Ensembl release 92,https://github.com/openvax/gene-lists,d0a2f0bcbc59e612fde6108df6cb28d469e0f90e,d568385b221f0e28f619e3358b42cec7449b6d434237516df871b7f8e9ed4549
bailey2018-s4-0171,KRAS,,ENSG00000133703,ENST00000256078,p.G13C,HGVS protein,pan_cancer,TCGA PanCancer Atlas,PMID:29625053,DOI:10.1016/j.cell.2018.02.060,Table S4,Ensembl release 92,https://github.com/openvax/gene-lists,d0a2f0bcbc59e612fde6108df6cb28d469e0f90e,d568385b221f0e28f619e3358b42cec7449b6d434237516df871b7f8e9ed4549
bailey2018-s4-0172,KRAS,,ENSG00000133703,ENST00000256078,p.G13D,HGVS protein,pan_cancer,TCGA PanCancer Atlas,PMID:29625053,DOI:10.1016/j.cell.2018.02.060,Table S4,Ensembl release 92,https://github.com/openvax/gene-lists,d0a2f0bcbc59e612fde6108df6cb28d469e0f90e,d568385b221f0e28f619e3358b42cec7449b6d434237516df871b7f8e9ed4549
bailey2018-s4-0173,KRAS,,ENSG00000133703,ENST00000256078,p.I21R,HGVS protein,pan_cancer,TCGA PanCancer Atlas,PMID:29625053,DOI:10.1016/j.cell.2018.02.060,Table S4,Ensembl release 92,https://github.com/openvax/gene-lists,d0a2f0bcbc59e612fde6108df6cb28d469e0f90e,d568385b221f0e28f619e3358b42cec7449b6d434237516df871b7f8e9ed4549
bailey2018-s4-0174,KRAS,,ENSG00000133703,ENST00000256078,p.K117N,HGVS protein,pan_cancer,TCGA PanCancer Atlas,PMID:29625053,DOI:10.1016/j.cell.2018.02.060,Table S4,Ensembl release 92,https://github.com/openvax/gene-lists,d0a2f0bcbc59e612fde6108df6cb28d469e0f90e,d568385b221f0e28f619e3358b42cec7449b6d434237516df871b7f8e9ed4549
bailey2018-s4-0175,KRAS,,ENSG00000133703,ENST00000256078,p.L19F,HGVS protein,pan_cancer,TCGA PanCancer Atlas,PMID:29625053,DOI:10.1016/j.cell.2018.02.060,Table S4,Ensembl release 92,https://github.com/openvax/gene-lists,d0a2f0bcbc59e612fde6108df6cb28d469e0f90e,d568385b221f0e28f619e3358b42cec7449b6d434237516df871b7f8e9ed4549
bailey2018-s4-0176,KRAS,,ENSG00000133703,ENST00000256078,p.P34L,HGVS protein,pan_cancer,TCGA PanCancer Atlas,PMID:29625053,DOI:10.1016/j.cell.2018.02.060,Table S4,Ensembl release 92,https://github.com/openvax/gene-lists,d0a2f0bcbc59e612fde6108df6cb28d469e0f90e,d568385b221f0e28f619e3358b42cec7449b6d434237516df871b7f8e9ed4549
bailey2018-s4-0177,KRAS,,ENSG00000133703,ENST00000256078,p.Q61K,HGVS protein,pan_cancer,TCGA PanCancer Atlas,PMID:29625053,DOI:10.1016/j.cell.2018.02.060,Table S4,Ensembl release 92,https://github.com/openvax/gene-lists,d0a2f0bcbc59e612fde6108df6cb28d469e0f90e,d568385b221f0e28f619e3358b42cec7449b6d434237516df871b7f8e9ed4549
bailey2018-s4-0178,KRAS,,ENSG00000133703,ENST00000256078,p.Q61R,HGVS protein,pan_cancer,TCGA PanCancer Atlas,PMID:29625053,DOI:10.1016/j.cell.2018.02.060,Table S4,Ensembl release 92,https://github.com/openvax/gene-lists,d0a2f0bcbc59e612fde6108df6cb28d469e0f90e,d568385b221f0e28f619e3358b42cec7449b6d434237516df871b7f8e9ed4549
bailey2018-s4-0179,KRAS,,ENSG00000133703,ENST00000256078,p.T20R,HGVS protein,pan_cancer,TCGA PanCancer Atlas,PMID:29625053,DOI:10.1016/j.cell.2018.02.060,Table S4,Ensembl release 92,https://github.com/openvax/gene-lists,d0a2f0bcbc59e612fde6108df6cb28d469e0f90e,d568385b221f0e28f619e3358b42cec7449b6d434237516df871b7f8e9ed4549
bailey2018-s4-0180,KRAS,,ENSG00000133703,ENST00000256078,p.V14I,HGVS protein,pan_cancer,TCGA PanCancer Atlas,PMID:29625053,DOI:10.1016/j.cell.2018.02.060,Table S4,Ensembl release 92,https://github.com/openvax/gene-lists,d0a2f0bcbc59e612fde6108df6cb28d469e0f90e,d568385b221f0e28f619e3358b42cec7449b6d434237516df871b7f8e9ed4549
bailey2018-s4-0181,MAP2K1,,ENSG00000169032,ENST00000307102,p.C121R,HGVS protein,pan_cancer,TCGA PanCancer Atlas,PMID:29625053,DOI:10.1016/j.cell.2018.02.060,Table S4,Ensembl release 92,https://github.com/openvax/gene-lists,d0a2f0bcbc59e612fde6108df6cb28d469e0f90e,d568385b221f0e28f619e3358b42cec7449b6d434237516df871b7f8e9ed4549
bailey2018-s4-0182,MAP2K1,,ENSG00000169032,ENST00000307102,p.P124L,HGVS protein,pan_cancer,TCGA PanCancer Atlas,PMID:29625053,DOI:10.1016/j.cell.2018.02.060,Table S4,Ensembl release 92,https://github.com/openvax/gene-lists,d0a2f0bcbc59e612fde6108df6cb28d469e0f90e,d568385b221f0e28f619e3358b42cec7449b6d434237516df871b7f8e9ed4549
bailey2018-s4-0183,MAP2K1,,ENSG00000169032,ENST00000307102,p.P124S,HGVS protein,pan_cancer,TCGA PanCancer Atlas,PMID:29625053,DOI:10.1016/j.cell.2018.02.060,Table S4,Ensembl release 92,https://github.com/openvax/gene-lists,d0a2f0bcbc59e612fde6108df6cb28d469e0f90e,d568385b221f0e28f619e3358b42cec7449b6d434237516df871b7f8e9ed4549
bailey2018-s4-0184,MAP2K1,,ENSG00000169032,ENST00000307102,p.Y130C,HGVS protein,pan_cancer,TCGA PanCancer Atlas,PMID:29625053,DOI:10.1016/j.cell.2018.02.060,Table S4,Ensembl release 92,https://github.com/openvax/gene-lists,d0a2f0bcbc59e612fde6108df6cb28d469e0f90e,d568385b221f0e28f619e3358b42cec7449b6d434237516df871b7f8e9ed4549
bailey2018-s4-0185,MET,,ENSG00000105976,ENST00000318493,p.D1246H,HGVS protein,pan_cancer,TCGA PanCancer Atlas,PMID:29625053,DOI:10.1016/j.cell.2018.02.060,Table S4,Ensembl release 92,https://github.com/openvax/gene-lists,d0a2f0bcbc59e612fde6108df6cb28d469e0f90e,d568385b221f0e28f619e3358b42cec7449b6d434237516df871b7f8e9ed4549
bailey2018-s4-0186,MET,,ENSG00000105976,ENST00000318493,p.V1110I,HGVS protein,pan_cancer,TCGA PanCancer Atlas,PMID:29625053,DOI:10.1016/j.cell.2018.02.060,Table S4,Ensembl release 92,https://github.com/openvax/gene-lists,d0a2f0bcbc59e612fde6108df6cb28d469e0f90e,d568385b221f0e28f619e3358b42cec7449b6d434237516df871b7f8e9ed4549
bailey2018-s4-0187,MET,,ENSG00000105976,ENST00000318493,p.Y1248C,HGVS protein,pan_cancer,TCGA PanCancer Atlas,PMID:29625053,DOI:10.1016/j.cell.2018.02.060,Table S4,Ensembl release 92,https://github.com/openvax/gene-lists,d0a2f0bcbc59e612fde6108df6cb28d469e0f90e,d568385b221f0e28f619e3358b42cec7449b6d434237516df871b7f8e9ed4549
bailey2018-s4-0188,MET,,ENSG00000105976,ENST00000318493,p.Y1248H,HGVS protein,pan_cancer,TCGA PanCancer Atlas,PMID:29625053,DOI:10.1016/j.cell.2018.02.060,Table S4,Ensembl release 92,https://github.com/openvax/gene-lists,d0a2f0bcbc59e612fde6108df6cb28d469e0f90e,d568385b221f0e28f619e3358b42cec7449b6d434237516df871b7f8e9ed4549
bailey2018-s4-0189,MTOR,,ENSG00000198793,ENST00000361445,p.K1981E,HGVS protein,pan_cancer,TCGA PanCancer Atlas,PMID:29625053,DOI:10.1016/j.cell.2018.02.060,Table S4,Ensembl release 92,https://github.com/openvax/gene-lists,d0a2f0bcbc59e612fde6108df6cb28d469e0f90e,d568385b221f0e28f619e3358b42cec7449b6d434237516df871b7f8e9ed4549
bailey2018-s4-0190,MTOR,,ENSG00000198793,ENST00000361445,p.L1460P,HGVS protein,pan_cancer,TCGA PanCancer Atlas,PMID:29625053,DOI:10.1016/j.cell.2018.02.060,Table S4,Ensembl release 92,https://github.com/openvax/gene-lists,d0a2f0bcbc59e612fde6108df6cb28d469e0f90e,d568385b221f0e28f619e3358b42cec7449b6d434237516df871b7f8e9ed4549
bailey2018-s4-0191,MTOR,,ENSG00000198793,ENST00000361445,p.L2209V,HGVS protein,pan_cancer,TCGA PanCancer Atlas,PMID:29625053,DOI:10.1016/j.cell.2018.02.060,Table S4,Ensembl release 92,https://github.com/openvax/gene-lists,d0a2f0bcbc59e612fde6108df6cb28d469e0f90e,d568385b221f0e28f619e3358b42cec7449b6d434237516df871b7f8e9ed4549
bailey2018-s4-0192,MTOR,,ENSG00000198793,ENST00000361445,p.L2230V,HGVS protein,pan_cancer,TCGA PanCancer Atlas,PMID:29625053,DOI:10.1016/j.cell.2018.02.060,Table S4,Ensembl release 92,https://github.com/openvax/gene-lists,d0a2f0bcbc59e612fde6108df6cb28d469e0f90e,d568385b221f0e28f619e3358b42cec7449b6d434237516df871b7f8e9ed4549
bailey2018-s4-0193,MTOR,,ENSG00000198793,ENST00000361445,p.S2215F,HGVS protein,pan_cancer,TCGA PanCancer Atlas,PMID:29625053,DOI:10.1016/j.cell.2018.02.060,Table S4,Ensembl release 92,https://github.com/openvax/gene-lists,d0a2f0bcbc59e612fde6108df6cb28d469e0f90e,d568385b221f0e28f619e3358b42cec7449b6d434237516df871b7f8e9ed4549
bailey2018-s4-0194,MTOR,,ENSG00000198793,ENST00000361445,p.T1977R,HGVS protein,pan_cancer,TCGA PanCancer Atlas,PMID:29625053,DOI:10.1016/j.cell.2018.02.060,Table S4,Ensembl release 92,https://github.com/openvax/gene-lists,d0a2f0bcbc59e612fde6108df6cb28d469e0f90e,d568385b221f0e28f619e3358b42cec7449b6d434237516df871b7f8e9ed4549
bailey2018-s4-0195,MTOR,,ENSG00000198793,ENST00000361445,p.V2406A,HGVS protein,pan_cancer,TCGA PanCancer Atlas,PMID:29625053,DOI:10.1016/j.cell.2018.02.060,Table S4,Ensembl release 92,https://github.com/openvax/gene-lists,d0a2f0bcbc59e612fde6108df6cb28d469e0f90e,d568385b221f0e28f619e3358b42cec7449b6d434237516df871b7f8e9ed4549
bailey2018-s4-0196,MTOR,,ENSG00000198793,ENST00000361445,p.V2406M,HGVS protein,pan_cancer,TCGA PanCancer Atlas,PMID:29625053,DOI:10.1016/j.cell.2018.02.060,Table S4,Ensembl release 92,https://github.com/openvax/gene-lists,d0a2f0bcbc59e612fde6108df6cb28d469e0f90e,d568385b221f0e28f619e3358b42cec7449b6d434237516df871b7f8e9ed4549
bailey2018-s4-0197,MTOR,,ENSG00000198793,ENST00000361445,p.Y1974C,HGVS protein,pan_cancer,TCGA PanCancer Atlas,PMID:29625053,DOI:10.1016/j.cell.2018.02.060,Table S4,Ensembl release 92,https://github.com/openvax/gene-lists,d0a2f0bcbc59e612fde6108df6cb28d469e0f90e,d568385b221f0e28f619e3358b42cec7449b6d434237516df871b7f8e9ed4549
bailey2018-s4-0198,NFE2L2,,ENSG00000116044,ENST00000397062,p.D77G,HGVS protein,pan_cancer,TCGA PanCancer Atlas,PMID:29625053,DOI:10.1016/j.cell.2018.02.060,Table S4,Ensembl release 92,https://github.com/openvax/gene-lists,d0a2f0bcbc59e612fde6108df6cb28d469e0f90e,d568385b221f0e28f619e3358b42cec7449b6d434237516df871b7f8e9ed4549
bailey2018-s4-0199,NFE2L2,,ENSG00000116044,ENST00000397062,p.E79G,HGVS protein,pan_cancer,TCGA PanCancer Atlas,PMID:29625053,DOI:10.1016/j.cell.2018.02.060,Table S4,Ensembl release 92,https://github.com/openvax/gene-lists,d0a2f0bcbc59e612fde6108df6cb28d469e0f90e,d568385b221f0e28f619e3358b42cec7449b6d434237516df871b7f8e9ed4549
bailey2018-s4-0200,NFE2L2,,ENSG00000116044,ENST00000397062,p.E79Q,HGVS protein,pan_cancer,TCGA PanCancer Atlas,PMID:29625053,DOI:10.1016/j.cell.2018.02.060,Table S4,Ensembl release 92,https://github.com/openvax/gene-lists,d0a2f0bcbc59e612fde6108df6cb28d469e0f90e,d568385b221f0e28f619e3358b42cec7449b6d434237516df871b7f8e9ed4549
bailey2018-s4-0201,NFE2L2,,ENSG00000116044,ENST00000397062,p.E82D,HGVS protein,pan_cancer,TCGA PanCancer Atlas,PMID:29625053,DOI:10.1016/j.cell.2018.02.060,Table S4,Ensembl release 92,https://github.com/openvax/gene-lists,d0a2f0bcbc59e612fde6108df6cb28d469e0f90e,d568385b221f0e28f619e3358b42cec7449b6d434237516df871b7f8e9ed4549
bailey2018-s4-0202,NFE2L2,,ENSG00000116044,ENST00000397062,p.E82V,HGVS protein,pan_cancer,TCGA PanCancer Atlas,PMID:29625053,DOI:10.1016/j.cell.2018.02.060,Table S4,Ensembl release 92,https://github.com/openvax/gene-lists,d0a2f0bcbc59e612fde6108df6cb28d469e0f90e,d568385b221f0e28f619e3358b42cec7449b6d434237516df871b7f8e9ed4549
bailey2018-s4-0203,NFE2L2,,ENSG00000116044,ENST00000397062,p.G81S,HGVS protein,pan_cancer,TCGA PanCancer Atlas,PMID:29625053,DOI:10.1016/j.cell.2018.02.060,Table S4,Ensembl release 92,https://github.com/openvax/gene-lists,d0a2f0bcbc59e612fde6108df6cb28d469e0f90e,d568385b221f0e28f619e3358b42cec7449b6d434237516df871b7f8e9ed4549
bailey2018-s4-0204,NFE2L2,,ENSG00000116044,ENST00000397062,p.G81V,HGVS protein,pan_cancer,TCGA PanCancer Atlas,PMID:29625053,DOI:10.1016/j.cell.2018.02.060,Table S4,Ensembl release 92,https://github.com/openvax/gene-lists,d0a2f0bcbc59e612fde6108df6cb28d469e0f90e,d568385b221f0e28f619e3358b42cec7449b6d434237516df871b7f8e9ed4549
bailey2018-s4-0205,NFE2L2,,ENSG00000116044,ENST00000397062,p.T80A,HGVS protein,pan_cancer,TCGA PanCancer Atlas,PMID:29625053,DOI:10.1016/j.cell.2018.02.060,Table S4,Ensembl release 92,https://github.com/openvax/gene-lists,d0a2f0bcbc59e612fde6108df6cb28d469e0f90e,d568385b221f0e28f619e3358b42cec7449b6d434237516df871b7f8e9ed4549
bailey2018-s4-0206,NFE2L2,,ENSG00000116044,ENST00000397062,p.T80I,HGVS protein,pan_cancer,TCGA PanCancer Atlas,PMID:29625053,DOI:10.1016/j.cell.2018.02.060,Table S4,Ensembl release 92,https://github.com/openvax/gene-lists,d0a2f0bcbc59e612fde6108df6cb28d469e0f90e,d568385b221f0e28f619e3358b42cec7449b6d434237516df871b7f8e9ed4549
bailey2018-s4-0207,NOTCH1,,ENSG00000148400,ENST00000277541,p.C440R,HGVS protein,pan_cancer,TCGA PanCancer Atlas,PMID:29625053,DOI:10.1016/j.cell.2018.02.060,Table S4,Ensembl release 92,https://github.com/openvax/gene-lists,d0a2f0bcbc59e612fde6108df6cb28d469e0f90e,d568385b221f0e28f619e3358b42cec7449b6d434237516df871b7f8e9ed4549
bailey2018-s4-0208,NOTCH1,,ENSG00000148400,ENST00000277541,p.C440S,HGVS protein,pan_cancer,TCGA PanCancer Atlas,PMID:29625053,DOI:10.1016/j.cell.2018.02.060,Table S4,Ensembl release 92,https://github.com/openvax/gene-lists,d0a2f0bcbc59e612fde6108df6cb28d469e0f90e,d568385b221f0e28f619e3358b42cec7449b6d434237516df871b7f8e9ed4549
bailey2018-s4-0209,NOTCH1,,ENSG00000148400,ENST00000277541,p.C449Y,HGVS protein,pan_cancer,TCGA PanCancer Atlas,PMID:29625053,DOI:10.1016/j.cell.2018.02.060,Table S4,Ensembl release 92,https://github.com/openvax/gene-lists,d0a2f0bcbc59e612fde6108df6cb28d469e0f90e,d568385b221f0e28f619e3358b42cec7449b6d434237516df871b7f8e9ed4549
bailey2018-s4-0210,NRAS,,ENSG00000213281,ENST00000369535,p.E62K,HGVS protein,pan_cancer,TCGA PanCancer Atlas,PMID:29625053,DOI:10.1016/j.cell.2018.02.060,Table S4,Ensembl release 92,https://github.com/openvax/gene-lists,d0a2f0bcbc59e612fde6108df6cb28d469e0f90e,d568385b221f0e28f619e3358b42cec7449b6d434237516df871b7f8e9ed4549
bailey2018-s4-0211,NRAS,,ENSG00000213281,ENST00000369535,p.G12D,HGVS protein,pan_cancer,TCGA PanCancer Atlas,PMID:29625053,DOI:10.1016/j.cell.2018.02.060,Table S4,Ensembl release 92,https://github.com/openvax/gene-lists,d0a2f0bcbc59e612fde6108df6cb28d469e0f90e,d568385b221f0e28f619e3358b42cec7449b6d434237516df871b7f8e9ed4549
bailey2018-s4-0212,NRAS,,ENSG00000213281,ENST00000369535,p.G12S,HGVS protein,pan_cancer,TCGA PanCancer Atlas,PMID:29625053,DOI:10.1016/j.cell.2018.02.060,Table S4,Ensembl release 92,https://github.com/openvax/gene-lists,d0a2f0bcbc59e612fde6108df6cb28d469e0f90e,d568385b221f0e28f619e3358b42cec7449b6d434237516df871b7f8e9ed4549
bailey2018-s4-0213,NRAS,,ENSG00000213281,ENST00000369535,p.G13D,HGVS protein,pan_cancer,TCGA PanCancer Atlas,PMID:29625053,DOI:10.1016/j.cell.2018.02.060,Table S4,Ensembl release 92,https://github.com/openvax/gene-lists,d0a2f0bcbc59e612fde6108df6cb28d469e0f90e,d568385b221f0e28f619e3358b42cec7449b6d434237516df871b7f8e9ed4549
bailey2018-s4-0214,NRAS,,ENSG00000213281,ENST00000369535,p.G13R,HGVS protein,pan_cancer,TCGA PanCancer Atlas,PMID:29625053,DOI:10.1016/j.cell.2018.02.060,Table S4,Ensembl release 92,https://github.com/openvax/gene-lists,d0a2f0bcbc59e612fde6108df6cb28d469e0f90e,d568385b221f0e28f619e3358b42cec7449b6d434237516df871b7f8e9ed4549
bailey2018-s4-0215,NRAS,,ENSG00000213281,ENST00000369535,p.K16N,HGVS protein,pan_cancer,TCGA PanCancer Atlas,PMID:29625053,DOI:10.1016/j.cell.2018.02.060,Table S4,Ensembl release 92,https://github.com/openvax/gene-lists,d0a2f0bcbc59e612fde6108df6cb28d469e0f90e,d568385b221f0e28f619e3358b42cec7449b6d434237516df871b7f8e9ed4549
bailey2018-s4-0216,NRAS,,ENSG00000213281,ENST00000369535,p.Q61H,HGVS protein,pan_cancer,TCGA PanCancer Atlas,PMID:29625053,DOI:10.1016/j.cell.2018.02.060,Table S4,Ensembl release 92,https://github.com/openvax/gene-lists,d0a2f0bcbc59e612fde6108df6cb28d469e0f90e,d568385b221f0e28f619e3358b42cec7449b6d434237516df871b7f8e9ed4549
bailey2018-s4-0217,NRAS,,ENSG00000213281,ENST00000369535,p.Q61K,HGVS protein,pan_cancer,TCGA PanCancer Atlas,PMID:29625053,DOI:10.1016/j.cell.2018.02.060,Table S4,Ensembl release 92,https://github.com/openvax/gene-lists,d0a2f0bcbc59e612fde6108df6cb28d469e0f90e,d568385b221f0e28f619e3358b42cec7449b6d434237516df871b7f8e9ed4549
bailey2018-s4-0218,NRAS,,ENSG00000213281,ENST00000369535,p.Q61R,HGVS protein,pan_cancer,TCGA PanCancer Atlas,PMID:29625053,DOI:10.1016/j.cell.2018.02.060,Table S4,Ensembl release 92,https://github.com/openvax/gene-lists,d0a2f0bcbc59e612fde6108df6cb28d469e0f90e,d568385b221f0e28f619e3358b42cec7449b6d434237516df871b7f8e9ed4549
bailey2018-s4-0219,PIK3CA,,ENSG00000121879,ENST00000263967,p.C420R,HGVS protein,pan_cancer,TCGA PanCancer Atlas,PMID:29625053,DOI:10.1016/j.cell.2018.02.060,Table S4,Ensembl release 92,https://github.com/openvax/gene-lists,d0a2f0bcbc59e612fde6108df6cb28d469e0f90e,d568385b221f0e28f619e3358b42cec7449b6d434237516df871b7f8e9ed4549
bailey2018-s4-0220,PIK3CA,,ENSG00000121879,ENST00000263967,p.E365V,HGVS protein,pan_cancer,TCGA PanCancer Atlas,PMID:29625053,DOI:10.1016/j.cell.2018.02.060,Table S4,Ensembl release 92,https://github.com/openvax/gene-lists,d0a2f0bcbc59e612fde6108df6cb28d469e0f90e,d568385b221f0e28f619e3358b42cec7449b6d434237516df871b7f8e9ed4549
bailey2018-s4-0221,PIK3CA,,ENSG00000121879,ENST00000263967,p.E545A,HGVS protein,pan_cancer,TCGA PanCancer Atlas,PMID:29625053,DOI:10.1016/j.cell.2018.02.060,Table S4,Ensembl release 92,https://github.com/openvax/gene-lists,d0a2f0bcbc59e612fde6108df6cb28d469e0f90e,d568385b221f0e28f619e3358b42cec7449b6d434237516df871b7f8e9ed4549
bailey2018-s4-0222,PIK3CA,,ENSG00000121879,ENST00000263967,p.E545K,HGVS protein,pan_cancer,TCGA PanCancer Atlas,PMID:29625053,DOI:10.1016/j.cell.2018.02.060,Table S4,Ensembl release 92,https://github.com/openvax/gene-lists,d0a2f0bcbc59e612fde6108df6cb28d469e0f90e,d568385b221f0e28f619e3358b42cec7449b6d434237516df871b7f8e9ed4549
bailey2018-s4-0223,PIK3CA,,ENSG00000121879,ENST00000263967,p.L956F,HGVS protein,pan_cancer,TCGA PanCancer Atlas,PMID:29625053,DOI:10.1016/j.cell.2018.02.060,Table S4,Ensembl release 92,https://github.com/openvax/gene-lists,d0a2f0bcbc59e612fde6108df6cb28d469e0f90e,d568385b221f0e28f619e3358b42cec7449b6d434237516df871b7f8e9ed4549
bailey2018-s4-0224,PIK3CA,,ENSG00000121879,ENST00000263967,p.N345I,HGVS protein,pan_cancer,TCGA PanCancer Atlas,PMID:29625053,DOI:10.1016/j.cell.2018.02.060,Table S4,Ensembl release 92,https://github.com/openvax/gene-lists,d0a2f0bcbc59e612fde6108df6cb28d469e0f90e,d568385b221f0e28f619e3358b42cec7449b6d434237516df871b7f8e9ed4549
bailey2018-s4-0225,PIK3CA,,ENSG00000121879,ENST00000263967,p.N345Y,HGVS protein,pan_cancer,TCGA PanCancer Atlas,PMID:29625053,DOI:10.1016/j.cell.2018.02.060,Table S4,Ensembl release 92,https://github.com/openvax/gene-lists,d0a2f0bcbc59e612fde6108df6cb28d469e0f90e,d568385b221f0e28f619e3358b42cec7449b6d434237516df871b7f8e9ed4549
bailey2018-s4-0226,PIK3CA,,ENSG00000121879,ENST00000263967,p.P471L,HGVS protein,pan_cancer,TCGA PanCancer Atlas,PMID:29625053,DOI:10.1016/j.cell.2018.02.060,Table S4,Ensembl release 92,https://github.com/openvax/gene-lists,d0a2f0bcbc59e612fde6108df6cb28d469e0f90e,d568385b221f0e28f619e3358b42cec7449b6d434237516df871b7f8e9ed4549
bailey2018-s4-0227,PIK3CA,,ENSG00000121879,ENST00000263967,p.P539R,HGVS protein,pan_cancer,TCGA PanCancer Atlas,PMID:29625053,DOI:10.1016/j.cell.2018.02.060,Table S4,Ensembl release 92,https://github.com/openvax/gene-lists,d0a2f0bcbc59e612fde6108df6cb28d469e0f90e,d568385b221f0e28f619e3358b42cec7449b6d434237516df871b7f8e9ed4549
bailey2018-s4-0228,PIK3CA,,ENSG00000121879,ENST00000263967,p.Q546R,HGVS protein,pan_cancer,TCGA PanCancer Atlas,PMID:29625053,DOI:10.1016/j.cell.2018.02.060,Table S4,Ensembl release 92,https://github.com/openvax/gene-lists,d0a2f0bcbc59e612fde6108df6cb28d469e0f90e,d568385b221f0e28f619e3358b42cec7449b6d434237516df871b7f8e9ed4549
bailey2018-s4-0229,PIK3CA,,ENSG00000121879,ENST00000263967,p.V344G,HGVS protein,pan_cancer,TCGA PanCancer Atlas,PMID:29625053,DOI:10.1016/j.cell.2018.02.060,Table S4,Ensembl release 92,https://github.com/openvax/gene-lists,d0a2f0bcbc59e612fde6108df6cb28d469e0f90e,d568385b221f0e28f619e3358b42cec7449b6d434237516df871b7f8e9ed4549
bailey2018-s4-0230,PIK3CA,,ENSG00000121879,ENST00000263967,p.V344M,HGVS protein,pan_cancer,TCGA PanCancer Atlas,PMID:29625053,DOI:10.1016/j.cell.2018.02.060,Table S4,Ensembl release 92,https://github.com/openvax/gene-lists,d0a2f0bcbc59e612fde6108df6cb28d469e0f90e,d568385b221f0e28f619e3358b42cec7449b6d434237516df871b7f8e9ed4549
bailey2018-s4-0231,PIK3R1,,ENSG00000145675,ENST00000521381,p.D560G,HGVS protein,pan_cancer,TCGA PanCancer Atlas,PMID:29625053,DOI:10.1016/j.cell.2018.02.060,Table S4,Ensembl release 92,https://github.com/openvax/gene-lists,d0a2f0bcbc59e612fde6108df6cb28d469e0f90e,d568385b221f0e28f619e3358b42cec7449b6d434237516df871b7f8e9ed4549
bailey2018-s4-0232,PIK3R1,,ENSG00000145675,ENST00000521381,p.D560Y,HGVS protein,pan_cancer,TCGA PanCancer Atlas,PMID:29625053,DOI:10.1016/j.cell.2018.02.060,Table S4,Ensembl release 92,https://github.com/openvax/gene-lists,d0a2f0bcbc59e612fde6108df6cb28d469e0f90e,d568385b221f0e28f619e3358b42cec7449b6d434237516df871b7f8e9ed4549
bailey2018-s4-0233,PIK3R1,,ENSG00000145675,ENST00000521381,p.G375W,HGVS protein,pan_cancer,TCGA PanCancer Atlas,PMID:29625053,DOI:10.1016/j.cell.2018.02.060,Table S4,Ensembl release 92,https://github.com/openvax/gene-lists,d0a2f0bcbc59e612fde6108df6cb28d469e0f90e,d568385b221f0e28f619e3358b42cec7449b6d434237516df871b7f8e9ed4549
bailey2018-s4-0234,PIK3R1,,ENSG00000145675,ENST00000521381,p.G376R,HGVS protein,pan_cancer,TCGA PanCancer Atlas,PMID:29625053,DOI:10.1016/j.cell.2018.02.060,Table S4,Ensembl release 92,https://github.com/openvax/gene-lists,d0a2f0bcbc59e612fde6108df6cb28d469e0f90e,d568385b221f0e28f619e3358b42cec7449b6d434237516df871b7f8e9ed4549
bailey2018-s4-0235,PIK3R1,,ENSG00000145675,ENST00000521381,p.K379E,HGVS protein,pan_cancer,TCGA PanCancer Atlas,PMID:29625053,DOI:10.1016/j.cell.2018.02.060,Table S4,Ensembl release 92,https://github.com/openvax/gene-lists,d0a2f0bcbc59e612fde6108df6cb28d469e0f90e,d568385b221f0e28f619e3358b42cec7449b6d434237516df871b7f8e9ed4549
bailey2018-s4-0236,PIK3R1,,ENSG00000145675,ENST00000521381,p.K379N,HGVS protein,pan_cancer,TCGA PanCancer Atlas,PMID:29625053,DOI:10.1016/j.cell.2018.02.060,Table S4,Ensembl release 92,https://github.com/openvax/gene-lists,d0a2f0bcbc59e612fde6108df6cb28d469e0f90e,d568385b221f0e28f619e3358b42cec7449b6d434237516df871b7f8e9ed4549
bailey2018-s4-0237,PIK3R1,,ENSG00000145675,ENST00000521381,p.K567E,HGVS protein,pan_cancer,TCGA PanCancer Atlas,PMID:29625053,DOI:10.1016/j.cell.2018.02.060,Table S4,Ensembl release 92,https://github.com/openvax/gene-lists,d0a2f0bcbc59e612fde6108df6cb28d469e0f90e,d568385b221f0e28f619e3358b42cec7449b6d434237516df871b7f8e9ed4549
bailey2018-s4-0238,PIK3R1,,ENSG00000145675,ENST00000521381,p.P568T,HGVS protein,pan_cancer,TCGA PanCancer Atlas,PMID:29625053,DOI:10.1016/j.cell.2018.02.060,Table S4,Ensembl release 92,https://github.com/openvax/gene-lists,d0a2f0bcbc59e612fde6108df6cb28d469e0f90e,d568385b221f0e28f619e3358b42cec7449b6d434237516df871b7f8e9ed4549
bailey2018-s4-0239,PIK3R1,,ENSG00000145675,ENST00000521381,p.R557P,HGVS protein,pan_cancer,TCGA PanCancer Atlas,PMID:29625053,DOI:10.1016/j.cell.2018.02.060,Table S4,Ensembl release 92,https://github.com/openvax/gene-lists,d0a2f0bcbc59e612fde6108df6cb28d469e0f90e,d568385b221f0e28f619e3358b42cec7449b6d434237516df871b7f8e9ed4549
bailey2018-s4-0240,PIK3R1,,ENSG00000145675,ENST00000521381,p.R574T,HGVS protein,pan_cancer,TCGA PanCancer Atlas,PMID:29625053,DOI:10.1016/j.cell.2018.02.060,Table S4,Ensembl release 92,https://github.com/openvax/gene-lists,d0a2f0bcbc59e612fde6108df6cb28d469e0f90e,d568385b221f0e28f619e3358b42cec7449b6d434237516df871b7f8e9ed4549
bailey2018-s4-0241,PIK3R1,,ENSG00000145675,ENST00000521381,p.S565R,HGVS protein,pan_cancer,TCGA PanCancer Atlas,PMID:29625053,DOI:10.1016/j.cell.2018.02.060,Table S4,Ensembl release 92,https://github.com/openvax/gene-lists,d0a2f0bcbc59e612fde6108df6cb28d469e0f90e,d568385b221f0e28f619e3358b42cec7449b6d434237516df871b7f8e9ed4549
bailey2018-s4-0242,PPP2R1A,,ENSG00000105568,ENST00000322088,p.P179R,HGVS protein,pan_cancer,TCGA PanCancer Atlas,PMID:29625053,DOI:10.1016/j.cell.2018.02.060,Table S4,Ensembl release 92,https://github.com/openvax/gene-lists,d0a2f0bcbc59e612fde6108df6cb28d469e0f90e,d568385b221f0e28f619e3358b42cec7449b6d434237516df871b7f8e9ed4549
bailey2018-s4-0243,PPP2R1A,,ENSG00000105568,ENST00000322088,p.Q217K,HGVS protein,pan_cancer,TCGA PanCancer Atlas,PMID:29625053,DOI:10.1016/j.cell.2018.02.060,Table S4,Ensembl release 92,https://github.com/openvax/gene-lists,d0a2f0bcbc59e612fde6108df6cb28d469e0f90e,d568385b221f0e28f619e3358b42cec7449b6d434237516df871b7f8e9ed4549
bailey2018-s4-0244,PPP2R1A,,ENSG00000105568,ENST00000322088,p.Q217R,HGVS protein,pan_cancer,TCGA PanCancer Atlas,PMID:29625053,DOI:10.1016/j.cell.2018.02.060,Table S4,Ensembl release 92,https://github.com/openvax/gene-lists,d0a2f0bcbc59e612fde6108df6cb28d469e0f90e,d568385b221f0e28f619e3358b42cec7449b6d434237516df871b7f8e9ed4549
bailey2018-s4-0245,PPP2R1A,,ENSG00000105568,ENST00000322088,p.R144C,HGVS protein,pan_cancer,TCGA PanCancer Atlas,PMID:29625053,DOI:10.1016/j.cell.2018.02.060,Table S4,Ensembl release 92,https://github.com/openvax/gene-lists,d0a2f0bcbc59e612fde6108df6cb28d469e0f90e,d568385b221f0e28f619e3358b42cec7449b6d434237516df871b7f8e9ed4549
bailey2018-s4-0246,PPP2R1A,,ENSG00000105568,ENST00000322088,p.R182W,HGVS protein,pan_cancer,TCGA PanCancer Atlas,PMID:29625053,DOI:10.1016/j.cell.2018.02.060,Table S4,Ensembl release 92,https://github.com/openvax/gene-lists,d0a2f0bcbc59e612fde6108df6cb28d469e0f90e,d568385b221f0e28f619e3358b42cec7449b6d434237516df871b7f8e9ed4549
bailey2018-s4-0247,PPP2R1A,,ENSG00000105568,ENST00000322088,p.R183Q,HGVS protein,pan_cancer,TCGA PanCancer Atlas,PMID:29625053,DOI:10.1016/j.cell.2018.02.060,Table S4,Ensembl release 92,https://github.com/openvax/gene-lists,d0a2f0bcbc59e612fde6108df6cb28d469e0f90e,d568385b221f0e28f619e3358b42cec7449b6d434237516df871b7f8e9ed4549
bailey2018-s4-0248,PPP2R1A,,ENSG00000105568,ENST00000322088,p.R183W,HGVS protein,pan_cancer,TCGA PanCancer Atlas,PMID:29625053,DOI:10.1016/j.cell.2018.02.060,Table S4,Ensembl release 92,https://github.com/openvax/gene-lists,d0a2f0bcbc59e612fde6108df6cb28d469e0f90e,d568385b221f0e28f619e3358b42cec7449b6d434237516df871b7f8e9ed4549
bailey2018-s4-0249,PPP2R1A,,ENSG00000105568,ENST00000322088,p.R258C,HGVS protein,pan_cancer,TCGA PanCancer Atlas,PMID:29625053,DOI:10.1016/j.cell.2018.02.060,Table S4,Ensembl release 92,https://github.com/openvax/gene-lists,d0a2f0bcbc59e612fde6108df6cb28d469e0f90e,d568385b221f0e28f619e3358b42cec7449b6d434237516df871b7f8e9ed4549
bailey2018-s4-0250,PPP2R1A,,ENSG00000105568,ENST00000322088,p.R258H,HGVS protein,pan_cancer,TCGA PanCancer Atlas,PMID:29625053,DOI:10.1016/j.cell.2018.02.060,Table S4,Ensembl release 92,https://github.com/openvax/gene-lists,d0a2f0bcbc59e612fde6108df6cb28d469e0f90e,d568385b221f0e28f619e3358b42cec7449b6d434237516df871b7f8e9ed4549
bailey2018-s4-0251,PPP2R1A,,ENSG00000105568,ENST00000322088,p.R260G,HGVS protein,pan_cancer,TCGA PanCancer Atlas,PMID:29625053,DOI:10.1016/j.cell.2018.02.060,Table S4,Ensembl release 92,https://github.com/openvax/gene-lists,d0a2f0bcbc59e612fde6108df6cb28d469e0f90e,d568385b221f0e28f619e3358b42cec7449b6d434237516df871b7f8e9ed4549
bailey2018-s4-0252,PPP2R1A,,ENSG00000105568,ENST00000322088,p.S256Y,HGVS protein,pan_cancer,TCGA PanCancer Atlas,PMID:29625053,DOI:10.1016/j.cell.2018.02.060,Table S4,Ensembl release 92,https://github.com/openvax/gene-lists,d0a2f0bcbc59e612fde6108df6cb28d469e0f90e,d568385b221f0e28f619e3358b42cec7449b6d434237516df871b7f8e9ed4549
bailey2018-s4-0253,PPP2R1A,,ENSG00000105568,ENST00000322088,p.V220M,HGVS protein,pan_cancer,TCGA PanCancer Atlas,PMID:29625053,DOI:10.1016/j.cell.2018.02.060,Table S4,Ensembl release 92,https://github.com/openvax/gene-lists,d0a2f0bcbc59e612fde6108df6cb28d469e0f90e,d568385b221f0e28f619e3358b42cec7449b6d434237516df871b7f8e9ed4549
bailey2018-s4-0254,PPP2R1A,,ENSG00000105568,ENST00000322088,p.W257C,HGVS protein,pan_cancer,TCGA PanCancer Atlas,PMID:29625053,DOI:10.1016/j.cell.2018.02.060,Table S4,Ensembl release 92,https://github.com/openvax/gene-lists,d0a2f0bcbc59e612fde6108df6cb28d469e0f90e,d568385b221f0e28f619e3358b42cec7449b6d434237516df871b7f8e9ed4549
bailey2018-s4-0255,PTPN11,,ENSG00000179295,ENST00000351677,p.A461G,HGVS protein,pan_cancer,TCGA PanCancer Atlas,PMID:29625053,DOI:10.1016/j.cell.2018.02.060,Table S4,Ensembl release 92,https://github.com/openvax/gene-lists,d0a2f0bcbc59e612fde6108df6cb28d469e0f90e,d568385b221f0e28f619e3358b42cec7449b6d434237516df871b7f8e9ed4549
bailey2018-s4-0256,PTPN11,,ENSG00000179295,ENST00000351677,p.A461T,HGVS protein,pan_cancer,TCGA PanCancer Atlas,PMID:29625053,DOI:10.1016/j.cell.2018.02.060,Table S4,Ensembl release 92,https://github.com/openvax/gene-lists,d0a2f0bcbc59e612fde6108df6cb28d469e0f90e,d568385b221f0e28f619e3358b42cec7449b6d434237516df871b7f8e9ed4549
bailey2018-s4-0257,PTPN11,,ENSG00000179295,ENST00000351677,p.A72D,HGVS protein,pan_cancer,TCGA PanCancer Atlas,PMID:29625053,DOI:10.1016/j.cell.2018.02.060,Table S4,Ensembl release 92,https://github.com/openvax/gene-lists,d0a2f0bcbc59e612fde6108df6cb28d469e0f90e,d568385b221f0e28f619e3358b42cec7449b6d434237516df871b7f8e9ed4549
bailey2018-s4-0258,PTPN11,,ENSG00000179295,ENST00000351677,p.E76A,HGVS protein,pan_cancer,TCGA PanCancer Atlas,PMID:29625053,DOI:10.1016/j.cell.2018.02.060,Table S4,Ensembl release 92,https://github.com/openvax/gene-lists,d0a2f0bcbc59e612fde6108df6cb28d469e0f90e,d568385b221f0e28f619e3358b42cec7449b6d434237516df871b7f8e9ed4549
bailey2018-s4-0259,PTPN11,,ENSG00000179295,ENST00000351677,p.E76K,HGVS protein,pan_cancer,TCGA PanCancer Atlas,PMID:29625053,DOI:10.1016/j.cell.2018.02.060,Table S4,Ensembl release 92,https://github.com/openvax/gene-lists,d0a2f0bcbc59e612fde6108df6cb28d469e0f90e,d568385b221f0e28f619e3358b42cec7449b6d434237516df871b7f8e9ed4549
bailey2018-s4-0260,PTPN11,,ENSG00000179295,ENST00000351677,p.F71L,HGVS protein,pan_cancer,TCGA PanCancer Atlas,PMID:29625053,DOI:10.1016/j.cell.2018.02.060,Table S4,Ensembl release 92,https://github.com/openvax/gene-lists,d0a2f0bcbc59e612fde6108df6cb28d469e0f90e,d568385b221f0e28f619e3358b42cec7449b6d434237516df871b7f8e9ed4549
bailey2018-s4-0261,PTPN11,,ENSG00000179295,ENST00000351677,p.G503V,HGVS protein,pan_cancer,TCGA PanCancer Atlas,PMID:29625053,DOI:10.1016/j.cell.2018.02.060,Table S4,Ensembl release 92,https://github.com/openvax/gene-lists,d0a2f0bcbc59e612fde6108df6cb28d469e0f90e,d568385b221f0e28f619e3358b42cec7449b6d434237516df871b7f8e9ed4549
bailey2018-s4-0262,PTPN11,,ENSG00000179295,ENST00000351677,p.G60V,HGVS protein,pan_cancer,TCGA PanCancer Atlas,PMID:29625053,DOI:10.1016/j.cell.2018.02.060,Table S4,Ensembl release 92,https://github.com/openvax/gene-lists,d0a2f0bcbc59e612fde6108df6cb28d469e0f90e,d568385b221f0e28f619e3358b42cec7449b6d434237516df871b7f8e9ed4549
bailey2018-s4-0263,PTPN11,,ENSG00000179295,ENST00000351677,p.I282M,HGVS protein,pan_cancer,TCGA PanCancer Atlas,PMID:29625053,DOI:10.1016/j.cell.2018.02.060,Table S4,Ensembl release 92,https://github.com/openvax/gene-lists,d0a2f0bcbc59e612fde6108df6cb28d469e0f90e,d568385b221f0e28f619e3358b42cec7449b6d434237516df871b7f8e9ed4549
bailey2018-s4-0264,PTPN11,,ENSG00000179295,ENST00000351677,p.M504I,HGVS protein,pan_cancer,TCGA PanCancer Atlas,PMID:29625053,DOI:10.1016/j.cell.2018.02.060,Table S4,Ensembl release 92,https://github.com/openvax/gene-lists,d0a2f0bcbc59e612fde6108df6cb28d469e0f90e,d568385b221f0e28f619e3358b42cec7449b6d434237516df871b7f8e9ed4549
bailey2018-s4-0265,PTPN11,,ENSG00000179295,ENST00000351677,p.Q510H,HGVS protein,pan_cancer,TCGA PanCancer Atlas,PMID:29625053,DOI:10.1016/j.cell.2018.02.060,Table S4,Ensembl release 92,https://github.com/openvax/gene-lists,d0a2f0bcbc59e612fde6108df6cb28d469e0f90e,d568385b221f0e28f619e3358b42cec7449b6d434237516df871b7f8e9ed4549
bailey2018-s4-0266,PTPN11,,ENSG00000179295,ENST00000351677,p.Q510L,HGVS protein,pan_cancer,TCGA PanCancer Atlas,PMID:29625053,DOI:10.1016/j.cell.2018.02.060,Table S4,Ensembl release 92,https://github.com/openvax/gene-lists,d0a2f0bcbc59e612fde6108df6cb28d469e0f90e,d568385b221f0e28f619e3358b42cec7449b6d434237516df871b7f8e9ed4549
bailey2018-s4-0267,PTPN11,,ENSG00000179295,ENST00000351677,p.R498W,HGVS protein,pan_cancer,TCGA PanCancer Atlas,PMID:29625053,DOI:10.1016/j.cell.2018.02.060,Table S4,Ensembl release 92,https://github.com/openvax/gene-lists,d0a2f0bcbc59e612fde6108df6cb28d469e0f90e,d568385b221f0e28f619e3358b42cec7449b6d434237516df871b7f8e9ed4549
bailey2018-s4-0268,PTPN11,,ENSG00000179295,ENST00000351677,p.T507K,HGVS protein,pan_cancer,TCGA PanCancer Atlas,PMID:29625053,DOI:10.1016/j.cell.2018.02.060,Table S4,Ensembl release 92,https://github.com/openvax/gene-lists,d0a2f0bcbc59e612fde6108df6cb28d469e0f90e,d568385b221f0e28f619e3358b42cec7449b6d434237516df871b7f8e9ed4549
bailey2018-s4-0269,PTPN11,,ENSG00000179295,ENST00000351677,p.Y279C,HGVS protein,pan_cancer,TCGA PanCancer Atlas,PMID:29625053,DOI:10.1016/j.cell.2018.02.060,Table S4,Ensembl release 92,https://github.com/openvax/gene-lists,d0a2f0bcbc59e612fde6108df6cb28d469e0f90e,d568385b221f0e28f619e3358b42cec7449b6d434237516df871b7f8e9ed4549
bailey2018-s4-0270,RAC1,,ENSG00000136238,ENST00000356142,p.A178V,HGVS protein,pan_cancer,TCGA PanCancer Atlas,PMID:29625053,DOI:10.1016/j.cell.2018.02.060,Table S4,Ensembl release 92,https://github.com/openvax/gene-lists,d0a2f0bcbc59e612fde6108df6cb28d469e0f90e,d568385b221f0e28f619e3358b42cec7449b6d434237516df871b7f8e9ed4549
bailey2018-s4-0271,RAC1,,ENSG00000136238,ENST00000356142,p.C18Y,HGVS protein,pan_cancer,TCGA PanCancer Atlas,PMID:29625053,DOI:10.1016/j.cell.2018.02.060,Table S4,Ensembl release 92,https://github.com/openvax/gene-lists,d0a2f0bcbc59e612fde6108df6cb28d469e0f90e,d568385b221f0e28f619e3358b42cec7449b6d434237516df871b7f8e9ed4549
bailey2018-s4-0272,RAC1,,ENSG00000136238,ENST00000356142,p.G15S,HGVS protein,pan_cancer,TCGA PanCancer Atlas,PMID:29625053,DOI:10.1016/j.cell.2018.02.060,Table S4,Ensembl release 92,https://github.com/openvax/gene-lists,d0a2f0bcbc59e612fde6108df6cb28d469e0f90e,d568385b221f0e28f619e3358b42cec7449b6d434237516df871b7f8e9ed4549
bailey2018-s4-0273,RAC1,,ENSG00000136238,ENST00000356142,p.K135N,HGVS protein,pan_cancer,TCGA PanCancer Atlas,PMID:29625053,DOI:10.1016/j.cell.2018.02.060,Table S4,Ensembl release 92,https://github.com/openvax/gene-lists,d0a2f0bcbc59e612fde6108df6cb28d469e0f90e,d568385b221f0e28f619e3358b42cec7449b6d434237516df871b7f8e9ed4549
bailey2018-s4-0274,RAC1,,ENSG00000136238,ENST00000356142,p.P29L,HGVS protein,pan_cancer,TCGA PanCancer Atlas,PMID:29625053,DOI:10.1016/j.cell.2018.02.060,Table S4,Ensembl release 92,https://github.com/openvax/gene-lists,d0a2f0bcbc59e612fde6108df6cb28d469e0f90e,d568385b221f0e28f619e3358b42cec7449b6d434237516df871b7f8e9ed4549
bailey2018-s4-0275,RAC1,,ENSG00000136238,ENST00000356142,p.P29S,HGVS protein,pan_cancer,TCGA PanCancer Atlas,PMID:29625053,DOI:10.1016/j.cell.2018.02.060,Table S4,Ensembl release 92,https://github.com/openvax/gene-lists,d0a2f0bcbc59e612fde6108df6cb28d469e0f90e,d568385b221f0e28f619e3358b42cec7449b6d434237516df871b7f8e9ed4549
bailey2018-s4-0276,RAC1,,ENSG00000136238,ENST00000356142,p.Q61R,HGVS protein,pan_cancer,TCGA PanCancer Atlas,PMID:29625053,DOI:10.1016/j.cell.2018.02.060,Table S4,Ensembl release 92,https://github.com/openvax/gene-lists,d0a2f0bcbc59e612fde6108df6cb28d469e0f90e,d568385b221f0e28f619e3358b42cec7449b6d434237516df871b7f8e9ed4549
bailey2018-s4-0277,RAC1,,ENSG00000136238,ENST00000356142,p.R68H,HGVS protein,pan_cancer,TCGA PanCancer Atlas,PMID:29625053,DOI:10.1016/j.cell.2018.02.060,Table S4,Ensembl release 92,https://github.com/openvax/gene-lists,d0a2f0bcbc59e612fde6108df6cb28d469e0f90e,d568385b221f0e28f619e3358b42cec7449b6d434237516df871b7f8e9ed4549
bailey2018-s4-0278,RASA1,,ENSG00000145715,ENST00000274376,p.R789L,HGVS protein,pan_cancer,TCGA PanCancer Atlas,PMID:29625053,DOI:10.1016/j.cell.2018.02.060,Table S4,Ensembl release 92,https://github.com/openvax/gene-lists,d0a2f0bcbc59e612fde6108df6cb28d469e0f90e,d568385b221f0e28f619e3358b42cec7449b6d434237516df871b7f8e9ed4549
bailey2018-s4-0279,RB1,,ENSG00000139687,ENST00000267163,p.W563S,HGVS protein,pan_cancer,TCGA PanCancer Atlas,PMID:29625053,DOI:10.1016/j.cell.2018.02.060,Table S4,Ensembl release 92,https://github.com/openvax/gene-lists,d0a2f0bcbc59e612fde6108df6cb28d469e0f90e,d568385b221f0e28f619e3358b42cec7449b6d434237516df871b7f8e9ed4549
bailey2018-s4-0280,RHEB,,ENSG00000106615,ENST00000262187,p.D60V,HGVS protein,pan_cancer,TCGA PanCancer Atlas,PMID:29625053,DOI:10.1016/j.cell.2018.02.060,Table S4,Ensembl release 92,https://github.com/openvax/gene-lists,d0a2f0bcbc59e612fde6108df6cb28d469e0f90e,d568385b221f0e28f619e3358b42cec7449b6d434237516df871b7f8e9ed4549
bailey2018-s4-0281,RHOA,,ENSG00000067560,ENST00000418115,p.A161T,HGVS protein,pan_cancer,TCGA PanCancer Atlas,PMID:29625053,DOI:10.1016/j.cell.2018.02.060,Table S4,Ensembl release 92,https://github.com/openvax/gene-lists,d0a2f0bcbc59e612fde6108df6cb28d469e0f90e,d568385b221f0e28f619e3358b42cec7449b6d434237516df871b7f8e9ed4549
bailey2018-s4-0282,RHOA,,ENSG00000067560,ENST00000418115,p.A161V,HGVS protein,pan_cancer,TCGA PanCancer Atlas,PMID:29625053,DOI:10.1016/j.cell.2018.02.060,Table S4,Ensembl release 92,https://github.com/openvax/gene-lists,d0a2f0bcbc59e612fde6108df6cb28d469e0f90e,d568385b221f0e28f619e3358b42cec7449b6d434237516df871b7f8e9ed4549
bailey2018-s4-0283,RHOA,,ENSG00000067560,ENST00000418115,p.A61D,HGVS protein,pan_cancer,TCGA PanCancer Atlas,PMID:29625053,DOI:10.1016/j.cell.2018.02.060,Table S4,Ensembl release 92,https://github.com/openvax/gene-lists,d0a2f0bcbc59e612fde6108df6cb28d469e0f90e,d568385b221f0e28f619e3358b42cec7449b6d434237516df871b7f8e9ed4549
bailey2018-s4-0284,RHOA,,ENSG00000067560,ENST00000418115,p.D59G,HGVS protein,pan_cancer,TCGA PanCancer Atlas,PMID:29625053,DOI:10.1016/j.cell.2018.02.060,Table S4,Ensembl release 92,https://github.com/openvax/gene-lists,d0a2f0bcbc59e612fde6108df6cb28d469e0f90e,d568385b221f0e28f619e3358b42cec7449b6d434237516df871b7f8e9ed4549
bailey2018-s4-0285,RHOA,,ENSG00000067560,ENST00000418115,p.D59Y,HGVS protein,pan_cancer,TCGA PanCancer Atlas,PMID:29625053,DOI:10.1016/j.cell.2018.02.060,Table S4,Ensembl release 92,https://github.com/openvax/gene-lists,d0a2f0bcbc59e612fde6108df6cb28d469e0f90e,d568385b221f0e28f619e3358b42cec7449b6d434237516df871b7f8e9ed4549
bailey2018-s4-0286,RHOA,,ENSG00000067560,ENST00000418115,p.E47K,HGVS protein,pan_cancer,TCGA PanCancer Atlas,PMID:29625053,DOI:10.1016/j.cell.2018.02.060,Table S4,Ensembl release 92,https://github.com/openvax/gene-lists,d0a2f0bcbc59e612fde6108df6cb28d469e0f90e,d568385b221f0e28f619e3358b42cec7449b6d434237516df871b7f8e9ed4549
bailey2018-s4-0287,RHOA,,ENSG00000067560,ENST00000418115,p.G17A,HGVS protein,pan_cancer,TCGA PanCancer Atlas,PMID:29625053,DOI:10.1016/j.cell.2018.02.060,Table S4,Ensembl release 92,https://github.com/openvax/gene-lists,d0a2f0bcbc59e612fde6108df6cb28d469e0f90e,d568385b221f0e28f619e3358b42cec7449b6d434237516df871b7f8e9ed4549
bailey2018-s4-0288,RHOA,,ENSG00000067560,ENST00000418115,p.G62E,HGVS protein,pan_cancer,TCGA PanCancer Atlas,PMID:29625053,DOI:10.1016/j.cell.2018.02.060,Table S4,Ensembl release 92,https://github.com/openvax/gene-lists,d0a2f0bcbc59e612fde6108df6cb28d469e0f90e,d568385b221f0e28f619e3358b42cec7449b6d434237516df871b7f8e9ed4549
bailey2018-s4-0289,RHOA,,ENSG00000067560,ENST00000418115,p.G62R,HGVS protein,pan_cancer,TCGA PanCancer Atlas,PMID:29625053,DOI:10.1016/j.cell.2018.02.060,Table S4,Ensembl release 92,https://github.com/openvax/gene-lists,d0a2f0bcbc59e612fde6108df6cb28d469e0f90e,d568385b221f0e28f619e3358b42cec7449b6d434237516df871b7f8e9ed4549
bailey2018-s4-0290,RHOA,,ENSG00000067560,ENST00000418115,p.L22R,HGVS protein,pan_cancer,TCGA PanCancer Atlas,PMID:29625053,DOI:10.1016/j.cell.2018.02.060,Table S4,Ensembl release 92,https://github.com/openvax/gene-lists,d0a2f0bcbc59e612fde6108df6cb28d469e0f90e,d568385b221f0e28f619e3358b42cec7449b6d434237516df871b7f8e9ed4549
bailey2018-s4-0291,RHOA,,ENSG00000067560,ENST00000418115,p.Q63K,HGVS protein,pan_cancer,TCGA PanCancer Atlas,PMID:29625053,DOI:10.1016/j.cell.2018.02.060,Table S4,Ensembl release 92,https://github.com/openvax/gene-lists,d0a2f0bcbc59e612fde6108df6cb28d469e0f90e,d568385b221f0e28f619e3358b42cec7449b6d434237516df871b7f8e9ed4549
bailey2018-s4-0292,RHOA,,ENSG00000067560,ENST00000418115,p.R70S,HGVS protein,pan_cancer,TCGA PanCancer Atlas,PMID:29625053,DOI:10.1016/j.cell.2018.02.060,Table S4,Ensembl release 92,https://github.com/openvax/gene-lists,d0a2f0bcbc59e612fde6108df6cb28d469e0f90e,d568385b221f0e28f619e3358b42cec7449b6d434237516df871b7f8e9ed4549
bailey2018-s4-0293,RHOA,,ENSG00000067560,ENST00000418115,p.S73P,HGVS protein,pan_cancer,TCGA PanCancer Atlas,PMID:29625053,DOI:10.1016/j.cell.2018.02.060,Table S4,Ensembl release 92,https://github.com/openvax/gene-lists,d0a2f0bcbc59e612fde6108df6cb28d469e0f90e,d568385b221f0e28f619e3358b42cec7449b6d434237516df871b7f8e9ed4549
bailey2018-s4-0294,RHOA,,ENSG00000067560,ENST00000418115,p.T37I,HGVS protein,pan_cancer,TCGA PanCancer Atlas,PMID:29625053,DOI:10.1016/j.cell.2018.02.060,Table S4,Ensembl release 92,https://github.com/openvax/gene-lists,d0a2f0bcbc59e612fde6108df6cb28d469e0f90e,d568385b221f0e28f619e3358b42cec7449b6d434237516df871b7f8e9ed4549
bailey2018-s4-0295,RHOA,,ENSG00000067560,ENST00000418115,p.T60K,HGVS protein,pan_cancer,TCGA PanCancer Atlas,PMID:29625053,DOI:10.1016/j.cell.2018.02.060,Table S4,Ensembl release 92,https://github.com/openvax/gene-lists,d0a2f0bcbc59e612fde6108df6cb28d469e0f90e,d568385b221f0e28f619e3358b42cec7449b6d434237516df871b7f8e9ed4549
bailey2018-s4-0296,RHOA,,ENSG00000067560,ENST00000418115,p.Y42C,HGVS protein,pan_cancer,TCGA PanCancer Atlas,PMID:29625053,DOI:10.1016/j.cell.2018.02.060,Table S4,Ensembl release 92,https://github.com/openvax/gene-lists,d0a2f0bcbc59e612fde6108df6cb28d469e0f90e,d568385b221f0e28f619e3358b42cec7449b6d434237516df871b7f8e9ed4549
bailey2018-s4-0297,RRAS2,,ENSG00000133818,ENST00000256196,p.Q72H,HGVS protein,pan_cancer,TCGA PanCancer Atlas,PMID:29625053,DOI:10.1016/j.cell.2018.02.060,Table S4,Ensembl release 92,https://github.com/openvax/gene-lists,d0a2f0bcbc59e612fde6108df6cb28d469e0f90e,d568385b221f0e28f619e3358b42cec7449b6d434237516df871b7f8e9ed4549
bailey2018-s4-0298,RRAS2,,ENSG00000133818,ENST00000256196,p.Q72L,HGVS protein,pan_cancer,TCGA PanCancer Atlas,PMID:29625053,DOI:10.1016/j.cell.2018.02.060,Table S4,Ensembl release 92,https://github.com/openvax/gene-lists,d0a2f0bcbc59e612fde6108df6cb28d469e0f90e,d568385b221f0e28f619e3358b42cec7449b6d434237516df871b7f8e9ed4549
bailey2018-s4-0299,RUNX1,,ENSG00000159216,ENST00000300305,p.K110N,HGVS protein,pan_cancer,TCGA PanCancer Atlas,PMID:29625053,DOI:10.1016/j.cell.2018.02.060,Table S4,Ensembl release 92,https://github.com/openvax/gene-lists,d0a2f0bcbc59e612fde6108df6cb28d469e0f90e,d568385b221f0e28f619e3358b42cec7449b6d434237516df871b7f8e9ed4549
bailey2018-s4-0300,RUNX1,,ENSG00000159216,ENST00000300305,p.R107L,HGVS protein,pan_cancer,TCGA PanCancer Atlas,PMID:29625053,DOI:10.1016/j.cell.2018.02.060,Table S4,Ensembl release 92,https://github.com/openvax/gene-lists,d0a2f0bcbc59e612fde6108df6cb28d469e0f90e,d568385b221f0e28f619e3358b42cec7449b6d434237516df871b7f8e9ed4549
bailey2018-s4-0301,SETD2,,ENSG00000181555,ENST00000409792,p.H1603R,HGVS protein,pan_cancer,TCGA PanCancer Atlas,PMID:29625053,DOI:10.1016/j.cell.2018.02.060,Table S4,Ensembl release 92,https://github.com/openvax/gene-lists,d0a2f0bcbc59e612fde6108df6cb28d469e0f90e,d568385b221f0e28f619e3358b42cec7449b6d434237516df871b7f8e9ed4549
bailey2018-s4-0302,SETD2,,ENSG00000181555,ENST00000409792,p.N1628T,HGVS protein,pan_cancer,TCGA PanCancer Atlas,PMID:29625053,DOI:10.1016/j.cell.2018.02.060,Table S4,Ensembl release 92,https://github.com/openvax/gene-lists,d0a2f0bcbc59e612fde6108df6cb28d469e0f90e,d568385b221f0e28f619e3358b42cec7449b6d434237516df871b7f8e9ed4549
bailey2018-s4-0303,SETD2,,ENSG00000181555,ENST00000409792,p.R1543Q,HGVS protein,pan_cancer,TCGA PanCancer Atlas,PMID:29625053,DOI:10.1016/j.cell.2018.02.060,Table S4,Ensembl release 92,https://github.com/openvax/gene-lists,d0a2f0bcbc59e612fde6108df6cb28d469e0f90e,d568385b221f0e28f619e3358b42cec7449b6d434237516df871b7f8e9ed4549
bailey2018-s4-0304,SETD2,,ENSG00000181555,ENST00000409792,p.R1625C,HGVS protein,pan_cancer,TCGA PanCancer Atlas,PMID:29625053,DOI:10.1016/j.cell.2018.02.060,Table S4,Ensembl release 92,https://github.com/openvax/gene-lists,d0a2f0bcbc59e612fde6108df6cb28d469e0f90e,d568385b221f0e28f619e3358b42cec7449b6d434237516df871b7f8e9ed4549
bailey2018-s4-0305,SETD2,,ENSG00000181555,ENST00000409792,p.R1625L,HGVS protein,pan_cancer,TCGA PanCancer Atlas,PMID:29625053,DOI:10.1016/j.cell.2018.02.060,Table S4,Ensembl release 92,https://github.com/openvax/gene-lists,d0a2f0bcbc59e612fde6108df6cb28d469e0f90e,d568385b221f0e28f619e3358b42cec7449b6d434237516df871b7f8e9ed4549
bailey2018-s4-0306,SF3B1,,ENSG00000115524,ENST00000335508,p.E622Q,HGVS protein,pan_cancer,TCGA PanCancer Atlas,PMID:29625053,DOI:10.1016/j.cell.2018.02.060,Table S4,Ensembl release 92,https://github.com/openvax/gene-lists,d0a2f0bcbc59e612fde6108df6cb28d469e0f90e,d568385b221f0e28f619e3358b42cec7449b6d434237516df871b7f8e9ed4549
bailey2018-s4-0307,SF3B1,,ENSG00000115524,ENST00000335508,p.E862K,HGVS protein,pan_cancer,TCGA PanCancer Atlas,PMID:29625053,DOI:10.1016/j.cell.2018.02.060,Table S4,Ensembl release 92,https://github.com/openvax/gene-lists,d0a2f0bcbc59e612fde6108df6cb28d469e0f90e,d568385b221f0e28f619e3358b42cec7449b6d434237516df871b7f8e9ed4549
bailey2018-s4-0308,SF3B1,,ENSG00000115524,ENST00000335508,p.E902G,HGVS protein,pan_cancer,TCGA PanCancer Atlas,PMID:29625053,DOI:10.1016/j.cell.2018.02.060,Table S4,Ensembl release 92,https://github.com/openvax/gene-lists,d0a2f0bcbc59e612fde6108df6cb28d469e0f90e,d568385b221f0e28f619e3358b42cec7449b6d434237516df871b7f8e9ed4549
bailey2018-s4-0309,SF3B1,,ENSG00000115524,ENST00000335508,p.E902K,HGVS protein,pan_cancer,TCGA PanCancer Atlas,PMID:29625053,DOI:10.1016/j.cell.2018.02.060,Table S4,Ensembl release 92,https://github.com/openvax/gene-lists,d0a2f0bcbc59e612fde6108df6cb28d469e0f90e,d568385b221f0e28f619e3358b42cec7449b6d434237516df871b7f8e9ed4549
bailey2018-s4-0310,SF3B1,,ENSG00000115524,ENST00000335508,p.F746V,HGVS protein,pan_cancer,TCGA PanCancer Atlas,PMID:29625053,DOI:10.1016/j.cell.2018.02.060,Table S4,Ensembl release 92,https://github.com/openvax/gene-lists,d0a2f0bcbc59e612fde6108df6cb28d469e0f90e,d568385b221f0e28f619e3358b42cec7449b6d434237516df871b7f8e9ed4549
bailey2018-s4-0311,SF3B1,,ENSG00000115524,ENST00000335508,p.H662R,HGVS protein,pan_cancer,TCGA PanCancer Atlas,PMID:29625053,DOI:10.1016/j.cell.2018.02.060,Table S4,Ensembl release 92,https://github.com/openvax/gene-lists,d0a2f0bcbc59e612fde6108df6cb28d469e0f90e,d568385b221f0e28f619e3358b42cec7449b6d434237516df871b7f8e9ed4549
bailey2018-s4-0312,SF3B1,,ENSG00000115524,ENST00000335508,p.K666E,HGVS protein,pan_cancer,TCGA PanCancer Atlas,PMID:29625053,DOI:10.1016/j.cell.2018.02.060,Table S4,Ensembl release 92,https://github.com/openvax/gene-lists,d0a2f0bcbc59e612fde6108df6cb28d469e0f90e,d568385b221f0e28f619e3358b42cec7449b6d434237516df871b7f8e9ed4549
bailey2018-s4-0313,SF3B1,,ENSG00000115524,ENST00000335508,p.K666N,HGVS protein,pan_cancer,TCGA PanCancer Atlas,PMID:29625053,DOI:10.1016/j.cell.2018.02.060,Table S4,Ensembl release 92,https://github.com/openvax/gene-lists,d0a2f0bcbc59e612fde6108df6cb28d469e0f90e,d568385b221f0e28f619e3358b42cec7449b6d434237516df871b7f8e9ed4549
bailey2018-s4-0314,SF3B1,,ENSG00000115524,ENST00000335508,p.K666T,HGVS protein,pan_cancer,TCGA PanCancer Atlas,PMID:29625053,DOI:10.1016/j.cell.2018.02.060,Table S4,Ensembl release 92,https://github.com/openvax/gene-lists,d0a2f0bcbc59e612fde6108df6cb28d469e0f90e,d568385b221f0e28f619e3358b42cec7449b6d434237516df871b7f8e9ed4549
bailey2018-s4-0315,SF3B1,,ENSG00000115524,ENST00000335508,p.K700E,HGVS protein,pan_cancer,TCGA PanCancer Atlas,PMID:29625053,DOI:10.1016/j.cell.2018.02.060,Table S4,Ensembl release 92,https://github.com/openvax/gene-lists,d0a2f0bcbc59e612fde6108df6cb28d469e0f90e,d568385b221f0e28f619e3358b42cec7449b6d434237516df871b7f8e9ed4549
bailey2018-s4-0316,SF3B1,,ENSG00000115524,ENST00000335508,p.K741E,HGVS protein,pan_cancer,TCGA PanCancer Atlas,PMID:29625053,DOI:10.1016/j.cell.2018.02.060,Table S4,Ensembl release 92,https://github.com/openvax/gene-lists,d0a2f0bcbc59e612fde6108df6cb28d469e0f90e,d568385b221f0e28f619e3358b42cec7449b6d434237516df871b7f8e9ed4549
bailey2018-s4-0317,SF3B1,,ENSG00000115524,ENST00000335508,p.N626Y,HGVS protein,pan_cancer,TCGA PanCancer Atlas,PMID:29625053,DOI:10.1016/j.cell.2018.02.060,Table S4,Ensembl release 92,https://github.com/openvax/gene-lists,d0a2f0bcbc59e612fde6108df6cb28d469e0f90e,d568385b221f0e28f619e3358b42cec7449b6d434237516df871b7f8e9ed4549
bailey2018-s4-0318,SF3B1,,ENSG00000115524,ENST00000335508,p.Q903P,HGVS protein,pan_cancer,TCGA PanCancer Atlas,PMID:29625053,DOI:10.1016/j.cell.2018.02.060,Table S4,Ensembl release 92,https://github.com/openvax/gene-lists,d0a2f0bcbc59e612fde6108df6cb28d469e0f90e,d568385b221f0e28f619e3358b42cec7449b6d434237516df871b7f8e9ed4549
bailey2018-s4-0319,SF3B1,,ENSG00000115524,ENST00000335508,p.R625C,HGVS protein,pan_cancer,TCGA PanCancer Atlas,PMID:29625053,DOI:10.1016/j.cell.2018.02.060,Table S4,Ensembl release 92,https://github.com/openvax/gene-lists,d0a2f0bcbc59e612fde6108df6cb28d469e0f90e,d568385b221f0e28f619e3358b42cec7449b6d434237516df871b7f8e9ed4549
bailey2018-s4-0320,SF3B1,,ENSG00000115524,ENST00000335508,p.R625H,HGVS protein,pan_cancer,TCGA PanCancer Atlas,PMID:29625053,DOI:10.1016/j.cell.2018.02.060,Table S4,Ensembl release 92,https://github.com/openvax/gene-lists,d0a2f0bcbc59e612fde6108df6cb28d469e0f90e,d568385b221f0e28f619e3358b42cec7449b6d434237516df871b7f8e9ed4549
bailey2018-s4-0321,SF3B1,,ENSG00000115524,ENST00000335508,p.T663P,HGVS protein,pan_cancer,TCGA PanCancer Atlas,PMID:29625053,DOI:10.1016/j.cell.2018.02.060,Table S4,Ensembl release 92,https://github.com/openvax/gene-lists,d0a2f0bcbc59e612fde6108df6cb28d469e0f90e,d568385b221f0e28f619e3358b42cec7449b6d434237516df871b7f8e9ed4549
bailey2018-s4-0322,SMAD2,,ENSG00000175387,ENST00000402690,p.D450E,HGVS protein,pan_cancer,TCGA PanCancer Atlas,PMID:29625053,DOI:10.1016/j.cell.2018.02.060,Table S4,Ensembl release 92,https://github.com/openvax/gene-lists,d0a2f0bcbc59e612fde6108df6cb28d469e0f90e,d568385b221f0e28f619e3358b42cec7449b6d434237516df871b7f8e9ed4549
bailey2018-s4-0323,SMAD2,,ENSG00000175387,ENST00000402690,p.D450N,HGVS protein,pan_cancer,TCGA PanCancer Atlas,PMID:29625053,DOI:10.1016/j.cell.2018.02.060,Table S4,Ensembl release 92,https://github.com/openvax/gene-lists,d0a2f0bcbc59e612fde6108df6cb28d469e0f90e,d568385b221f0e28f619e3358b42cec7449b6d434237516df871b7f8e9ed4549
bailey2018-s4-0324,SMAD4,,ENSG00000141646,ENST00000342988,p.A406V,HGVS protein,pan_cancer,TCGA PanCancer Atlas,PMID:29625053,DOI:10.1016/j.cell.2018.02.060,Table S4,Ensembl release 92,https://github.com/openvax/gene-lists,d0a2f0bcbc59e612fde6108df6cb28d469e0f90e,d568385b221f0e28f619e3358b42cec7449b6d434237516df871b7f8e9ed4549
bailey2018-s4-0325,SMAD4,,ENSG00000141646,ENST00000342988,p.C363S,HGVS protein,pan_cancer,TCGA PanCancer Atlas,PMID:29625053,DOI:10.1016/j.cell.2018.02.060,Table S4,Ensembl release 92,https://github.com/openvax/gene-lists,d0a2f0bcbc59e612fde6108df6cb28d469e0f90e,d568385b221f0e28f619e3358b42cec7449b6d434237516df871b7f8e9ed4549
bailey2018-s4-0326,SMAD4,,ENSG00000141646,ENST00000342988,p.C523W,HGVS protein,pan_cancer,TCGA PanCancer Atlas,PMID:29625053,DOI:10.1016/j.cell.2018.02.060,Table S4,Ensembl release 92,https://github.com/openvax/gene-lists,d0a2f0bcbc59e612fde6108df6cb28d469e0f90e,d568385b221f0e28f619e3358b42cec7449b6d434237516df871b7f8e9ed4549
bailey2018-s4-0327,SMAD4,,ENSG00000141646,ENST00000342988,p.D351G,HGVS protein,pan_cancer,TCGA PanCancer Atlas,PMID:29625053,DOI:10.1016/j.cell.2018.02.060,Table S4,Ensembl release 92,https://github.com/openvax/gene-lists,d0a2f0bcbc59e612fde6108df6cb28d469e0f90e,d568385b221f0e28f619e3358b42cec7449b6d434237516df871b7f8e9ed4549
bailey2018-s4-0328,SMAD4,,ENSG00000141646,ENST00000342988,p.D351H,HGVS protein,pan_cancer,TCGA PanCancer Atlas,PMID:29625053,DOI:10.1016/j.cell.2018.02.060,Table S4,Ensembl release 92,https://github.com/openvax/gene-lists,d0a2f0bcbc59e612fde6108df6cb28d469e0f90e,d568385b221f0e28f619e3358b42cec7449b6d434237516df871b7f8e9ed4549
bailey2018-s4-0329,SMAD4,,ENSG00000141646,ENST00000342988,p.D355V,HGVS protein,pan_cancer,TCGA PanCancer Atlas,PMID:29625053,DOI:10.1016/j.cell.2018.02.060,Table S4,Ensembl release 92,https://github.com/openvax/gene-lists,d0a2f0bcbc59e612fde6108df6cb28d469e0f90e,d568385b221f0e28f619e3358b42cec7449b6d434237516df871b7f8e9ed4549
bailey2018-s4-0330,SMAD4,,ENSG00000141646,ENST00000342988,p.D355Y,HGVS protein,pan_cancer,TCGA PanCancer Atlas,PMID:29625053,DOI:10.1016/j.cell.2018.02.060,Table S4,Ensembl release 92,https://github.com/openvax/gene-lists,d0a2f0bcbc59e612fde6108df6cb28d469e0f90e,d568385b221f0e28f619e3358b42cec7449b6d434237516df871b7f8e9ed4549
bailey2018-s4-0331,SMAD4,,ENSG00000141646,ENST00000342988,p.F339L,HGVS protein,pan_cancer,TCGA PanCancer Atlas,PMID:29625053,DOI:10.1016/j.cell.2018.02.060,Table S4,Ensembl release 92,https://github.com/openvax/gene-lists,d0a2f0bcbc59e612fde6108df6cb28d469e0f90e,d568385b221f0e28f619e3358b42cec7449b6d434237516df871b7f8e9ed4549
bailey2018-s4-0332,SMAD4,,ENSG00000141646,ENST00000342988,p.F408L,HGVS protein,pan_cancer,TCGA PanCancer Atlas,PMID:29625053,DOI:10.1016/j.cell.2018.02.060,Table S4,Ensembl release 92,https://github.com/openvax/gene-lists,d0a2f0bcbc59e612fde6108df6cb28d469e0f90e,d568385b221f0e28f619e3358b42cec7449b6d434237516df871b7f8e9ed4549
bailey2018-s4-0333,SMAD4,,ENSG00000141646,ENST00000342988,p.G352R,HGVS protein,pan_cancer,TCGA PanCancer Atlas,PMID:29625053,DOI:10.1016/j.cell.2018.02.060,Table S4,Ensembl release 92,https://github.com/openvax/gene-lists,d0a2f0bcbc59e612fde6108df6cb28d469e0f90e,d568385b221f0e28f619e3358b42cec7449b6d434237516df871b7f8e9ed4549
bailey2018-s4-0334,SMAD4,,ENSG00000141646,ENST00000342988,p.G352V,HGVS protein,pan_cancer,TCGA PanCancer Atlas,PMID:29625053,DOI:10.1016/j.cell.2018.02.060,Table S4,Ensembl release 92,https://github.com/openvax/gene-lists,d0a2f0bcbc59e612fde6108df6cb28d469e0f90e,d568385b221f0e28f619e3358b42cec7449b6d434237516df871b7f8e9ed4549
bailey2018-s4-0335,SMAD4,,ENSG00000141646,ENST00000342988,p.G365D,HGVS protein,pan_cancer,TCGA PanCancer Atlas,PMID:29625053,DOI:10.1016/j.cell.2018.02.060,Table S4,Ensembl release 92,https://github.com/openvax/gene-lists,d0a2f0bcbc59e612fde6108df6cb28d469e0f90e,d568385b221f0e28f619e3358b42cec7449b6d434237516df871b7f8e9ed4549
bailey2018-s4-0336,SMAD4,,ENSG00000141646,ENST00000342988,p.G365R,HGVS protein,pan_cancer,TCGA PanCancer Atlas,PMID:29625053,DOI:10.1016/j.cell.2018.02.060,Table S4,Ensembl release 92,https://github.com/openvax/gene-lists,d0a2f0bcbc59e612fde6108df6cb28d469e0f90e,d568385b221f0e28f619e3358b42cec7449b6d434237516df871b7f8e9ed4549
bailey2018-s4-0337,SMAD4,,ENSG00000141646,ENST00000342988,p.G384D,HGVS protein,pan_cancer,TCGA PanCancer Atlas,PMID:29625053,DOI:10.1016/j.cell.2018.02.060,Table S4,Ensembl release 92,https://github.com/openvax/gene-lists,d0a2f0bcbc59e612fde6108df6cb28d469e0f90e,d568385b221f0e28f619e3358b42cec7449b6d434237516df871b7f8e9ed4549
bailey2018-s4-0338,SMAD4,,ENSG00000141646,ENST00000342988,p.G386S,HGVS protein,pan_cancer,TCGA PanCancer Atlas,PMID:29625053,DOI:10.1016/j.cell.2018.02.060,Table S4,Ensembl release 92,https://github.com/openvax/gene-lists,d0a2f0bcbc59e612fde6108df6cb28d469e0f90e,d568385b221f0e28f619e3358b42cec7449b6d434237516df871b7f8e9ed4549
bailey2018-s4-0339,SMAD4,,ENSG00000141646,ENST00000342988,p.G386V,HGVS protein,pan_cancer,TCGA PanCancer Atlas,PMID:29625053,DOI:10.1016/j.cell.2018.02.060,Table S4,Ensembl release 92,https://github.com/openvax/gene-lists,d0a2f0bcbc59e612fde6108df6cb28d469e0f90e,d568385b221f0e28f619e3358b42cec7449b6d434237516df871b7f8e9ed4549
bailey2018-s4-0340,SMAD4,,ENSG00000141646,ENST00000342988,p.H382D,HGVS protein,pan_cancer,TCGA PanCancer Atlas,PMID:29625053,DOI:10.1016/j.cell.2018.02.060,Table S4,Ensembl release 92,https://github.com/openvax/gene-lists,d0a2f0bcbc59e612fde6108df6cb28d469e0f90e,d568385b221f0e28f619e3358b42cec7449b6d434237516df871b7f8e9ed4549
bailey2018-s4-0341,SMAD4,,ENSG00000141646,ENST00000342988,p.I383R,HGVS protein,pan_cancer,TCGA PanCancer Atlas,PMID:29625053,DOI:10.1016/j.cell.2018.02.060,Table S4,Ensembl release 92,https://github.com/openvax/gene-lists,d0a2f0bcbc59e612fde6108df6cb28d469e0f90e,d568385b221f0e28f619e3358b42cec7449b6d434237516df871b7f8e9ed4549
bailey2018-s4-0342,SMAD4,,ENSG00000141646,ENST00000342988,p.K507N,HGVS protein,pan_cancer,TCGA PanCancer Atlas,PMID:29625053,DOI:10.1016/j.cell.2018.02.060,Table S4,Ensembl release 92,https://github.com/openvax/gene-lists,d0a2f0bcbc59e612fde6108df6cb28d469e0f90e,d568385b221f0e28f619e3358b42cec7449b6d434237516df871b7f8e9ed4549
bailey2018-s4-0343,SMAD4,,ENSG00000141646,ENST00000342988,p.P356L,HGVS protein,pan_cancer,TCGA PanCancer Atlas,PMID:29625053,DOI:10.1016/j.cell.2018.02.060,Table S4,Ensembl release 92,https://github.com/openvax/gene-lists,d0a2f0bcbc59e612fde6108df6cb28d469e0f90e,d568385b221f0e28f619e3358b42cec7449b6d434237516df871b7f8e9ed4549
bailey2018-s4-0344,SMAD4,,ENSG00000141646,ENST00000342988,p.P356S,HGVS protein,pan_cancer,TCGA PanCancer Atlas,PMID:29625053,DOI:10.1016/j.cell.2018.02.060,Table S4,Ensembl release 92,https://github.com/openvax/gene-lists,d0a2f0bcbc59e612fde6108df6cb28d469e0f90e,d568385b221f0e28f619e3358b42cec7449b6d434237516df871b7f8e9ed4549
bailey2018-s4-0345,SMAD4,,ENSG00000141646,ENST00000342988,p.Q366K,HGVS protein,pan_cancer,TCGA PanCancer Atlas,PMID:29625053,DOI:10.1016/j.cell.2018.02.060,Table S4,Ensembl release 92,https://github.com/openvax/gene-lists,d0a2f0bcbc59e612fde6108df6cb28d469e0f90e,d568385b221f0e28f619e3358b42cec7449b6d434237516df871b7f8e9ed4549
bailey2018-s4-0346,SMAD4,,ENSG00000141646,ENST00000342988,p.R361C,HGVS protein,pan_cancer,TCGA PanCancer Atlas,PMID:29625053,DOI:10.1016/j.cell.2018.02.060,Table S4,Ensembl release 92,https://github.com/openvax/gene-lists,d0a2f0bcbc59e612fde6108df6cb28d469e0f90e,d568385b221f0e28f619e3358b42cec7449b6d434237516df871b7f8e9ed4549
bailey2018-s4-0347,SMAD4,,ENSG00000141646,ENST00000342988,p.R361H,HGVS protein,pan_cancer,TCGA PanCancer Atlas,PMID:29625053,DOI:10.1016/j.cell.2018.02.060,Table S4,Ensembl release 92,https://github.com/openvax/gene-lists,d0a2f0bcbc59e612fde6108df6cb28d469e0f90e,d568385b221f0e28f619e3358b42cec7449b6d434237516df871b7f8e9ed4549
bailey2018-s4-0348,SMAD4,,ENSG00000141646,ENST00000342988,p.S368C,HGVS protein,pan_cancer,TCGA PanCancer Atlas,PMID:29625053,DOI:10.1016/j.cell.2018.02.060,Table S4,Ensembl release 92,https://github.com/openvax/gene-lists,d0a2f0bcbc59e612fde6108df6cb28d469e0f90e,d568385b221f0e28f619e3358b42cec7449b6d434237516df871b7f8e9ed4549
bailey2018-s4-0349,SMAD4,,ENSG00000141646,ENST00000342988,p.S504R,HGVS protein,pan_cancer,TCGA PanCancer Atlas,PMID:29625053,DOI:10.1016/j.cell.2018.02.060,Table S4,Ensembl release 92,https://github.com/openvax/gene-lists,d0a2f0bcbc59e612fde6108df6cb28d469e0f90e,d568385b221f0e28f619e3358b42cec7449b6d434237516df871b7f8e9ed4549
bailey2018-s4-0350,SMAD4,,ENSG00000141646,ENST00000342988,p.W509G,HGVS protein,pan_cancer,TCGA PanCancer Atlas,PMID:29625053,DOI:10.1016/j.cell.2018.02.060,Table S4,Ensembl release 92,https://github.com/openvax/gene-lists,d0a2f0bcbc59e612fde6108df6cb28d469e0f90e,d568385b221f0e28f619e3358b42cec7449b6d434237516df871b7f8e9ed4549
bailey2018-s4-0351,SMAD4,,ENSG00000141646,ENST00000342988,p.W524L,HGVS protein,pan_cancer,TCGA PanCancer Atlas,PMID:29625053,DOI:10.1016/j.cell.2018.02.060,Table S4,Ensembl release 92,https://github.com/openvax/gene-lists,d0a2f0bcbc59e612fde6108df6cb28d469e0f90e,d568385b221f0e28f619e3358b42cec7449b6d434237516df871b7f8e9ed4549
bailey2018-s4-0352,SMAD4,,ENSG00000141646,ENST00000342988,p.W524R,HGVS protein,pan_cancer,TCGA PanCancer Atlas,PMID:29625053,DOI:10.1016/j.cell.2018.02.060,Table S4,Ensembl release 92,https://github.com/openvax/gene-lists,d0a2f0bcbc59e612fde6108df6cb28d469e0f90e,d568385b221f0e28f619e3358b42cec7449b6d434237516df871b7f8e9ed4549
bailey2018-s4-0353,SMAD4,,ENSG00000141646,ENST00000342988,p.Y353C,HGVS protein,pan_cancer,TCGA PanCancer Atlas,PMID:29625053,DOI:10.1016/j.cell.2018.02.060,Table S4,Ensembl release 92,https://github.com/openvax/gene-lists,d0a2f0bcbc59e612fde6108df6cb28d469e0f90e,d568385b221f0e28f619e3358b42cec7449b6d434237516df871b7f8e9ed4549
bailey2018-s4-0354,SMAD4,,ENSG00000141646,ENST00000342988,p.Y353N,HGVS protein,pan_cancer,TCGA PanCancer Atlas,PMID:29625053,DOI:10.1016/j.cell.2018.02.060,Table S4,Ensembl release 92,https://github.com/openvax/gene-lists,d0a2f0bcbc59e612fde6108df6cb28d469e0f90e,d568385b221f0e28f619e3358b42cec7449b6d434237516df871b7f8e9ed4549
bailey2018-s4-0355,SPOP,,ENSG00000121067,ENST00000393331,p.W131G,HGVS protein,pan_cancer,TCGA PanCancer Atlas,PMID:29625053,DOI:10.1016/j.cell.2018.02.060,Table S4,Ensembl release 92,https://github.com/openvax/gene-lists,d0a2f0bcbc59e612fde6108df6cb28d469e0f90e,d568385b221f0e28f619e3358b42cec7449b6d434237516df871b7f8e9ed4549
bailey2018-s4-0356,SPOP,,ENSG00000121067,ENST00000393331,p.Y87N,HGVS protein,pan_cancer,TCGA PanCancer Atlas,PMID:29625053,DOI:10.1016/j.cell.2018.02.060,Table S4,Ensembl release 92,https://github.com/openvax/gene-lists,d0a2f0bcbc59e612fde6108df6cb28d469e0f90e,d568385b221f0e28f619e3358b42cec7449b6d434237516df871b7f8e9ed4549
bailey2018-s4-0357,TGFBR2,,ENSG00000163513,ENST00000359013,p.R553C,HGVS protein,pan_cancer,TCGA PanCancer Atlas,PMID:29625053,DOI:10.1016/j.cell.2018.02.060,Table S4,Ensembl release 92,https://github.com/openvax/gene-lists,d0a2f0bcbc59e612fde6108df6cb28d469e0f90e,d568385b221f0e28f619e3358b42cec7449b6d434237516df871b7f8e9ed4549
bailey2018-s4-0358,TGFBR2,,ENSG00000163513,ENST00000359013,p.R553H,HGVS protein,pan_cancer,TCGA PanCancer Atlas,PMID:29625053,DOI:10.1016/j.cell.2018.02.060,Table S4,Ensembl release 92,https://github.com/openvax/gene-lists,d0a2f0bcbc59e612fde6108df6cb28d469e0f90e,d568385b221f0e28f619e3358b42cec7449b6d434237516df871b7f8e9ed4549
bailey2018-s4-0359,TGFBR2,,ENSG00000163513,ENST00000359013,p.T555I,HGVS protein,pan_cancer,TCGA PanCancer Atlas,PMID:29625053,DOI:10.1016/j.cell.2018.02.060,Table S4,Ensembl release 92,https://github.com/openvax/gene-lists,d0a2f0bcbc59e612fde6108df6cb28d469e0f90e,d568385b221f0e28f619e3358b42cec7449b6d434237516df871b7f8e9ed4549
bailey2018-s4-0360,TP53,,ENSG00000141510,ENST00000269305,p.A138T,HGVS protein,pan_cancer,TCGA PanCancer Atlas,PMID:29625053,DOI:10.1016/j.cell.2018.02.060,Table S4,Ensembl release 92,https://github.com/openvax/gene-lists,d0a2f0bcbc59e612fde6108df6cb28d469e0f90e,d568385b221f0e28f619e3358b42cec7449b6d434237516df871b7f8e9ed4549
bailey2018-s4-0361,TP53,,ENSG00000141510,ENST00000269305,p.A138V,HGVS protein,pan_cancer,TCGA PanCancer Atlas,PMID:29625053,DOI:10.1016/j.cell.2018.02.060,Table S4,Ensembl release 92,https://github.com/openvax/gene-lists,d0a2f0bcbc59e612fde6108df6cb28d469e0f90e,d568385b221f0e28f619e3358b42cec7449b6d434237516df871b7f8e9ed4549
bailey2018-s4-0362,TP53,,ENSG00000141510,ENST00000269305,p.A159P,HGVS protein,pan_cancer,TCGA PanCancer Atlas,PMID:29625053,DOI:10.1016/j.cell.2018.02.060,Table S4,Ensembl release 92,https://github.com/openvax/gene-lists,d0a2f0bcbc59e612fde6108df6cb28d469e0f90e,d568385b221f0e28f619e3358b42cec7449b6d434237516df871b7f8e9ed4549
bailey2018-s4-0363,TP53,,ENSG00000141510,ENST00000269305,p.A161D,HGVS protein,pan_cancer,TCGA PanCancer Atlas,PMID:29625053,DOI:10.1016/j.cell.2018.02.060,Table S4,Ensembl release 92,https://github.com/openvax/gene-lists,d0a2f0bcbc59e612fde6108df6cb28d469e0f90e,d568385b221f0e28f619e3358b42cec7449b6d434237516df871b7f8e9ed4549
bailey2018-s4-0364,TP53,,ENSG00000141510,ENST00000269305,p.A161T,HGVS protein,pan_cancer,TCGA PanCancer Atlas,PMID:29625053,DOI:10.1016/j.cell.2018.02.060,Table S4,Ensembl release 92,https://github.com/openvax/gene-lists,d0a2f0bcbc59e612fde6108df6cb28d469e0f90e,d568385b221f0e28f619e3358b42cec7449b6d434237516df871b7f8e9ed4549
bailey2018-s4-0365,TP53,,ENSG00000141510,ENST00000269305,p.A276G,HGVS protein,pan_cancer,TCGA PanCancer Atlas,PMID:29625053,DOI:10.1016/j.cell.2018.02.060,Table S4,Ensembl release 92,https://github.com/openvax/gene-lists,d0a2f0bcbc59e612fde6108df6cb28d469e0f90e,d568385b221f0e28f619e3358b42cec7449b6d434237516df871b7f8e9ed4549
bailey2018-s4-0366,TP53,,ENSG00000141510,ENST00000269305,p.A276P,HGVS protein,pan_cancer,TCGA PanCancer Atlas,PMID:29625053,DOI:10.1016/j.cell.2018.02.060,Table S4,Ensembl release 92,https://github.com/openvax/gene-lists,d0a2f0bcbc59e612fde6108df6cb28d469e0f90e,d568385b221f0e28f619e3358b42cec7449b6d434237516df871b7f8e9ed4549
bailey2018-s4-0367,TP53,,ENSG00000141510,ENST00000269305,p.C135R,HGVS protein,pan_cancer,TCGA PanCancer Atlas,PMID:29625053,DOI:10.1016/j.cell.2018.02.060,Table S4,Ensembl release 92,https://github.com/openvax/gene-lists,d0a2f0bcbc59e612fde6108df6cb28d469e0f90e,d568385b221f0e28f619e3358b42cec7449b6d434237516df871b7f8e9ed4549
bailey2018-s4-0368,TP53,,ENSG00000141510,ENST00000269305,p.C135Y,HGVS protein,pan_cancer,TCGA PanCancer Atlas,PMID:29625053,DOI:10.1016/j.cell.2018.02.060,Table S4,Ensembl release 92,https://github.com/openvax/gene-lists,d0a2f0bcbc59e612fde6108df6cb28d469e0f90e,d568385b221f0e28f619e3358b42cec7449b6d434237516df871b7f8e9ed4549
bailey2018-s4-0369,TP53,,ENSG00000141510,ENST00000269305,p.C141R,HGVS protein,pan_cancer,TCGA PanCancer Atlas,PMID:29625053,DOI:10.1016/j.cell.2018.02.060,Table S4,Ensembl release 92,https://github.com/openvax/gene-lists,d0a2f0bcbc59e612fde6108df6cb28d469e0f90e,d568385b221f0e28f619e3358b42cec7449b6d434237516df871b7f8e9ed4549
bailey2018-s4-0370,TP53,,ENSG00000141510,ENST00000269305,p.C141Y,HGVS protein,pan_cancer,TCGA PanCancer Atlas,PMID:29625053,DOI:10.1016/j.cell.2018.02.060,Table S4,Ensembl release 92,https://github.com/openvax/gene-lists,d0a2f0bcbc59e612fde6108df6cb28d469e0f90e,d568385b221f0e28f619e3358b42cec7449b6d434237516df871b7f8e9ed4549
bailey2018-s4-0371,TP53,,ENSG00000141510,ENST00000269305,p.C176F,HGVS protein,pan_cancer,TCGA PanCancer Atlas,PMID:29625053,DOI:10.1016/j.cell.2018.02.060,Table S4,Ensembl release 92,https://github.com/openvax/gene-lists,d0a2f0bcbc59e612fde6108df6cb28d469e0f90e,d568385b221f0e28f619e3358b42cec7449b6d434237516df871b7f8e9ed4549
bailey2018-s4-0372,TP53,,ENSG00000141510,ENST00000269305,p.C176R,HGVS protein,pan_cancer,TCGA PanCancer Atlas,PMID:29625053,DOI:10.1016/j.cell.2018.02.060,Table S4,Ensembl release 92,https://github.com/openvax/gene-lists,d0a2f0bcbc59e612fde6108df6cb28d469e0f90e,d568385b221f0e28f619e3358b42cec7449b6d434237516df871b7f8e9ed4549
bailey2018-s4-0373,TP53,,ENSG00000141510,ENST00000269305,p.C238R,HGVS protein,pan_cancer,TCGA PanCancer Atlas,PMID:29625053,DOI:10.1016/j.cell.2018.02.060,Table S4,Ensembl release 92,https://github.com/openvax/gene-lists,d0a2f0bcbc59e612fde6108df6cb28d469e0f90e,d568385b221f0e28f619e3358b42cec7449b6d434237516df871b7f8e9ed4549
bailey2018-s4-0374,TP53,,ENSG00000141510,ENST00000269305,p.C238W,HGVS protein,pan_cancer,TCGA PanCancer Atlas,PMID:29625053,DOI:10.1016/j.cell.2018.02.060,Table S4,Ensembl release 92,https://github.com/openvax/gene-lists,d0a2f0bcbc59e612fde6108df6cb28d469e0f90e,d568385b221f0e28f619e3358b42cec7449b6d434237516df871b7f8e9ed4549
bailey2018-s4-0375,TP53,,ENSG00000141510,ENST00000269305,p.C238Y,HGVS protein,pan_cancer,TCGA PanCancer Atlas,PMID:29625053,DOI:10.1016/j.cell.2018.02.060,Table S4,Ensembl release 92,https://github.com/openvax/gene-lists,d0a2f0bcbc59e612fde6108df6cb28d469e0f90e,d568385b221f0e28f619e3358b42cec7449b6d434237516df871b7f8e9ed4549
bailey2018-s4-0376,TP53,,ENSG00000141510,ENST00000269305,p.C242S,HGVS protein,pan_cancer,TCGA PanCancer Atlas,PMID:29625053,DOI:10.1016/j.cell.2018.02.060,Table S4,Ensembl release 92,https://github.com/openvax/gene-lists,d0a2f0bcbc59e612fde6108df6cb28d469e0f90e,d568385b221f0e28f619e3358b42cec7449b6d434237516df871b7f8e9ed4549
bailey2018-s4-0377,TP53,,ENSG00000141510,ENST00000269305,p.C242Y,HGVS protein,pan_cancer,TCGA PanCancer Atlas,PMID:29625053,DOI:10.1016/j.cell.2018.02.060,Table S4,Ensembl release 92,https://github.com/openvax/gene-lists,d0a2f0bcbc59e612fde6108df6cb28d469e0f90e,d568385b221f0e28f619e3358b42cec7449b6d434237516df871b7f8e9ed4549
bailey2018-s4-0378,TP53,,ENSG00000141510,ENST00000269305,p.C275G,HGVS protein,pan_cancer,TCGA PanCancer Atlas,PMID:29625053,DOI:10.1016/j.cell.2018.02.060,Table S4,Ensembl release 92,https://github.com/openvax/gene-lists,d0a2f0bcbc59e612fde6108df6cb28d469e0f90e,d568385b221f0e28f619e3358b42cec7449b6d434237516df871b7f8e9ed4549
bailey2018-s4-0379,TP53,,ENSG00000141510,ENST00000269305,p.C275Y,HGVS protein,pan_cancer,TCGA PanCancer Atlas,PMID:29625053,DOI:10.1016/j.cell.2018.02.060,Table S4,Ensembl release 92,https://github.com/openvax/gene-lists,d0a2f0bcbc59e612fde6108df6cb28d469e0f90e,d568385b221f0e28f619e3358b42cec7449b6d434237516df871b7f8e9ed4549
bailey2018-s4-0380,TP53,,ENSG00000141510,ENST00000269305,p.C277G,HGVS protein,pan_cancer,TCGA PanCancer Atlas,PMID:29625053,DOI:10.1016/j.cell.2018.02.060,Table S4,Ensembl release 92,https://github.com/openvax/gene-lists,d0a2f0bcbc59e612fde6108df6cb28d469e0f90e,d568385b221f0e28f619e3358b42cec7449b6d434237516df871b7f8e9ed4549
bailey2018-s4-0381,TP53,,ENSG00000141510,ENST00000269305,p.C277Y,HGVS protein,pan_cancer,TCGA PanCancer Atlas,PMID:29625053,DOI:10.1016/j.cell.2018.02.060,Table S4,Ensembl release 92,https://github.com/openvax/gene-lists,d0a2f0bcbc59e612fde6108df6cb28d469e0f90e,d568385b221f0e28f619e3358b42cec7449b6d434237516df871b7f8e9ed4549
bailey2018-s4-0382,TP53,,ENSG00000141510,ENST00000269305,p.D208G,HGVS protein,pan_cancer,TCGA PanCancer Atlas,PMID:29625053,DOI:10.1016/j.cell.2018.02.060,Table S4,Ensembl release 92,https://github.com/openvax/gene-lists,d0a2f0bcbc59e612fde6108df6cb28d469e0f90e,d568385b221f0e28f619e3358b42cec7449b6d434237516df871b7f8e9ed4549
bailey2018-s4-0383,TP53,,ENSG00000141510,ENST00000269305,p.D259V,HGVS protein,pan_cancer,TCGA PanCancer Atlas,PMID:29625053,DOI:10.1016/j.cell.2018.02.060,Table S4,Ensembl release 92,https://github.com/openvax/gene-lists,d0a2f0bcbc59e612fde6108df6cb28d469e0f90e,d568385b221f0e28f619e3358b42cec7449b6d434237516df871b7f8e9ed4549
bailey2018-s4-0384,TP53,,ENSG00000141510,ENST00000269305,p.D259Y,HGVS protein,pan_cancer,TCGA PanCancer Atlas,PMID:29625053,DOI:10.1016/j.cell.2018.02.060,Table S4,Ensembl release 92,https://github.com/openvax/gene-lists,d0a2f0bcbc59e612fde6108df6cb28d469e0f90e,d568385b221f0e28f619e3358b42cec7449b6d434237516df871b7f8e9ed4549
bailey2018-s4-0385,TP53,,ENSG00000141510,ENST00000269305,p.D281E,HGVS protein,pan_cancer,TCGA PanCancer Atlas,PMID:29625053,DOI:10.1016/j.cell.2018.02.060,Table S4,Ensembl release 92,https://github.com/openvax/gene-lists,d0a2f0bcbc59e612fde6108df6cb28d469e0f90e,d568385b221f0e28f619e3358b42cec7449b6d434237516df871b7f8e9ed4549
bailey2018-s4-0386,TP53,,ENSG00000141510,ENST00000269305,p.D281H,HGVS protein,pan_cancer,TCGA PanCancer Atlas,PMID:29625053,DOI:10.1016/j.cell.2018.02.060,Table S4,Ensembl release 92,https://github.com/openvax/gene-lists,d0a2f0bcbc59e612fde6108df6cb28d469e0f90e,d568385b221f0e28f619e3358b42cec7449b6d434237516df871b7f8e9ed4549
bailey2018-s4-0387,TP53,,ENSG00000141510,ENST00000269305,p.D281V,HGVS protein,pan_cancer,TCGA PanCancer Atlas,PMID:29625053,DOI:10.1016/j.cell.2018.02.060,Table S4,Ensembl release 92,https://github.com/openvax/gene-lists,d0a2f0bcbc59e612fde6108df6cb28d469e0f90e,d568385b221f0e28f619e3358b42cec7449b6d434237516df871b7f8e9ed4549
bailey2018-s4-0388,TP53,,ENSG00000141510,ENST00000269305,p.E171K,HGVS protein,pan_cancer,TCGA PanCancer Atlas,PMID:29625053,DOI:10.1016/j.cell.2018.02.060,Table S4,Ensembl release 92,https://github.com/openvax/gene-lists,d0a2f0bcbc59e612fde6108df6cb28d469e0f90e,d568385b221f0e28f619e3358b42cec7449b6d434237516df871b7f8e9ed4549
bailey2018-s4-0389,TP53,,ENSG00000141510,ENST00000269305,p.E180K,HGVS protein,pan_cancer,TCGA PanCancer Atlas,PMID:29625053,DOI:10.1016/j.cell.2018.02.060,Table S4,Ensembl release 92,https://github.com/openvax/gene-lists,d0a2f0bcbc59e612fde6108df6cb28d469e0f90e,d568385b221f0e28f619e3358b42cec7449b6d434237516df871b7f8e9ed4549
bailey2018-s4-0390,TP53,,ENSG00000141510,ENST00000269305,p.E258D,HGVS protein,pan_cancer,TCGA PanCancer Atlas,PMID:29625053,DOI:10.1016/j.cell.2018.02.060,Table S4,Ensembl release 92,https://github.com/openvax/gene-lists,d0a2f0bcbc59e612fde6108df6cb28d469e0f90e,d568385b221f0e28f619e3358b42cec7449b6d434237516df871b7f8e9ed4549
bailey2018-s4-0391,TP53,,ENSG00000141510,ENST00000269305,p.E258G,HGVS protein,pan_cancer,TCGA PanCancer Atlas,PMID:29625053,DOI:10.1016/j.cell.2018.02.060,Table S4,Ensembl release 92,https://github.com/openvax/gene-lists,d0a2f0bcbc59e612fde6108df6cb28d469e0f90e,d568385b221f0e28f619e3358b42cec7449b6d434237516df871b7f8e9ed4549
bailey2018-s4-0392,TP53,,ENSG00000141510,ENST00000269305,p.E258K,HGVS protein,pan_cancer,TCGA PanCancer Atlas,PMID:29625053,DOI:10.1016/j.cell.2018.02.060,Table S4,Ensembl release 92,https://github.com/openvax/gene-lists,d0a2f0bcbc59e612fde6108df6cb28d469e0f90e,d568385b221f0e28f619e3358b42cec7449b6d434237516df871b7f8e9ed4549
bailey2018-s4-0393,TP53,,ENSG00000141510,ENST00000269305,p.E271K,HGVS protein,pan_cancer,TCGA PanCancer Atlas,PMID:29625053,DOI:10.1016/j.cell.2018.02.060,Table S4,Ensembl release 92,https://github.com/openvax/gene-lists,d0a2f0bcbc59e612fde6108df6cb28d469e0f90e,d568385b221f0e28f619e3358b42cec7449b6d434237516df871b7f8e9ed4549
bailey2018-s4-0394,TP53,,ENSG00000141510,ENST00000269305,p.E271V,HGVS protein,pan_cancer,TCGA PanCancer Atlas,PMID:29625053,DOI:10.1016/j.cell.2018.02.060,Table S4,Ensembl release 92,https://github.com/openvax/gene-lists,d0a2f0bcbc59e612fde6108df6cb28d469e0f90e,d568385b221f0e28f619e3358b42cec7449b6d434237516df871b7f8e9ed4549
bailey2018-s4-0395,TP53,,ENSG00000141510,ENST00000269305,p.E285K,HGVS protein,pan_cancer,TCGA PanCancer Atlas,PMID:29625053,DOI:10.1016/j.cell.2018.02.060,Table S4,Ensembl release 92,https://github.com/openvax/gene-lists,d0a2f0bcbc59e612fde6108df6cb28d469e0f90e,d568385b221f0e28f619e3358b42cec7449b6d434237516df871b7f8e9ed4549
bailey2018-s4-0396,TP53,,ENSG00000141510,ENST00000269305,p.E285V,HGVS protein,pan_cancer,TCGA PanCancer Atlas,PMID:29625053,DOI:10.1016/j.cell.2018.02.060,Table S4,Ensembl release 92,https://github.com/openvax/gene-lists,d0a2f0bcbc59e612fde6108df6cb28d469e0f90e,d568385b221f0e28f619e3358b42cec7449b6d434237516df871b7f8e9ed4549
bailey2018-s4-0397,TP53,,ENSG00000141510,ENST00000269305,p.E286G,HGVS protein,pan_cancer,TCGA PanCancer Atlas,PMID:29625053,DOI:10.1016/j.cell.2018.02.060,Table S4,Ensembl release 92,https://github.com/openvax/gene-lists,d0a2f0bcbc59e612fde6108df6cb28d469e0f90e,d568385b221f0e28f619e3358b42cec7449b6d434237516df871b7f8e9ed4549
bailey2018-s4-0398,TP53,,ENSG00000141510,ENST00000269305,p.E286Q,HGVS protein,pan_cancer,TCGA PanCancer Atlas,PMID:29625053,DOI:10.1016/j.cell.2018.02.060,Table S4,Ensembl release 92,https://github.com/openvax/gene-lists,d0a2f0bcbc59e612fde6108df6cb28d469e0f90e,d568385b221f0e28f619e3358b42cec7449b6d434237516df871b7f8e9ed4549
bailey2018-s4-0399,TP53,,ENSG00000141510,ENST00000269305,p.F109S,HGVS protein,pan_cancer,TCGA PanCancer Atlas,PMID:29625053,DOI:10.1016/j.cell.2018.02.060,Table S4,Ensembl release 92,https://github.com/openvax/gene-lists,d0a2f0bcbc59e612fde6108df6cb28d469e0f90e,d568385b221f0e28f619e3358b42cec7449b6d434237516df871b7f8e9ed4549
bailey2018-s4-0400,TP53,,ENSG00000141510,ENST00000269305,p.F109V,HGVS protein,pan_cancer,TCGA PanCancer Atlas,PMID:29625053,DOI:10.1016/j.cell.2018.02.060,Table S4,Ensembl release 92,https://github.com/openvax/gene-lists,d0a2f0bcbc59e612fde6108df6cb28d469e0f90e,d568385b221f0e28f619e3358b42cec7449b6d434237516df871b7f8e9ed4549
bailey2018-s4-0401,TP53,,ENSG00000141510,ENST00000269305,p.F113C,HGVS protein,pan_cancer,TCGA PanCancer Atlas,PMID:29625053,DOI:10.1016/j.cell.2018.02.060,Table S4,Ensembl release 92,https://github.com/openvax/gene-lists,d0a2f0bcbc59e612fde6108df6cb28d469e0f90e,d568385b221f0e28f619e3358b42cec7449b6d434237516df871b7f8e9ed4549
bailey2018-s4-0402,TP53,,ENSG00000141510,ENST00000269305,p.F113V,HGVS protein,pan_cancer,TCGA PanCancer Atlas,PMID:29625053,DOI:10.1016/j.cell.2018.02.060,Table S4,Ensembl release 92,https://github.com/openvax/gene-lists,d0a2f0bcbc59e612fde6108df6cb28d469e0f90e,d568385b221f0e28f619e3358b42cec7449b6d434237516df871b7f8e9ed4549
bailey2018-s4-0403,TP53,,ENSG00000141510,ENST00000269305,p.F134L,HGVS protein,pan_cancer,TCGA PanCancer Atlas,PMID:29625053,DOI:10.1016/j.cell.2018.02.060,Table S4,Ensembl release 92,https://github.com/openvax/gene-lists,d0a2f0bcbc59e612fde6108df6cb28d469e0f90e,d568385b221f0e28f619e3358b42cec7449b6d434237516df871b7f8e9ed4549
bailey2018-s4-0404,TP53,,ENSG00000141510,ENST00000269305,p.F270S,HGVS protein,pan_cancer,TCGA PanCancer Atlas,PMID:29625053,DOI:10.1016/j.cell.2018.02.060,Table S4,Ensembl release 92,https://github.com/openvax/gene-lists,d0a2f0bcbc59e612fde6108df6cb28d469e0f90e,d568385b221f0e28f619e3358b42cec7449b6d434237516df871b7f8e9ed4549
bailey2018-s4-0405,TP53,,ENSG00000141510,ENST00000269305,p.F270V,HGVS protein,pan_cancer,TCGA PanCancer Atlas,PMID:29625053,DOI:10.1016/j.cell.2018.02.060,Table S4,Ensembl release 92,https://github.com/openvax/gene-lists,d0a2f0bcbc59e612fde6108df6cb28d469e0f90e,d568385b221f0e28f619e3358b42cec7449b6d434237516df871b7f8e9ed4549
bailey2018-s4-0406,TP53,,ENSG00000141510,ENST00000269305,p.G105C,HGVS protein,pan_cancer,TCGA PanCancer Atlas,PMID:29625053,DOI:10.1016/j.cell.2018.02.060,Table S4,Ensembl release 92,https://github.com/openvax/gene-lists,d0a2f0bcbc59e612fde6108df6cb28d469e0f90e,d568385b221f0e28f619e3358b42cec7449b6d434237516df871b7f8e9ed4549
bailey2018-s4-0407,TP53,,ENSG00000141510,ENST00000269305,p.G105V,HGVS protein,pan_cancer,TCGA PanCancer Atlas,PMID:29625053,DOI:10.1016/j.cell.2018.02.060,Table S4,Ensembl release 92,https://github.com/openvax/gene-lists,d0a2f0bcbc59e612fde6108df6cb28d469e0f90e,d568385b221f0e28f619e3358b42cec7449b6d434237516df871b7f8e9ed4549
bailey2018-s4-0408,TP53,,ENSG00000141510,ENST00000269305,p.G154V,HGVS protein,pan_cancer,TCGA PanCancer Atlas,PMID:29625053,DOI:10.1016/j.cell.2018.02.060,Table S4,Ensembl release 92,https://github.com/openvax/gene-lists,d0a2f0bcbc59e612fde6108df6cb28d469e0f90e,d568385b221f0e28f619e3358b42cec7449b6d434237516df871b7f8e9ed4549
bailey2018-s4-0409,TP53,,ENSG00000141510,ENST00000269305,p.G244D,HGVS protein,pan_cancer,TCGA PanCancer Atlas,PMID:29625053,DOI:10.1016/j.cell.2018.02.060,Table S4,Ensembl release 92,https://github.com/openvax/gene-lists,d0a2f0bcbc59e612fde6108df6cb28d469e0f90e,d568385b221f0e28f619e3358b42cec7449b6d434237516df871b7f8e9ed4549
bailey2018-s4-0410,TP53,,ENSG00000141510,ENST00000269305,p.G244S,HGVS protein,pan_cancer,TCGA PanCancer Atlas,PMID:29625053,DOI:10.1016/j.cell.2018.02.060,Table S4,Ensembl release 92,https://github.com/openvax/gene-lists,d0a2f0bcbc59e612fde6108df6cb28d469e0f90e,d568385b221f0e28f619e3358b42cec7449b6d434237516df871b7f8e9ed4549
bailey2018-s4-0411,TP53,,ENSG00000141510,ENST00000269305,p.G245D,HGVS protein,pan_cancer,TCGA PanCancer Atlas,PMID:29625053,DOI:10.1016/j.cell.2018.02.060,Table S4,Ensembl release 92,https://github.com/openvax/gene-lists,d0a2f0bcbc59e612fde6108df6cb28d469e0f90e,d568385b221f0e28f619e3358b42cec7449b6d434237516df871b7f8e9ed4549
bailey2018-s4-0412,TP53,,ENSG00000141510,ENST00000269305,p.G245S,HGVS protein,pan_cancer,TCGA PanCancer Atlas,PMID:29625053,DOI:10.1016/j.cell.2018.02.060,Table S4,Ensembl release 92,https://github.com/openvax/gene-lists,d0a2f0bcbc59e612fde6108df6cb28d469e0f90e,d568385b221f0e28f619e3358b42cec7449b6d434237516df871b7f8e9ed4549
bailey2018-s4-0413,TP53,,ENSG00000141510,ENST00000269305,p.G262V,HGVS protein,pan_cancer,TCGA PanCancer Atlas,PMID:29625053,DOI:10.1016/j.cell.2018.02.060,Table S4,Ensembl release 92,https://github.com/openvax/gene-lists,d0a2f0bcbc59e612fde6108df6cb28d469e0f90e,d568385b221f0e28f619e3358b42cec7449b6d434237516df871b7f8e9ed4549
bailey2018-s4-0414,TP53,,ENSG00000141510,ENST00000269305,p.G266R,HGVS protein,pan_cancer,TCGA PanCancer Atlas,PMID:29625053,DOI:10.1016/j.cell.2018.02.060,Table S4,Ensembl release 92,https://github.com/openvax/gene-lists,d0a2f0bcbc59e612fde6108df6cb28d469e0f90e,d568385b221f0e28f619e3358b42cec7449b6d434237516df871b7f8e9ed4549
bailey2018-s4-0415,TP53,,ENSG00000141510,ENST00000269305,p.G266V,HGVS protein,pan_cancer,TCGA PanCancer Atlas,PMID:29625053,DOI:10.1016/j.cell.2018.02.060,Table S4,Ensembl release 92,https://github.com/openvax/gene-lists,d0a2f0bcbc59e612fde6108df6cb28d469e0f90e,d568385b221f0e28f619e3358b42cec7449b6d434237516df871b7f8e9ed4549
bailey2018-s4-0416,TP53,,ENSG00000141510,ENST00000269305,p.G279E,HGVS protein,pan_cancer,TCGA PanCancer Atlas,PMID:29625053,DOI:10.1016/j.cell.2018.02.060,Table S4,Ensembl release 92,https://github.com/openvax/gene-lists,d0a2f0bcbc59e612fde6108df6cb28d469e0f90e,d568385b221f0e28f619e3358b42cec7449b6d434237516df871b7f8e9ed4549
bailey2018-s4-0417,TP53,,ENSG00000141510,ENST00000269305,p.G279R,HGVS protein,pan_cancer,TCGA PanCancer Atlas,PMID:29625053,DOI:10.1016/j.cell.2018.02.060,Table S4,Ensembl release 92,https://github.com/openvax/gene-lists,d0a2f0bcbc59e612fde6108df6cb28d469e0f90e,d568385b221f0e28f619e3358b42cec7449b6d434237516df871b7f8e9ed4549
bailey2018-s4-0418,TP53,,ENSG00000141510,ENST00000269305,p.G334V,HGVS protein,pan_cancer,TCGA PanCancer Atlas,PMID:29625053,DOI:10.1016/j.cell.2018.02.060,Table S4,Ensembl release 92,https://github.com/openvax/gene-lists,d0a2f0bcbc59e612fde6108df6cb28d469e0f90e,d568385b221f0e28f619e3358b42cec7449b6d434237516df871b7f8e9ed4549
bailey2018-s4-0419,TP53,,ENSG00000141510,ENST00000269305,p.G334W,HGVS protein,pan_cancer,TCGA PanCancer Atlas,PMID:29625053,DOI:10.1016/j.cell.2018.02.060,Table S4,Ensembl release 92,https://github.com/openvax/gene-lists,d0a2f0bcbc59e612fde6108df6cb28d469e0f90e,d568385b221f0e28f619e3358b42cec7449b6d434237516df871b7f8e9ed4549
bailey2018-s4-0420,TP53,,ENSG00000141510,ENST00000269305,p.H168R,HGVS protein,pan_cancer,TCGA PanCancer Atlas,PMID:29625053,DOI:10.1016/j.cell.2018.02.060,Table S4,Ensembl release 92,https://github.com/openvax/gene-lists,d0a2f0bcbc59e612fde6108df6cb28d469e0f90e,d568385b221f0e28f619e3358b42cec7449b6d434237516df871b7f8e9ed4549
bailey2018-s4-0421,TP53,,ENSG00000141510,ENST00000269305,p.H178Q,HGVS protein,pan_cancer,TCGA PanCancer Atlas,PMID:29625053,DOI:10.1016/j.cell.2018.02.060,Table S4,Ensembl release 92,https://github.com/openvax/gene-lists,d0a2f0bcbc59e612fde6108df6cb28d469e0f90e,d568385b221f0e28f619e3358b42cec7449b6d434237516df871b7f8e9ed4549
bailey2018-s4-0422,TP53,,ENSG00000141510,ENST00000269305,p.H179D,HGVS protein,pan_cancer,TCGA PanCancer Atlas,PMID:29625053,DOI:10.1016/j.cell.2018.02.060,Table S4,Ensembl release 92,https://github.com/openvax/gene-lists,d0a2f0bcbc59e612fde6108df6cb28d469e0f90e,d568385b221f0e28f619e3358b42cec7449b6d434237516df871b7f8e9ed4549
bailey2018-s4-0423,TP53,,ENSG00000141510,ENST00000269305,p.H179Q,HGVS protein,pan_cancer,TCGA PanCancer Atlas,PMID:29625053,DOI:10.1016/j.cell.2018.02.060,Table S4,Ensembl release 92,https://github.com/openvax/gene-lists,d0a2f0bcbc59e612fde6108df6cb28d469e0f90e,d568385b221f0e28f619e3358b42cec7449b6d434237516df871b7f8e9ed4549
bailey2018-s4-0424,TP53,,ENSG00000141510,ENST00000269305,p.H179R,HGVS protein,pan_cancer,TCGA PanCancer Atlas,PMID:29625053,DOI:10.1016/j.cell.2018.02.060,Table S4,Ensembl release 92,https://github.com/openvax/gene-lists,d0a2f0bcbc59e612fde6108df6cb28d469e0f90e,d568385b221f0e28f619e3358b42cec7449b6d434237516df871b7f8e9ed4549
bailey2018-s4-0425,TP53,,ENSG00000141510,ENST00000269305,p.H193N,HGVS protein,pan_cancer,TCGA PanCancer Atlas,PMID:29625053,DOI:10.1016/j.cell.2018.02.060,Table S4,Ensembl release 92,https://github.com/openvax/gene-lists,d0a2f0bcbc59e612fde6108df6cb28d469e0f90e,d568385b221f0e28f619e3358b42cec7449b6d434237516df871b7f8e9ed4549
bailey2018-s4-0426,TP53,,ENSG00000141510,ENST00000269305,p.H193R,HGVS protein,pan_cancer,TCGA PanCancer Atlas,PMID:29625053,DOI:10.1016/j.cell.2018.02.060,Table S4,Ensembl release 92,https://github.com/openvax/gene-lists,d0a2f0bcbc59e612fde6108df6cb28d469e0f90e,d568385b221f0e28f619e3358b42cec7449b6d434237516df871b7f8e9ed4549
bailey2018-s4-0427,TP53,,ENSG00000141510,ENST00000269305,p.H214R,HGVS protein,pan_cancer,TCGA PanCancer Atlas,PMID:29625053,DOI:10.1016/j.cell.2018.02.060,Table S4,Ensembl release 92,https://github.com/openvax/gene-lists,d0a2f0bcbc59e612fde6108df6cb28d469e0f90e,d568385b221f0e28f619e3358b42cec7449b6d434237516df871b7f8e9ed4549
bailey2018-s4-0428,TP53,,ENSG00000141510,ENST00000269305,p.I162F,HGVS protein,pan_cancer,TCGA PanCancer Atlas,PMID:29625053,DOI:10.1016/j.cell.2018.02.060,Table S4,Ensembl release 92,https://github.com/openvax/gene-lists,d0a2f0bcbc59e612fde6108df6cb28d469e0f90e,d568385b221f0e28f619e3358b42cec7449b6d434237516df871b7f8e9ed4549
bailey2018-s4-0429,TP53,,ENSG00000141510,ENST00000269305,p.I162N,HGVS protein,pan_cancer,TCGA PanCancer Atlas,PMID:29625053,DOI:10.1016/j.cell.2018.02.060,Table S4,Ensembl release 92,https://github.com/openvax/gene-lists,d0a2f0bcbc59e612fde6108df6cb28d469e0f90e,d568385b221f0e28f619e3358b42cec7449b6d434237516df871b7f8e9ed4549
bailey2018-s4-0430,TP53,,ENSG00000141510,ENST00000269305,p.I195F,HGVS protein,pan_cancer,TCGA PanCancer Atlas,PMID:29625053,DOI:10.1016/j.cell.2018.02.060,Table S4,Ensembl release 92,https://github.com/openvax/gene-lists,d0a2f0bcbc59e612fde6108df6cb28d469e0f90e,d568385b221f0e28f619e3358b42cec7449b6d434237516df871b7f8e9ed4549
bailey2018-s4-0431,TP53,,ENSG00000141510,ENST00000269305,p.I195M,HGVS protein,pan_cancer,TCGA PanCancer Atlas,PMID:29625053,DOI:10.1016/j.cell.2018.02.060,Table S4,Ensembl release 92,https://github.com/openvax/gene-lists,d0a2f0bcbc59e612fde6108df6cb28d469e0f90e,d568385b221f0e28f619e3358b42cec7449b6d434237516df871b7f8e9ed4549
bailey2018-s4-0432,TP53,,ENSG00000141510,ENST00000269305,p.I195N,HGVS protein,pan_cancer,TCGA PanCancer Atlas,PMID:29625053,DOI:10.1016/j.cell.2018.02.060,Table S4,Ensembl release 92,https://github.com/openvax/gene-lists,d0a2f0bcbc59e612fde6108df6cb28d469e0f90e,d568385b221f0e28f619e3358b42cec7449b6d434237516df871b7f8e9ed4549
bailey2018-s4-0433,TP53,,ENSG00000141510,ENST00000269305,p.I232S,HGVS protein,pan_cancer,TCGA PanCancer Atlas,PMID:29625053,DOI:10.1016/j.cell.2018.02.060,Table S4,Ensembl release 92,https://github.com/openvax/gene-lists,d0a2f0bcbc59e612fde6108df6cb28d469e0f90e,d568385b221f0e28f619e3358b42cec7449b6d434237516df871b7f8e9ed4549
bailey2018-s4-0434,TP53,,ENSG00000141510,ENST00000269305,p.I251F,HGVS protein,pan_cancer,TCGA PanCancer Atlas,PMID:29625053,DOI:10.1016/j.cell.2018.02.060,Table S4,Ensembl release 92,https://github.com/openvax/gene-lists,d0a2f0bcbc59e612fde6108df6cb28d469e0f90e,d568385b221f0e28f619e3358b42cec7449b6d434237516df871b7f8e9ed4549
bailey2018-s4-0435,TP53,,ENSG00000141510,ENST00000269305,p.I251N,HGVS protein,pan_cancer,TCGA PanCancer Atlas,PMID:29625053,DOI:10.1016/j.cell.2018.02.060,Table S4,Ensembl release 92,https://github.com/openvax/gene-lists,d0a2f0bcbc59e612fde6108df6cb28d469e0f90e,d568385b221f0e28f619e3358b42cec7449b6d434237516df871b7f8e9ed4549
bailey2018-s4-0436,TP53,,ENSG00000141510,ENST00000269305,p.I254S,HGVS protein,pan_cancer,TCGA PanCancer Atlas,PMID:29625053,DOI:10.1016/j.cell.2018.02.060,Table S4,Ensembl release 92,https://github.com/openvax/gene-lists,d0a2f0bcbc59e612fde6108df6cb28d469e0f90e,d568385b221f0e28f619e3358b42cec7449b6d434237516df871b7f8e9ed4549
bailey2018-s4-0437,TP53,,ENSG00000141510,ENST00000269305,p.I255T,HGVS protein,pan_cancer,TCGA PanCancer Atlas,PMID:29625053,DOI:10.1016/j.cell.2018.02.060,Table S4,Ensembl release 92,https://github.com/openvax/gene-lists,d0a2f0bcbc59e612fde6108df6cb28d469e0f90e,d568385b221f0e28f619e3358b42cec7449b6d434237516df871b7f8e9ed4549
bailey2018-s4-0438,TP53,,ENSG00000141510,ENST00000269305,p.I332F,HGVS protein,pan_cancer,TCGA PanCancer Atlas,PMID:29625053,DOI:10.1016/j.cell.2018.02.060,Table S4,Ensembl release 92,https://github.com/openvax/gene-lists,d0a2f0bcbc59e612fde6108df6cb28d469e0f90e,d568385b221f0e28f619e3358b42cec7449b6d434237516df871b7f8e9ed4549
bailey2018-s4-0439,TP53,,ENSG00000141510,ENST00000269305,p.K120E,HGVS protein,pan_cancer,TCGA PanCancer Atlas,PMID:29625053,DOI:10.1016/j.cell.2018.02.060,Table S4,Ensembl release 92,https://github.com/openvax/gene-lists,d0a2f0bcbc59e612fde6108df6cb28d469e0f90e,d568385b221f0e28f619e3358b42cec7449b6d434237516df871b7f8e9ed4549
bailey2018-s4-0440,TP53,,ENSG00000141510,ENST00000269305,p.K132E,HGVS protein,pan_cancer,TCGA PanCancer Atlas,PMID:29625053,DOI:10.1016/j.cell.2018.02.060,Table S4,Ensembl release 92,https://github.com/openvax/gene-lists,d0a2f0bcbc59e612fde6108df6cb28d469e0f90e,d568385b221f0e28f619e3358b42cec7449b6d434237516df871b7f8e9ed4549
bailey2018-s4-0441,TP53,,ENSG00000141510,ENST00000269305,p.K132N,HGVS protein,pan_cancer,TCGA PanCancer Atlas,PMID:29625053,DOI:10.1016/j.cell.2018.02.060,Table S4,Ensembl release 92,https://github.com/openvax/gene-lists,d0a2f0bcbc59e612fde6108df6cb28d469e0f90e,d568385b221f0e28f619e3358b42cec7449b6d434237516df871b7f8e9ed4549
bailey2018-s4-0442,TP53,,ENSG00000141510,ENST00000269305,p.K132R,HGVS protein,pan_cancer,TCGA PanCancer Atlas,PMID:29625053,DOI:10.1016/j.cell.2018.02.060,Table S4,Ensembl release 92,https://github.com/openvax/gene-lists,d0a2f0bcbc59e612fde6108df6cb28d469e0f90e,d568385b221f0e28f619e3358b42cec7449b6d434237516df871b7f8e9ed4549
bailey2018-s4-0443,TP53,,ENSG00000141510,ENST00000269305,p.K164E,HGVS protein,pan_cancer,TCGA PanCancer Atlas,PMID:29625053,DOI:10.1016/j.cell.2018.02.060,Table S4,Ensembl release 92,https://github.com/openvax/gene-lists,d0a2f0bcbc59e612fde6108df6cb28d469e0f90e,d568385b221f0e28f619e3358b42cec7449b6d434237516df871b7f8e9ed4549
bailey2018-s4-0444,TP53,,ENSG00000141510,ENST00000269305,p.L111R,HGVS protein,pan_cancer,TCGA PanCancer Atlas,PMID:29625053,DOI:10.1016/j.cell.2018.02.060,Table S4,Ensembl release 92,https://github.com/openvax/gene-lists,d0a2f0bcbc59e612fde6108df6cb28d469e0f90e,d568385b221f0e28f619e3358b42cec7449b6d434237516df871b7f8e9ed4549
bailey2018-s4-0445,TP53,,ENSG00000141510,ENST00000269305,p.L130R,HGVS protein,pan_cancer,TCGA PanCancer Atlas,PMID:29625053,DOI:10.1016/j.cell.2018.02.060,Table S4,Ensembl release 92,https://github.com/openvax/gene-lists,d0a2f0bcbc59e612fde6108df6cb28d469e0f90e,d568385b221f0e28f619e3358b42cec7449b6d434237516df871b7f8e9ed4549
bailey2018-s4-0446,TP53,,ENSG00000141510,ENST00000269305,p.L130V,HGVS protein,pan_cancer,TCGA PanCancer Atlas,PMID:29625053,DOI:10.1016/j.cell.2018.02.060,Table S4,Ensembl release 92,https://github.com/openvax/gene-lists,d0a2f0bcbc59e612fde6108df6cb28d469e0f90e,d568385b221f0e28f619e3358b42cec7449b6d434237516df871b7f8e9ed4549
bailey2018-s4-0447,TP53,,ENSG00000141510,ENST00000269305,p.L137Q,HGVS protein,pan_cancer,TCGA PanCancer Atlas,PMID:29625053,DOI:10.1016/j.cell.2018.02.060,Table S4,Ensembl release 92,https://github.com/openvax/gene-lists,d0a2f0bcbc59e612fde6108df6cb28d469e0f90e,d568385b221f0e28f619e3358b42cec7449b6d434237516df871b7f8e9ed4549
bailey2018-s4-0448,TP53,,ENSG00000141510,ENST00000269305,p.L145P,HGVS protein,pan_cancer,TCGA PanCancer Atlas,PMID:29625053,DOI:10.1016/j.cell.2018.02.060,Table S4,Ensembl release 92,https://github.com/openvax/gene-lists,d0a2f0bcbc59e612fde6108df6cb28d469e0f90e,d568385b221f0e28f619e3358b42cec7449b6d434237516df871b7f8e9ed4549
bailey2018-s4-0449,TP53,,ENSG00000141510,ENST00000269305,p.L194F,HGVS protein,pan_cancer,TCGA PanCancer Atlas,PMID:29625053,DOI:10.1016/j.cell.2018.02.060,Table S4,Ensembl release 92,https://github.com/openvax/gene-lists,d0a2f0bcbc59e612fde6108df6cb28d469e0f90e,d568385b221f0e28f619e3358b42cec7449b6d434237516df871b7f8e9ed4549
bailey2018-s4-0450,TP53,,ENSG00000141510,ENST00000269305,p.L194H,HGVS protein,pan_cancer,TCGA PanCancer Atlas,PMID:29625053,DOI:10.1016/j.cell.2018.02.060,Table S4,Ensembl release 92,https://github.com/openvax/gene-lists,d0a2f0bcbc59e612fde6108df6cb28d469e0f90e,d568385b221f0e28f619e3358b42cec7449b6d434237516df871b7f8e9ed4549
bailey2018-s4-0451,TP53,,ENSG00000141510,ENST00000269305,p.L257R,HGVS protein,pan_cancer,TCGA PanCancer Atlas,PMID:29625053,DOI:10.1016/j.cell.2018.02.060,Table S4,Ensembl release 92,https://github.com/openvax/gene-lists,d0a2f0bcbc59e612fde6108df6cb28d469e0f90e,d568385b221f0e28f619e3358b42cec7449b6d434237516df871b7f8e9ed4549
bailey2018-s4-0452,TP53,,ENSG00000141510,ENST00000269305,p.L265P,HGVS protein,pan_cancer,TCGA PanCancer Atlas,PMID:29625053,DOI:10.1016/j.cell.2018.02.060,Table S4,Ensembl release 92,https://github.com/openvax/gene-lists,d0a2f0bcbc59e612fde6108df6cb28d469e0f90e,d568385b221f0e28f619e3358b42cec7449b6d434237516df871b7f8e9ed4549
bailey2018-s4-0453,TP53,,ENSG00000141510,ENST00000269305,p.L348F,HGVS protein,pan_cancer,TCGA PanCancer Atlas,PMID:29625053,DOI:10.1016/j.cell.2018.02.060,Table S4,Ensembl release 92,https://github.com/openvax/gene-lists,d0a2f0bcbc59e612fde6108df6cb28d469e0f90e,d568385b221f0e28f619e3358b42cec7449b6d434237516df871b7f8e9ed4549
bailey2018-s4-0454,TP53,,ENSG00000141510,ENST00000269305,p.L348S,HGVS protein,pan_cancer,TCGA PanCancer Atlas,PMID:29625053,DOI:10.1016/j.cell.2018.02.060,Table S4,Ensembl release 92,https://github.com/openvax/gene-lists,d0a2f0bcbc59e612fde6108df6cb28d469e0f90e,d568385b221f0e28f619e3358b42cec7449b6d434237516df871b7f8e9ed4549
bailey2018-s4-0455,TP53,,ENSG00000141510,ENST00000269305,p.M237I,HGVS protein,pan_cancer,TCGA PanCancer Atlas,PMID:29625053,DOI:10.1016/j.cell.2018.02.060,Table S4,Ensembl release 92,https://github.com/openvax/gene-lists,d0a2f0bcbc59e612fde6108df6cb28d469e0f90e,d568385b221f0e28f619e3358b42cec7449b6d434237516df871b7f8e9ed4549
bailey2018-s4-0456,TP53,,ENSG00000141510,ENST00000269305,p.M237K,HGVS protein,pan_cancer,TCGA PanCancer Atlas,PMID:29625053,DOI:10.1016/j.cell.2018.02.060,Table S4,Ensembl release 92,https://github.com/openvax/gene-lists,d0a2f0bcbc59e612fde6108df6cb28d469e0f90e,d568385b221f0e28f619e3358b42cec7449b6d434237516df871b7f8e9ed4549
bailey2018-s4-0457,TP53,,ENSG00000141510,ENST00000269305,p.M237V,HGVS protein,pan_cancer,TCGA PanCancer Atlas,PMID:29625053,DOI:10.1016/j.cell.2018.02.060,Table S4,Ensembl release 92,https://github.com/openvax/gene-lists,d0a2f0bcbc59e612fde6108df6cb28d469e0f90e,d568385b221f0e28f619e3358b42cec7449b6d434237516df871b7f8e9ed4549
bailey2018-s4-0458,TP53,,ENSG00000141510,ENST00000269305,p.M243I,HGVS protein,pan_cancer,TCGA PanCancer Atlas,PMID:29625053,DOI:10.1016/j.cell.2018.02.060,Table S4,Ensembl release 92,https://github.com/openvax/gene-lists,d0a2f0bcbc59e612fde6108df6cb28d469e0f90e,d568385b221f0e28f619e3358b42cec7449b6d434237516df871b7f8e9ed4549
bailey2018-s4-0459,TP53,,ENSG00000141510,ENST00000269305,p.M246T,HGVS protein,pan_cancer,TCGA PanCancer Atlas,PMID:29625053,DOI:10.1016/j.cell.2018.02.060,Table S4,Ensembl release 92,https://github.com/openvax/gene-lists,d0a2f0bcbc59e612fde6108df6cb28d469e0f90e,d568385b221f0e28f619e3358b42cec7449b6d434237516df871b7f8e9ed4549
bailey2018-s4-0460,TP53,,ENSG00000141510,ENST00000269305,p.M246V,HGVS protein,pan_cancer,TCGA PanCancer Atlas,PMID:29625053,DOI:10.1016/j.cell.2018.02.060,Table S4,Ensembl release 92,https://github.com/openvax/gene-lists,d0a2f0bcbc59e612fde6108df6cb28d469e0f90e,d568385b221f0e28f619e3358b42cec7449b6d434237516df871b7f8e9ed4549
bailey2018-s4-0461,TP53,,ENSG00000141510,ENST00000269305,p.N131I,HGVS protein,pan_cancer,TCGA PanCancer Atlas,PMID:29625053,DOI:10.1016/j.cell.2018.02.060,Table S4,Ensembl release 92,https://github.com/openvax/gene-lists,d0a2f0bcbc59e612fde6108df6cb28d469e0f90e,d568385b221f0e28f619e3358b42cec7449b6d434237516df871b7f8e9ed4549
bailey2018-s4-0462,TP53,,ENSG00000141510,ENST00000269305,p.N239D,HGVS protein,pan_cancer,TCGA PanCancer Atlas,PMID:29625053,DOI:10.1016/j.cell.2018.02.060,Table S4,Ensembl release 92,https://github.com/openvax/gene-lists,d0a2f0bcbc59e612fde6108df6cb28d469e0f90e,d568385b221f0e28f619e3358b42cec7449b6d434237516df871b7f8e9ed4549
bailey2018-s4-0463,TP53,,ENSG00000141510,ENST00000269305,p.N247I,HGVS protein,pan_cancer,TCGA PanCancer Atlas,PMID:29625053,DOI:10.1016/j.cell.2018.02.060,Table S4,Ensembl release 92,https://github.com/openvax/gene-lists,d0a2f0bcbc59e612fde6108df6cb28d469e0f90e,d568385b221f0e28f619e3358b42cec7449b6d434237516df871b7f8e9ed4549
bailey2018-s4-0464,TP53,,ENSG00000141510,ENST00000269305,p.P142L,HGVS protein,pan_cancer,TCGA PanCancer Atlas,PMID:29625053,DOI:10.1016/j.cell.2018.02.060,Table S4,Ensembl release 92,https://github.com/openvax/gene-lists,d0a2f0bcbc59e612fde6108df6cb28d469e0f90e,d568385b221f0e28f619e3358b42cec7449b6d434237516df871b7f8e9ed4549
bailey2018-s4-0465,TP53,,ENSG00000141510,ENST00000269305,p.P151H,HGVS protein,pan_cancer,TCGA PanCancer Atlas,PMID:29625053,DOI:10.1016/j.cell.2018.02.060,Table S4,Ensembl release 92,https://github.com/openvax/gene-lists,d0a2f0bcbc59e612fde6108df6cb28d469e0f90e,d568385b221f0e28f619e3358b42cec7449b6d434237516df871b7f8e9ed4549
bailey2018-s4-0466,TP53,,ENSG00000141510,ENST00000269305,p.P151S,HGVS protein,pan_cancer,TCGA PanCancer Atlas,PMID:29625053,DOI:10.1016/j.cell.2018.02.060,Table S4,Ensembl release 92,https://github.com/openvax/gene-lists,d0a2f0bcbc59e612fde6108df6cb28d469e0f90e,d568385b221f0e28f619e3358b42cec7449b6d434237516df871b7f8e9ed4549
bailey2018-s4-0467,TP53,,ENSG00000141510,ENST00000269305,p.P152L,HGVS protein,pan_cancer,TCGA PanCancer Atlas,PMID:29625053,DOI:10.1016/j.cell.2018.02.060,Table S4,Ensembl release 92,https://github.com/openvax/gene-lists,d0a2f0bcbc59e612fde6108df6cb28d469e0f90e,d568385b221f0e28f619e3358b42cec7449b6d434237516df871b7f8e9ed4549
bailey2018-s4-0468,TP53,,ENSG00000141510,ENST00000269305,p.P152S,HGVS protein,pan_cancer,TCGA PanCancer Atlas,PMID:29625053,DOI:10.1016/j.cell.2018.02.060,Table S4,Ensembl release 92,https://github.com/openvax/gene-lists,d0a2f0bcbc59e612fde6108df6cb28d469e0f90e,d568385b221f0e28f619e3358b42cec7449b6d434237516df871b7f8e9ed4549
bailey2018-s4-0469,TP53,,ENSG00000141510,ENST00000269305,p.P177R,HGVS protein,pan_cancer,TCGA PanCancer Atlas,PMID:29625053,DOI:10.1016/j.cell.2018.02.060,Table S4,Ensembl release 92,https://github.com/openvax/gene-lists,d0a2f0bcbc59e612fde6108df6cb28d469e0f90e,d568385b221f0e28f619e3358b42cec7449b6d434237516df871b7f8e9ed4549
bailey2018-s4-0470,TP53,,ENSG00000141510,ENST00000269305,p.P177S,HGVS protein,pan_cancer,TCGA PanCancer Atlas,PMID:29625053,DOI:10.1016/j.cell.2018.02.060,Table S4,Ensembl release 92,https://github.com/openvax/gene-lists,d0a2f0bcbc59e612fde6108df6cb28d469e0f90e,d568385b221f0e28f619e3358b42cec7449b6d434237516df871b7f8e9ed4549
bailey2018-s4-0471,TP53,,ENSG00000141510,ENST00000269305,p.P190L,HGVS protein,pan_cancer,TCGA PanCancer Atlas,PMID:29625053,DOI:10.1016/j.cell.2018.02.060,Table S4,Ensembl release 92,https://github.com/openvax/gene-lists,d0a2f0bcbc59e612fde6108df6cb28d469e0f90e,d568385b221f0e28f619e3358b42cec7449b6d434237516df871b7f8e9ed4549
bailey2018-s4-0472,TP53,,ENSG00000141510,ENST00000269305,p.P250R,HGVS protein,pan_cancer,TCGA PanCancer Atlas,PMID:29625053,DOI:10.1016/j.cell.2018.02.060,Table S4,Ensembl release 92,https://github.com/openvax/gene-lists,d0a2f0bcbc59e612fde6108df6cb28d469e0f90e,d568385b221f0e28f619e3358b42cec7449b6d434237516df871b7f8e9ed4549
bailey2018-s4-0473,TP53,,ENSG00000141510,ENST00000269305,p.P278R,HGVS protein,pan_cancer,TCGA PanCancer Atlas,PMID:29625053,DOI:10.1016/j.cell.2018.02.060,Table S4,Ensembl release 92,https://github.com/openvax/gene-lists,d0a2f0bcbc59e612fde6108df6cb28d469e0f90e,d568385b221f0e28f619e3358b42cec7449b6d434237516df871b7f8e9ed4549
bailey2018-s4-0474,TP53,,ENSG00000141510,ENST00000269305,p.P278S,HGVS protein,pan_cancer,TCGA PanCancer Atlas,PMID:29625053,DOI:10.1016/j.cell.2018.02.060,Table S4,Ensembl release 92,https://github.com/openvax/gene-lists,d0a2f0bcbc59e612fde6108df6cb28d469e0f90e,d568385b221f0e28f619e3358b42cec7449b6d434237516df871b7f8e9ed4549
bailey2018-s4-0475,TP53,,ENSG00000141510,ENST00000269305,p.Q136E,HGVS protein,pan_cancer,TCGA PanCancer Atlas,PMID:29625053,DOI:10.1016/j.cell.2018.02.060,Table S4,Ensembl release 92,https://github.com/openvax/gene-lists,d0a2f0bcbc59e612fde6108df6cb28d469e0f90e,d568385b221f0e28f619e3358b42cec7449b6d434237516df871b7f8e9ed4549
bailey2018-s4-0476,TP53,,ENSG00000141510,ENST00000269305,p.Q136H,HGVS protein,pan_cancer,TCGA PanCancer Atlas,PMID:29625053,DOI:10.1016/j.cell.2018.02.060,Table S4,Ensembl release 92,https://github.com/openvax/gene-lists,d0a2f0bcbc59e612fde6108df6cb28d469e0f90e,d568385b221f0e28f619e3358b42cec7449b6d434237516df871b7f8e9ed4549
bailey2018-s4-0477,TP53,,ENSG00000141510,ENST00000269305,p.Q136P,HGVS protein,pan_cancer,TCGA PanCancer Atlas,PMID:29625053,DOI:10.1016/j.cell.2018.02.060,Table S4,Ensembl release 92,https://github.com/openvax/gene-lists,d0a2f0bcbc59e612fde6108df6cb28d469e0f90e,d568385b221f0e28f619e3358b42cec7449b6d434237516df871b7f8e9ed4549
bailey2018-s4-0478,TP53,,ENSG00000141510,ENST00000269305,p.Q144H,HGVS protein,pan_cancer,TCGA PanCancer Atlas,PMID:29625053,DOI:10.1016/j.cell.2018.02.060,Table S4,Ensembl release 92,https://github.com/openvax/gene-lists,d0a2f0bcbc59e612fde6108df6cb28d469e0f90e,d568385b221f0e28f619e3358b42cec7449b6d434237516df871b7f8e9ed4549
bailey2018-s4-0479,TP53,,ENSG00000141510,ENST00000269305,p.Q144P,HGVS protein,pan_cancer,TCGA PanCancer Atlas,PMID:29625053,DOI:10.1016/j.cell.2018.02.060,Table S4,Ensembl release 92,https://github.com/openvax/gene-lists,d0a2f0bcbc59e612fde6108df6cb28d469e0f90e,d568385b221f0e28f619e3358b42cec7449b6d434237516df871b7f8e9ed4549
bailey2018-s4-0480,TP53,,ENSG00000141510,ENST00000269305,p.Q192R,HGVS protein,pan_cancer,TCGA PanCancer Atlas,PMID:29625053,DOI:10.1016/j.cell.2018.02.060,Table S4,Ensembl release 92,https://github.com/openvax/gene-lists,d0a2f0bcbc59e612fde6108df6cb28d469e0f90e,d568385b221f0e28f619e3358b42cec7449b6d434237516df871b7f8e9ed4549
bailey2018-s4-0481,TP53,,ENSG00000141510,ENST00000269305,p.R110P,HGVS protein,pan_cancer,TCGA PanCancer Atlas,PMID:29625053,DOI:10.1016/j.cell.2018.02.060,Table S4,Ensembl release 92,https://github.com/openvax/gene-lists,d0a2f0bcbc59e612fde6108df6cb28d469e0f90e,d568385b221f0e28f619e3358b42cec7449b6d434237516df871b7f8e9ed4549
bailey2018-s4-0482,TP53,,ENSG00000141510,ENST00000269305,p.R156P,HGVS protein,pan_cancer,TCGA PanCancer Atlas,PMID:29625053,DOI:10.1016/j.cell.2018.02.060,Table S4,Ensembl release 92,https://github.com/openvax/gene-lists,d0a2f0bcbc59e612fde6108df6cb28d469e0f90e,d568385b221f0e28f619e3358b42cec7449b6d434237516df871b7f8e9ed4549
bailey2018-s4-0483,TP53,,ENSG00000141510,ENST00000269305,p.R158H,HGVS protein,pan_cancer,TCGA PanCancer Atlas,PMID:29625053,DOI:10.1016/j.cell.2018.02.060,Table S4,Ensembl release 92,https://github.com/openvax/gene-lists,d0a2f0bcbc59e612fde6108df6cb28d469e0f90e,d568385b221f0e28f619e3358b42cec7449b6d434237516df871b7f8e9ed4549
bailey2018-s4-0484,TP53,,ENSG00000141510,ENST00000269305,p.R158S,HGVS protein,pan_cancer,TCGA PanCancer Atlas,PMID:29625053,DOI:10.1016/j.cell.2018.02.060,Table S4,Ensembl release 92,https://github.com/openvax/gene-lists,d0a2f0bcbc59e612fde6108df6cb28d469e0f90e,d568385b221f0e28f619e3358b42cec7449b6d434237516df871b7f8e9ed4549
bailey2018-s4-0485,TP53,,ENSG00000141510,ENST00000269305,p.R174W,HGVS protein,pan_cancer,TCGA PanCancer Atlas,PMID:29625053,DOI:10.1016/j.cell.2018.02.060,Table S4,Ensembl release 92,https://github.com/openvax/gene-lists,d0a2f0bcbc59e612fde6108df6cb28d469e0f90e,d568385b221f0e28f619e3358b42cec7449b6d434237516df871b7f8e9ed4549
bailey2018-s4-0486,TP53,,ENSG00000141510,ENST00000269305,p.R175G,HGVS protein,pan_cancer,TCGA PanCancer Atlas,PMID:29625053,DOI:10.1016/j.cell.2018.02.060,Table S4,Ensembl release 92,https://github.com/openvax/gene-lists,d0a2f0bcbc59e612fde6108df6cb28d469e0f90e,d568385b221f0e28f619e3358b42cec7449b6d434237516df871b7f8e9ed4549
bailey2018-s4-0487,TP53,,ENSG00000141510,ENST00000269305,p.R175H,HGVS protein,pan_cancer,TCGA PanCancer Atlas,PMID:29625053,DOI:10.1016/j.cell.2018.02.060,Table S4,Ensembl release 92,https://github.com/openvax/gene-lists,d0a2f0bcbc59e612fde6108df6cb28d469e0f90e,d568385b221f0e28f619e3358b42cec7449b6d434237516df871b7f8e9ed4549
bailey2018-s4-0488,TP53,,ENSG00000141510,ENST00000269305,p.R181C,HGVS protein,pan_cancer,TCGA PanCancer Atlas,PMID:29625053,DOI:10.1016/j.cell.2018.02.060,Table S4,Ensembl release 92,https://github.com/openvax/gene-lists,d0a2f0bcbc59e612fde6108df6cb28d469e0f90e,d568385b221f0e28f619e3358b42cec7449b6d434237516df871b7f8e9ed4549
bailey2018-s4-0489,TP53,,ENSG00000141510,ENST00000269305,p.R181H,HGVS protein,pan_cancer,TCGA PanCancer Atlas,PMID:29625053,DOI:10.1016/j.cell.2018.02.060,Table S4,Ensembl release 92,https://github.com/openvax/gene-lists,d0a2f0bcbc59e612fde6108df6cb28d469e0f90e,d568385b221f0e28f619e3358b42cec7449b6d434237516df871b7f8e9ed4549
bailey2018-s4-0490,TP53,,ENSG00000141510,ENST00000269305,p.R196P,HGVS protein,pan_cancer,TCGA PanCancer Atlas,PMID:29625053,DOI:10.1016/j.cell.2018.02.060,Table S4,Ensembl release 92,https://github.com/openvax/gene-lists,d0a2f0bcbc59e612fde6108df6cb28d469e0f90e,d568385b221f0e28f619e3358b42cec7449b6d434237516df871b7f8e9ed4549
bailey2018-s4-0491,TP53,,ENSG00000141510,ENST00000269305,p.R213L,HGVS protein,pan_cancer,TCGA PanCancer Atlas,PMID:29625053,DOI:10.1016/j.cell.2018.02.060,Table S4,Ensembl release 92,https://github.com/openvax/gene-lists,d0a2f0bcbc59e612fde6108df6cb28d469e0f90e,d568385b221f0e28f619e3358b42cec7449b6d434237516df871b7f8e9ed4549
bailey2018-s4-0492,TP53,,ENSG00000141510,ENST00000269305,p.R248Q,HGVS protein,pan_cancer,TCGA PanCancer Atlas,PMID:29625053,DOI:10.1016/j.cell.2018.02.060,Table S4,Ensembl release 92,https://github.com/openvax/gene-lists,d0a2f0bcbc59e612fde6108df6cb28d469e0f90e,d568385b221f0e28f619e3358b42cec7449b6d434237516df871b7f8e9ed4549
bailey2018-s4-0493,TP53,,ENSG00000141510,ENST00000269305,p.R248W,HGVS protein,pan_cancer,TCGA PanCancer Atlas,PMID:29625053,DOI:10.1016/j.cell.2018.02.060,Table S4,Ensembl release 92,https://github.com/openvax/gene-lists,d0a2f0bcbc59e612fde6108df6cb28d469e0f90e,d568385b221f0e28f619e3358b42cec7449b6d434237516df871b7f8e9ed4549
bailey2018-s4-0494,TP53,,ENSG00000141510,ENST00000269305,p.R249G,HGVS protein,pan_cancer,TCGA PanCancer Atlas,PMID:29625053,DOI:10.1016/j.cell.2018.02.060,Table S4,Ensembl release 92,https://github.com/openvax/gene-lists,d0a2f0bcbc59e612fde6108df6cb28d469e0f90e,d568385b221f0e28f619e3358b42cec7449b6d434237516df871b7f8e9ed4549
bailey2018-s4-0495,TP53,,ENSG00000141510,ENST00000269305,p.R249M,HGVS protein,pan_cancer,TCGA PanCancer Atlas,PMID:29625053,DOI:10.1016/j.cell.2018.02.060,Table S4,Ensembl release 92,https://github.com/openvax/gene-lists,d0a2f0bcbc59e612fde6108df6cb28d469e0f90e,d568385b221f0e28f619e3358b42cec7449b6d434237516df871b7f8e9ed4549
bailey2018-s4-0496,TP53,,ENSG00000141510,ENST00000269305,p.R249S,HGVS protein,pan_cancer,TCGA PanCancer Atlas,PMID:29625053,DOI:10.1016/j.cell.2018.02.060,Table S4,Ensembl release 92,https://github.com/openvax/gene-lists,d0a2f0bcbc59e612fde6108df6cb28d469e0f90e,d568385b221f0e28f619e3358b42cec7449b6d434237516df871b7f8e9ed4549
bailey2018-s4-0497,TP53,,ENSG00000141510,ENST00000269305,p.R267Q,HGVS protein,pan_cancer,TCGA PanCancer Atlas,PMID:29625053,DOI:10.1016/j.cell.2018.02.060,Table S4,Ensembl release 92,https://github.com/openvax/gene-lists,d0a2f0bcbc59e612fde6108df6cb28d469e0f90e,d568385b221f0e28f619e3358b42cec7449b6d434237516df871b7f8e9ed4549
bailey2018-s4-0498,TP53,,ENSG00000141510,ENST00000269305,p.R267W,HGVS protein,pan_cancer,TCGA PanCancer Atlas,PMID:29625053,DOI:10.1016/j.cell.2018.02.060,Table S4,Ensembl release 92,https://github.com/openvax/gene-lists,d0a2f0bcbc59e612fde6108df6cb28d469e0f90e,d568385b221f0e28f619e3358b42cec7449b6d434237516df871b7f8e9ed4549
bailey2018-s4-0499,TP53,,ENSG00000141510,ENST00000269305,p.R273C,HGVS protein,pan_cancer,TCGA PanCancer Atlas,PMID:29625053,DOI:10.1016/j.cell.2018.02.060,Table S4,Ensembl release 92,https://github.com/openvax/gene-lists,d0a2f0bcbc59e612fde6108df6cb28d469e0f90e,d568385b221f0e28f619e3358b42cec7449b6d434237516df871b7f8e9ed4549
bailey2018-s4-0500,TP53,,ENSG00000141510,ENST00000269305,p.R273H,HGVS protein,pan_cancer,TCGA PanCancer Atlas,PMID:29625053,DOI:10.1016/j.cell.2018.02.060,Table S4,Ensembl release 92,https://github.com/openvax/gene-lists,d0a2f0bcbc59e612fde6108df6cb28d469e0f90e,d568385b221f0e28f619e3358b42cec7449b6d434237516df871b7f8e9ed4549
bailey2018-s4-0501,TP53,,ENSG00000141510,ENST00000269305,p.R280K,HGVS protein,pan_cancer,TCGA PanCancer Atlas,PMID:29625053,DOI:10.1016/j.cell.2018.02.060,Table S4,Ensembl release 92,https://github.com/openvax/gene-lists,d0a2f0bcbc59e612fde6108df6cb28d469e0f90e,d568385b221f0e28f619e3358b42cec7449b6d434237516df871b7f8e9ed4549
bailey2018-s4-0502,TP53,,ENSG00000141510,ENST00000269305,p.R280S,HGVS protein,pan_cancer,TCGA PanCancer Atlas,PMID:29625053,DOI:10.1016/j.cell.2018.02.060,Table S4,Ensembl release 92,https://github.com/openvax/gene-lists,d0a2f0bcbc59e612fde6108df6cb28d469e0f90e,d568385b221f0e28f619e3358b42cec7449b6d434237516df871b7f8e9ed4549
bailey2018-s4-0503,TP53,,ENSG00000141510,ENST00000269305,p.R282Q,HGVS protein,pan_cancer,TCGA PanCancer Atlas,PMID:29625053,DOI:10.1016/j.cell.2018.02.060,Table S4,Ensembl release 92,https://github.com/openvax/gene-lists,d0a2f0bcbc59e612fde6108df6cb28d469e0f90e,d568385b221f0e28f619e3358b42cec7449b6d434237516df871b7f8e9ed4549
bailey2018-s4-0504,TP53,,ENSG00000141510,ENST00000269305,p.R282W,HGVS protein,pan_cancer,TCGA PanCancer Atlas,PMID:29625053,DOI:10.1016/j.cell.2018.02.060,Table S4,Ensembl release 92,https://github.com/openvax/gene-lists,d0a2f0bcbc59e612fde6108df6cb28d469e0f90e,d568385b221f0e28f619e3358b42cec7449b6d434237516df871b7f8e9ed4549
bailey2018-s4-0505,TP53,,ENSG00000141510,ENST00000269305,p.R283P,HGVS protein,pan_cancer,TCGA PanCancer Atlas,PMID:29625053,DOI:10.1016/j.cell.2018.02.060,Table S4,Ensembl release 92,https://github.com/openvax/gene-lists,d0a2f0bcbc59e612fde6108df6cb28d469e0f90e,d568385b221f0e28f619e3358b42cec7449b6d434237516df871b7f8e9ed4549
bailey2018-s4-0506,TP53,,ENSG00000141510,ENST00000269305,p.R337H,HGVS protein,pan_cancer,TCGA PanCancer Atlas,PMID:29625053,DOI:10.1016/j.cell.2018.02.060,Table S4,Ensembl release 92,https://github.com/openvax/gene-lists,d0a2f0bcbc59e612fde6108df6cb28d469e0f90e,d568385b221f0e28f619e3358b42cec7449b6d434237516df871b7f8e9ed4549
bailey2018-s4-0507,TP53,,ENSG00000141510,ENST00000269305,p.R337S,HGVS protein,pan_cancer,TCGA PanCancer Atlas,PMID:29625053,DOI:10.1016/j.cell.2018.02.060,Table S4,Ensembl release 92,https://github.com/openvax/gene-lists,d0a2f0bcbc59e612fde6108df6cb28d469e0f90e,d568385b221f0e28f619e3358b42cec7449b6d434237516df871b7f8e9ed4549
bailey2018-s4-0508,TP53,,ENSG00000141510,ENST00000269305,p.S121Y,HGVS protein,pan_cancer,TCGA PanCancer Atlas,PMID:29625053,DOI:10.1016/j.cell.2018.02.060,Table S4,Ensembl release 92,https://github.com/openvax/gene-lists,d0a2f0bcbc59e612fde6108df6cb28d469e0f90e,d568385b221f0e28f619e3358b42cec7449b6d434237516df871b7f8e9ed4549
bailey2018-s4-0509,TP53,,ENSG00000141510,ENST00000269305,p.S127P,HGVS protein,pan_cancer,TCGA PanCancer Atlas,PMID:29625053,DOI:10.1016/j.cell.2018.02.060,Table S4,Ensembl release 92,https://github.com/openvax/gene-lists,d0a2f0bcbc59e612fde6108df6cb28d469e0f90e,d568385b221f0e28f619e3358b42cec7449b6d434237516df871b7f8e9ed4549
bailey2018-s4-0510,TP53,,ENSG00000141510,ENST00000269305,p.S127Y,HGVS protein,pan_cancer,TCGA PanCancer Atlas,PMID:29625053,DOI:10.1016/j.cell.2018.02.060,Table S4,Ensembl release 92,https://github.com/openvax/gene-lists,d0a2f0bcbc59e612fde6108df6cb28d469e0f90e,d568385b221f0e28f619e3358b42cec7449b6d434237516df871b7f8e9ed4549
bailey2018-s4-0511,TP53,,ENSG00000141510,ENST00000269305,p.S215G,HGVS protein,pan_cancer,TCGA PanCancer Atlas,PMID:29625053,DOI:10.1016/j.cell.2018.02.060,Table S4,Ensembl release 92,https://github.com/openvax/gene-lists,d0a2f0bcbc59e612fde6108df6cb28d469e0f90e,d568385b221f0e28f619e3358b42cec7449b6d434237516df871b7f8e9ed4549
bailey2018-s4-0512,TP53,,ENSG00000141510,ENST00000269305,p.S215I,HGVS protein,pan_cancer,TCGA PanCancer Atlas,PMID:29625053,DOI:10.1016/j.cell.2018.02.060,Table S4,Ensembl release 92,https://github.com/openvax/gene-lists,d0a2f0bcbc59e612fde6108df6cb28d469e0f90e,d568385b221f0e28f619e3358b42cec7449b6d434237516df871b7f8e9ed4549
bailey2018-s4-0513,TP53,,ENSG00000141510,ENST00000269305,p.S215R,HGVS protein,pan_cancer,TCGA PanCancer Atlas,PMID:29625053,DOI:10.1016/j.cell.2018.02.060,Table S4,Ensembl release 92,https://github.com/openvax/gene-lists,d0a2f0bcbc59e612fde6108df6cb28d469e0f90e,d568385b221f0e28f619e3358b42cec7449b6d434237516df871b7f8e9ed4549
bailey2018-s4-0514,TP53,,ENSG00000141510,ENST00000269305,p.S240R,HGVS protein,pan_cancer,TCGA PanCancer Atlas,PMID:29625053,DOI:10.1016/j.cell.2018.02.060,Table S4,Ensembl release 92,https://github.com/openvax/gene-lists,d0a2f0bcbc59e612fde6108df6cb28d469e0f90e,d568385b221f0e28f619e3358b42cec7449b6d434237516df871b7f8e9ed4549
bailey2018-s4-0515,TP53,,ENSG00000141510,ENST00000269305,p.S241F,HGVS protein,pan_cancer,TCGA PanCancer Atlas,PMID:29625053,DOI:10.1016/j.cell.2018.02.060,Table S4,Ensembl release 92,https://github.com/openvax/gene-lists,d0a2f0bcbc59e612fde6108df6cb28d469e0f90e,d568385b221f0e28f619e3358b42cec7449b6d434237516df871b7f8e9ed4549
bailey2018-s4-0516,TP53,,ENSG00000141510,ENST00000269305,p.S241P,HGVS protein,pan_cancer,TCGA PanCancer Atlas,PMID:29625053,DOI:10.1016/j.cell.2018.02.060,Table S4,Ensembl release 92,https://github.com/openvax/gene-lists,d0a2f0bcbc59e612fde6108df6cb28d469e0f90e,d568385b221f0e28f619e3358b42cec7449b6d434237516df871b7f8e9ed4549
bailey2018-s4-0517,TP53,,ENSG00000141510,ENST00000269305,p.T125M,HGVS protein,pan_cancer,TCGA PanCancer Atlas,PMID:29625053,DOI:10.1016/j.cell.2018.02.060,Table S4,Ensembl release 92,https://github.com/openvax/gene-lists,d0a2f0bcbc59e612fde6108df6cb28d469e0f90e,d568385b221f0e28f619e3358b42cec7449b6d434237516df871b7f8e9ed4549
bailey2018-s4-0518,TP53,,ENSG00000141510,ENST00000269305,p.T125P,HGVS protein,pan_cancer,TCGA PanCancer Atlas,PMID:29625053,DOI:10.1016/j.cell.2018.02.060,Table S4,Ensembl release 92,https://github.com/openvax/gene-lists,d0a2f0bcbc59e612fde6108df6cb28d469e0f90e,d568385b221f0e28f619e3358b42cec7449b6d434237516df871b7f8e9ed4549
bailey2018-s4-0519,TP53,,ENSG00000141510,ENST00000269305,p.T155P,HGVS protein,pan_cancer,TCGA PanCancer Atlas,PMID:29625053,DOI:10.1016/j.cell.2018.02.060,Table S4,Ensembl release 92,https://github.com/openvax/gene-lists,d0a2f0bcbc59e612fde6108df6cb28d469e0f90e,d568385b221f0e28f619e3358b42cec7449b6d434237516df871b7f8e9ed4549
bailey2018-s4-0520,TP53,,ENSG00000141510,ENST00000269305,p.T211I,HGVS protein,pan_cancer,TCGA PanCancer Atlas,PMID:29625053,DOI:10.1016/j.cell.2018.02.060,Table S4,Ensembl release 92,https://github.com/openvax/gene-lists,d0a2f0bcbc59e612fde6108df6cb28d469e0f90e,d568385b221f0e28f619e3358b42cec7449b6d434237516df871b7f8e9ed4549
bailey2018-s4-0521,TP53,,ENSG00000141510,ENST00000269305,p.T230P,HGVS protein,pan_cancer,TCGA PanCancer Atlas,PMID:29625053,DOI:10.1016/j.cell.2018.02.060,Table S4,Ensembl release 92,https://github.com/openvax/gene-lists,d0a2f0bcbc59e612fde6108df6cb28d469e0f90e,d568385b221f0e28f619e3358b42cec7449b6d434237516df871b7f8e9ed4549
bailey2018-s4-0522,TP53,,ENSG00000141510,ENST00000269305,p.T253A,HGVS protein,pan_cancer,TCGA PanCancer Atlas,PMID:29625053,DOI:10.1016/j.cell.2018.02.060,Table S4,Ensembl release 92,https://github.com/openvax/gene-lists,d0a2f0bcbc59e612fde6108df6cb28d469e0f90e,d568385b221f0e28f619e3358b42cec7449b6d434237516df871b7f8e9ed4549
bailey2018-s4-0523,TP53,,ENSG00000141510,ENST00000269305,p.T256I,HGVS protein,pan_cancer,TCGA PanCancer Atlas,PMID:29625053,DOI:10.1016/j.cell.2018.02.060,Table S4,Ensembl release 92,https://github.com/openvax/gene-lists,d0a2f0bcbc59e612fde6108df6cb28d469e0f90e,d568385b221f0e28f619e3358b42cec7449b6d434237516df871b7f8e9ed4549
bailey2018-s4-0524,TP53,,ENSG00000141510,ENST00000269305,p.T284P,HGVS protein,pan_cancer,TCGA PanCancer Atlas,PMID:29625053,DOI:10.1016/j.cell.2018.02.060,Table S4,Ensembl release 92,https://github.com/openvax/gene-lists,d0a2f0bcbc59e612fde6108df6cb28d469e0f90e,d568385b221f0e28f619e3358b42cec7449b6d434237516df871b7f8e9ed4549
bailey2018-s4-0525,TP53,,ENSG00000141510,ENST00000269305,p.V143A,HGVS protein,pan_cancer,TCGA PanCancer Atlas,PMID:29625053,DOI:10.1016/j.cell.2018.02.060,Table S4,Ensembl release 92,https://github.com/openvax/gene-lists,d0a2f0bcbc59e612fde6108df6cb28d469e0f90e,d568385b221f0e28f619e3358b42cec7449b6d434237516df871b7f8e9ed4549
bailey2018-s4-0526,TP53,,ENSG00000141510,ENST00000269305,p.V143M,HGVS protein,pan_cancer,TCGA PanCancer Atlas,PMID:29625053,DOI:10.1016/j.cell.2018.02.060,Table S4,Ensembl release 92,https://github.com/openvax/gene-lists,d0a2f0bcbc59e612fde6108df6cb28d469e0f90e,d568385b221f0e28f619e3358b42cec7449b6d434237516df871b7f8e9ed4549
bailey2018-s4-0527,TP53,,ENSG00000141510,ENST00000269305,p.V147G,HGVS protein,pan_cancer,TCGA PanCancer Atlas,PMID:29625053,DOI:10.1016/j.cell.2018.02.060,Table S4,Ensembl release 92,https://github.com/openvax/gene-lists,d0a2f0bcbc59e612fde6108df6cb28d469e0f90e,d568385b221f0e28f619e3358b42cec7449b6d434237516df871b7f8e9ed4549
bailey2018-s4-0528,TP53,,ENSG00000141510,ENST00000269305,p.V157D,HGVS protein,pan_cancer,TCGA PanCancer Atlas,PMID:29625053,DOI:10.1016/j.cell.2018.02.060,Table S4,Ensembl release 92,https://github.com/openvax/gene-lists,d0a2f0bcbc59e612fde6108df6cb28d469e0f90e,d568385b221f0e28f619e3358b42cec7449b6d434237516df871b7f8e9ed4549
bailey2018-s4-0529,TP53,,ENSG00000141510,ENST00000269305,p.V172D,HGVS protein,pan_cancer,TCGA PanCancer Atlas,PMID:29625053,DOI:10.1016/j.cell.2018.02.060,Table S4,Ensembl release 92,https://github.com/openvax/gene-lists,d0a2f0bcbc59e612fde6108df6cb28d469e0f90e,d568385b221f0e28f619e3358b42cec7449b6d434237516df871b7f8e9ed4549
bailey2018-s4-0530,TP53,,ENSG00000141510,ENST00000269305,p.V172F,HGVS protein,pan_cancer,TCGA PanCancer Atlas,PMID:29625053,DOI:10.1016/j.cell.2018.02.060,Table S4,Ensembl release 92,https://github.com/openvax/gene-lists,d0a2f0bcbc59e612fde6108df6cb28d469e0f90e,d568385b221f0e28f619e3358b42cec7449b6d434237516df871b7f8e9ed4549
bailey2018-s4-0531,TP53,,ENSG00000141510,ENST00000269305,p.V173G,HGVS protein,pan_cancer,TCGA PanCancer Atlas,PMID:29625053,DOI:10.1016/j.cell.2018.02.060,Table S4,Ensembl release 92,https://github.com/openvax/gene-lists,d0a2f0bcbc59e612fde6108df6cb28d469e0f90e,d568385b221f0e28f619e3358b42cec7449b6d434237516df871b7f8e9ed4549
bailey2018-s4-0532,TP53,,ENSG00000141510,ENST00000269305,p.V173L,HGVS protein,pan_cancer,TCGA PanCancer Atlas,PMID:29625053,DOI:10.1016/j.cell.2018.02.060,Table S4,Ensembl release 92,https://github.com/openvax/gene-lists,d0a2f0bcbc59e612fde6108df6cb28d469e0f90e,d568385b221f0e28f619e3358b42cec7449b6d434237516df871b7f8e9ed4549
bailey2018-s4-0533,TP53,,ENSG00000141510,ENST00000269305,p.V197G,HGVS protein,pan_cancer,TCGA PanCancer Atlas,PMID:29625053,DOI:10.1016/j.cell.2018.02.060,Table S4,Ensembl release 92,https://github.com/openvax/gene-lists,d0a2f0bcbc59e612fde6108df6cb28d469e0f90e,d568385b221f0e28f619e3358b42cec7449b6d434237516df871b7f8e9ed4549
bailey2018-s4-0534,TP53,,ENSG00000141510,ENST00000269305,p.V197L,HGVS protein,pan_cancer,TCGA PanCancer Atlas,PMID:29625053,DOI:10.1016/j.cell.2018.02.060,Table S4,Ensembl release 92,https://github.com/openvax/gene-lists,d0a2f0bcbc59e612fde6108df6cb28d469e0f90e,d568385b221f0e28f619e3358b42cec7449b6d434237516df871b7f8e9ed4549
bailey2018-s4-0535,TP53,,ENSG00000141510,ENST00000269305,p.V216E,HGVS protein,pan_cancer,TCGA PanCancer Atlas,PMID:29625053,DOI:10.1016/j.cell.2018.02.060,Table S4,Ensembl release 92,https://github.com/openvax/gene-lists,d0a2f0bcbc59e612fde6108df6cb28d469e0f90e,d568385b221f0e28f619e3358b42cec7449b6d434237516df871b7f8e9ed4549
bailey2018-s4-0536,TP53,,ENSG00000141510,ENST00000269305,p.V216L,HGVS protein,pan_cancer,TCGA PanCancer Atlas,PMID:29625053,DOI:10.1016/j.cell.2018.02.060,Table S4,Ensembl release 92,https://github.com/openvax/gene-lists,d0a2f0bcbc59e612fde6108df6cb28d469e0f90e,d568385b221f0e28f619e3358b42cec7449b6d434237516df871b7f8e9ed4549
bailey2018-s4-0537,TP53,,ENSG00000141510,ENST00000269305,p.V218E,HGVS protein,pan_cancer,TCGA PanCancer Atlas,PMID:29625053,DOI:10.1016/j.cell.2018.02.060,Table S4,Ensembl release 92,https://github.com/openvax/gene-lists,d0a2f0bcbc59e612fde6108df6cb28d469e0f90e,d568385b221f0e28f619e3358b42cec7449b6d434237516df871b7f8e9ed4549
bailey2018-s4-0538,TP53,,ENSG00000141510,ENST00000269305,p.V272G,HGVS protein,pan_cancer,TCGA PanCancer Atlas,PMID:29625053,DOI:10.1016/j.cell.2018.02.060,Table S4,Ensembl release 92,https://github.com/openvax/gene-lists,d0a2f0bcbc59e612fde6108df6cb28d469e0f90e,d568385b221f0e28f619e3358b42cec7449b6d434237516df871b7f8e9ed4549
bailey2018-s4-0539,TP53,,ENSG00000141510,ENST00000269305,p.V272M,HGVS protein,pan_cancer,TCGA PanCancer Atlas,PMID:29625053,DOI:10.1016/j.cell.2018.02.060,Table S4,Ensembl release 92,https://github.com/openvax/gene-lists,d0a2f0bcbc59e612fde6108df6cb28d469e0f90e,d568385b221f0e28f619e3358b42cec7449b6d434237516df871b7f8e9ed4549
bailey2018-s4-0540,TP53,,ENSG00000141510,ENST00000269305,p.V274G,HGVS protein,pan_cancer,TCGA PanCancer Atlas,PMID:29625053,DOI:10.1016/j.cell.2018.02.060,Table S4,Ensembl release 92,https://github.com/openvax/gene-lists,d0a2f0bcbc59e612fde6108df6cb28d469e0f90e,d568385b221f0e28f619e3358b42cec7449b6d434237516df871b7f8e9ed4549
bailey2018-s4-0541,TP53,,ENSG00000141510,ENST00000269305,p.V274L,HGVS protein,pan_cancer,TCGA PanCancer Atlas,PMID:29625053,DOI:10.1016/j.cell.2018.02.060,Table S4,Ensembl release 92,https://github.com/openvax/gene-lists,d0a2f0bcbc59e612fde6108df6cb28d469e0f90e,d568385b221f0e28f619e3358b42cec7449b6d434237516df871b7f8e9ed4549
bailey2018-s4-0542,TP53,,ENSG00000141510,ENST00000269305,p.Y107D,HGVS protein,pan_cancer,TCGA PanCancer Atlas,PMID:29625053,DOI:10.1016/j.cell.2018.02.060,Table S4,Ensembl release 92,https://github.com/openvax/gene-lists,d0a2f0bcbc59e612fde6108df6cb28d469e0f90e,d568385b221f0e28f619e3358b42cec7449b6d434237516df871b7f8e9ed4549
bailey2018-s4-0543,TP53,,ENSG00000141510,ENST00000269305,p.Y126D,HGVS protein,pan_cancer,TCGA PanCancer Atlas,PMID:29625053,DOI:10.1016/j.cell.2018.02.060,Table S4,Ensembl release 92,https://github.com/openvax/gene-lists,d0a2f0bcbc59e612fde6108df6cb28d469e0f90e,d568385b221f0e28f619e3358b42cec7449b6d434237516df871b7f8e9ed4549
bailey2018-s4-0544,TP53,,ENSG00000141510,ENST00000269305,p.Y126S,HGVS protein,pan_cancer,TCGA PanCancer Atlas,PMID:29625053,DOI:10.1016/j.cell.2018.02.060,Table S4,Ensembl release 92,https://github.com/openvax/gene-lists,d0a2f0bcbc59e612fde6108df6cb28d469e0f90e,d568385b221f0e28f619e3358b42cec7449b6d434237516df871b7f8e9ed4549
bailey2018-s4-0545,TP53,,ENSG00000141510,ENST00000269305,p.Y163C,HGVS protein,pan_cancer,TCGA PanCancer Atlas,PMID:29625053,DOI:10.1016/j.cell.2018.02.060,Table S4,Ensembl release 92,https://github.com/openvax/gene-lists,d0a2f0bcbc59e612fde6108df6cb28d469e0f90e,d568385b221f0e28f619e3358b42cec7449b6d434237516df871b7f8e9ed4549
bailey2018-s4-0546,TP53,,ENSG00000141510,ENST00000269305,p.Y163H,HGVS protein,pan_cancer,TCGA PanCancer Atlas,PMID:29625053,DOI:10.1016/j.cell.2018.02.060,Table S4,Ensembl release 92,https://github.com/openvax/gene-lists,d0a2f0bcbc59e612fde6108df6cb28d469e0f90e,d568385b221f0e28f619e3358b42cec7449b6d434237516df871b7f8e9ed4549
bailey2018-s4-0547,TP53,,ENSG00000141510,ENST00000269305,p.Y205N,HGVS protein,pan_cancer,TCGA PanCancer Atlas,PMID:29625053,DOI:10.1016/j.cell.2018.02.060,Table S4,Ensembl release 92,https://github.com/openvax/gene-lists,d0a2f0bcbc59e612fde6108df6cb28d469e0f90e,d568385b221f0e28f619e3358b42cec7449b6d434237516df871b7f8e9ed4549
bailey2018-s4-0548,TP53,,ENSG00000141510,ENST00000269305,p.Y205S,HGVS protein,pan_cancer,TCGA PanCancer Atlas,PMID:29625053,DOI:10.1016/j.cell.2018.02.060,Table S4,Ensembl release 92,https://github.com/openvax/gene-lists,d0a2f0bcbc59e612fde6108df6cb28d469e0f90e,d568385b221f0e28f619e3358b42cec7449b6d434237516df871b7f8e9ed4549
bailey2018-s4-0549,TP53,,ENSG00000141510,ENST00000269305,p.Y220C,HGVS protein,pan_cancer,TCGA PanCancer Atlas,PMID:29625053,DOI:10.1016/j.cell.2018.02.060,Table S4,Ensembl release 92,https://github.com/openvax/gene-lists,d0a2f0bcbc59e612fde6108df6cb28d469e0f90e,d568385b221f0e28f619e3358b42cec7449b6d434237516df871b7f8e9ed4549
bailey2018-s4-0550,TP53,,ENSG00000141510,ENST00000269305,p.Y220H,HGVS protein,pan_cancer,TCGA PanCancer Atlas,PMID:29625053,DOI:10.1016/j.cell.2018.02.060,Table S4,Ensembl release 92,https://github.com/openvax/gene-lists,d0a2f0bcbc59e612fde6108df6cb28d469e0f90e,d568385b221f0e28f619e3358b42cec7449b6d434237516df871b7f8e9ed4549
bailey2018-s4-0551,TP53,,ENSG00000141510,ENST00000269305,p.Y234C,HGVS protein,pan_cancer,TCGA PanCancer Atlas,PMID:29625053,DOI:10.1016/j.cell.2018.02.060,Table S4,Ensembl release 92,https://github.com/openvax/gene-lists,d0a2f0bcbc59e612fde6108df6cb28d469e0f90e,d568385b221f0e28f619e3358b42cec7449b6d434237516df871b7f8e9ed4549
bailey2018-s4-0552,TP53,,ENSG00000141510,ENST00000269305,p.Y234H,HGVS protein,pan_cancer,TCGA PanCancer Atlas,PMID:29625053,DOI:10.1016/j.cell.2018.02.060,Table S4,Ensembl release 92,https://github.com/openvax/gene-lists,d0a2f0bcbc59e612fde6108df6cb28d469e0f90e,d568385b221f0e28f619e3358b42cec7449b6d434237516df871b7f8e9ed4549
bailey2018-s4-0553,TP53,,ENSG00000141510,ENST00000269305,p.Y236C,HGVS protein,pan_cancer,TCGA PanCancer Atlas,PMID:29625053,DOI:10.1016/j.cell.2018.02.060,Table S4,Ensembl release 92,https://github.com/openvax/gene-lists,d0a2f0bcbc59e612fde6108df6cb28d469e0f90e,d568385b221f0e28f619e3358b42cec7449b6d434237516df871b7f8e9ed4549
bailey2018-s4-0554,TP53,,ENSG00000141510,ENST00000269305,p.Y236H,HGVS protein,pan_cancer,TCGA PanCancer Atlas,PMID:29625053,DOI:10.1016/j.cell.2018.02.060,Table S4,Ensembl release 92,https://github.com/openvax/gene-lists,d0a2f0bcbc59e612fde6108df6cb28d469e0f90e,d568385b221f0e28f619e3358b42cec7449b6d434237516df871b7f8e9ed4549
bailey2018-s4-0555,VHL,,ENSG00000134086,ENST00000256474,p.C162R,HGVS protein,pan_cancer,TCGA PanCancer Atlas,PMID:29625053,DOI:10.1016/j.cell.2018.02.060,Table S4,Ensembl release 92,https://github.com/openvax/gene-lists,d0a2f0bcbc59e612fde6108df6cb28d469e0f90e,d568385b221f0e28f619e3358b42cec7449b6d434237516df871b7f8e9ed4549
bailey2018-s4-0556,VHL,,ENSG00000134086,ENST00000256474,p.F136V,HGVS protein,pan_cancer,TCGA PanCancer Atlas,PMID:29625053,DOI:10.1016/j.cell.2018.02.060,Table S4,Ensembl release 92,https://github.com/openvax/gene-lists,d0a2f0bcbc59e612fde6108df6cb28d469e0f90e,d568385b221f0e28f619e3358b42cec7449b6d434237516df871b7f8e9ed4549
bailey2018-s4-0557,VHL,,ENSG00000134086,ENST00000256474,p.H115N,HGVS protein,pan_cancer,TCGA PanCancer Atlas,PMID:29625053,DOI:10.1016/j.cell.2018.02.060,Table S4,Ensembl release 92,https://github.com/openvax/gene-lists,d0a2f0bcbc59e612fde6108df6cb28d469e0f90e,d568385b221f0e28f619e3358b42cec7449b6d434237516df871b7f8e9ed4549
bailey2018-s4-0558,VHL,,ENSG00000134086,ENST00000256474,p.I151F,HGVS protein,pan_cancer,TCGA PanCancer Atlas,PMID:29625053,DOI:10.1016/j.cell.2018.02.060,Table S4,Ensembl release 92,https://github.com/openvax/gene-lists,d0a2f0bcbc59e612fde6108df6cb28d469e0f90e,d568385b221f0e28f619e3358b42cec7449b6d434237516df871b7f8e9ed4549
bailey2018-s4-0559,VHL,,ENSG00000134086,ENST00000256474,p.I151N,HGVS protein,pan_cancer,TCGA PanCancer Atlas,PMID:29625053,DOI:10.1016/j.cell.2018.02.060,Table S4,Ensembl release 92,https://github.com/openvax/gene-lists,d0a2f0bcbc59e612fde6108df6cb28d469e0f90e,d568385b221f0e28f619e3358b42cec7449b6d434237516df871b7f8e9ed4549
bailey2018-s4-0560,VHL,,ENSG00000134086,ENST00000256474,p.L118P,HGVS protein,pan_cancer,TCGA PanCancer Atlas,PMID:29625053,DOI:10.1016/j.cell.2018.02.060,Table S4,Ensembl release 92,https://github.com/openvax/gene-lists,d0a2f0bcbc59e612fde6108df6cb28d469e0f90e,d568385b221f0e28f619e3358b42cec7449b6d434237516df871b7f8e9ed4549
bailey2018-s4-0561,VHL,,ENSG00000134086,ENST00000256474,p.L128H,HGVS protein,pan_cancer,TCGA PanCancer Atlas,PMID:29625053,DOI:10.1016/j.cell.2018.02.060,Table S4,Ensembl release 92,https://github.com/openvax/gene-lists,d0a2f0bcbc59e612fde6108df6cb28d469e0f90e,d568385b221f0e28f619e3358b42cec7449b6d434237516df871b7f8e9ed4549
bailey2018-s4-0562,VHL,,ENSG00000134086,ENST00000256474,p.L153P,HGVS protein,pan_cancer,TCGA PanCancer Atlas,PMID:29625053,DOI:10.1016/j.cell.2018.02.060,Table S4,Ensembl release 92,https://github.com/openvax/gene-lists,d0a2f0bcbc59e612fde6108df6cb28d469e0f90e,d568385b221f0e28f619e3358b42cec7449b6d434237516df871b7f8e9ed4549
bailey2018-s4-0563,VHL,,ENSG00000134086,ENST00000256474,p.L158R,HGVS protein,pan_cancer,TCGA PanCancer Atlas,PMID:29625053,DOI:10.1016/j.cell.2018.02.060,Table S4,Ensembl release 92,https://github.com/openvax/gene-lists,d0a2f0bcbc59e612fde6108df6cb28d469e0f90e,d568385b221f0e28f619e3358b42cec7449b6d434237516df871b7f8e9ed4549
bailey2018-s4-0564,VHL,,ENSG00000134086,ENST00000256474,p.L158V,HGVS protein,pan_cancer,TCGA PanCancer Atlas,PMID:29625053,DOI:10.1016/j.cell.2018.02.060,Table S4,Ensembl release 92,https://github.com/openvax/gene-lists,d0a2f0bcbc59e612fde6108df6cb28d469e0f90e,d568385b221f0e28f619e3358b42cec7449b6d434237516df871b7f8e9ed4549
bailey2018-s4-0565,VHL,,ENSG00000134086,ENST00000256474,p.L178P,HGVS protein,pan_cancer,TCGA PanCancer Atlas,PMID:29625053,DOI:10.1016/j.cell.2018.02.060,Table S4,Ensembl release 92,https://github.com/openvax/gene-lists,d0a2f0bcbc59e612fde6108df6cb28d469e0f90e,d568385b221f0e28f619e3358b42cec7449b6d434237516df871b7f8e9ed4549
bailey2018-s4-0566,VHL,,ENSG00000134086,ENST00000256474,p.L184P,HGVS protein,pan_cancer,TCGA PanCancer Atlas,PMID:29625053,DOI:10.1016/j.cell.2018.02.060,Table S4,Ensembl release 92,https://github.com/openvax/gene-lists,d0a2f0bcbc59e612fde6108df6cb28d469e0f90e,d568385b221f0e28f619e3358b42cec7449b6d434237516df871b7f8e9ed4549
bailey2018-s4-0567,VHL,,ENSG00000134086,ENST00000256474,p.L188P,HGVS protein,pan_cancer,TCGA PanCancer Atlas,PMID:29625053,DOI:10.1016/j.cell.2018.02.060,Table S4,Ensembl release 92,https://github.com/openvax/gene-lists,d0a2f0bcbc59e612fde6108df6cb28d469e0f90e,d568385b221f0e28f619e3358b42cec7449b6d434237516df871b7f8e9ed4549
bailey2018-s4-0568,VHL,,ENSG00000134086,ENST00000256474,p.L89H,HGVS protein,pan_cancer,TCGA PanCancer Atlas,PMID:29625053,DOI:10.1016/j.cell.2018.02.060,Table S4,Ensembl release 92,https://github.com/openvax/gene-lists,d0a2f0bcbc59e612fde6108df6cb28d469e0f90e,d568385b221f0e28f619e3358b42cec7449b6d434237516df871b7f8e9ed4549
bailey2018-s4-0569,VHL,,ENSG00000134086,ENST00000256474,p.N131Y,HGVS protein,pan_cancer,TCGA PanCancer Atlas,PMID:29625053,DOI:10.1016/j.cell.2018.02.060,Table S4,Ensembl release 92,https://github.com/openvax/gene-lists,d0a2f0bcbc59e612fde6108df6cb28d469e0f90e,d568385b221f0e28f619e3358b42cec7449b6d434237516df871b7f8e9ed4549
bailey2018-s4-0570,VHL,,ENSG00000134086,ENST00000256474,p.R120G,HGVS protein,pan_cancer,TCGA PanCancer Atlas,PMID:29625053,DOI:10.1016/j.cell.2018.02.060,Table S4,Ensembl release 92,https://github.com/openvax/gene-lists,d0a2f0bcbc59e612fde6108df6cb28d469e0f90e,d568385b221f0e28f619e3358b42cec7449b6d434237516df871b7f8e9ed4549
bailey2018-s4-0571,VHL,,ENSG00000134086,ENST00000256474,p.R161Q,HGVS protein,pan_cancer,TCGA PanCancer Atlas,PMID:29625053,DOI:10.1016/j.cell.2018.02.060,Table S4,Ensembl release 92,https://github.com/openvax/gene-lists,d0a2f0bcbc59e612fde6108df6cb28d469e0f90e,d568385b221f0e28f619e3358b42cec7449b6d434237516df871b7f8e9ed4549
bailey2018-s4-0572,VHL,,ENSG00000134086,ENST00000256474,p.R79G,HGVS protein,pan_cancer,TCGA PanCancer Atlas,PMID:29625053,DOI:10.1016/j.cell.2018.02.060,Table S4,Ensembl release 92,https://github.com/openvax/gene-lists,d0a2f0bcbc59e612fde6108df6cb28d469e0f90e,d568385b221f0e28f619e3358b42cec7449b6d434237516df871b7f8e9ed4549
bailey2018-s4-0573,VHL,,ENSG00000134086,ENST00000256474,p.R82P,HGVS protein,pan_cancer,TCGA PanCancer Atlas,PMID:29625053,DOI:10.1016/j.cell.2018.02.060,Table S4,Ensembl release 92,https://github.com/openvax/gene-lists,d0a2f0bcbc59e612fde6108df6cb28d469e0f90e,d568385b221f0e28f619e3358b42cec7449b6d434237516df871b7f8e9ed4549
bailey2018-s4-0574,VHL,,ENSG00000134086,ENST00000256474,p.S80R,HGVS protein,pan_cancer,TCGA PanCancer Atlas,PMID:29625053,DOI:10.1016/j.cell.2018.02.060,Table S4,Ensembl release 92,https://github.com/openvax/gene-lists,d0a2f0bcbc59e612fde6108df6cb28d469e0f90e,d568385b221f0e28f619e3358b42cec7449b6d434237516df871b7f8e9ed4549
bailey2018-s4-0575,VHL,,ENSG00000134086,ENST00000256474,p.V130D,HGVS protein,pan_cancer,TCGA PanCancer Atlas,PMID:29625053,DOI:10.1016/j.cell.2018.02.060,Table S4,Ensembl release 92,https://github.com/openvax/gene-lists,d0a2f0bcbc59e612fde6108df6cb28d469e0f90e,d568385b221f0e28f619e3358b42cec7449b6d434237516df871b7f8e9ed4549
bailey2018-s4-0576,VHL,,ENSG00000134086,ENST00000256474,p.V130F,HGVS protein,pan_cancer,TCGA PanCancer Atlas,PMID:29625053,DOI:10.1016/j.cell.2018.02.060,Table S4,Ensembl release 92,https://github.com/openvax/gene-lists,d0a2f0bcbc59e612fde6108df6cb28d469e0f90e,d568385b221f0e28f619e3358b42cec7449b6d434237516df871b7f8e9ed4549
bailey2018-s4-0577,VHL,,ENSG00000134086,ENST00000256474,p.V165D,HGVS protein,pan_cancer,TCGA PanCancer Atlas,PMID:29625053,DOI:10.1016/j.cell.2018.02.060,Table S4,Ensembl release 92,https://github.com/openvax/gene-lists,d0a2f0bcbc59e612fde6108df6cb28d469e0f90e,d568385b221f0e28f619e3358b42cec7449b6d434237516df871b7f8e9ed4549
bailey2018-s4-0578,VHL,,ENSG00000134086,ENST00000256474,p.W117C,HGVS protein,pan_cancer,TCGA PanCancer Atlas,PMID:29625053,DOI:10.1016/j.cell.2018.02.060,Table S4,Ensembl release 92,https://github.com/openvax/gene-lists,d0a2f0bcbc59e612fde6108df6cb28d469e0f90e,d568385b221f0e28f619e3358b42cec7449b6d434237516df871b7f8e9ed4549
bailey2018-s4-0579,ZFP36L2,,ENSG00000152518,ENST00000282388,p.C159Y,HGVS protein,pan_cancer,TCGA PanCancer Atlas,PMID:29625053,DOI:10.1016/j.cell.2018.02.060,Table S4,Ensembl release 92,https://github.com/openvax/gene-lists,d0a2f0bcbc59e612fde6108df6cb28d469e0f90e,d568385b221f0e28f619e3358b42cec7449b6d434237516df871b7f8e9ed4549
